row_id,ISIS,position_0based,position_1based,base,chem_symbol,sugar,is_DNA_gap,is_MOE,is_cEt,is_modified_sugar,seq_length
0,146143,0,1,T,M,MOE,False,True,False,True,20
0,146143,1,2,C,M,MOE,False,True,False,True,20
0,146143,2,3,A,M,MOE,False,True,False,True,20
0,146143,3,4,G,M,MOE,False,True,False,True,20
0,146143,4,5,C,M,MOE,False,True,False,True,20
0,146143,5,6,A,d,DNA,True,False,False,False,20
0,146143,6,7,C,d,DNA,True,False,False,False,20
0,146143,7,8,G,d,DNA,True,False,False,False,20
0,146143,8,9,C,d,DNA,True,False,False,False,20
0,146143,9,10,A,d,DNA,True,False,False,False,20
0,146143,10,11,C,d,DNA,True,False,False,False,20
0,146143,11,12,A,d,DNA,True,False,False,False,20
0,146143,12,13,C,d,DNA,True,False,False,False,20
0,146143,13,14,G,d,DNA,True,False,False,False,20
0,146143,14,15,G,d,DNA,True,False,False,False,20
0,146143,15,16,C,M,MOE,False,True,False,True,20
0,146143,16,17,C,M,MOE,False,True,False,True,20
0,146143,17,18,T,M,MOE,False,True,False,True,20
0,146143,18,19,T,M,MOE,False,True,False,True,20
0,146143,19,20,C,M,MOE,False,True,False,True,20
1,150438,0,1,G,M,MOE,False,True,False,True,20
1,150438,1,2,G,M,MOE,False,True,False,True,20
1,150438,2,3,T,M,MOE,False,True,False,True,20
1,150438,3,4,T,M,MOE,False,True,False,True,20
1,150438,4,5,C,M,MOE,False,True,False,True,20
1,150438,5,6,C,d,DNA,True,False,False,False,20
1,150438,6,7,G,d,DNA,True,False,False,False,20
1,150438,7,8,A,d,DNA,True,False,False,False,20
1,150438,8,9,G,d,DNA,True,False,False,False,20
1,150438,9,10,G,d,DNA,True,False,False,False,20
1,150438,10,11,A,d,DNA,True,False,False,False,20
1,150438,11,12,C,d,DNA,True,False,False,False,20
1,150438,12,13,T,d,DNA,True,False,False,False,20
1,150438,13,14,G,d,DNA,True,False,False,False,20
1,150438,14,15,C,d,DNA,True,False,False,False,20
1,150438,15,16,A,M,MOE,False,True,False,True,20
1,150438,16,17,A,M,MOE,False,True,False,True,20
1,150438,17,18,C,M,MOE,False,True,False,True,20
1,150438,18,19,G,M,MOE,False,True,False,True,20
1,150438,19,20,G,M,MOE,False,True,False,True,20
2,150439,0,1,T,M,MOE,False,True,False,True,20
2,150439,1,2,C,M,MOE,False,True,False,True,20
2,150439,2,3,C,M,MOE,False,True,False,True,20
2,150439,3,4,T,M,MOE,False,True,False,True,20
2,150439,4,5,G,M,MOE,False,True,False,True,20
2,150439,5,6,G,d,DNA,True,False,False,False,20
2,150439,6,7,T,d,DNA,True,False,False,False,20
2,150439,7,8,T,d,DNA,True,False,False,False,20
2,150439,8,9,C,d,DNA,True,False,False,False,20
2,150439,9,10,C,d,DNA,True,False,False,False,20
2,150439,10,11,G,d,DNA,True,False,False,False,20
2,150439,11,12,A,d,DNA,True,False,False,False,20
2,150439,12,13,G,d,DNA,True,False,False,False,20
2,150439,13,14,G,d,DNA,True,False,False,False,20
2,150439,14,15,A,d,DNA,True,False,False,False,20
2,150439,15,16,C,M,MOE,False,True,False,True,20
2,150439,16,17,T,M,MOE,False,True,False,True,20
2,150439,17,18,G,M,MOE,False,True,False,True,20
2,150439,18,19,C,M,MOE,False,True,False,True,20
2,150439,19,20,A,M,MOE,False,True,False,True,20
3,150440,0,1,G,M,MOE,False,True,False,True,20
3,150440,1,2,A,M,MOE,False,True,False,True,20
3,150440,2,3,G,M,MOE,False,True,False,True,20
3,150440,3,4,G,M,MOE,False,True,False,True,20
3,150440,4,5,T,M,MOE,False,True,False,True,20
3,150440,5,6,C,d,DNA,True,False,False,False,20
3,150440,6,7,C,d,DNA,True,False,False,False,20
3,150440,7,8,T,d,DNA,True,False,False,False,20
3,150440,8,9,G,d,DNA,True,False,False,False,20
3,150440,9,10,G,d,DNA,True,False,False,False,20
3,150440,10,11,T,d,DNA,True,False,False,False,20
3,150440,11,12,T,d,DNA,True,False,False,False,20
3,150440,12,13,C,d,DNA,True,False,False,False,20
3,150440,13,14,C,d,DNA,True,False,False,False,20
3,150440,14,15,G,d,DNA,True,False,False,False,20
3,150440,15,16,A,M,MOE,False,True,False,True,20
3,150440,16,17,G,M,MOE,False,True,False,True,20
3,150440,17,18,G,M,MOE,False,True,False,True,20
3,150440,18,19,A,M,MOE,False,True,False,True,20
3,150440,19,20,C,M,MOE,False,True,False,True,20
4,150442,0,1,G,M,MOE,False,True,False,True,20
4,150442,1,2,T,M,MOE,False,True,False,True,20
4,150442,2,3,C,M,MOE,False,True,False,True,20
4,150442,3,4,G,M,MOE,False,True,False,True,20
4,150442,4,5,C,M,MOE,False,True,False,True,20
4,150442,5,6,C,d,DNA,True,False,False,False,20
4,150442,6,7,A,d,DNA,True,False,False,False,20
4,150442,7,8,T,d,DNA,True,False,False,False,20
4,150442,8,9,A,d,DNA,True,False,False,False,20
4,150442,9,10,A,d,DNA,True,False,False,False,20
4,150442,10,11,C,d,DNA,True,False,False,False,20
4,150442,11,12,T,d,DNA,True,False,False,False,20
4,150442,12,13,C,d,DNA,True,False,False,False,20
4,150442,13,14,G,d,DNA,True,False,False,False,20
4,150442,14,15,C,d,DNA,True,False,False,False,20
4,150442,15,16,T,M,MOE,False,True,False,True,20
4,150442,16,17,A,M,MOE,False,True,False,True,20
4,150442,17,18,G,M,MOE,False,True,False,True,20
4,150442,18,19,G,M,MOE,False,True,False,True,20
4,150442,19,20,C,M,MOE,False,True,False,True,20
5,150447,0,1,C,M,MOE,False,True,False,True,20
5,150447,1,2,C,M,MOE,False,True,False,True,20
5,150447,2,3,A,M,MOE,False,True,False,True,20
5,150447,3,4,C,M,MOE,False,True,False,True,20
5,150447,4,5,A,M,MOE,False,True,False,True,20
5,150447,5,6,C,d,DNA,True,False,False,False,20
5,150447,6,7,C,d,DNA,True,False,False,False,20
5,150447,7,8,T,d,DNA,True,False,False,False,20
5,150447,8,9,T,d,DNA,True,False,False,False,20
5,150447,9,10,C,d,DNA,True,False,False,False,20
5,150447,10,11,A,d,DNA,True,False,False,False,20
5,150447,11,12,C,d,DNA,True,False,False,False,20
5,150447,12,13,T,d,DNA,True,False,False,False,20
5,150447,13,14,G,d,DNA,True,False,False,False,20
5,150447,14,15,G,d,DNA,True,False,False,False,20
5,150447,15,16,T,M,MOE,False,True,False,True,20
5,150447,16,17,C,M,MOE,False,True,False,True,20
5,150447,17,18,C,M,MOE,False,True,False,True,20
5,150447,18,19,A,M,MOE,False,True,False,True,20
5,150447,19,20,T,M,MOE,False,True,False,True,20
6,150450,0,1,C,M,MOE,False,True,False,True,20
6,150450,1,2,A,M,MOE,False,True,False,True,20
6,150450,2,3,G,M,MOE,False,True,False,True,20
6,150450,3,4,G,M,MOE,False,True,False,True,20
6,150450,4,5,C,M,MOE,False,True,False,True,20
6,150450,5,6,C,d,DNA,True,False,False,False,20
6,150450,6,7,T,d,DNA,True,False,False,False,20
6,150450,7,8,T,d,DNA,True,False,False,False,20
6,150450,8,9,C,d,DNA,True,False,False,False,20
6,150450,9,10,A,d,DNA,True,False,False,False,20
6,150450,10,11,G,d,DNA,True,False,False,False,20
6,150450,11,12,T,d,DNA,True,False,False,False,20
6,150450,12,13,C,d,DNA,True,False,False,False,20
6,150450,13,14,A,d,DNA,True,False,False,False,20
6,150450,14,15,G,d,DNA,True,False,False,False,20
6,150450,15,16,T,M,MOE,False,True,False,True,20
6,150450,16,17,C,M,MOE,False,True,False,True,20
6,150450,17,18,C,M,MOE,False,True,False,True,20
6,150450,18,19,T,M,MOE,False,True,False,True,20
6,150450,19,20,T,M,MOE,False,True,False,True,20
7,150455,0,1,C,M,MOE,False,True,False,True,20
7,150455,1,2,A,M,MOE,False,True,False,True,20
7,150455,2,3,C,M,MOE,False,True,False,True,20
7,150455,3,4,A,M,MOE,False,True,False,True,20
7,150455,4,5,T,M,MOE,False,True,False,True,20
7,150455,5,6,T,d,DNA,True,False,False,False,20
7,150455,6,7,G,d,DNA,True,False,False,False,20
7,150455,7,8,C,d,DNA,True,False,False,False,20
7,150455,8,9,C,d,DNA,True,False,False,False,20
7,150455,9,10,C,d,DNA,True,False,False,False,20
7,150455,10,11,A,d,DNA,True,False,False,False,20
7,150455,11,12,A,d,DNA,True,False,False,False,20
7,150455,12,13,G,d,DNA,True,False,False,False,20
7,150455,13,14,T,d,DNA,True,False,False,False,20
7,150455,14,15,C,d,DNA,True,False,False,False,20
7,150455,15,16,T,M,MOE,False,True,False,True,20
7,150455,16,17,C,M,MOE,False,True,False,True,20
7,150455,17,18,C,M,MOE,False,True,False,True,20
7,150455,18,19,A,M,MOE,False,True,False,True,20
7,150455,19,20,A,M,MOE,False,True,False,True,20
8,150456,0,1,T,M,MOE,False,True,False,True,20
8,150456,1,2,C,M,MOE,False,True,False,True,20
8,150456,2,3,G,M,MOE,False,True,False,True,20
8,150456,3,4,G,M,MOE,False,True,False,True,20
8,150456,4,5,C,M,MOE,False,True,False,True,20
8,150456,5,6,C,d,DNA,True,False,False,False,20
8,150456,6,7,A,d,DNA,True,False,False,False,20
8,150456,7,8,C,d,DNA,True,False,False,False,20
8,150456,8,9,A,d,DNA,True,False,False,False,20
8,150456,9,10,C,d,DNA,True,False,False,False,20
8,150456,10,11,C,d,DNA,True,False,False,False,20
8,150456,11,12,A,d,DNA,True,False,False,False,20
8,150456,12,13,T,d,DNA,True,False,False,False,20
8,150456,13,14,C,d,DNA,True,False,False,False,20
8,150456,14,15,T,d,DNA,True,False,False,False,20
8,150456,15,16,T,M,MOE,False,True,False,True,20
8,150456,16,17,T,M,MOE,False,True,False,True,20
8,150456,17,18,G,M,MOE,False,True,False,True,20
8,150456,18,19,T,M,MOE,False,True,False,True,20
8,150456,19,20,C,M,MOE,False,True,False,True,20
9,150457,0,1,C,M,MOE,False,True,False,True,20
9,150457,1,2,A,M,MOE,False,True,False,True,20
9,150457,2,3,T,M,MOE,False,True,False,True,20
9,150457,3,4,C,M,MOE,False,True,False,True,20
9,150457,4,5,G,M,MOE,False,True,False,True,20
9,150457,5,6,G,d,DNA,True,False,False,False,20
9,150457,6,7,C,d,DNA,True,False,False,False,20
9,150457,7,8,C,d,DNA,True,False,False,False,20
9,150457,8,9,A,d,DNA,True,False,False,False,20
9,150457,9,10,C,d,DNA,True,False,False,False,20
9,150457,10,11,A,d,DNA,True,False,False,False,20
9,150457,11,12,C,d,DNA,True,False,False,False,20
9,150457,12,13,C,d,DNA,True,False,False,False,20
9,150457,13,14,A,d,DNA,True,False,False,False,20
9,150457,14,15,T,d,DNA,True,False,False,False,20
9,150457,15,16,C,M,MOE,False,True,False,True,20
9,150457,16,17,T,M,MOE,False,True,False,True,20
9,150457,17,18,T,M,MOE,False,True,False,True,20
9,150457,18,19,T,M,MOE,False,True,False,True,20
9,150457,19,20,G,M,MOE,False,True,False,True,20
10,150459,0,1,T,M,MOE,False,True,False,True,20
10,150459,1,2,A,M,MOE,False,True,False,True,20
10,150459,2,3,G,M,MOE,False,True,False,True,20
10,150459,3,4,A,M,MOE,False,True,False,True,20
10,150459,4,5,C,M,MOE,False,True,False,True,20
10,150459,5,6,A,d,DNA,True,False,False,False,20
10,150459,6,7,C,d,DNA,True,False,False,False,20
10,150459,7,8,A,d,DNA,True,False,False,False,20
10,150459,8,9,T,d,DNA,True,False,False,False,20
10,150459,9,10,C,d,DNA,True,False,False,False,20
10,150459,10,11,G,d,DNA,True,False,False,False,20
10,150459,11,12,G,d,DNA,True,False,False,False,20
10,150459,12,13,C,d,DNA,True,False,False,False,20
10,150459,13,14,C,d,DNA,True,False,False,False,20
10,150459,14,15,A,d,DNA,True,False,False,False,20
10,150459,15,16,C,M,MOE,False,True,False,True,20
10,150459,16,17,A,M,MOE,False,True,False,True,20
10,150459,17,18,C,M,MOE,False,True,False,True,20
10,150459,18,19,C,M,MOE,False,True,False,True,20
10,150459,19,20,A,M,MOE,False,True,False,True,20
11,150461,0,1,C,M,MOE,False,True,False,True,20
11,150461,1,2,A,M,MOE,False,True,False,True,20
11,150461,2,3,T,M,MOE,False,True,False,True,20
11,150461,3,4,G,M,MOE,False,True,False,True,20
11,150461,4,5,G,M,MOE,False,True,False,True,20
11,150461,5,6,A,d,DNA,True,False,False,False,20
11,150461,6,7,C,d,DNA,True,False,False,False,20
11,150461,7,8,C,d,DNA,True,False,False,False,20
11,150461,8,9,A,d,DNA,True,False,False,False,20
11,150461,9,10,C,d,DNA,True,False,False,False,20
11,150461,10,11,C,d,DNA,True,False,False,False,20
11,150461,11,12,A,d,DNA,True,False,False,False,20
11,150461,12,13,G,d,DNA,True,False,False,False,20
11,150461,13,14,T,d,DNA,True,False,False,False,20
11,150461,14,15,G,d,DNA,True,False,False,False,20
11,150461,15,16,T,M,MOE,False,True,False,True,20
11,150461,16,17,G,M,MOE,False,True,False,True,20
11,150461,17,18,C,M,MOE,False,True,False,True,20
11,150461,18,19,G,M,MOE,False,True,False,True,20
11,150461,19,20,G,M,MOE,False,True,False,True,20
12,150469,0,1,C,M,MOE,False,True,False,True,20
12,150469,1,2,T,M,MOE,False,True,False,True,20
12,150469,2,3,C,M,MOE,False,True,False,True,20
12,150469,3,4,A,M,MOE,False,True,False,True,20
12,150469,4,5,C,M,MOE,False,True,False,True,20
12,150469,5,6,T,d,DNA,True,False,False,False,20
12,150469,6,7,A,d,DNA,True,False,False,False,20
12,150469,7,8,C,d,DNA,True,False,False,False,20
12,150469,8,9,A,d,DNA,True,False,False,False,20
12,150469,9,10,G,d,DNA,True,False,False,False,20
12,150469,10,11,G,d,DNA,True,False,False,False,20
12,150469,11,12,T,d,DNA,True,False,False,False,20
12,150469,12,13,A,d,DNA,True,False,False,False,20
12,150469,13,14,C,d,DNA,True,False,False,False,20
12,150469,14,15,T,d,DNA,True,False,False,False,20
12,150469,15,16,T,M,MOE,False,True,False,True,20
12,150469,16,17,T,M,MOE,False,True,False,True,20
12,150469,17,18,A,M,MOE,False,True,False,True,20
12,150469,18,19,A,M,MOE,False,True,False,True,20
12,150469,19,20,A,M,MOE,False,True,False,True,20
13,150473,0,1,A,M,MOE,False,True,False,True,20
13,150473,1,2,A,M,MOE,False,True,False,True,20
13,150473,2,3,T,M,MOE,False,True,False,True,20
13,150473,3,4,C,M,MOE,False,True,False,True,20
13,150473,4,5,T,M,MOE,False,True,False,True,20
13,150473,5,6,T,d,DNA,True,False,False,False,20
13,150473,6,7,C,d,DNA,True,False,False,False,20
13,150473,7,8,C,d,DNA,True,False,False,False,20
13,150473,8,9,A,d,DNA,True,False,False,False,20
13,150473,9,10,A,d,DNA,True,False,False,False,20
13,150473,10,11,G,d,DNA,True,False,False,False,20
13,150473,11,12,T,d,DNA,True,False,False,False,20
13,150473,12,13,G,d,DNA,True,False,False,False,20
13,150473,13,14,A,d,DNA,True,False,False,False,20
13,150473,14,15,T,d,DNA,True,False,False,False,20
13,150473,15,16,C,M,MOE,False,True,False,True,20
13,150473,16,17,A,M,MOE,False,True,False,True,20
13,150473,17,18,T,M,MOE,False,True,False,True,20
13,150473,18,19,A,M,MOE,False,True,False,True,20
13,150473,19,20,A,M,MOE,False,True,False,True,20
14,150478,0,1,A,M,MOE,False,True,False,True,20
14,150478,1,2,T,M,MOE,False,True,False,True,20
14,150478,2,3,T,M,MOE,False,True,False,True,20
14,150478,3,4,G,M,MOE,False,True,False,True,20
14,150478,4,5,A,M,MOE,False,True,False,True,20
14,150478,5,6,A,d,DNA,True,False,False,False,20
14,150478,6,7,A,d,DNA,True,False,False,False,20
14,150478,7,8,C,d,DNA,True,False,False,False,20
14,150478,8,9,A,d,DNA,True,False,False,False,20
14,150478,9,10,G,d,DNA,True,False,False,False,20
14,150478,10,11,A,d,DNA,True,False,False,False,20
14,150478,11,12,C,d,DNA,True,False,False,False,20
14,150478,12,13,A,d,DNA,True,False,False,False,20
14,150478,13,14,T,d,DNA,True,False,False,False,20
14,150478,14,15,T,d,DNA,True,False,False,False,20
14,150478,15,16,T,M,MOE,False,True,False,True,20
14,150478,16,17,T,M,MOE,False,True,False,True,20
14,150478,17,18,A,M,MOE,False,True,False,True,20
14,150478,18,19,A,M,MOE,False,True,False,True,20
14,150478,19,20,C,M,MOE,False,True,False,True,20
15,150484,0,1,C,M,MOE,False,True,False,True,20
15,150484,1,2,A,M,MOE,False,True,False,True,20
15,150484,2,3,A,M,MOE,False,True,False,True,20
15,150484,3,4,A,M,MOE,False,True,False,True,20
15,150484,4,5,G,M,MOE,False,True,False,True,20
15,150484,5,6,A,d,DNA,True,False,False,False,20
15,150484,6,7,A,d,DNA,True,False,False,False,20
15,150484,7,8,A,d,DNA,True,False,False,False,20
15,150484,8,9,T,d,DNA,True,False,False,False,20
15,150484,9,10,T,d,DNA,True,False,False,False,20
15,150484,10,11,C,d,DNA,True,False,False,False,20
15,150484,11,12,T,d,DNA,True,False,False,False,20
15,150484,12,13,G,d,DNA,True,False,False,False,20
15,150484,13,14,A,d,DNA,True,False,False,False,20
15,150484,14,15,C,d,DNA,True,False,False,False,20
15,150484,15,16,A,M,MOE,False,True,False,True,20
15,150484,16,17,A,M,MOE,False,True,False,True,20
15,150484,17,18,G,M,MOE,False,True,False,True,20
15,150484,18,19,T,M,MOE,False,True,False,True,20
15,150484,19,20,T,M,MOE,False,True,False,True,20
16,150486,0,1,A,M,MOE,False,True,False,True,20
16,150486,1,2,C,M,MOE,False,True,False,True,20
16,150486,2,3,A,M,MOE,False,True,False,True,20
16,150486,3,4,G,M,MOE,False,True,False,True,20
16,150486,4,5,G,M,MOE,False,True,False,True,20
16,150486,5,6,C,d,DNA,True,False,False,False,20
16,150486,6,7,T,d,DNA,True,False,False,False,20
16,150486,7,8,T,d,DNA,True,False,False,False,20
16,150486,8,9,G,d,DNA,True,False,False,False,20
16,150486,9,10,A,d,DNA,True,False,False,False,20
16,150486,10,11,A,d,DNA,True,False,False,False,20
16,150486,11,12,T,d,DNA,True,False,False,False,20
16,150486,12,13,G,d,DNA,True,False,False,False,20
16,150486,13,14,A,d,DNA,True,False,False,False,20
16,150486,14,15,C,d,DNA,True,False,False,False,20
16,150486,15,16,A,M,MOE,False,True,False,True,20
16,150486,16,17,A,M,MOE,False,True,False,True,20
16,150486,17,18,A,M,MOE,False,True,False,True,20
16,150486,18,19,G,M,MOE,False,True,False,True,20
16,150486,19,20,A,M,MOE,False,True,False,True,20
17,150494,0,1,T,M,MOE,False,True,False,True,20
17,150494,1,2,C,M,MOE,False,True,False,True,20
17,150494,2,3,A,M,MOE,False,True,False,True,20
17,150494,3,4,T,M,MOE,False,True,False,True,20
17,150494,4,5,A,M,MOE,False,True,False,True,20
17,150494,5,6,A,d,DNA,True,False,False,False,20
17,150494,6,7,T,d,DNA,True,False,False,False,20
17,150494,7,8,A,d,DNA,True,False,False,False,20
17,150494,8,9,A,d,DNA,True,False,False,False,20
17,150494,9,10,G,d,DNA,True,False,False,False,20
17,150494,10,11,T,d,DNA,True,False,False,False,20
17,150494,11,12,G,d,DNA,True,False,False,False,20
17,150494,12,13,C,d,DNA,True,False,False,False,20
17,150494,13,14,C,d,DNA,True,False,False,False,20
17,150494,14,15,A,d,DNA,True,False,False,False,20
17,150494,15,16,T,M,MOE,False,True,False,True,20
17,150494,16,17,A,M,MOE,False,True,False,True,20
17,150494,17,18,C,M,MOE,False,True,False,True,20
17,150494,18,19,A,M,MOE,False,True,False,True,20
17,150494,19,20,G,M,MOE,False,True,False,True,20
18,150508,0,1,T,M,MOE,False,True,False,True,20
18,150508,1,2,A,M,MOE,False,True,False,True,20
18,150508,2,3,G,M,MOE,False,True,False,True,20
18,150508,3,4,G,M,MOE,False,True,False,True,20
18,150508,4,5,C,M,MOE,False,True,False,True,20
18,150508,5,6,C,d,DNA,True,False,False,False,20
18,150508,6,7,A,d,DNA,True,False,False,False,20
18,150508,7,8,G,d,DNA,True,False,False,False,20
18,150508,8,9,A,d,DNA,True,False,False,False,20
18,150508,9,10,C,d,DNA,True,False,False,False,20
18,150508,10,11,C,d,DNA,True,False,False,False,20
18,150508,11,12,T,d,DNA,True,False,False,False,20
18,150508,12,13,C,d,DNA,True,False,False,False,20
18,150508,13,14,C,d,DNA,True,False,False,False,20
18,150508,14,15,G,d,DNA,True,False,False,False,20
18,150508,15,16,C,M,MOE,False,True,False,True,20
18,150508,16,17,G,M,MOE,False,True,False,True,20
18,150508,17,18,C,M,MOE,False,True,False,True,20
18,150508,18,19,C,M,MOE,False,True,False,True,20
18,150508,19,20,T,M,MOE,False,True,False,True,20
19,150509,0,1,A,M,MOE,False,True,False,True,20
19,150509,1,2,C,M,MOE,False,True,False,True,20
19,150509,2,3,T,M,MOE,False,True,False,True,20
19,150509,3,4,T,M,MOE,False,True,False,True,20
19,150509,4,5,T,M,MOE,False,True,False,True,20
19,150509,5,6,A,d,DNA,True,False,False,False,20
19,150509,6,7,T,d,DNA,True,False,False,False,20
19,150509,7,8,A,d,DNA,True,False,False,False,20
19,150509,8,9,G,d,DNA,True,False,False,False,20
19,150509,9,10,G,d,DNA,True,False,False,False,20
19,150509,10,11,C,d,DNA,True,False,False,False,20
19,150509,11,12,C,d,DNA,True,False,False,False,20
19,150509,12,13,A,d,DNA,True,False,False,False,20
19,150509,13,14,G,d,DNA,True,False,False,False,20
19,150509,14,15,A,d,DNA,True,False,False,False,20
19,150509,15,16,C,M,MOE,False,True,False,True,20
19,150509,16,17,C,M,MOE,False,True,False,True,20
19,150509,17,18,T,M,MOE,False,True,False,True,20
19,150509,18,19,C,M,MOE,False,True,False,True,20
19,150509,19,20,C,M,MOE,False,True,False,True,20
20,150510,0,1,G,M,MOE,False,True,False,True,20
20,150510,1,2,A,M,MOE,False,True,False,True,20
20,150510,2,3,C,M,MOE,False,True,False,True,20
20,150510,3,4,G,M,MOE,False,True,False,True,20
20,150510,4,5,C,M,MOE,False,True,False,True,20
20,150510,5,6,A,d,DNA,True,False,False,False,20
20,150510,6,7,A,d,DNA,True,False,False,False,20
20,150510,7,8,A,d,DNA,True,False,False,False,20
20,150510,8,9,C,d,DNA,True,False,False,False,20
20,150510,9,10,C,d,DNA,True,False,False,False,20
20,150510,10,11,A,d,DNA,True,False,False,False,20
20,150510,11,12,G,d,DNA,True,False,False,False,20
20,150510,12,13,C,d,DNA,True,False,False,False,20
20,150510,13,14,A,d,DNA,True,False,False,False,20
20,150510,14,15,C,d,DNA,True,False,False,False,20
20,150510,15,16,C,M,MOE,False,True,False,True,20
20,150510,16,17,C,M,MOE,False,True,False,True,20
20,150510,17,18,C,M,MOE,False,True,False,True,20
20,150510,18,19,G,M,MOE,False,True,False,True,20
20,150510,19,20,T,M,MOE,False,True,False,True,20
21,195753,0,1,C,M,MOE,False,True,False,True,20
21,195753,1,2,T,M,MOE,False,True,False,True,20
21,195753,2,3,T,M,MOE,False,True,False,True,20
21,195753,3,4,C,M,MOE,False,True,False,True,20
21,195753,4,5,A,M,MOE,False,True,False,True,20
21,195753,5,6,G,d,DNA,True,False,False,False,20
21,195753,6,7,C,d,DNA,True,False,False,False,20
21,195753,7,8,A,d,DNA,True,False,False,False,20
21,195753,8,9,C,d,DNA,True,False,False,False,20
21,195753,9,10,G,d,DNA,True,False,False,False,20
21,195753,10,11,C,d,DNA,True,False,False,False,20
21,195753,11,12,A,d,DNA,True,False,False,False,20
21,195753,12,13,C,d,DNA,True,False,False,False,20
21,195753,13,14,A,d,DNA,True,False,False,False,20
21,195753,14,15,C,d,DNA,True,False,False,False,20
21,195753,15,16,G,M,MOE,False,True,False,True,20
21,195753,16,17,G,M,MOE,False,True,False,True,20
21,195753,17,18,C,M,MOE,False,True,False,True,20
21,195753,18,19,C,M,MOE,False,True,False,True,20
21,195753,19,20,T,M,MOE,False,True,False,True,20
22,333607,0,1,C,M,MOE,False,True,False,True,20
22,333607,1,2,C,M,MOE,False,True,False,True,20
22,333607,2,3,C,M,MOE,False,True,False,True,20
22,333607,3,4,T,M,MOE,False,True,False,True,20
22,333607,4,5,T,M,MOE,False,True,False,True,20
22,333607,5,6,C,d,DNA,True,False,False,False,20
22,333607,6,7,A,d,DNA,True,False,False,False,20
22,333607,7,8,G,d,DNA,True,False,False,False,20
22,333607,8,9,C,d,DNA,True,False,False,False,20
22,333607,9,10,A,d,DNA,True,False,False,False,20
22,333607,10,11,C,d,DNA,True,False,False,False,20
22,333607,11,12,G,d,DNA,True,False,False,False,20
22,333607,12,13,C,d,DNA,True,False,False,False,20
22,333607,13,14,A,d,DNA,True,False,False,False,20
22,333607,14,15,C,d,DNA,True,False,False,False,20
22,333607,15,16,A,M,MOE,False,True,False,True,20
22,333607,16,17,C,M,MOE,False,True,False,True,20
22,333607,17,18,G,M,MOE,False,True,False,True,20
22,333607,18,19,G,M,MOE,False,True,False,True,20
22,333607,19,20,C,M,MOE,False,True,False,True,20
23,333608,0,1,C,M,MOE,False,True,False,True,20
23,333608,1,2,G,M,MOE,False,True,False,True,20
23,333608,2,3,C,M,MOE,False,True,False,True,20
23,333608,3,4,C,M,MOE,False,True,False,True,20
23,333608,4,5,C,M,MOE,False,True,False,True,20
23,333608,5,6,T,d,DNA,True,False,False,False,20
23,333608,6,7,T,d,DNA,True,False,False,False,20
23,333608,7,8,C,d,DNA,True,False,False,False,20
23,333608,8,9,A,d,DNA,True,False,False,False,20
23,333608,9,10,G,d,DNA,True,False,False,False,20
23,333608,10,11,C,d,DNA,True,False,False,False,20
23,333608,11,12,A,d,DNA,True,False,False,False,20
23,333608,12,13,C,d,DNA,True,False,False,False,20
23,333608,13,14,G,d,DNA,True,False,False,False,20
23,333608,14,15,C,d,DNA,True,False,False,False,20
23,333608,15,16,A,M,MOE,False,True,False,True,20
23,333608,16,17,C,M,MOE,False,True,False,True,20
23,333608,17,18,A,M,MOE,False,True,False,True,20
23,333608,18,19,C,M,MOE,False,True,False,True,20
23,333608,19,20,G,M,MOE,False,True,False,True,20
24,333611,0,1,C,M,MOE,False,True,False,True,20
24,333611,1,2,C,M,MOE,False,True,False,True,20
24,333611,2,3,G,M,MOE,False,True,False,True,20
24,333611,3,4,T,M,MOE,False,True,False,True,20
24,333611,4,5,C,M,MOE,False,True,False,True,20
24,333611,5,6,G,d,DNA,True,False,False,False,20
24,333611,6,7,C,d,DNA,True,False,False,False,20
24,333611,7,8,C,d,DNA,True,False,False,False,20
24,333611,8,9,C,d,DNA,True,False,False,False,20
24,333611,9,10,T,d,DNA,True,False,False,False,20
24,333611,10,11,T,d,DNA,True,False,False,False,20
24,333611,11,12,C,d,DNA,True,False,False,False,20
24,333611,12,13,A,d,DNA,True,False,False,False,20
24,333611,13,14,G,d,DNA,True,False,False,False,20
24,333611,14,15,C,d,DNA,True,False,False,False,20
24,333611,15,16,A,M,MOE,False,True,False,True,20
24,333611,16,17,C,M,MOE,False,True,False,True,20
24,333611,17,18,G,M,MOE,False,True,False,True,20
24,333611,18,19,C,M,MOE,False,True,False,True,20
24,333611,19,20,A,M,MOE,False,True,False,True,20
25,333618,0,1,C,M,MOE,False,True,False,True,20
25,333618,1,2,T,M,MOE,False,True,False,True,20
25,333618,2,3,C,M,MOE,False,True,False,True,20
25,333618,3,4,C,M,MOE,False,True,False,True,20
25,333618,4,5,T,M,MOE,False,True,False,True,20
25,333618,5,6,G,d,DNA,True,False,False,False,20
25,333618,6,7,A,d,DNA,True,False,False,False,20
25,333618,7,8,G,d,DNA,True,False,False,False,20
25,333618,8,9,A,d,DNA,True,False,False,False,20
25,333618,9,10,G,d,DNA,True,False,False,False,20
25,333618,10,11,T,d,DNA,True,False,False,False,20
25,333618,11,12,G,d,DNA,True,False,False,False,20
25,333618,12,13,A,d,DNA,True,False,False,False,20
25,333618,13,14,G,d,DNA,True,False,False,False,20
25,333618,14,15,A,d,DNA,True,False,False,False,20
25,333618,15,16,T,M,MOE,False,True,False,True,20
25,333618,16,17,C,M,MOE,False,True,False,True,20
25,333618,17,18,A,M,MOE,False,True,False,True,20
25,333618,18,19,C,M,MOE,False,True,False,True,20
25,333618,19,20,A,M,MOE,False,True,False,True,20
26,333625,0,1,A,M,MOE,False,True,False,True,20
26,333625,1,2,T,M,MOE,False,True,False,True,20
26,333625,2,3,T,M,MOE,False,True,False,True,20
26,333625,3,4,T,M,MOE,False,True,False,True,20
26,333625,4,5,C,M,MOE,False,True,False,True,20
26,333625,5,6,C,d,DNA,True,False,False,False,20
26,333625,6,7,A,d,DNA,True,False,False,False,20
26,333625,7,8,C,d,DNA,True,False,False,False,20
26,333625,8,9,C,d,DNA,True,False,False,False,20
26,333625,9,10,T,d,DNA,True,False,False,False,20
26,333625,10,11,T,d,DNA,True,False,False,False,20
26,333625,11,12,T,d,DNA,True,False,False,False,20
26,333625,12,13,G,d,DNA,True,False,False,False,20
26,333625,13,14,C,d,DNA,True,False,False,False,20
26,333625,14,15,C,d,DNA,True,False,False,False,20
26,333625,15,16,C,M,MOE,False,True,False,True,20
26,333625,16,17,A,M,MOE,False,True,False,True,20
26,333625,17,18,A,M,MOE,False,True,False,True,20
26,333625,18,19,G,M,MOE,False,True,False,True,20
26,333625,19,20,T,M,MOE,False,True,False,True,20
27,345716,0,1,C,M,MOE,False,True,False,True,20
27,345716,1,2,T,M,MOE,False,True,False,True,20
27,345716,2,3,G,M,MOE,False,True,False,True,20
27,345716,3,4,G,M,MOE,False,True,False,True,20
27,345716,4,5,T,M,MOE,False,True,False,True,20
27,345716,5,6,T,d,DNA,True,False,False,False,20
27,345716,6,7,C,d,DNA,True,False,False,False,20
27,345716,7,8,C,d,DNA,True,False,False,False,20
27,345716,8,9,G,d,DNA,True,False,False,False,20
27,345716,9,10,A,d,DNA,True,False,False,False,20
27,345716,10,11,G,d,DNA,True,False,False,False,20
27,345716,11,12,G,d,DNA,True,False,False,False,20
27,345716,12,13,A,d,DNA,True,False,False,False,20
27,345716,13,14,C,d,DNA,True,False,False,False,20
27,345716,14,15,T,d,DNA,True,False,False,False,20
27,345716,15,16,G,M,MOE,False,True,False,True,20
27,345716,16,17,C,M,MOE,False,True,False,True,20
27,345716,17,18,A,M,MOE,False,True,False,True,20
27,345716,18,19,A,M,MOE,False,True,False,True,20
27,345716,19,20,C,M,MOE,False,True,False,True,20
28,345718,0,1,C,M,MOE,False,True,False,True,20
28,345718,1,2,G,M,MOE,False,True,False,True,20
28,345718,2,3,C,M,MOE,False,True,False,True,20
28,345718,3,4,C,M,MOE,False,True,False,True,20
28,345718,4,5,G,M,MOE,False,True,False,True,20
28,345718,5,6,A,d,DNA,True,False,False,False,20
28,345718,6,7,G,d,DNA,True,False,False,False,20
28,345718,7,8,G,d,DNA,True,False,False,False,20
28,345718,8,9,T,d,DNA,True,False,False,False,20
28,345718,9,10,C,d,DNA,True,False,False,False,20
28,345718,10,11,C,d,DNA,True,False,False,False,20
28,345718,11,12,T,d,DNA,True,False,False,False,20
28,345718,12,13,G,d,DNA,True,False,False,False,20
28,345718,13,14,G,d,DNA,True,False,False,False,20
28,345718,14,15,T,d,DNA,True,False,False,False,20
28,345718,15,16,T,M,MOE,False,True,False,True,20
28,345718,16,17,C,M,MOE,False,True,False,True,20
28,345718,17,18,C,M,MOE,False,True,False,True,20
28,345718,18,19,G,M,MOE,False,True,False,True,20
28,345718,19,20,A,M,MOE,False,True,False,True,20
29,345720,0,1,C,M,MOE,False,True,False,True,20
29,345720,1,2,G,M,MOE,False,True,False,True,20
29,345720,2,3,C,M,MOE,False,True,False,True,20
29,345720,3,4,T,M,MOE,False,True,False,True,20
29,345720,4,5,A,M,MOE,False,True,False,True,20
29,345720,5,6,G,d,DNA,True,False,False,False,20
29,345720,6,7,G,d,DNA,True,False,False,False,20
29,345720,7,8,C,d,DNA,True,False,False,False,20
29,345720,8,9,C,d,DNA,True,False,False,False,20
29,345720,9,10,A,d,DNA,True,False,False,False,20
29,345720,10,11,C,d,DNA,True,False,False,False,20
29,345720,11,12,G,d,DNA,True,False,False,False,20
29,345720,12,13,C,d,DNA,True,False,False,False,20
29,345720,13,14,C,d,DNA,True,False,False,False,20
29,345720,14,15,G,d,DNA,True,False,False,False,20
29,345720,15,16,A,M,MOE,False,True,False,True,20
29,345720,16,17,G,M,MOE,False,True,False,True,20
29,345720,17,18,G,M,MOE,False,True,False,True,20
29,345720,18,19,T,M,MOE,False,True,False,True,20
29,345720,19,20,C,M,MOE,False,True,False,True,20
30,345722,0,1,C,M,MOE,False,True,False,True,20
30,345722,1,2,G,M,MOE,False,True,False,True,20
30,345722,2,3,C,M,MOE,False,True,False,True,20
30,345722,3,4,C,M,MOE,False,True,False,True,20
30,345722,4,5,A,M,MOE,False,True,False,True,20
30,345722,5,6,T,d,DNA,True,False,False,False,20
30,345722,6,7,A,d,DNA,True,False,False,False,20
30,345722,7,8,A,d,DNA,True,False,False,False,20
30,345722,8,9,C,d,DNA,True,False,False,False,20
30,345722,9,10,T,d,DNA,True,False,False,False,20
30,345722,10,11,C,d,DNA,True,False,False,False,20
30,345722,11,12,G,d,DNA,True,False,False,False,20
30,345722,12,13,C,d,DNA,True,False,False,False,20
30,345722,13,14,T,d,DNA,True,False,False,False,20
30,345722,14,15,A,d,DNA,True,False,False,False,20
30,345722,15,16,G,M,MOE,False,True,False,True,20
30,345722,16,17,G,M,MOE,False,True,False,True,20
30,345722,17,18,C,M,MOE,False,True,False,True,20
30,345722,18,19,C,M,MOE,False,True,False,True,20
30,345722,19,20,A,M,MOE,False,True,False,True,20
31,436868,0,1,A,M,MOE,False,True,False,True,20
31,436868,1,2,T,M,MOE,False,True,False,True,20
31,436868,2,3,T,M,MOE,False,True,False,True,20
31,436868,3,4,T,M,MOE,False,True,False,True,20
31,436868,4,5,C,M,MOE,False,True,False,True,20
31,436868,5,6,T,d,DNA,True,False,False,False,20
31,436868,6,7,A,d,DNA,True,False,False,False,20
31,436868,7,8,C,d,DNA,True,False,False,False,20
31,436868,8,9,A,d,DNA,True,False,False,False,20
31,436868,9,10,G,d,DNA,True,False,False,False,20
31,436868,10,11,C,d,DNA,True,False,False,False,20
31,436868,11,12,T,d,DNA,True,False,False,False,20
31,436868,12,13,A,d,DNA,True,False,False,False,20
31,436868,13,14,G,d,DNA,True,False,False,False,20
31,436868,14,15,C,d,DNA,True,False,False,False,20
31,436868,15,16,A,M,MOE,False,True,False,True,20
31,436868,16,17,G,M,MOE,False,True,False,True,20
31,436868,17,18,G,M,MOE,False,True,False,True,20
31,436868,18,19,A,M,MOE,False,True,False,True,20
31,436868,19,20,T,M,MOE,False,True,False,True,20
32,436935,0,1,T,M,MOE,False,True,False,True,20
32,436935,1,2,T,M,MOE,False,True,False,True,20
32,436935,2,3,C,M,MOE,False,True,False,True,20
32,436935,3,4,C,M,MOE,False,True,False,True,20
32,436935,4,5,A,M,MOE,False,True,False,True,20
32,436935,5,6,A,d,DNA,True,False,False,False,20
32,436935,6,7,G,d,DNA,True,False,False,False,20
32,436935,7,8,T,d,DNA,True,False,False,False,20
32,436935,8,9,G,d,DNA,True,False,False,False,20
32,436935,9,10,A,d,DNA,True,False,False,False,20
32,436935,10,11,T,d,DNA,True,False,False,False,20
32,436935,11,12,C,d,DNA,True,False,False,False,20
32,436935,12,13,A,d,DNA,True,False,False,False,20
32,436935,13,14,T,d,DNA,True,False,False,False,20
32,436935,14,15,A,d,DNA,True,False,False,False,20
32,436935,15,16,A,M,MOE,False,True,False,True,20
32,436935,16,17,A,M,MOE,False,True,False,True,20
32,436935,17,18,T,M,MOE,False,True,False,True,20
32,436935,18,19,C,M,MOE,False,True,False,True,20
32,436935,19,20,A,M,MOE,False,True,False,True,20
33,489523,0,1,G,M,MOE,False,True,False,True,20
33,489523,1,2,A,M,MOE,False,True,False,True,20
33,489523,2,3,T,M,MOE,False,True,False,True,20
33,489523,3,4,A,M,MOE,False,True,False,True,20
33,489523,4,5,C,M,MOE,False,True,False,True,20
33,489523,5,6,A,d,DNA,True,False,False,False,20
33,489523,6,7,T,d,DNA,True,False,False,False,20
33,489523,7,8,T,d,DNA,True,False,False,False,20
33,489523,8,9,T,d,DNA,True,False,False,False,20
33,489523,9,10,C,d,DNA,True,False,False,False,20
33,489523,10,11,T,d,DNA,True,False,False,False,20
33,489523,11,12,A,d,DNA,True,False,False,False,20
33,489523,12,13,C,d,DNA,True,False,False,False,20
33,489523,13,14,A,d,DNA,True,False,False,False,20
33,489523,14,15,G,d,DNA,True,False,False,False,20
33,489523,15,16,C,M,MOE,False,True,False,True,20
33,489523,16,17,T,M,MOE,False,True,False,True,20
33,489523,17,18,A,M,MOE,False,True,False,True,20
33,489523,18,19,G,M,MOE,False,True,False,True,20
33,489523,19,20,C,M,MOE,False,True,False,True,20
34,489524,0,1,T,M,MOE,False,True,False,True,20
34,489524,1,2,G,M,MOE,False,True,False,True,20
34,489524,2,3,T,M,MOE,False,True,False,True,20
34,489524,3,4,T,M,MOE,False,True,False,True,20
34,489524,4,5,T,M,MOE,False,True,False,True,20
34,489524,5,6,A,d,DNA,True,False,False,False,20
34,489524,6,7,T,d,DNA,True,False,False,False,20
34,489524,7,8,C,d,DNA,True,False,False,False,20
34,489524,8,9,A,d,DNA,True,False,False,False,20
34,489524,9,10,G,d,DNA,True,False,False,False,20
34,489524,10,11,G,d,DNA,True,False,False,False,20
34,489524,11,12,A,d,DNA,True,False,False,False,20
34,489524,12,13,T,d,DNA,True,False,False,False,20
34,489524,13,14,A,d,DNA,True,False,False,False,20
34,489524,14,15,C,d,DNA,True,False,False,False,20
34,489524,15,16,A,M,MOE,False,True,False,True,20
34,489524,16,17,T,M,MOE,False,True,False,True,20
34,489524,17,18,T,M,MOE,False,True,False,True,20
34,489524,18,19,T,M,MOE,False,True,False,True,20
34,489524,19,20,C,M,MOE,False,True,False,True,20
35,489530,0,1,G,M,MOE,False,True,False,True,20
35,489530,1,2,T,M,MOE,False,True,False,True,20
35,489530,2,3,A,M,MOE,False,True,False,True,20
35,489530,3,4,C,M,MOE,False,True,False,True,20
35,489530,4,5,T,M,MOE,False,True,False,True,20
35,489530,5,6,T,d,DNA,True,False,False,False,20
35,489530,6,7,T,d,DNA,True,False,False,False,20
35,489530,7,8,A,d,DNA,True,False,False,False,20
35,489530,8,9,A,d,DNA,True,False,False,False,20
35,489530,9,10,A,d,DNA,True,False,False,False,20
35,489530,10,11,G,d,DNA,True,False,False,False,20
35,489530,11,12,C,d,DNA,True,False,False,False,20
35,489530,12,13,A,d,DNA,True,False,False,False,20
35,489530,13,14,A,d,DNA,True,False,False,False,20
35,489530,14,15,C,d,DNA,True,False,False,False,20
35,489530,15,16,T,M,MOE,False,True,False,True,20
35,489530,16,17,C,M,MOE,False,True,False,True,20
35,489530,17,18,T,M,MOE,False,True,False,True,20
35,489530,18,19,G,M,MOE,False,True,False,True,20
35,489530,19,20,A,M,MOE,False,True,False,True,20
36,489531,0,1,A,M,MOE,False,True,False,True,20
36,489531,1,2,A,M,MOE,False,True,False,True,20
36,489531,2,3,A,M,MOE,False,True,False,True,20
36,489531,3,4,T,M,MOE,False,True,False,True,20
36,489531,4,5,C,M,MOE,False,True,False,True,20
36,489531,5,6,A,d,DNA,True,False,False,False,20
36,489531,6,7,G,d,DNA,True,False,False,False,20
36,489531,7,8,T,d,DNA,True,False,False,False,20
36,489531,8,9,T,d,DNA,True,False,False,False,20
36,489531,9,10,T,d,DNA,True,False,False,False,20
36,489531,10,11,C,d,DNA,True,False,False,False,20
36,489531,11,12,T,d,DNA,True,False,False,False,20
36,489531,12,13,C,d,DNA,True,False,False,False,20
36,489531,13,14,A,d,DNA,True,False,False,False,20
36,489531,14,15,C,d,DNA,True,False,False,False,20
36,489531,15,16,T,M,MOE,False,True,False,True,20
36,489531,16,17,A,M,MOE,False,True,False,True,20
36,489531,17,18,C,M,MOE,False,True,False,True,20
36,489531,18,19,A,M,MOE,False,True,False,True,20
36,489531,19,20,G,M,MOE,False,True,False,True,20
37,489532,0,1,A,M,MOE,False,True,False,True,20
37,489532,1,2,A,M,MOE,False,True,False,True,20
37,489532,2,3,G,M,MOE,False,True,False,True,20
37,489532,3,4,T,M,MOE,False,True,False,True,20
37,489532,4,5,G,M,MOE,False,True,False,True,20
37,489532,5,6,A,d,DNA,True,False,False,False,20
37,489532,6,7,T,d,DNA,True,False,False,False,20
37,489532,7,8,C,d,DNA,True,False,False,False,20
37,489532,8,9,A,d,DNA,True,False,False,False,20
37,489532,9,10,T,d,DNA,True,False,False,False,20
37,489532,10,11,A,d,DNA,True,False,False,False,20
37,489532,11,12,A,d,DNA,True,False,False,False,20
37,489532,12,13,A,d,DNA,True,False,False,False,20
37,489532,13,14,T,d,DNA,True,False,False,False,20
37,489532,14,15,C,d,DNA,True,False,False,False,20
37,489532,15,16,A,M,MOE,False,True,False,True,20
37,489532,16,17,G,M,MOE,False,True,False,True,20
37,489532,17,18,T,M,MOE,False,True,False,True,20
37,489532,18,19,T,M,MOE,False,True,False,True,20
37,489532,19,20,T,M,MOE,False,True,False,True,20
38,489539,0,1,T,M,MOE,False,True,False,True,20
38,489539,1,2,C,M,MOE,False,True,False,True,20
38,489539,2,3,T,M,MOE,False,True,False,True,20
38,489539,3,4,G,M,MOE,False,True,False,True,20
38,489539,4,5,T,M,MOE,False,True,False,True,20
38,489539,5,6,G,d,DNA,True,False,False,False,20
38,489539,6,7,A,d,DNA,True,False,False,False,20
38,489539,7,8,T,d,DNA,True,False,False,False,20
38,489539,8,9,T,d,DNA,True,False,False,False,20
38,489539,9,10,T,d,DNA,True,False,False,False,20
38,489539,10,11,A,d,DNA,True,False,False,False,20
38,489539,11,12,A,d,DNA,True,False,False,False,20
38,489539,12,13,G,d,DNA,True,False,False,False,20
38,489539,13,14,T,d,DNA,True,False,False,False,20
38,489539,14,15,C,d,DNA,True,False,False,False,20
38,489539,15,16,T,M,MOE,False,True,False,True,20
38,489539,16,17,G,M,MOE,False,True,False,True,20
38,489539,17,18,G,M,MOE,False,True,False,True,20
38,489539,18,19,C,M,MOE,False,True,False,True,20
38,489539,19,20,A,M,MOE,False,True,False,True,20
39,489540,0,1,T,M,MOE,False,True,False,True,20
39,489540,1,2,T,M,MOE,False,True,False,True,20
39,489540,2,3,A,M,MOE,False,True,False,True,20
39,489540,3,4,A,M,MOE,False,True,False,True,20
39,489540,4,5,T,M,MOE,False,True,False,True,20
39,489540,5,6,A,d,DNA,True,False,False,False,20
39,489540,6,7,C,d,DNA,True,False,False,False,20
39,489540,7,8,C,d,DNA,True,False,False,False,20
39,489540,8,9,C,d,DNA,True,False,False,False,20
39,489540,9,10,A,d,DNA,True,False,False,False,20
39,489540,10,11,T,d,DNA,True,False,False,False,20
39,489540,11,12,C,d,DNA,True,False,False,False,20
39,489540,12,13,T,d,DNA,True,False,False,False,20
39,489540,13,14,G,d,DNA,True,False,False,False,20
39,489540,14,15,T,d,DNA,True,False,False,False,20
39,489540,15,16,G,M,MOE,False,True,False,True,20
39,489540,16,17,A,M,MOE,False,True,False,True,20
39,489540,17,18,T,M,MOE,False,True,False,True,20
39,489540,18,19,T,M,MOE,False,True,False,True,20
39,489540,19,20,T,M,MOE,False,True,False,True,20
40,590067,0,1,C,M,MOE,False,True,False,True,20
40,590067,1,2,C,M,MOE,False,True,False,True,20
40,590067,2,3,T,M,MOE,False,True,False,True,20
40,590067,3,4,T,M,MOE,False,True,False,True,20
40,590067,4,5,C,M,MOE,False,True,False,True,20
40,590067,5,6,T,d,DNA,True,False,False,False,20
40,590067,6,7,G,d,DNA,True,False,False,False,20
40,590067,7,8,C,d,DNA,True,False,False,False,20
40,590067,8,9,T,d,DNA,True,False,False,False,20
40,590067,9,10,C,d,DNA,True,False,False,False,20
40,590067,10,11,G,d,DNA,True,False,False,False,20
40,590067,11,12,A,d,DNA,True,False,False,False,20
40,590067,12,13,A,d,DNA,True,False,False,False,20
40,590067,13,14,A,d,DNA,True,False,False,False,20
40,590067,14,15,T,d,DNA,True,False,False,False,20
40,590067,15,16,T,M,MOE,False,True,False,True,20
40,590067,16,17,G,M,MOE,False,True,False,True,20
40,590067,17,18,A,M,MOE,False,True,False,True,20
40,590067,18,19,T,M,MOE,False,True,False,True,20
40,590067,19,20,G,M,MOE,False,True,False,True,20
41,590074,0,1,T,M,MOE,False,True,False,True,20
41,590074,1,2,T,M,MOE,False,True,False,True,20
41,590074,2,3,A,M,MOE,False,True,False,True,20
41,590074,3,4,C,M,MOE,False,True,False,True,20
41,590074,4,5,T,M,MOE,False,True,False,True,20
41,590074,5,6,T,d,DNA,True,False,False,False,20
41,590074,6,7,T,d,DNA,True,False,False,False,20
41,590074,7,8,C,d,DNA,True,False,False,False,20
41,590074,8,9,C,d,DNA,True,False,False,False,20
41,590074,9,10,T,d,DNA,True,False,False,False,20
41,590074,10,11,T,d,DNA,True,False,False,False,20
41,590074,11,12,C,d,DNA,True,False,False,False,20
41,590074,12,13,T,d,DNA,True,False,False,False,20
41,590074,13,14,G,d,DNA,True,False,False,False,20
41,590074,14,15,C,d,DNA,True,False,False,False,20
41,590074,15,16,T,M,MOE,False,True,False,True,20
41,590074,16,17,C,M,MOE,False,True,False,True,20
41,590074,17,18,G,M,MOE,False,True,False,True,20
41,590074,18,19,A,M,MOE,False,True,False,True,20
41,590074,19,20,A,M,MOE,False,True,False,True,20
42,590082,0,1,C,M,MOE,False,True,False,True,20
42,590082,1,2,T,M,MOE,False,True,False,True,20
42,590082,2,3,G,M,MOE,False,True,False,True,20
42,590082,3,4,G,M,MOE,False,True,False,True,20
42,590082,4,5,T,M,MOE,False,True,False,True,20
42,590082,5,6,C,d,DNA,True,False,False,False,20
42,590082,6,7,C,d,DNA,True,False,False,False,20
42,590082,7,8,A,d,DNA,True,False,False,False,20
42,590082,8,9,T,d,DNA,True,False,False,False,20
42,590082,9,10,T,d,DNA,True,False,False,False,20
42,590082,10,11,A,d,DNA,True,False,False,False,20
42,590082,11,12,C,d,DNA,True,False,False,False,20
42,590082,12,13,T,d,DNA,True,False,False,False,20
42,590082,13,14,T,d,DNA,True,False,False,False,20
42,590082,14,15,T,d,DNA,True,False,False,False,20
42,590082,15,16,C,M,MOE,False,True,False,True,20
42,590082,16,17,C,M,MOE,False,True,False,True,20
42,590082,17,18,T,M,MOE,False,True,False,True,20
42,590082,18,19,T,M,MOE,False,True,False,True,20
42,590082,19,20,C,M,MOE,False,True,False,True,20
43,590094,0,1,G,M,MOE,False,True,False,True,20
43,590094,1,2,C,M,MOE,False,True,False,True,20
43,590094,2,3,T,M,MOE,False,True,False,True,20
43,590094,3,4,T,M,MOE,False,True,False,True,20
43,590094,4,5,C,M,MOE,False,True,False,True,20
43,590094,5,6,C,d,DNA,True,False,False,False,20
43,590094,6,7,C,d,DNA,True,False,False,False,20
43,590094,7,8,C,d,DNA,True,False,False,False,20
43,590094,8,9,A,d,DNA,True,False,False,False,20
43,590094,9,10,C,d,DNA,True,False,False,False,20
43,590094,10,11,A,d,DNA,True,False,False,False,20
43,590094,11,12,C,d,DNA,True,False,False,False,20
43,590094,12,13,C,d,DNA,True,False,False,False,20
43,590094,13,14,T,d,DNA,True,False,False,False,20
43,590094,14,15,T,d,DNA,True,False,False,False,20
43,590094,15,16,C,M,MOE,False,True,False,True,20
43,590094,16,17,A,M,MOE,False,True,False,True,20
43,590094,17,18,C,M,MOE,False,True,False,True,20
43,590094,18,19,T,M,MOE,False,True,False,True,20
43,590094,19,20,G,M,MOE,False,True,False,True,20
44,590130,0,1,T,M,MOE,False,True,False,True,20
44,590130,1,2,T,M,MOE,False,True,False,True,20
44,590130,2,3,C,M,MOE,False,True,False,True,20
44,590130,3,4,A,M,MOE,False,True,False,True,20
44,590130,4,5,T,M,MOE,False,True,False,True,20
44,590130,5,6,C,d,DNA,True,False,False,False,20
44,590130,6,7,C,d,DNA,True,False,False,False,20
44,590130,7,8,T,d,DNA,True,False,False,False,20
44,590130,8,9,T,d,DNA,True,False,False,False,20
44,590130,9,10,T,d,DNA,True,False,False,False,20
44,590130,10,11,G,d,DNA,True,False,False,False,20
44,590130,11,12,G,d,DNA,True,False,False,False,20
44,590130,12,13,C,d,DNA,True,False,False,False,20
44,590130,13,14,C,d,DNA,True,False,False,False,20
44,590130,14,15,C,d,DNA,True,False,False,False,20
44,590130,15,16,A,M,MOE,False,True,False,True,20
44,590130,16,17,C,M,MOE,False,True,False,True,20
44,590130,17,18,C,M,MOE,False,True,False,True,20
44,590130,18,19,G,M,MOE,False,True,False,True,20
44,590130,19,20,T,M,MOE,False,True,False,True,20
45,590138,0,1,T,M,MOE,False,True,False,True,20
45,590138,1,2,G,M,MOE,False,True,False,True,20
45,590138,2,3,C,M,MOE,False,True,False,True,20
45,590138,3,4,C,M,MOE,False,True,False,True,20
45,590138,4,5,T,M,MOE,False,True,False,True,20
45,590138,5,6,C,d,DNA,True,False,False,False,20
45,590138,6,7,T,d,DNA,True,False,False,False,20
45,590138,7,8,C,d,DNA,True,False,False,False,20
45,590138,8,9,T,d,DNA,True,False,False,False,20
45,590138,9,10,T,d,DNA,True,False,False,False,20
45,590138,10,11,C,d,DNA,True,False,False,False,20
45,590138,11,12,A,d,DNA,True,False,False,False,20
45,590138,12,13,T,d,DNA,True,False,False,False,20
45,590138,13,14,C,d,DNA,True,False,False,False,20
45,590138,14,15,C,d,DNA,True,False,False,False,20
45,590138,15,16,T,M,MOE,False,True,False,True,20
45,590138,16,17,T,M,MOE,False,True,False,True,20
45,590138,17,18,T,M,MOE,False,True,False,True,20
45,590138,18,19,G,M,MOE,False,True,False,True,20
45,590138,19,20,G,M,MOE,False,True,False,True,20
46,590146,0,1,C,M,MOE,False,True,False,True,20
46,590146,1,2,A,M,MOE,False,True,False,True,20
46,590146,2,3,T,M,MOE,False,True,False,True,20
46,590146,3,4,C,M,MOE,False,True,False,True,20
46,590146,4,5,T,M,MOE,False,True,False,True,20
46,590146,5,6,G,d,DNA,True,False,False,False,20
46,590146,6,7,C,d,DNA,True,False,False,False,20
46,590146,7,8,T,d,DNA,True,False,False,False,20
46,590146,8,9,T,d,DNA,True,False,False,False,20
46,590146,9,10,T,d,DNA,True,False,False,False,20
46,590146,10,11,T,d,DNA,True,False,False,False,20
46,590146,11,12,T,d,DNA,True,False,False,False,20
46,590146,12,13,C,d,DNA,True,False,False,False,20
46,590146,13,14,A,d,DNA,True,False,False,False,20
46,590146,14,15,T,d,DNA,True,False,False,False,20
46,590146,15,16,G,M,MOE,False,True,False,True,20
46,590146,16,17,G,M,MOE,False,True,False,True,20
46,590146,17,18,A,M,MOE,False,True,False,True,20
46,590146,18,19,C,M,MOE,False,True,False,True,20
46,590146,19,20,C,M,MOE,False,True,False,True,20
47,590154,0,1,C,M,MOE,False,True,False,True,20
47,590154,1,2,T,M,MOE,False,True,False,True,20
47,590154,2,3,T,M,MOE,False,True,False,True,20
47,590154,3,4,T,M,MOE,False,True,False,True,20
47,590154,4,5,G,M,MOE,False,True,False,True,20
47,590154,5,6,C,d,DNA,True,False,False,False,20
47,590154,6,7,C,d,DNA,True,False,False,False,20
47,590154,7,8,C,d,DNA,True,False,False,False,20
47,590154,8,9,A,d,DNA,True,False,False,False,20
47,590154,9,10,A,d,DNA,True,False,False,False,20
47,590154,10,11,G,d,DNA,True,False,False,False,20
47,590154,11,12,T,d,DNA,True,False,False,False,20
47,590154,12,13,C,d,DNA,True,False,False,False,20
47,590154,13,14,A,d,DNA,True,False,False,False,20
47,590154,14,15,T,d,DNA,True,False,False,False,20
47,590154,15,16,C,M,MOE,False,True,False,True,20
47,590154,16,17,T,M,MOE,False,True,False,True,20
47,590154,17,18,G,M,MOE,False,True,False,True,20
47,590154,18,19,C,M,MOE,False,True,False,True,20
47,590154,19,20,T,M,MOE,False,True,False,True,20
48,590181,0,1,A,M,MOE,False,True,False,True,20
48,590181,1,2,G,M,MOE,False,True,False,True,20
48,590181,2,3,C,M,MOE,False,True,False,True,20
48,590181,3,4,A,M,MOE,False,True,False,True,20
48,590181,4,5,G,M,MOE,False,True,False,True,20
48,590181,5,6,G,d,DNA,True,False,False,False,20
48,590181,6,7,A,d,DNA,True,False,False,False,20
48,590181,7,8,T,d,DNA,True,False,False,False,20
48,590181,8,9,A,d,DNA,True,False,False,False,20
48,590181,9,10,A,d,DNA,True,False,False,False,20
48,590181,10,11,C,d,DNA,True,False,False,False,20
48,590181,11,12,A,d,DNA,True,False,False,False,20
48,590181,12,13,G,d,DNA,True,False,False,False,20
48,590181,13,14,A,d,DNA,True,False,False,False,20
48,590181,14,15,T,d,DNA,True,False,False,False,20
48,590181,15,16,G,M,MOE,False,True,False,True,20
48,590181,16,17,A,M,MOE,False,True,False,True,20
48,590181,17,18,G,M,MOE,False,True,False,True,20
48,590181,18,19,T,M,MOE,False,True,False,True,20
48,590181,19,20,T,M,MOE,False,True,False,True,20
49,590188,0,1,T,M,MOE,False,True,False,True,20
49,590188,1,2,T,M,MOE,False,True,False,True,20
49,590188,2,3,C,M,MOE,False,True,False,True,20
49,590188,3,4,T,M,MOE,False,True,False,True,20
49,590188,4,5,A,M,MOE,False,True,False,True,20
49,590188,5,6,C,d,DNA,True,False,False,False,20
49,590188,6,7,A,d,DNA,True,False,False,False,20
49,590188,7,8,G,d,DNA,True,False,False,False,20
49,590188,8,9,C,d,DNA,True,False,False,False,20
49,590188,9,10,T,d,DNA,True,False,False,False,20
49,590188,10,11,A,d,DNA,True,False,False,False,20
49,590188,11,12,G,d,DNA,True,False,False,False,20
49,590188,12,13,C,d,DNA,True,False,False,False,20
49,590188,13,14,A,d,DNA,True,False,False,False,20
49,590188,14,15,G,d,DNA,True,False,False,False,20
49,590188,15,16,G,M,MOE,False,True,False,True,20
49,590188,16,17,A,M,MOE,False,True,False,True,20
49,590188,17,18,T,M,MOE,False,True,False,True,20
49,590188,18,19,A,M,MOE,False,True,False,True,20
49,590188,19,20,A,M,MOE,False,True,False,True,20
50,590434,0,1,C,M,MOE,False,True,False,True,17
50,590434,1,2,C,M,MOE,False,True,False,True,17
50,590434,2,3,A,M,MOE,False,True,False,True,17
50,590434,3,4,C,C,cEt,False,False,True,True,17
50,590434,4,5,T,C,cEt,False,False,True,True,17
50,590434,5,6,C,d,DNA,True,False,False,False,17
50,590434,6,7,T,d,DNA,True,False,False,False,17
50,590434,7,8,G,d,DNA,True,False,False,False,17
50,590434,8,9,G,d,DNA,True,False,False,False,17
50,590434,9,10,C,d,DNA,True,False,False,False,17
50,590434,10,11,C,d,DNA,True,False,False,False,17
50,590434,11,12,C,d,DNA,True,False,False,False,17
50,590434,12,13,C,C,cEt,False,False,True,True,17
50,590434,13,14,A,C,cEt,False,False,True,True,17
50,590434,14,15,A,M,MOE,False,True,False,True,17
50,590434,15,16,A,M,MOE,False,True,False,True,17
50,590434,16,17,C,M,MOE,False,True,False,True,17
51,590435,0,1,C,M,MOE,False,True,False,True,17
51,590435,1,2,C,M,MOE,False,True,False,True,17
51,590435,2,3,C,M,MOE,False,True,False,True,17
51,590435,3,4,A,C,cEt,False,False,True,True,17
51,590435,4,5,C,C,cEt,False,False,True,True,17
51,590435,5,6,T,d,DNA,True,False,False,False,17
51,590435,6,7,C,d,DNA,True,False,False,False,17
51,590435,7,8,T,d,DNA,True,False,False,False,17
51,590435,8,9,G,d,DNA,True,False,False,False,17
51,590435,9,10,G,d,DNA,True,False,False,False,17
51,590435,10,11,C,d,DNA,True,False,False,False,17
51,590435,11,12,C,d,DNA,True,False,False,False,17
51,590435,12,13,C,C,cEt,False,False,True,True,17
51,590435,13,14,C,C,cEt,False,False,True,True,17
51,590435,14,15,A,M,MOE,False,True,False,True,17
51,590435,15,16,A,M,MOE,False,True,False,True,17
51,590435,16,17,A,M,MOE,False,True,False,True,17
52,590436,0,1,G,M,MOE,False,True,False,True,17
52,590436,1,2,C,M,MOE,False,True,False,True,17
52,590436,2,3,C,M,MOE,False,True,False,True,17
52,590436,3,4,C,C,cEt,False,False,True,True,17
52,590436,4,5,A,C,cEt,False,False,True,True,17
52,590436,5,6,C,d,DNA,True,False,False,False,17
52,590436,6,7,T,d,DNA,True,False,False,False,17
52,590436,7,8,C,d,DNA,True,False,False,False,17
52,590436,8,9,T,d,DNA,True,False,False,False,17
52,590436,9,10,G,d,DNA,True,False,False,False,17
52,590436,10,11,G,d,DNA,True,False,False,False,17
52,590436,11,12,C,d,DNA,True,False,False,False,17
52,590436,12,13,C,C,cEt,False,False,True,True,17
52,590436,13,14,C,C,cEt,False,False,True,True,17
52,590436,14,15,C,M,MOE,False,True,False,True,17
52,590436,15,16,A,M,MOE,False,True,False,True,17
52,590436,16,17,A,M,MOE,False,True,False,True,17
53,590437,0,1,C,M,MOE,False,True,False,True,17
53,590437,1,2,G,M,MOE,False,True,False,True,17
53,590437,2,3,C,M,MOE,False,True,False,True,17
53,590437,3,4,C,C,cEt,False,False,True,True,17
53,590437,4,5,C,C,cEt,False,False,True,True,17
53,590437,5,6,A,d,DNA,True,False,False,False,17
53,590437,6,7,C,d,DNA,True,False,False,False,17
53,590437,7,8,T,d,DNA,True,False,False,False,17
53,590437,8,9,C,d,DNA,True,False,False,False,17
53,590437,9,10,T,d,DNA,True,False,False,False,17
53,590437,10,11,G,d,DNA,True,False,False,False,17
53,590437,11,12,G,d,DNA,True,False,False,False,17
53,590437,12,13,C,C,cEt,False,False,True,True,17
53,590437,13,14,C,C,cEt,False,False,True,True,17
53,590437,14,15,C,M,MOE,False,True,False,True,17
53,590437,15,16,C,M,MOE,False,True,False,True,17
53,590437,16,17,A,M,MOE,False,True,False,True,17
54,590438,0,1,C,M,MOE,False,True,False,True,17
54,590438,1,2,G,M,MOE,False,True,False,True,17
54,590438,2,3,A,M,MOE,False,True,False,True,17
54,590438,3,4,C,C,cEt,False,False,True,True,17
54,590438,4,5,T,C,cEt,False,False,True,True,17
54,590438,5,6,A,d,DNA,True,False,False,False,17
54,590438,6,7,C,d,DNA,True,False,False,False,17
54,590438,7,8,T,d,DNA,True,False,False,False,17
54,590438,8,9,T,d,DNA,True,False,False,False,17
54,590438,9,10,T,d,DNA,True,False,False,False,17
54,590438,10,11,A,d,DNA,True,False,False,False,17
54,590438,11,12,T,d,DNA,True,False,False,False,17
54,590438,12,13,A,C,cEt,False,False,True,True,17
54,590438,13,14,G,C,cEt,False,False,True,True,17
54,590438,14,15,G,M,MOE,False,True,False,True,17
54,590438,15,16,C,M,MOE,False,True,False,True,17
54,590438,16,17,C,M,MOE,False,True,False,True,17
55,590439,0,1,G,M,MOE,False,True,False,True,17
55,590439,1,2,C,M,MOE,False,True,False,True,17
55,590439,2,3,G,M,MOE,False,True,False,True,17
55,590439,3,4,A,C,cEt,False,False,True,True,17
55,590439,4,5,C,C,cEt,False,False,True,True,17
55,590439,5,6,T,d,DNA,True,False,False,False,17
55,590439,6,7,A,d,DNA,True,False,False,False,17
55,590439,7,8,C,d,DNA,True,False,False,False,17
55,590439,8,9,T,d,DNA,True,False,False,False,17
55,590439,9,10,T,d,DNA,True,False,False,False,17
55,590439,10,11,T,d,DNA,True,False,False,False,17
55,590439,11,12,A,d,DNA,True,False,False,False,17
55,590439,12,13,T,C,cEt,False,False,True,True,17
55,590439,13,14,A,C,cEt,False,False,True,True,17
55,590439,14,15,G,M,MOE,False,True,False,True,17
55,590439,15,16,G,M,MOE,False,True,False,True,17
55,590439,16,17,C,M,MOE,False,True,False,True,17
56,590440,0,1,C,M,MOE,False,True,False,True,17
56,590440,1,2,G,M,MOE,False,True,False,True,17
56,590440,2,3,C,M,MOE,False,True,False,True,17
56,590440,3,4,G,C,cEt,False,False,True,True,17
56,590440,4,5,A,C,cEt,False,False,True,True,17
56,590440,5,6,C,d,DNA,True,False,False,False,17
56,590440,6,7,T,d,DNA,True,False,False,False,17
56,590440,7,8,A,d,DNA,True,False,False,False,17
56,590440,8,9,C,d,DNA,True,False,False,False,17
56,590440,9,10,T,d,DNA,True,False,False,False,17
56,590440,10,11,T,d,DNA,True,False,False,False,17
56,590440,11,12,T,d,DNA,True,False,False,False,17
56,590440,12,13,A,C,cEt,False,False,True,True,17
56,590440,13,14,T,C,cEt,False,False,True,True,17
56,590440,14,15,A,M,MOE,False,True,False,True,17
56,590440,15,16,G,M,MOE,False,True,False,True,17
56,590440,16,17,G,M,MOE,False,True,False,True,17
57,590441,0,1,C,M,MOE,False,True,False,True,17
57,590441,1,2,C,M,MOE,False,True,False,True,17
57,590441,2,3,G,M,MOE,False,True,False,True,17
57,590441,3,4,C,C,cEt,False,False,True,True,17
57,590441,4,5,G,C,cEt,False,False,True,True,17
57,590441,5,6,A,d,DNA,True,False,False,False,17
57,590441,6,7,C,d,DNA,True,False,False,False,17
57,590441,7,8,T,d,DNA,True,False,False,False,17
57,590441,8,9,A,d,DNA,True,False,False,False,17
57,590441,9,10,C,d,DNA,True,False,False,False,17
57,590441,10,11,T,d,DNA,True,False,False,False,17
57,590441,11,12,T,d,DNA,True,False,False,False,17
57,590441,12,13,T,C,cEt,False,False,True,True,17
57,590441,13,14,A,C,cEt,False,False,True,True,17
57,590441,14,15,T,M,MOE,False,True,False,True,17
57,590441,15,16,A,M,MOE,False,True,False,True,17
57,590441,16,17,G,M,MOE,False,True,False,True,17
58,590442,0,1,C,M,MOE,False,True,False,True,17
58,590442,1,2,G,M,MOE,False,True,False,True,17
58,590442,2,3,C,M,MOE,False,True,False,True,17
58,590442,3,4,T,C,cEt,False,False,True,True,17
58,590442,4,5,G,C,cEt,False,False,True,True,17
58,590442,5,6,C,d,DNA,True,False,False,False,17
58,590442,6,7,A,d,DNA,True,False,False,False,17
58,590442,7,8,G,d,DNA,True,False,False,False,17
58,590442,8,9,G,d,DNA,True,False,False,False,17
58,590442,9,10,A,d,DNA,True,False,False,False,17
58,590442,10,11,G,d,DNA,True,False,False,False,17
58,590442,11,12,A,d,DNA,True,False,False,False,17
58,590442,12,13,C,C,cEt,False,False,True,True,17
58,590442,13,14,T,C,cEt,False,False,True,True,17
58,590442,14,15,A,M,MOE,False,True,False,True,17
58,590442,15,16,C,M,MOE,False,True,False,True,17
58,590442,16,17,G,M,MOE,False,True,False,True,17
59,590443,0,1,A,M,MOE,False,True,False,True,17
59,590443,1,2,C,M,MOE,False,True,False,True,17
59,590443,2,3,G,M,MOE,False,True,False,True,17
59,590443,3,4,C,C,cEt,False,False,True,True,17
59,590443,4,5,T,C,cEt,False,False,True,True,17
59,590443,5,6,G,d,DNA,True,False,False,False,17
59,590443,6,7,C,d,DNA,True,False,False,False,17
59,590443,7,8,A,d,DNA,True,False,False,False,17
59,590443,8,9,G,d,DNA,True,False,False,False,17
59,590443,9,10,G,d,DNA,True,False,False,False,17
59,590443,10,11,A,d,DNA,True,False,False,False,17
59,590443,11,12,G,d,DNA,True,False,False,False,17
59,590443,12,13,A,C,cEt,False,False,True,True,17
59,590443,13,14,C,C,cEt,False,False,True,True,17
59,590443,14,15,T,M,MOE,False,True,False,True,17
59,590443,15,16,A,M,MOE,False,True,False,True,17
59,590443,16,17,C,M,MOE,False,True,False,True,17
60,590444,0,1,T,M,MOE,False,True,False,True,17
60,590444,1,2,C,M,MOE,False,True,False,True,17
60,590444,2,3,G,M,MOE,False,True,False,True,17
60,590444,3,4,C,C,cEt,False,False,True,True,17
60,590444,4,5,C,C,cEt,False,False,True,True,17
60,590444,5,6,C,d,DNA,True,False,False,False,17
60,590444,6,7,T,d,DNA,True,False,False,False,17
60,590444,7,8,T,d,DNA,True,False,False,False,17
60,590444,8,9,C,d,DNA,True,False,False,False,17
60,590444,9,10,A,d,DNA,True,False,False,False,17
60,590444,10,11,G,d,DNA,True,False,False,False,17
60,590444,11,12,C,d,DNA,True,False,False,False,17
60,590444,12,13,A,C,cEt,False,False,True,True,17
60,590444,13,14,C,C,cEt,False,False,True,True,17
60,590444,14,15,G,M,MOE,False,True,False,True,17
60,590444,15,16,C,M,MOE,False,True,False,True,17
60,590444,16,17,A,M,MOE,False,True,False,True,17
61,590445,0,1,G,M,MOE,False,True,False,True,17
61,590445,1,2,T,M,MOE,False,True,False,True,17
61,590445,2,3,C,M,MOE,False,True,False,True,17
61,590445,3,4,G,C,cEt,False,False,True,True,17
61,590445,4,5,C,C,cEt,False,False,True,True,17
61,590445,5,6,C,d,DNA,True,False,False,False,17
61,590445,6,7,C,d,DNA,True,False,False,False,17
61,590445,7,8,T,d,DNA,True,False,False,False,17
61,590445,8,9,T,d,DNA,True,False,False,False,17
61,590445,9,10,C,d,DNA,True,False,False,False,17
61,590445,10,11,A,d,DNA,True,False,False,False,17
61,590445,11,12,G,d,DNA,True,False,False,False,17
61,590445,12,13,C,C,cEt,False,False,True,True,17
61,590445,13,14,A,C,cEt,False,False,True,True,17
61,590445,14,15,C,M,MOE,False,True,False,True,17
61,590445,15,16,G,M,MOE,False,True,False,True,17
61,590445,16,17,C,M,MOE,False,True,False,True,17
62,590446,0,1,C,M,MOE,False,True,False,True,17
62,590446,1,2,C,M,MOE,False,True,False,True,17
62,590446,2,3,G,M,MOE,False,True,False,True,17
62,590446,3,4,T,C,cEt,False,False,True,True,17
62,590446,4,5,C,C,cEt,False,False,True,True,17
62,590446,5,6,G,d,DNA,True,False,False,False,17
62,590446,6,7,C,d,DNA,True,False,False,False,17
62,590446,7,8,C,d,DNA,True,False,False,False,17
62,590446,8,9,C,d,DNA,True,False,False,False,17
62,590446,9,10,T,d,DNA,True,False,False,False,17
62,590446,10,11,T,d,DNA,True,False,False,False,17
62,590446,11,12,C,d,DNA,True,False,False,False,17
62,590446,12,13,A,C,cEt,False,False,True,True,17
62,590446,13,14,G,C,cEt,False,False,True,True,17
62,590446,14,15,C,M,MOE,False,True,False,True,17
62,590446,15,16,A,M,MOE,False,True,False,True,17
62,590446,16,17,C,M,MOE,False,True,False,True,17
63,590447,0,1,G,M,MOE,False,True,False,True,17
63,590447,1,2,C,M,MOE,False,True,False,True,17
63,590447,2,3,C,M,MOE,False,True,False,True,17
63,590447,3,4,G,C,cEt,False,False,True,True,17
63,590447,4,5,T,C,cEt,False,False,True,True,17
63,590447,5,6,C,d,DNA,True,False,False,False,17
63,590447,6,7,G,d,DNA,True,False,False,False,17
63,590447,7,8,C,d,DNA,True,False,False,False,17
63,590447,8,9,C,d,DNA,True,False,False,False,17
63,590447,9,10,C,d,DNA,True,False,False,False,17
63,590447,10,11,T,d,DNA,True,False,False,False,17
63,590447,11,12,T,d,DNA,True,False,False,False,17
63,590447,12,13,C,C,cEt,False,False,True,True,17
63,590447,13,14,A,C,cEt,False,False,True,True,17
63,590447,14,15,G,M,MOE,False,True,False,True,17
63,590447,15,16,C,M,MOE,False,True,False,True,17
63,590447,16,17,A,M,MOE,False,True,False,True,17
64,590448,0,1,T,M,MOE,False,True,False,True,17
64,590448,1,2,C,M,MOE,False,True,False,True,17
64,590448,2,3,T,M,MOE,False,True,False,True,17
64,590448,3,4,G,C,cEt,False,False,True,True,17
64,590448,4,5,C,C,cEt,False,False,True,True,17
64,590448,5,6,T,d,DNA,True,False,False,False,17
64,590448,6,7,C,d,DNA,True,False,False,False,17
64,590448,7,8,G,d,DNA,True,False,False,False,17
64,590448,8,9,A,d,DNA,True,False,False,False,17
64,590448,9,10,A,d,DNA,True,False,False,False,17
64,590448,10,11,A,d,DNA,True,False,False,False,17
64,590448,11,12,T,d,DNA,True,False,False,False,17
64,590448,12,13,T,C,cEt,False,False,True,True,17
64,590448,13,14,G,C,cEt,False,False,True,True,17
64,590448,14,15,A,M,MOE,False,True,False,True,17
64,590448,15,16,T,M,MOE,False,True,False,True,17
64,590448,16,17,G,M,MOE,False,True,False,True,17
65,590449,0,1,T,M,MOE,False,True,False,True,17
65,590449,1,2,T,M,MOE,False,True,False,True,17
65,590449,2,3,C,M,MOE,False,True,False,True,17
65,590449,3,4,T,C,cEt,False,False,True,True,17
65,590449,4,5,G,C,cEt,False,False,True,True,17
65,590449,5,6,C,d,DNA,True,False,False,False,17
65,590449,6,7,T,d,DNA,True,False,False,False,17
65,590449,7,8,C,d,DNA,True,False,False,False,17
65,590449,8,9,G,d,DNA,True,False,False,False,17
65,590449,9,10,A,d,DNA,True,False,False,False,17
65,590449,10,11,A,d,DNA,True,False,False,False,17
65,590449,11,12,A,d,DNA,True,False,False,False,17
65,590449,12,13,T,C,cEt,False,False,True,True,17
65,590449,13,14,T,C,cEt,False,False,True,True,17
65,590449,14,15,G,M,MOE,False,True,False,True,17
65,590449,15,16,A,M,MOE,False,True,False,True,17
65,590449,16,17,T,M,MOE,False,True,False,True,17
66,590450,0,1,C,M,MOE,False,True,False,True,17
66,590450,1,2,T,M,MOE,False,True,False,True,17
66,590450,2,3,T,M,MOE,False,True,False,True,17
66,590450,3,4,C,C,cEt,False,False,True,True,17
66,590450,4,5,T,C,cEt,False,False,True,True,17
66,590450,5,6,G,d,DNA,True,False,False,False,17
66,590450,6,7,C,d,DNA,True,False,False,False,17
66,590450,7,8,T,d,DNA,True,False,False,False,17
66,590450,8,9,C,d,DNA,True,False,False,False,17
66,590450,9,10,G,d,DNA,True,False,False,False,17
66,590450,10,11,A,d,DNA,True,False,False,False,17
66,590450,11,12,A,d,DNA,True,False,False,False,17
66,590450,12,13,A,C,cEt,False,False,True,True,17
66,590450,13,14,T,C,cEt,False,False,True,True,17
66,590450,14,15,T,M,MOE,False,True,False,True,17
66,590450,15,16,G,M,MOE,False,True,False,True,17
66,590450,16,17,A,M,MOE,False,True,False,True,17
67,590451,0,1,C,M,MOE,False,True,False,True,17
67,590451,1,2,C,M,MOE,False,True,False,True,17
67,590451,2,3,T,M,MOE,False,True,False,True,17
67,590451,3,4,T,C,cEt,False,False,True,True,17
67,590451,4,5,C,C,cEt,False,False,True,True,17
67,590451,5,6,T,d,DNA,True,False,False,False,17
67,590451,6,7,G,d,DNA,True,False,False,False,17
67,590451,7,8,C,d,DNA,True,False,False,False,17
67,590451,8,9,T,d,DNA,True,False,False,False,17
67,590451,9,10,C,d,DNA,True,False,False,False,17
67,590451,10,11,G,d,DNA,True,False,False,False,17
67,590451,11,12,A,d,DNA,True,False,False,False,17
67,590451,12,13,A,C,cEt,False,False,True,True,17
67,590451,13,14,A,C,cEt,False,False,True,True,17
67,590451,14,15,T,M,MOE,False,True,False,True,17
67,590451,15,16,T,M,MOE,False,True,False,True,17
67,590451,16,17,G,M,MOE,False,True,False,True,17
68,590452,0,1,T,M,MOE,False,True,False,True,17
68,590452,1,2,C,M,MOE,False,True,False,True,17
68,590452,2,3,C,M,MOE,False,True,False,True,17
68,590452,3,4,T,C,cEt,False,False,True,True,17
68,590452,4,5,T,C,cEt,False,False,True,True,17
68,590452,5,6,C,d,DNA,True,False,False,False,17
68,590452,6,7,T,d,DNA,True,False,False,False,17
68,590452,7,8,G,d,DNA,True,False,False,False,17
68,590452,8,9,C,d,DNA,True,False,False,False,17
68,590452,9,10,T,d,DNA,True,False,False,False,17
68,590452,10,11,C,d,DNA,True,False,False,False,17
68,590452,11,12,G,d,DNA,True,False,False,False,17
68,590452,12,13,A,C,cEt,False,False,True,True,17
68,590452,13,14,A,C,cEt,False,False,True,True,17
68,590452,14,15,A,M,MOE,False,True,False,True,17
68,590452,15,16,T,M,MOE,False,True,False,True,17
68,590452,16,17,T,M,MOE,False,True,False,True,17
69,590453,0,1,T,M,MOE,False,True,False,True,17
69,590453,1,2,T,M,MOE,False,True,False,True,17
69,590453,2,3,C,M,MOE,False,True,False,True,17
69,590453,3,4,C,C,cEt,False,False,True,True,17
69,590453,4,5,T,C,cEt,False,False,True,True,17
69,590453,5,6,T,d,DNA,True,False,False,False,17
69,590453,6,7,C,d,DNA,True,False,False,False,17
69,590453,7,8,T,d,DNA,True,False,False,False,17
69,590453,8,9,G,d,DNA,True,False,False,False,17
69,590453,9,10,C,d,DNA,True,False,False,False,17
69,590453,10,11,T,d,DNA,True,False,False,False,17
69,590453,11,12,C,d,DNA,True,False,False,False,17
69,590453,12,13,G,C,cEt,False,False,True,True,17
69,590453,13,14,A,C,cEt,False,False,True,True,17
69,590453,14,15,A,M,MOE,False,True,False,True,17
69,590453,15,16,A,M,MOE,False,True,False,True,17
69,590453,16,17,T,M,MOE,False,True,False,True,17
70,590454,0,1,T,M,MOE,False,True,False,True,17
70,590454,1,2,T,M,MOE,False,True,False,True,17
70,590454,2,3,T,M,MOE,False,True,False,True,17
70,590454,3,4,C,C,cEt,False,False,True,True,17
70,590454,4,5,C,C,cEt,False,False,True,True,17
70,590454,5,6,T,d,DNA,True,False,False,False,17
70,590454,6,7,T,d,DNA,True,False,False,False,17
70,590454,7,8,C,d,DNA,True,False,False,False,17
70,590454,8,9,T,d,DNA,True,False,False,False,17
70,590454,9,10,G,d,DNA,True,False,False,False,17
70,590454,10,11,C,d,DNA,True,False,False,False,17
70,590454,11,12,T,d,DNA,True,False,False,False,17
70,590454,12,13,C,C,cEt,False,False,True,True,17
70,590454,13,14,G,C,cEt,False,False,True,True,17
70,590454,14,15,A,M,MOE,False,True,False,True,17
70,590454,15,16,A,M,MOE,False,True,False,True,17
70,590454,16,17,A,M,MOE,False,True,False,True,17
71,590455,0,1,C,M,MOE,False,True,False,True,17
71,590455,1,2,T,M,MOE,False,True,False,True,17
71,590455,2,3,T,M,MOE,False,True,False,True,17
71,590455,3,4,T,C,cEt,False,False,True,True,17
71,590455,4,5,C,C,cEt,False,False,True,True,17
71,590455,5,6,C,d,DNA,True,False,False,False,17
71,590455,6,7,T,d,DNA,True,False,False,False,17
71,590455,7,8,T,d,DNA,True,False,False,False,17
71,590455,8,9,C,d,DNA,True,False,False,False,17
71,590455,9,10,T,d,DNA,True,False,False,False,17
71,590455,10,11,G,d,DNA,True,False,False,False,17
71,590455,11,12,C,d,DNA,True,False,False,False,17
71,590455,12,13,T,C,cEt,False,False,True,True,17
71,590455,13,14,C,C,cEt,False,False,True,True,17
71,590455,14,15,G,M,MOE,False,True,False,True,17
71,590455,15,16,A,M,MOE,False,True,False,True,17
71,590455,16,17,A,M,MOE,False,True,False,True,17
72,590456,0,1,A,M,MOE,False,True,False,True,17
72,590456,1,2,C,M,MOE,False,True,False,True,17
72,590456,2,3,T,M,MOE,False,True,False,True,17
72,590456,3,4,T,C,cEt,False,False,True,True,17
72,590456,4,5,T,C,cEt,False,False,True,True,17
72,590456,5,6,C,d,DNA,True,False,False,False,17
72,590456,6,7,C,d,DNA,True,False,False,False,17
72,590456,7,8,T,d,DNA,True,False,False,False,17
72,590456,8,9,T,d,DNA,True,False,False,False,17
72,590456,9,10,C,d,DNA,True,False,False,False,17
72,590456,10,11,T,d,DNA,True,False,False,False,17
72,590456,11,12,G,d,DNA,True,False,False,False,17
72,590456,12,13,C,C,cEt,False,False,True,True,17
72,590456,13,14,T,C,cEt,False,False,True,True,17
72,590456,14,15,C,M,MOE,False,True,False,True,17
72,590456,15,16,G,M,MOE,False,True,False,True,17
72,590456,16,17,A,M,MOE,False,True,False,True,17
73,590457,0,1,T,M,MOE,False,True,False,True,17
73,590457,1,2,A,M,MOE,False,True,False,True,17
73,590457,2,3,C,M,MOE,False,True,False,True,17
73,590457,3,4,T,C,cEt,False,False,True,True,17
73,590457,4,5,T,C,cEt,False,False,True,True,17
73,590457,5,6,T,d,DNA,True,False,False,False,17
73,590457,6,7,C,d,DNA,True,False,False,False,17
73,590457,7,8,C,d,DNA,True,False,False,False,17
73,590457,8,9,T,d,DNA,True,False,False,False,17
73,590457,9,10,T,d,DNA,True,False,False,False,17
73,590457,10,11,C,d,DNA,True,False,False,False,17
73,590457,11,12,T,d,DNA,True,False,False,False,17
73,590457,12,13,G,C,cEt,False,False,True,True,17
73,590457,13,14,C,C,cEt,False,False,True,True,17
73,590457,14,15,T,M,MOE,False,True,False,True,17
73,590457,15,16,C,M,MOE,False,True,False,True,17
73,590457,16,17,G,M,MOE,False,True,False,True,17
74,590458,0,1,T,M,MOE,False,True,False,True,17
74,590458,1,2,T,M,MOE,False,True,False,True,17
74,590458,2,3,A,M,MOE,False,True,False,True,17
74,590458,3,4,C,C,cEt,False,False,True,True,17
74,590458,4,5,T,C,cEt,False,False,True,True,17
74,590458,5,6,T,d,DNA,True,False,False,False,17
74,590458,6,7,T,d,DNA,True,False,False,False,17
74,590458,7,8,C,d,DNA,True,False,False,False,17
74,590458,8,9,C,d,DNA,True,False,False,False,17
74,590458,9,10,T,d,DNA,True,False,False,False,17
74,590458,10,11,T,d,DNA,True,False,False,False,17
74,590458,11,12,C,d,DNA,True,False,False,False,17
74,590458,12,13,T,C,cEt,False,False,True,True,17
74,590458,13,14,G,C,cEt,False,False,True,True,17
74,590458,14,15,C,M,MOE,False,True,False,True,17
74,590458,15,16,T,M,MOE,False,True,False,True,17
74,590458,16,17,C,M,MOE,False,True,False,True,17
75,590459,0,1,A,M,MOE,False,True,False,True,17
75,590459,1,2,T,M,MOE,False,True,False,True,17
75,590459,2,3,T,M,MOE,False,True,False,True,17
75,590459,3,4,A,C,cEt,False,False,True,True,17
75,590459,4,5,C,C,cEt,False,False,True,True,17
75,590459,5,6,T,d,DNA,True,False,False,False,17
75,590459,6,7,T,d,DNA,True,False,False,False,17
75,590459,7,8,T,d,DNA,True,False,False,False,17
75,590459,8,9,C,d,DNA,True,False,False,False,17
75,590459,9,10,C,d,DNA,True,False,False,False,17
75,590459,10,11,T,d,DNA,True,False,False,False,17
75,590459,11,12,T,d,DNA,True,False,False,False,17
75,590459,12,13,C,C,cEt,False,False,True,True,17
75,590459,13,14,T,C,cEt,False,False,True,True,17
75,590459,14,15,G,M,MOE,False,True,False,True,17
75,590459,15,16,C,M,MOE,False,True,False,True,17
75,590459,16,17,T,M,MOE,False,True,False,True,17
76,590461,0,1,C,M,MOE,False,True,False,True,17
76,590461,1,2,A,M,MOE,False,True,False,True,17
76,590461,2,3,T,M,MOE,False,True,False,True,17
76,590461,3,4,T,C,cEt,False,False,True,True,17
76,590461,4,5,A,C,cEt,False,False,True,True,17
76,590461,5,6,C,d,DNA,True,False,False,False,17
76,590461,6,7,T,d,DNA,True,False,False,False,17
76,590461,7,8,T,d,DNA,True,False,False,False,17
76,590461,8,9,T,d,DNA,True,False,False,False,17
76,590461,9,10,C,d,DNA,True,False,False,False,17
76,590461,10,11,C,d,DNA,True,False,False,False,17
76,590461,11,12,T,d,DNA,True,False,False,False,17
76,590461,12,13,T,C,cEt,False,False,True,True,17
76,590461,13,14,C,C,cEt,False,False,True,True,17
76,590461,14,15,T,M,MOE,False,True,False,True,17
76,590461,15,16,G,M,MOE,False,True,False,True,17
76,590461,16,17,C,M,MOE,False,True,False,True,17
77,590462,0,1,C,M,MOE,False,True,False,True,17
77,590462,1,2,C,M,MOE,False,True,False,True,17
77,590462,2,3,A,M,MOE,False,True,False,True,17
77,590462,3,4,T,C,cEt,False,False,True,True,17
77,590462,4,5,T,C,cEt,False,False,True,True,17
77,590462,5,6,A,d,DNA,True,False,False,False,17
77,590462,6,7,C,d,DNA,True,False,False,False,17
77,590462,7,8,T,d,DNA,True,False,False,False,17
77,590462,8,9,T,d,DNA,True,False,False,False,17
77,590462,9,10,T,d,DNA,True,False,False,False,17
77,590462,10,11,C,d,DNA,True,False,False,False,17
77,590462,11,12,C,d,DNA,True,False,False,False,17
77,590462,12,13,T,C,cEt,False,False,True,True,17
77,590462,13,14,T,C,cEt,False,False,True,True,17
77,590462,14,15,C,M,MOE,False,True,False,True,17
77,590462,15,16,T,M,MOE,False,True,False,True,17
77,590462,16,17,G,M,MOE,False,True,False,True,17
78,590463,0,1,T,M,MOE,False,True,False,True,17
78,590463,1,2,C,M,MOE,False,True,False,True,17
78,590463,2,3,C,M,MOE,False,True,False,True,17
78,590463,3,4,A,C,cEt,False,False,True,True,17
78,590463,4,5,T,C,cEt,False,False,True,True,17
78,590463,5,6,T,d,DNA,True,False,False,False,17
78,590463,6,7,A,d,DNA,True,False,False,False,17
78,590463,7,8,C,d,DNA,True,False,False,False,17
78,590463,8,9,T,d,DNA,True,False,False,False,17
78,590463,9,10,T,d,DNA,True,False,False,False,17
78,590463,10,11,T,d,DNA,True,False,False,False,17
78,590463,11,12,C,d,DNA,True,False,False,False,17
78,590463,12,13,C,C,cEt,False,False,True,True,17
78,590463,13,14,T,C,cEt,False,False,True,True,17
78,590463,14,15,T,M,MOE,False,True,False,True,17
78,590463,15,16,C,M,MOE,False,True,False,True,17
78,590463,16,17,T,M,MOE,False,True,False,True,17
79,590464,0,1,G,M,MOE,False,True,False,True,17
79,590464,1,2,T,M,MOE,False,True,False,True,17
79,590464,2,3,C,M,MOE,False,True,False,True,17
79,590464,3,4,C,C,cEt,False,False,True,True,17
79,590464,4,5,A,C,cEt,False,False,True,True,17
79,590464,5,6,T,d,DNA,True,False,False,False,17
79,590464,6,7,T,d,DNA,True,False,False,False,17
79,590464,7,8,A,d,DNA,True,False,False,False,17
79,590464,8,9,C,d,DNA,True,False,False,False,17
79,590464,9,10,T,d,DNA,True,False,False,False,17
79,590464,10,11,T,d,DNA,True,False,False,False,17
79,590464,11,12,T,d,DNA,True,False,False,False,17
79,590464,12,13,C,C,cEt,False,False,True,True,17
79,590464,13,14,C,C,cEt,False,False,True,True,17
79,590464,14,15,T,M,MOE,False,True,False,True,17
79,590464,15,16,T,M,MOE,False,True,False,True,17
79,590464,16,17,C,M,MOE,False,True,False,True,17
80,590465,0,1,G,M,MOE,False,True,False,True,17
80,590465,1,2,G,M,MOE,False,True,False,True,17
80,590465,2,3,T,M,MOE,False,True,False,True,17
80,590465,3,4,C,C,cEt,False,False,True,True,17
80,590465,4,5,C,C,cEt,False,False,True,True,17
80,590465,5,6,A,d,DNA,True,False,False,False,17
80,590465,6,7,T,d,DNA,True,False,False,False,17
80,590465,7,8,T,d,DNA,True,False,False,False,17
80,590465,8,9,A,d,DNA,True,False,False,False,17
80,590465,9,10,C,d,DNA,True,False,False,False,17
80,590465,10,11,T,d,DNA,True,False,False,False,17
80,590465,11,12,T,d,DNA,True,False,False,False,17
80,590465,12,13,T,C,cEt,False,False,True,True,17
80,590465,13,14,C,C,cEt,False,False,True,True,17
80,590465,14,15,C,M,MOE,False,True,False,True,17
80,590465,15,16,T,M,MOE,False,True,False,True,17
80,590465,16,17,T,M,MOE,False,True,False,True,17
81,590466,0,1,T,M,MOE,False,True,False,True,17
81,590466,1,2,G,M,MOE,False,True,False,True,17
81,590466,2,3,G,M,MOE,False,True,False,True,17
81,590466,3,4,T,C,cEt,False,False,True,True,17
81,590466,4,5,C,C,cEt,False,False,True,True,17
81,590466,5,6,C,d,DNA,True,False,False,False,17
81,590466,6,7,A,d,DNA,True,False,False,False,17
81,590466,7,8,T,d,DNA,True,False,False,False,17
81,590466,8,9,T,d,DNA,True,False,False,False,17
81,590466,9,10,A,d,DNA,True,False,False,False,17
81,590466,10,11,C,d,DNA,True,False,False,False,17
81,590466,11,12,T,d,DNA,True,False,False,False,17
81,590466,12,13,T,C,cEt,False,False,True,True,17
81,590466,13,14,T,C,cEt,False,False,True,True,17
81,590466,14,15,C,M,MOE,False,True,False,True,17
81,590466,15,16,C,M,MOE,False,True,False,True,17
81,590466,16,17,T,M,MOE,False,True,False,True,17
82,590467,0,1,C,M,MOE,False,True,False,True,17
82,590467,1,2,T,M,MOE,False,True,False,True,17
82,590467,2,3,G,M,MOE,False,True,False,True,17
82,590467,3,4,G,C,cEt,False,False,True,True,17
82,590467,4,5,T,C,cEt,False,False,True,True,17
82,590467,5,6,C,d,DNA,True,False,False,False,17
82,590467,6,7,C,d,DNA,True,False,False,False,17
82,590467,7,8,A,d,DNA,True,False,False,False,17
82,590467,8,9,T,d,DNA,True,False,False,False,17
82,590467,9,10,T,d,DNA,True,False,False,False,17
82,590467,10,11,A,d,DNA,True,False,False,False,17
82,590467,11,12,C,d,DNA,True,False,False,False,17
82,590467,12,13,T,C,cEt,False,False,True,True,17
82,590467,13,14,T,C,cEt,False,False,True,True,17
82,590467,14,15,T,M,MOE,False,True,False,True,17
82,590467,15,16,C,M,MOE,False,True,False,True,17
82,590467,16,17,C,M,MOE,False,True,False,True,17
83,590468,0,1,A,M,MOE,False,True,False,True,17
83,590468,1,2,C,M,MOE,False,True,False,True,17
83,590468,2,3,T,M,MOE,False,True,False,True,17
83,590468,3,4,G,C,cEt,False,False,True,True,17
83,590468,4,5,G,C,cEt,False,False,True,True,17
83,590468,5,6,T,d,DNA,True,False,False,False,17
83,590468,6,7,C,d,DNA,True,False,False,False,17
83,590468,7,8,C,d,DNA,True,False,False,False,17
83,590468,8,9,A,d,DNA,True,False,False,False,17
83,590468,9,10,T,d,DNA,True,False,False,False,17
83,590468,10,11,T,d,DNA,True,False,False,False,17
83,590468,11,12,A,d,DNA,True,False,False,False,17
83,590468,12,13,C,C,cEt,False,False,True,True,17
83,590468,13,14,T,C,cEt,False,False,True,True,17
83,590468,14,15,T,M,MOE,False,True,False,True,17
83,590468,15,16,T,M,MOE,False,True,False,True,17
83,590468,16,17,C,M,MOE,False,True,False,True,17
84,590469,0,1,C,M,MOE,False,True,False,True,17
84,590469,1,2,A,M,MOE,False,True,False,True,17
84,590469,2,3,C,M,MOE,False,True,False,True,17
84,590469,3,4,T,C,cEt,False,False,True,True,17
84,590469,4,5,G,C,cEt,False,False,True,True,17
84,590469,5,6,G,d,DNA,True,False,False,False,17
84,590469,6,7,T,d,DNA,True,False,False,False,17
84,590469,7,8,C,d,DNA,True,False,False,False,17
84,590469,8,9,C,d,DNA,True,False,False,False,17
84,590469,9,10,A,d,DNA,True,False,False,False,17
84,590469,10,11,T,d,DNA,True,False,False,False,17
84,590469,11,12,T,d,DNA,True,False,False,False,17
84,590469,12,13,A,C,cEt,False,False,True,True,17
84,590469,13,14,C,C,cEt,False,False,True,True,17
84,590469,14,15,T,M,MOE,False,True,False,True,17
84,590469,15,16,T,M,MOE,False,True,False,True,17
84,590469,16,17,T,M,MOE,False,True,False,True,17
85,590470,0,1,T,M,MOE,False,True,False,True,17
85,590470,1,2,C,M,MOE,False,True,False,True,17
85,590470,2,3,A,M,MOE,False,True,False,True,17
85,590470,3,4,C,C,cEt,False,False,True,True,17
85,590470,4,5,T,C,cEt,False,False,True,True,17
85,590470,5,6,G,d,DNA,True,False,False,False,17
85,590470,6,7,G,d,DNA,True,False,False,False,17
85,590470,7,8,T,d,DNA,True,False,False,False,17
85,590470,8,9,C,d,DNA,True,False,False,False,17
85,590470,9,10,C,d,DNA,True,False,False,False,17
85,590470,10,11,A,d,DNA,True,False,False,False,17
85,590470,11,12,T,d,DNA,True,False,False,False,17
85,590470,12,13,T,C,cEt,False,False,True,True,17
85,590470,13,14,A,C,cEt,False,False,True,True,17
85,590470,14,15,C,M,MOE,False,True,False,True,17
85,590470,15,16,T,M,MOE,False,True,False,True,17
85,590470,16,17,T,M,MOE,False,True,False,True,17
86,590471,0,1,T,M,MOE,False,True,False,True,17
86,590471,1,2,T,M,MOE,False,True,False,True,17
86,590471,2,3,C,M,MOE,False,True,False,True,17
86,590471,3,4,A,C,cEt,False,False,True,True,17
86,590471,4,5,C,C,cEt,False,False,True,True,17
86,590471,5,6,T,d,DNA,True,False,False,False,17
86,590471,6,7,G,d,DNA,True,False,False,False,17
86,590471,7,8,G,d,DNA,True,False,False,False,17
86,590471,8,9,T,d,DNA,True,False,False,False,17
86,590471,9,10,C,d,DNA,True,False,False,False,17
86,590471,10,11,C,d,DNA,True,False,False,False,17
86,590471,11,12,A,d,DNA,True,False,False,False,17
86,590471,12,13,T,C,cEt,False,False,True,True,17
86,590471,13,14,T,C,cEt,False,False,True,True,17
86,590471,14,15,A,M,MOE,False,True,False,True,17
86,590471,15,16,C,M,MOE,False,True,False,True,17
86,590471,16,17,T,M,MOE,False,True,False,True,17
87,590472,0,1,C,M,MOE,False,True,False,True,17
87,590472,1,2,T,M,MOE,False,True,False,True,17
87,590472,2,3,T,M,MOE,False,True,False,True,17
87,590472,3,4,C,C,cEt,False,False,True,True,17
87,590472,4,5,A,C,cEt,False,False,True,True,17
87,590472,5,6,C,d,DNA,True,False,False,False,17
87,590472,6,7,T,d,DNA,True,False,False,False,17
87,590472,7,8,G,d,DNA,True,False,False,False,17
87,590472,8,9,G,d,DNA,True,False,False,False,17
87,590472,9,10,T,d,DNA,True,False,False,False,17
87,590472,10,11,C,d,DNA,True,False,False,False,17
87,590472,11,12,C,d,DNA,True,False,False,False,17
87,590472,12,13,A,C,cEt,False,False,True,True,17
87,590472,13,14,T,C,cEt,False,False,True,True,17
87,590472,14,15,T,M,MOE,False,True,False,True,17
87,590472,15,16,A,M,MOE,False,True,False,True,17
87,590472,16,17,C,M,MOE,False,True,False,True,17
88,590473,0,1,C,M,MOE,False,True,False,True,17
88,590473,1,2,C,M,MOE,False,True,False,True,17
88,590473,2,3,T,M,MOE,False,True,False,True,17
88,590473,3,4,T,C,cEt,False,False,True,True,17
88,590473,4,5,C,C,cEt,False,False,True,True,17
88,590473,5,6,A,d,DNA,True,False,False,False,17
88,590473,6,7,C,d,DNA,True,False,False,False,17
88,590473,7,8,T,d,DNA,True,False,False,False,17
88,590473,8,9,G,d,DNA,True,False,False,False,17
88,590473,9,10,G,d,DNA,True,False,False,False,17
88,590473,10,11,T,d,DNA,True,False,False,False,17
88,590473,11,12,C,d,DNA,True,False,False,False,17
88,590473,12,13,C,C,cEt,False,False,True,True,17
88,590473,13,14,A,C,cEt,False,False,True,True,17
88,590473,14,15,T,M,MOE,False,True,False,True,17
88,590473,15,16,T,M,MOE,False,True,False,True,17
88,590473,16,17,A,M,MOE,False,True,False,True,17
89,590474,0,1,A,M,MOE,False,True,False,True,17
89,590474,1,2,C,M,MOE,False,True,False,True,17
89,590474,2,3,C,M,MOE,False,True,False,True,17
89,590474,3,4,T,C,cEt,False,False,True,True,17
89,590474,4,5,T,C,cEt,False,False,True,True,17
89,590474,5,6,C,d,DNA,True,False,False,False,17
89,590474,6,7,A,d,DNA,True,False,False,False,17
89,590474,7,8,C,d,DNA,True,False,False,False,17
89,590474,8,9,T,d,DNA,True,False,False,False,17
89,590474,9,10,G,d,DNA,True,False,False,False,17
89,590474,10,11,G,d,DNA,True,False,False,False,17
89,590474,11,12,T,d,DNA,True,False,False,False,17
89,590474,12,13,C,C,cEt,False,False,True,True,17
89,590474,13,14,C,C,cEt,False,False,True,True,17
89,590474,14,15,A,M,MOE,False,True,False,True,17
89,590474,15,16,T,M,MOE,False,True,False,True,17
89,590474,16,17,T,M,MOE,False,True,False,True,17
90,590475,0,1,C,M,MOE,False,True,False,True,17
90,590475,1,2,A,M,MOE,False,True,False,True,17
90,590475,2,3,C,M,MOE,False,True,False,True,17
90,590475,3,4,C,C,cEt,False,False,True,True,17
90,590475,4,5,T,C,cEt,False,False,True,True,17
90,590475,5,6,T,d,DNA,True,False,False,False,17
90,590475,6,7,C,d,DNA,True,False,False,False,17
90,590475,7,8,A,d,DNA,True,False,False,False,17
90,590475,8,9,C,d,DNA,True,False,False,False,17
90,590475,9,10,T,d,DNA,True,False,False,False,17
90,590475,10,11,G,d,DNA,True,False,False,False,17
90,590475,11,12,G,d,DNA,True,False,False,False,17
90,590475,12,13,T,C,cEt,False,False,True,True,17
90,590475,13,14,C,C,cEt,False,False,True,True,17
90,590475,14,15,C,M,MOE,False,True,False,True,17
90,590475,15,16,A,M,MOE,False,True,False,True,17
90,590475,16,17,T,M,MOE,False,True,False,True,17
91,590476,0,1,A,M,MOE,False,True,False,True,17
91,590476,1,2,C,M,MOE,False,True,False,True,17
91,590476,2,3,A,M,MOE,False,True,False,True,17
91,590476,3,4,C,C,cEt,False,False,True,True,17
91,590476,4,5,C,C,cEt,False,False,True,True,17
91,590476,5,6,T,d,DNA,True,False,False,False,17
91,590476,6,7,T,d,DNA,True,False,False,False,17
91,590476,7,8,C,d,DNA,True,False,False,False,17
91,590476,8,9,A,d,DNA,True,False,False,False,17
91,590476,9,10,C,d,DNA,True,False,False,False,17
91,590476,10,11,T,d,DNA,True,False,False,False,17
91,590476,11,12,G,d,DNA,True,False,False,False,17
91,590476,12,13,G,C,cEt,False,False,True,True,17
91,590476,13,14,T,C,cEt,False,False,True,True,17
91,590476,14,15,C,M,MOE,False,True,False,True,17
91,590476,15,16,C,M,MOE,False,True,False,True,17
91,590476,16,17,A,M,MOE,False,True,False,True,17
92,590477,0,1,C,M,MOE,False,True,False,True,17
92,590477,1,2,A,M,MOE,False,True,False,True,17
92,590477,2,3,C,M,MOE,False,True,False,True,17
92,590477,3,4,A,C,cEt,False,False,True,True,17
92,590477,4,5,C,C,cEt,False,False,True,True,17
92,590477,5,6,C,d,DNA,True,False,False,False,17
92,590477,6,7,T,d,DNA,True,False,False,False,17
92,590477,7,8,T,d,DNA,True,False,False,False,17
92,590477,8,9,C,d,DNA,True,False,False,False,17
92,590477,9,10,A,d,DNA,True,False,False,False,17
92,590477,10,11,C,d,DNA,True,False,False,False,17
92,590477,11,12,T,d,DNA,True,False,False,False,17
92,590477,12,13,G,C,cEt,False,False,True,True,17
92,590477,13,14,G,C,cEt,False,False,True,True,17
92,590477,14,15,T,M,MOE,False,True,False,True,17
92,590477,15,16,C,M,MOE,False,True,False,True,17
92,590477,16,17,C,M,MOE,False,True,False,True,17
93,590478,0,1,C,M,MOE,False,True,False,True,17
93,590478,1,2,C,M,MOE,False,True,False,True,17
93,590478,2,3,A,M,MOE,False,True,False,True,17
93,590478,3,4,C,C,cEt,False,False,True,True,17
93,590478,4,5,A,C,cEt,False,False,True,True,17
93,590478,5,6,C,d,DNA,True,False,False,False,17
93,590478,6,7,C,d,DNA,True,False,False,False,17
93,590478,7,8,T,d,DNA,True,False,False,False,17
93,590478,8,9,T,d,DNA,True,False,False,False,17
93,590478,9,10,C,d,DNA,True,False,False,False,17
93,590478,10,11,A,d,DNA,True,False,False,False,17
93,590478,11,12,C,d,DNA,True,False,False,False,17
93,590478,12,13,T,C,cEt,False,False,True,True,17
93,590478,13,14,G,C,cEt,False,False,True,True,17
93,590478,14,15,G,M,MOE,False,True,False,True,17
93,590478,15,16,T,M,MOE,False,True,False,True,17
93,590478,16,17,C,M,MOE,False,True,False,True,17
94,590479,0,1,C,M,MOE,False,True,False,True,17
94,590479,1,2,C,M,MOE,False,True,False,True,17
94,590479,2,3,C,M,MOE,False,True,False,True,17
94,590479,3,4,A,C,cEt,False,False,True,True,17
94,590479,4,5,C,C,cEt,False,False,True,True,17
94,590479,5,6,A,d,DNA,True,False,False,False,17
94,590479,6,7,C,d,DNA,True,False,False,False,17
94,590479,7,8,C,d,DNA,True,False,False,False,17
94,590479,8,9,T,d,DNA,True,False,False,False,17
94,590479,9,10,T,d,DNA,True,False,False,False,17
94,590479,10,11,C,d,DNA,True,False,False,False,17
94,590479,11,12,A,d,DNA,True,False,False,False,17
94,590479,12,13,C,C,cEt,False,False,True,True,17
94,590479,13,14,T,C,cEt,False,False,True,True,17
94,590479,14,15,G,M,MOE,False,True,False,True,17
94,590479,15,16,G,M,MOE,False,True,False,True,17
94,590479,16,17,T,M,MOE,False,True,False,True,17
95,590480,0,1,C,M,MOE,False,True,False,True,17
95,590480,1,2,C,M,MOE,False,True,False,True,17
95,590480,2,3,C,M,MOE,False,True,False,True,17
95,590480,3,4,C,C,cEt,False,False,True,True,17
95,590480,4,5,A,C,cEt,False,False,True,True,17
95,590480,5,6,C,d,DNA,True,False,False,False,17
95,590480,6,7,A,d,DNA,True,False,False,False,17
95,590480,7,8,C,d,DNA,True,False,False,False,17
95,590480,8,9,C,d,DNA,True,False,False,False,17
95,590480,9,10,T,d,DNA,True,False,False,False,17
95,590480,10,11,T,d,DNA,True,False,False,False,17
95,590480,11,12,C,d,DNA,True,False,False,False,17
95,590480,12,13,A,C,cEt,False,False,True,True,17
95,590480,13,14,C,C,cEt,False,False,True,True,17
95,590480,14,15,T,M,MOE,False,True,False,True,17
95,590480,15,16,G,M,MOE,False,True,False,True,17
95,590480,16,17,G,M,MOE,False,True,False,True,17
96,590481,0,1,T,M,MOE,False,True,False,True,17
96,590481,1,2,T,M,MOE,False,True,False,True,17
96,590481,2,3,C,M,MOE,False,True,False,True,17
96,590481,3,4,C,C,cEt,False,False,True,True,17
96,590481,4,5,C,C,cEt,False,False,True,True,17
96,590481,5,6,C,d,DNA,True,False,False,False,17
96,590481,6,7,A,d,DNA,True,False,False,False,17
96,590481,7,8,C,d,DNA,True,False,False,False,17
96,590481,8,9,A,d,DNA,True,False,False,False,17
96,590481,9,10,C,d,DNA,True,False,False,False,17
96,590481,10,11,C,d,DNA,True,False,False,False,17
96,590481,11,12,T,d,DNA,True,False,False,False,17
96,590481,12,13,T,C,cEt,False,False,True,True,17
96,590481,13,14,C,C,cEt,False,False,True,True,17
96,590481,14,15,A,M,MOE,False,True,False,True,17
96,590481,15,16,C,M,MOE,False,True,False,True,17
96,590481,16,17,T,M,MOE,False,True,False,True,17
97,590482,0,1,C,M,MOE,False,True,False,True,17
97,590482,1,2,T,M,MOE,False,True,False,True,17
97,590482,2,3,T,M,MOE,False,True,False,True,17
97,590482,3,4,C,C,cEt,False,False,True,True,17
97,590482,4,5,C,C,cEt,False,False,True,True,17
97,590482,5,6,C,d,DNA,True,False,False,False,17
97,590482,6,7,C,d,DNA,True,False,False,False,17
97,590482,7,8,A,d,DNA,True,False,False,False,17
97,590482,8,9,C,d,DNA,True,False,False,False,17
97,590482,9,10,A,d,DNA,True,False,False,False,17
97,590482,10,11,C,d,DNA,True,False,False,False,17
97,590482,11,12,C,d,DNA,True,False,False,False,17
97,590482,12,13,T,C,cEt,False,False,True,True,17
97,590482,13,14,T,C,cEt,False,False,True,True,17
97,590482,14,15,C,M,MOE,False,True,False,True,17
97,590482,15,16,A,M,MOE,False,True,False,True,17
97,590482,16,17,C,M,MOE,False,True,False,True,17
98,590483,0,1,G,M,MOE,False,True,False,True,17
98,590483,1,2,C,M,MOE,False,True,False,True,17
98,590483,2,3,T,M,MOE,False,True,False,True,17
98,590483,3,4,T,C,cEt,False,False,True,True,17
98,590483,4,5,C,C,cEt,False,False,True,True,17
98,590483,5,6,C,d,DNA,True,False,False,False,17
98,590483,6,7,C,d,DNA,True,False,False,False,17
98,590483,7,8,C,d,DNA,True,False,False,False,17
98,590483,8,9,A,d,DNA,True,False,False,False,17
98,590483,9,10,C,d,DNA,True,False,False,False,17
98,590483,10,11,A,d,DNA,True,False,False,False,17
98,590483,11,12,C,d,DNA,True,False,False,False,17
98,590483,12,13,C,C,cEt,False,False,True,True,17
98,590483,13,14,T,C,cEt,False,False,True,True,17
98,590483,14,15,T,M,MOE,False,True,False,True,17
98,590483,15,16,C,M,MOE,False,True,False,True,17
98,590483,16,17,A,M,MOE,False,True,False,True,17
99,590484,0,1,T,M,MOE,False,True,False,True,17
99,590484,1,2,G,M,MOE,False,True,False,True,17
99,590484,2,3,C,M,MOE,False,True,False,True,17
99,590484,3,4,T,C,cEt,False,False,True,True,17
99,590484,4,5,T,C,cEt,False,False,True,True,17
99,590484,5,6,C,d,DNA,True,False,False,False,17
99,590484,6,7,C,d,DNA,True,False,False,False,17
99,590484,7,8,C,d,DNA,True,False,False,False,17
99,590484,8,9,C,d,DNA,True,False,False,False,17
99,590484,9,10,A,d,DNA,True,False,False,False,17
99,590484,10,11,C,d,DNA,True,False,False,False,17
99,590484,11,12,A,d,DNA,True,False,False,False,17
99,590484,12,13,C,C,cEt,False,False,True,True,17
99,590484,13,14,C,C,cEt,False,False,True,True,17
99,590484,14,15,T,M,MOE,False,True,False,True,17
99,590484,15,16,T,M,MOE,False,True,False,True,17
99,590484,16,17,C,M,MOE,False,True,False,True,17
100,590485,0,1,A,M,MOE,False,True,False,True,17
100,590485,1,2,T,M,MOE,False,True,False,True,17
100,590485,2,3,G,M,MOE,False,True,False,True,17
100,590485,3,4,C,C,cEt,False,False,True,True,17
100,590485,4,5,T,C,cEt,False,False,True,True,17
100,590485,5,6,T,d,DNA,True,False,False,False,17
100,590485,6,7,C,d,DNA,True,False,False,False,17
100,590485,7,8,C,d,DNA,True,False,False,False,17
100,590485,8,9,C,d,DNA,True,False,False,False,17
100,590485,9,10,C,d,DNA,True,False,False,False,17
100,590485,10,11,A,d,DNA,True,False,False,False,17
100,590485,11,12,C,d,DNA,True,False,False,False,17
100,590485,12,13,A,C,cEt,False,False,True,True,17
100,590485,13,14,C,C,cEt,False,False,True,True,17
100,590485,14,15,C,M,MOE,False,True,False,True,17
100,590485,15,16,T,M,MOE,False,True,False,True,17
100,590485,16,17,T,M,MOE,False,True,False,True,17
101,590486,0,1,A,M,MOE,False,True,False,True,17
101,590486,1,2,A,M,MOE,False,True,False,True,17
101,590486,2,3,T,M,MOE,False,True,False,True,17
101,590486,3,4,G,C,cEt,False,False,True,True,17
101,590486,4,5,C,C,cEt,False,False,True,True,17
101,590486,5,6,T,d,DNA,True,False,False,False,17
101,590486,6,7,T,d,DNA,True,False,False,False,17
101,590486,7,8,C,d,DNA,True,False,False,False,17
101,590486,8,9,C,d,DNA,True,False,False,False,17
101,590486,9,10,C,d,DNA,True,False,False,False,17
101,590486,10,11,C,d,DNA,True,False,False,False,17
101,590486,11,12,A,d,DNA,True,False,False,False,17
101,590486,12,13,C,C,cEt,False,False,True,True,17
101,590486,13,14,A,C,cEt,False,False,True,True,17
101,590486,14,15,C,M,MOE,False,True,False,True,17
101,590486,15,16,C,M,MOE,False,True,False,True,17
101,590486,16,17,T,M,MOE,False,True,False,True,17
102,590487,0,1,T,M,MOE,False,True,False,True,17
102,590487,1,2,A,M,MOE,False,True,False,True,17
102,590487,2,3,A,M,MOE,False,True,False,True,17
102,590487,3,4,T,C,cEt,False,False,True,True,17
102,590487,4,5,G,C,cEt,False,False,True,True,17
102,590487,5,6,C,d,DNA,True,False,False,False,17
102,590487,6,7,T,d,DNA,True,False,False,False,17
102,590487,7,8,T,d,DNA,True,False,False,False,17
102,590487,8,9,C,d,DNA,True,False,False,False,17
102,590487,9,10,C,d,DNA,True,False,False,False,17
102,590487,10,11,C,d,DNA,True,False,False,False,17
102,590487,11,12,C,d,DNA,True,False,False,False,17
102,590487,12,13,A,C,cEt,False,False,True,True,17
102,590487,13,14,C,C,cEt,False,False,True,True,17
102,590487,14,15,A,M,MOE,False,True,False,True,17
102,590487,15,16,C,M,MOE,False,True,False,True,17
102,590487,16,17,C,M,MOE,False,True,False,True,17
103,590488,0,1,A,M,MOE,False,True,False,True,17
103,590488,1,2,T,M,MOE,False,True,False,True,17
103,590488,2,3,G,M,MOE,False,True,False,True,17
103,590488,3,4,C,C,cEt,False,False,True,True,17
103,590488,4,5,A,C,cEt,False,False,True,True,17
103,590488,5,6,G,d,DNA,True,False,False,False,17
103,590488,6,7,G,d,DNA,True,False,False,False,17
103,590488,7,8,C,d,DNA,True,False,False,False,17
103,590488,8,9,C,d,DNA,True,False,False,False,17
103,590488,9,10,T,d,DNA,True,False,False,False,17
103,590488,10,11,T,d,DNA,True,False,False,False,17
103,590488,11,12,C,d,DNA,True,False,False,False,17
103,590488,12,13,A,C,cEt,False,False,True,True,17
103,590488,13,14,G,C,cEt,False,False,True,True,17
103,590488,14,15,T,M,MOE,False,True,False,True,17
103,590488,15,16,C,M,MOE,False,True,False,True,17
103,590488,16,17,A,M,MOE,False,True,False,True,17
104,590489,0,1,C,M,MOE,False,True,False,True,17
104,590489,1,2,A,M,MOE,False,True,False,True,17
104,590489,2,3,T,M,MOE,False,True,False,True,17
104,590489,3,4,G,C,cEt,False,False,True,True,17
104,590489,4,5,C,C,cEt,False,False,True,True,17
104,590489,5,6,A,d,DNA,True,False,False,False,17
104,590489,6,7,G,d,DNA,True,False,False,False,17
104,590489,7,8,G,d,DNA,True,False,False,False,17
104,590489,8,9,C,d,DNA,True,False,False,False,17
104,590489,9,10,C,d,DNA,True,False,False,False,17
104,590489,10,11,T,d,DNA,True,False,False,False,17
104,590489,11,12,T,d,DNA,True,False,False,False,17
104,590489,12,13,C,C,cEt,False,False,True,True,17
104,590489,13,14,A,C,cEt,False,False,True,True,17
104,590489,14,15,G,M,MOE,False,True,False,True,17
104,590489,15,16,T,M,MOE,False,True,False,True,17
104,590489,16,17,C,M,MOE,False,True,False,True,17
105,590490,0,1,C,M,MOE,False,True,False,True,17
105,590490,1,2,C,M,MOE,False,True,False,True,17
105,590490,2,3,A,M,MOE,False,True,False,True,17
105,590490,3,4,T,C,cEt,False,False,True,True,17
105,590490,4,5,G,C,cEt,False,False,True,True,17
105,590490,5,6,C,d,DNA,True,False,False,False,17
105,590490,6,7,A,d,DNA,True,False,False,False,17
105,590490,7,8,G,d,DNA,True,False,False,False,17
105,590490,8,9,G,d,DNA,True,False,False,False,17
105,590490,9,10,C,d,DNA,True,False,False,False,17
105,590490,10,11,C,d,DNA,True,False,False,False,17
105,590490,11,12,T,d,DNA,True,False,False,False,17
105,590490,12,13,T,C,cEt,False,False,True,True,17
105,590490,13,14,C,C,cEt,False,False,True,True,17
105,590490,14,15,A,M,MOE,False,True,False,True,17
105,590490,15,16,G,M,MOE,False,True,False,True,17
105,590490,16,17,T,M,MOE,False,True,False,True,17
106,590491,0,1,T,M,MOE,False,True,False,True,17
106,590491,1,2,C,M,MOE,False,True,False,True,17
106,590491,2,3,C,M,MOE,False,True,False,True,17
106,590491,3,4,A,C,cEt,False,False,True,True,17
106,590491,4,5,T,C,cEt,False,False,True,True,17
106,590491,5,6,G,d,DNA,True,False,False,False,17
106,590491,6,7,C,d,DNA,True,False,False,False,17
106,590491,7,8,A,d,DNA,True,False,False,False,17
106,590491,8,9,G,d,DNA,True,False,False,False,17
106,590491,9,10,G,d,DNA,True,False,False,False,17
106,590491,10,11,C,d,DNA,True,False,False,False,17
106,590491,11,12,C,d,DNA,True,False,False,False,17
106,590491,12,13,T,C,cEt,False,False,True,True,17
106,590491,13,14,T,C,cEt,False,False,True,True,17
106,590491,14,15,C,M,MOE,False,True,False,True,17
106,590491,15,16,A,M,MOE,False,True,False,True,17
106,590491,16,17,G,M,MOE,False,True,False,True,17
107,590492,0,1,A,M,MOE,False,True,False,True,17
107,590492,1,2,T,M,MOE,False,True,False,True,17
107,590492,2,3,C,M,MOE,False,True,False,True,17
107,590492,3,4,C,C,cEt,False,False,True,True,17
107,590492,4,5,A,C,cEt,False,False,True,True,17
107,590492,5,6,T,d,DNA,True,False,False,False,17
107,590492,6,7,G,d,DNA,True,False,False,False,17
107,590492,7,8,C,d,DNA,True,False,False,False,17
107,590492,8,9,A,d,DNA,True,False,False,False,17
107,590492,9,10,G,d,DNA,True,False,False,False,17
107,590492,10,11,G,d,DNA,True,False,False,False,17
107,590492,11,12,C,d,DNA,True,False,False,False,17
107,590492,12,13,C,C,cEt,False,False,True,True,17
107,590492,13,14,T,C,cEt,False,False,True,True,17
107,590492,14,15,T,M,MOE,False,True,False,True,17
107,590492,15,16,C,M,MOE,False,True,False,True,17
107,590492,16,17,A,M,MOE,False,True,False,True,17
108,590493,0,1,A,M,MOE,False,True,False,True,17
108,590493,1,2,A,M,MOE,False,True,False,True,17
108,590493,2,3,T,M,MOE,False,True,False,True,17
108,590493,3,4,C,C,cEt,False,False,True,True,17
108,590493,4,5,C,C,cEt,False,False,True,True,17
108,590493,5,6,A,d,DNA,True,False,False,False,17
108,590493,6,7,T,d,DNA,True,False,False,False,17
108,590493,7,8,G,d,DNA,True,False,False,False,17
108,590493,8,9,C,d,DNA,True,False,False,False,17
108,590493,9,10,A,d,DNA,True,False,False,False,17
108,590493,10,11,G,d,DNA,True,False,False,False,17
108,590493,11,12,G,d,DNA,True,False,False,False,17
108,590493,12,13,C,C,cEt,False,False,True,True,17
108,590493,13,14,C,C,cEt,False,False,True,True,17
108,590493,14,15,T,M,MOE,False,True,False,True,17
108,590493,15,16,T,M,MOE,False,True,False,True,17
108,590493,16,17,C,M,MOE,False,True,False,True,17
109,590494,0,1,G,M,MOE,False,True,False,True,17
109,590494,1,2,A,M,MOE,False,True,False,True,17
109,590494,2,3,A,M,MOE,False,True,False,True,17
109,590494,3,4,T,C,cEt,False,False,True,True,17
109,590494,4,5,C,C,cEt,False,False,True,True,17
109,590494,5,6,C,d,DNA,True,False,False,False,17
109,590494,6,7,A,d,DNA,True,False,False,False,17
109,590494,7,8,T,d,DNA,True,False,False,False,17
109,590494,8,9,G,d,DNA,True,False,False,False,17
109,590494,9,10,C,d,DNA,True,False,False,False,17
109,590494,10,11,A,d,DNA,True,False,False,False,17
109,590494,11,12,G,d,DNA,True,False,False,False,17
109,590494,12,13,G,C,cEt,False,False,True,True,17
109,590494,13,14,C,C,cEt,False,False,True,True,17
109,590494,14,15,C,M,MOE,False,True,False,True,17
109,590494,15,16,T,M,MOE,False,True,False,True,17
109,590494,16,17,T,M,MOE,False,True,False,True,17
110,590495,0,1,G,M,MOE,False,True,False,True,17
110,590495,1,2,G,M,MOE,False,True,False,True,17
110,590495,2,3,A,M,MOE,False,True,False,True,17
110,590495,3,4,A,C,cEt,False,False,True,True,17
110,590495,4,5,T,C,cEt,False,False,True,True,17
110,590495,5,6,C,d,DNA,True,False,False,False,17
110,590495,6,7,C,d,DNA,True,False,False,False,17
110,590495,7,8,A,d,DNA,True,False,False,False,17
110,590495,8,9,T,d,DNA,True,False,False,False,17
110,590495,9,10,G,d,DNA,True,False,False,False,17
110,590495,10,11,C,d,DNA,True,False,False,False,17
110,590495,11,12,A,d,DNA,True,False,False,False,17
110,590495,12,13,G,C,cEt,False,False,True,True,17
110,590495,13,14,G,C,cEt,False,False,True,True,17
110,590495,14,15,C,M,MOE,False,True,False,True,17
110,590495,15,16,C,M,MOE,False,True,False,True,17
110,590495,16,17,T,M,MOE,False,True,False,True,17
111,590496,0,1,T,M,MOE,False,True,False,True,17
111,590496,1,2,G,M,MOE,False,True,False,True,17
111,590496,2,3,G,M,MOE,False,True,False,True,17
111,590496,3,4,A,C,cEt,False,False,True,True,17
111,590496,4,5,A,C,cEt,False,False,True,True,17
111,590496,5,6,T,d,DNA,True,False,False,False,17
111,590496,6,7,C,d,DNA,True,False,False,False,17
111,590496,7,8,C,d,DNA,True,False,False,False,17
111,590496,8,9,A,d,DNA,True,False,False,False,17
111,590496,9,10,T,d,DNA,True,False,False,False,17
111,590496,10,11,G,d,DNA,True,False,False,False,17
111,590496,11,12,C,d,DNA,True,False,False,False,17
111,590496,12,13,A,C,cEt,False,False,True,True,17
111,590496,13,14,G,C,cEt,False,False,True,True,17
111,590496,14,15,G,M,MOE,False,True,False,True,17
111,590496,15,16,C,M,MOE,False,True,False,True,17
111,590496,16,17,C,M,MOE,False,True,False,True,17
112,590497,0,1,A,M,MOE,False,True,False,True,17
112,590497,1,2,T,M,MOE,False,True,False,True,17
112,590497,2,3,G,M,MOE,False,True,False,True,17
112,590497,3,4,G,C,cEt,False,False,True,True,17
112,590497,4,5,A,C,cEt,False,False,True,True,17
112,590497,5,6,A,d,DNA,True,False,False,False,17
112,590497,6,7,T,d,DNA,True,False,False,False,17
112,590497,7,8,C,d,DNA,True,False,False,False,17
112,590497,8,9,C,d,DNA,True,False,False,False,17
112,590497,9,10,A,d,DNA,True,False,False,False,17
112,590497,10,11,T,d,DNA,True,False,False,False,17
112,590497,11,12,G,d,DNA,True,False,False,False,17
112,590497,12,13,C,C,cEt,False,False,True,True,17
112,590497,13,14,A,C,cEt,False,False,True,True,17
112,590497,14,15,G,M,MOE,False,True,False,True,17
112,590497,15,16,G,M,MOE,False,True,False,True,17
112,590497,16,17,C,M,MOE,False,True,False,True,17
113,590498,0,1,C,M,MOE,False,True,False,True,17
113,590498,1,2,A,M,MOE,False,True,False,True,17
113,590498,2,3,T,M,MOE,False,True,False,True,17
113,590498,3,4,G,C,cEt,False,False,True,True,17
113,590498,4,5,G,C,cEt,False,False,True,True,17
113,590498,5,6,A,d,DNA,True,False,False,False,17
113,590498,6,7,A,d,DNA,True,False,False,False,17
113,590498,7,8,T,d,DNA,True,False,False,False,17
113,590498,8,9,C,d,DNA,True,False,False,False,17
113,590498,9,10,C,d,DNA,True,False,False,False,17
113,590498,10,11,A,d,DNA,True,False,False,False,17
113,590498,11,12,T,d,DNA,True,False,False,False,17
113,590498,12,13,G,C,cEt,False,False,True,True,17
113,590498,13,14,C,C,cEt,False,False,True,True,17
113,590498,14,15,A,M,MOE,False,True,False,True,17
113,590498,15,16,G,M,MOE,False,True,False,True,17
113,590498,16,17,G,M,MOE,False,True,False,True,17
114,590499,0,1,A,M,MOE,False,True,False,True,17
114,590499,1,2,C,M,MOE,False,True,False,True,17
114,590499,2,3,A,M,MOE,False,True,False,True,17
114,590499,3,4,T,C,cEt,False,False,True,True,17
114,590499,4,5,G,C,cEt,False,False,True,True,17
114,590499,5,6,G,d,DNA,True,False,False,False,17
114,590499,6,7,A,d,DNA,True,False,False,False,17
114,590499,7,8,A,d,DNA,True,False,False,False,17
114,590499,8,9,T,d,DNA,True,False,False,False,17
114,590499,9,10,C,d,DNA,True,False,False,False,17
114,590499,10,11,C,d,DNA,True,False,False,False,17
114,590499,11,12,A,d,DNA,True,False,False,False,17
114,590499,12,13,T,C,cEt,False,False,True,True,17
114,590499,13,14,G,C,cEt,False,False,True,True,17
114,590499,14,15,C,M,MOE,False,True,False,True,17
114,590499,15,16,A,M,MOE,False,True,False,True,17
114,590499,16,17,G,M,MOE,False,True,False,True,17
115,590500,0,1,A,M,MOE,False,True,False,True,17
115,590500,1,2,A,M,MOE,False,True,False,True,17
115,590500,2,3,C,M,MOE,False,True,False,True,17
115,590500,3,4,A,C,cEt,False,False,True,True,17
115,590500,4,5,T,C,cEt,False,False,True,True,17
115,590500,5,6,G,d,DNA,True,False,False,False,17
115,590500,6,7,G,d,DNA,True,False,False,False,17
115,590500,7,8,A,d,DNA,True,False,False,False,17
115,590500,8,9,A,d,DNA,True,False,False,False,17
115,590500,9,10,T,d,DNA,True,False,False,False,17
115,590500,10,11,C,d,DNA,True,False,False,False,17
115,590500,11,12,C,d,DNA,True,False,False,False,17
115,590500,12,13,A,C,cEt,False,False,True,True,17
115,590500,13,14,T,C,cEt,False,False,True,True,17
115,590500,14,15,G,M,MOE,False,True,False,True,17
115,590500,15,16,C,M,MOE,False,True,False,True,17
115,590500,16,17,A,M,MOE,False,True,False,True,17
116,590501,0,1,G,M,MOE,False,True,False,True,17
116,590501,1,2,A,M,MOE,False,True,False,True,17
116,590501,2,3,A,M,MOE,False,True,False,True,17
116,590501,3,4,C,C,cEt,False,False,True,True,17
116,590501,4,5,A,C,cEt,False,False,True,True,17
116,590501,5,6,T,d,DNA,True,False,False,False,17
116,590501,6,7,G,d,DNA,True,False,False,False,17
116,590501,7,8,G,d,DNA,True,False,False,False,17
116,590501,8,9,A,d,DNA,True,False,False,False,17
116,590501,9,10,A,d,DNA,True,False,False,False,17
116,590501,10,11,T,d,DNA,True,False,False,False,17
116,590501,11,12,C,d,DNA,True,False,False,False,17
116,590501,12,13,C,C,cEt,False,False,True,True,17
116,590501,13,14,A,C,cEt,False,False,True,True,17
116,590501,14,15,T,M,MOE,False,True,False,True,17
116,590501,15,16,G,M,MOE,False,True,False,True,17
116,590501,16,17,C,M,MOE,False,True,False,True,17
117,590502,0,1,T,M,MOE,False,True,False,True,17
117,590502,1,2,G,M,MOE,False,True,False,True,17
117,590502,2,3,A,M,MOE,False,True,False,True,17
117,590502,3,4,A,C,cEt,False,False,True,True,17
117,590502,4,5,C,C,cEt,False,False,True,True,17
117,590502,5,6,A,d,DNA,True,False,False,False,17
117,590502,6,7,T,d,DNA,True,False,False,False,17
117,590502,7,8,G,d,DNA,True,False,False,False,17
117,590502,8,9,G,d,DNA,True,False,False,False,17
117,590502,9,10,A,d,DNA,True,False,False,False,17
117,590502,10,11,A,d,DNA,True,False,False,False,17
117,590502,11,12,T,d,DNA,True,False,False,False,17
117,590502,12,13,C,C,cEt,False,False,True,True,17
117,590502,13,14,C,C,cEt,False,False,True,True,17
117,590502,14,15,A,M,MOE,False,True,False,True,17
117,590502,15,16,T,M,MOE,False,True,False,True,17
117,590502,16,17,G,M,MOE,False,True,False,True,17
118,590503,0,1,A,M,MOE,False,True,False,True,17
118,590503,1,2,T,M,MOE,False,True,False,True,17
118,590503,2,3,G,M,MOE,False,True,False,True,17
118,590503,3,4,A,C,cEt,False,False,True,True,17
118,590503,4,5,A,C,cEt,False,False,True,True,17
118,590503,5,6,C,d,DNA,True,False,False,False,17
118,590503,6,7,A,d,DNA,True,False,False,False,17
118,590503,7,8,T,d,DNA,True,False,False,False,17
118,590503,8,9,G,d,DNA,True,False,False,False,17
118,590503,9,10,G,d,DNA,True,False,False,False,17
118,590503,10,11,A,d,DNA,True,False,False,False,17
118,590503,11,12,A,d,DNA,True,False,False,False,17
118,590503,12,13,T,C,cEt,False,False,True,True,17
118,590503,13,14,C,C,cEt,False,False,True,True,17
118,590503,14,15,C,M,MOE,False,True,False,True,17
118,590503,15,16,A,M,MOE,False,True,False,True,17
118,590503,16,17,T,M,MOE,False,True,False,True,17
119,590504,0,1,C,M,MOE,False,True,False,True,17
119,590504,1,2,T,M,MOE,False,True,False,True,17
119,590504,2,3,G,M,MOE,False,True,False,True,17
119,590504,3,4,C,C,cEt,False,False,True,True,17
119,590504,4,5,A,C,cEt,False,False,True,True,17
119,590504,5,6,C,d,DNA,True,False,False,False,17
119,590504,6,7,T,d,DNA,True,False,False,False,17
119,590504,7,8,G,d,DNA,True,False,False,False,17
119,590504,8,9,G,d,DNA,True,False,False,False,17
119,590504,9,10,T,d,DNA,True,False,False,False,17
119,590504,10,11,A,d,DNA,True,False,False,False,17
119,590504,11,12,C,d,DNA,True,False,False,False,17
119,590504,12,13,A,C,cEt,False,False,True,True,17
119,590504,13,14,G,C,cEt,False,False,True,True,17
119,590504,14,15,C,M,MOE,False,True,False,True,17
119,590504,15,16,C,M,MOE,False,True,False,True,17
119,590504,16,17,T,M,MOE,False,True,False,True,17
120,590505,0,1,C,M,MOE,False,True,False,True,17
120,590505,1,2,C,M,MOE,False,True,False,True,17
120,590505,2,3,T,M,MOE,False,True,False,True,17
120,590505,3,4,G,C,cEt,False,False,True,True,17
120,590505,4,5,C,C,cEt,False,False,True,True,17
120,590505,5,6,A,d,DNA,True,False,False,False,17
120,590505,6,7,C,d,DNA,True,False,False,False,17
120,590505,7,8,T,d,DNA,True,False,False,False,17
120,590505,8,9,G,d,DNA,True,False,False,False,17
120,590505,9,10,G,d,DNA,True,False,False,False,17
120,590505,10,11,T,d,DNA,True,False,False,False,17
120,590505,11,12,A,d,DNA,True,False,False,False,17
120,590505,12,13,C,C,cEt,False,False,True,True,17
120,590505,13,14,A,C,cEt,False,False,True,True,17
120,590505,14,15,G,M,MOE,False,True,False,True,17
120,590505,15,16,C,M,MOE,False,True,False,True,17
120,590505,16,17,C,M,MOE,False,True,False,True,17
121,590506,0,1,A,M,MOE,False,True,False,True,17
121,590506,1,2,C,M,MOE,False,True,False,True,17
121,590506,2,3,C,M,MOE,False,True,False,True,17
121,590506,3,4,T,C,cEt,False,False,True,True,17
121,590506,4,5,G,C,cEt,False,False,True,True,17
121,590506,5,6,C,d,DNA,True,False,False,False,17
121,590506,6,7,A,d,DNA,True,False,False,False,17
121,590506,7,8,C,d,DNA,True,False,False,False,17
121,590506,8,9,T,d,DNA,True,False,False,False,17
121,590506,9,10,G,d,DNA,True,False,False,False,17
121,590506,10,11,G,d,DNA,True,False,False,False,17
121,590506,11,12,T,d,DNA,True,False,False,False,17
121,590506,12,13,A,C,cEt,False,False,True,True,17
121,590506,13,14,C,C,cEt,False,False,True,True,17
121,590506,14,15,A,M,MOE,False,True,False,True,17
121,590506,15,16,G,M,MOE,False,True,False,True,17
121,590506,16,17,C,M,MOE,False,True,False,True,17
122,590507,0,1,G,M,MOE,False,True,False,True,17
122,590507,1,2,A,M,MOE,False,True,False,True,17
122,590507,2,3,C,M,MOE,False,True,False,True,17
122,590507,3,4,C,C,cEt,False,False,True,True,17
122,590507,4,5,T,C,cEt,False,False,True,True,17
122,590507,5,6,G,d,DNA,True,False,False,False,17
122,590507,6,7,C,d,DNA,True,False,False,False,17
122,590507,7,8,A,d,DNA,True,False,False,False,17
122,590507,8,9,C,d,DNA,True,False,False,False,17
122,590507,9,10,T,d,DNA,True,False,False,False,17
122,590507,10,11,G,d,DNA,True,False,False,False,17
122,590507,11,12,G,d,DNA,True,False,False,False,17
122,590507,12,13,T,C,cEt,False,False,True,True,17
122,590507,13,14,A,C,cEt,False,False,True,True,17
122,590507,14,15,C,M,MOE,False,True,False,True,17
122,590507,15,16,A,M,MOE,False,True,False,True,17
122,590507,16,17,G,M,MOE,False,True,False,True,17
123,590508,0,1,G,M,MOE,False,True,False,True,17
123,590508,1,2,G,M,MOE,False,True,False,True,17
123,590508,2,3,A,M,MOE,False,True,False,True,17
123,590508,3,4,C,C,cEt,False,False,True,True,17
123,590508,4,5,C,C,cEt,False,False,True,True,17
123,590508,5,6,T,d,DNA,True,False,False,False,17
123,590508,6,7,G,d,DNA,True,False,False,False,17
123,590508,7,8,C,d,DNA,True,False,False,False,17
123,590508,8,9,A,d,DNA,True,False,False,False,17
123,590508,9,10,C,d,DNA,True,False,False,False,17
123,590508,10,11,T,d,DNA,True,False,False,False,17
123,590508,11,12,G,d,DNA,True,False,False,False,17
123,590508,12,13,G,C,cEt,False,False,True,True,17
123,590508,13,14,T,C,cEt,False,False,True,True,17
123,590508,14,15,A,M,MOE,False,True,False,True,17
123,590508,15,16,C,M,MOE,False,True,False,True,17
123,590508,16,17,A,M,MOE,False,True,False,True,17
124,590509,0,1,A,M,MOE,False,True,False,True,17
124,590509,1,2,G,M,MOE,False,True,False,True,17
124,590509,2,3,G,M,MOE,False,True,False,True,17
124,590509,3,4,A,C,cEt,False,False,True,True,17
124,590509,4,5,C,C,cEt,False,False,True,True,17
124,590509,5,6,C,d,DNA,True,False,False,False,17
124,590509,6,7,T,d,DNA,True,False,False,False,17
124,590509,7,8,G,d,DNA,True,False,False,False,17
124,590509,8,9,C,d,DNA,True,False,False,False,17
124,590509,9,10,A,d,DNA,True,False,False,False,17
124,590509,10,11,C,d,DNA,True,False,False,False,17
124,590509,11,12,T,d,DNA,True,False,False,False,17
124,590509,12,13,G,C,cEt,False,False,True,True,17
124,590509,13,14,G,C,cEt,False,False,True,True,17
124,590509,14,15,T,M,MOE,False,True,False,True,17
124,590509,15,16,A,M,MOE,False,True,False,True,17
124,590509,16,17,C,M,MOE,False,True,False,True,17
125,590510,0,1,G,M,MOE,False,True,False,True,17
125,590510,1,2,A,M,MOE,False,True,False,True,17
125,590510,2,3,G,M,MOE,False,True,False,True,17
125,590510,3,4,G,C,cEt,False,False,True,True,17
125,590510,4,5,A,C,cEt,False,False,True,True,17
125,590510,5,6,C,d,DNA,True,False,False,False,17
125,590510,6,7,C,d,DNA,True,False,False,False,17
125,590510,7,8,T,d,DNA,True,False,False,False,17
125,590510,8,9,G,d,DNA,True,False,False,False,17
125,590510,9,10,C,d,DNA,True,False,False,False,17
125,590510,10,11,A,d,DNA,True,False,False,False,17
125,590510,11,12,C,d,DNA,True,False,False,False,17
125,590510,12,13,T,C,cEt,False,False,True,True,17
125,590510,13,14,G,C,cEt,False,False,True,True,17
125,590510,14,15,G,M,MOE,False,True,False,True,17
125,590510,15,16,T,M,MOE,False,True,False,True,17
125,590510,16,17,A,M,MOE,False,True,False,True,17
126,590511,0,1,T,M,MOE,False,True,False,True,17
126,590511,1,2,G,M,MOE,False,True,False,True,17
126,590511,2,3,A,M,MOE,False,True,False,True,17
126,590511,3,4,G,C,cEt,False,False,True,True,17
126,590511,4,5,G,C,cEt,False,False,True,True,17
126,590511,5,6,A,d,DNA,True,False,False,False,17
126,590511,6,7,C,d,DNA,True,False,False,False,17
126,590511,7,8,C,d,DNA,True,False,False,False,17
126,590511,8,9,T,d,DNA,True,False,False,False,17
126,590511,9,10,G,d,DNA,True,False,False,False,17
126,590511,10,11,C,d,DNA,True,False,False,False,17
126,590511,11,12,A,d,DNA,True,False,False,False,17
126,590511,12,13,C,C,cEt,False,False,True,True,17
126,590511,13,14,T,C,cEt,False,False,True,True,17
126,590511,14,15,G,M,MOE,False,True,False,True,17
126,590511,15,16,G,M,MOE,False,True,False,True,17
126,590511,16,17,T,M,MOE,False,True,False,True,17
127,590512,0,1,C,M,MOE,False,True,False,True,17
127,590512,1,2,G,M,MOE,False,True,False,True,17
127,590512,2,3,T,M,MOE,False,True,False,True,17
127,590512,3,4,C,C,cEt,False,False,True,True,17
127,590512,4,5,G,C,cEt,False,False,True,True,17
127,590512,5,6,C,d,DNA,True,False,False,False,17
127,590512,6,7,C,d,DNA,True,False,False,False,17
127,590512,7,8,C,d,DNA,True,False,False,False,17
127,590512,8,9,T,d,DNA,True,False,False,False,17
127,590512,9,10,T,d,DNA,True,False,False,False,17
127,590512,10,11,C,d,DNA,True,False,False,False,17
127,590512,11,12,A,d,DNA,True,False,False,False,17
127,590512,12,13,G,C,cEt,False,False,True,True,17
127,590512,13,14,C,C,cEt,False,False,True,True,17
127,590512,14,15,A,M,MOE,False,True,False,True,17
127,590512,15,16,C,M,MOE,False,True,False,True,17
127,590512,16,17,G,M,MOE,False,True,False,True,17
128,590513,0,1,G,M,MOE,False,True,False,True,17
128,590513,1,2,T,M,MOE,False,True,False,True,17
128,590513,2,3,G,M,MOE,False,True,False,True,17
128,590513,3,4,A,C,cEt,False,False,True,True,17
128,590513,4,5,G,C,cEt,False,False,True,True,17
128,590513,5,6,G,d,DNA,True,False,False,False,17
128,590513,6,7,A,d,DNA,True,False,False,False,17
128,590513,7,8,C,d,DNA,True,False,False,False,17
128,590513,8,9,C,d,DNA,True,False,False,False,17
128,590513,9,10,T,d,DNA,True,False,False,False,17
128,590513,10,11,G,d,DNA,True,False,False,False,17
128,590513,11,12,C,d,DNA,True,False,False,False,17
128,590513,12,13,A,C,cEt,False,False,True,True,17
128,590513,13,14,C,C,cEt,False,False,True,True,17
128,590513,14,15,T,M,MOE,False,True,False,True,17
128,590513,15,16,G,M,MOE,False,True,False,True,17
128,590513,16,17,G,M,MOE,False,True,False,True,17
129,590514,0,1,A,M,MOE,False,True,False,True,17
129,590514,1,2,G,M,MOE,False,True,False,True,17
129,590514,2,3,T,M,MOE,False,True,False,True,17
129,590514,3,4,G,C,cEt,False,False,True,True,17
129,590514,4,5,A,C,cEt,False,False,True,True,17
129,590514,5,6,G,d,DNA,True,False,False,False,17
129,590514,6,7,G,d,DNA,True,False,False,False,17
129,590514,7,8,A,d,DNA,True,False,False,False,17
129,590514,8,9,C,d,DNA,True,False,False,False,17
129,590514,9,10,C,d,DNA,True,False,False,False,17
129,590514,10,11,T,d,DNA,True,False,False,False,17
129,590514,11,12,G,d,DNA,True,False,False,False,17
129,590514,12,13,C,C,cEt,False,False,True,True,17
129,590514,13,14,A,C,cEt,False,False,True,True,17
129,590514,14,15,C,M,MOE,False,True,False,True,17
129,590514,15,16,T,M,MOE,False,True,False,True,17
129,590514,16,17,G,M,MOE,False,True,False,True,17
130,590515,0,1,A,M,MOE,False,True,False,True,17
130,590515,1,2,A,M,MOE,False,True,False,True,17
130,590515,2,3,G,M,MOE,False,True,False,True,17
130,590515,3,4,T,C,cEt,False,False,True,True,17
130,590515,4,5,G,C,cEt,False,False,True,True,17
130,590515,5,6,A,d,DNA,True,False,False,False,17
130,590515,6,7,G,d,DNA,True,False,False,False,17
130,590515,7,8,G,d,DNA,True,False,False,False,17
130,590515,8,9,A,d,DNA,True,False,False,False,17
130,590515,9,10,C,d,DNA,True,False,False,False,17
130,590515,10,11,C,d,DNA,True,False,False,False,17
130,590515,11,12,T,d,DNA,True,False,False,False,17
130,590515,12,13,G,C,cEt,False,False,True,True,17
130,590515,13,14,C,C,cEt,False,False,True,True,17
130,590515,14,15,A,M,MOE,False,True,False,True,17
130,590515,15,16,C,M,MOE,False,True,False,True,17
130,590515,16,17,T,M,MOE,False,True,False,True,17
131,590516,0,1,A,M,MOE,False,True,False,True,17
131,590516,1,2,A,M,MOE,False,True,False,True,17
131,590516,2,3,A,M,MOE,False,True,False,True,17
131,590516,3,4,G,C,cEt,False,False,True,True,17
131,590516,4,5,T,C,cEt,False,False,True,True,17
131,590516,5,6,G,d,DNA,True,False,False,False,17
131,590516,6,7,A,d,DNA,True,False,False,False,17
131,590516,7,8,G,d,DNA,True,False,False,False,17
131,590516,8,9,G,d,DNA,True,False,False,False,17
131,590516,9,10,A,d,DNA,True,False,False,False,17
131,590516,10,11,C,d,DNA,True,False,False,False,17
131,590516,11,12,C,d,DNA,True,False,False,False,17
131,590516,12,13,T,C,cEt,False,False,True,True,17
131,590516,13,14,G,C,cEt,False,False,True,True,17
131,590516,14,15,C,M,MOE,False,True,False,True,17
131,590516,15,16,A,M,MOE,False,True,False,True,17
131,590516,16,17,C,M,MOE,False,True,False,True,17
132,590517,0,1,T,M,MOE,False,True,False,True,17
132,590517,1,2,A,M,MOE,False,True,False,True,17
132,590517,2,3,A,M,MOE,False,True,False,True,17
132,590517,3,4,A,C,cEt,False,False,True,True,17
132,590517,4,5,G,C,cEt,False,False,True,True,17
132,590517,5,6,T,d,DNA,True,False,False,False,17
132,590517,6,7,G,d,DNA,True,False,False,False,17
132,590517,7,8,A,d,DNA,True,False,False,False,17
132,590517,8,9,G,d,DNA,True,False,False,False,17
132,590517,9,10,G,d,DNA,True,False,False,False,17
132,590517,10,11,A,d,DNA,True,False,False,False,17
132,590517,11,12,C,d,DNA,True,False,False,False,17
132,590517,12,13,C,C,cEt,False,False,True,True,17
132,590517,13,14,T,C,cEt,False,False,True,True,17
132,590517,14,15,G,M,MOE,False,True,False,True,17
132,590517,15,16,C,M,MOE,False,True,False,True,17
132,590517,16,17,A,M,MOE,False,True,False,True,17
133,590518,0,1,T,M,MOE,False,True,False,True,17
133,590518,1,2,T,M,MOE,False,True,False,True,17
133,590518,2,3,A,M,MOE,False,True,False,True,17
133,590518,3,4,A,C,cEt,False,False,True,True,17
133,590518,4,5,A,C,cEt,False,False,True,True,17
133,590518,5,6,G,d,DNA,True,False,False,False,17
133,590518,6,7,T,d,DNA,True,False,False,False,17
133,590518,7,8,G,d,DNA,True,False,False,False,17
133,590518,8,9,A,d,DNA,True,False,False,False,17
133,590518,9,10,G,d,DNA,True,False,False,False,17
133,590518,10,11,G,d,DNA,True,False,False,False,17
133,590518,11,12,A,d,DNA,True,False,False,False,17
133,590518,12,13,C,C,cEt,False,False,True,True,17
133,590518,13,14,C,C,cEt,False,False,True,True,17
133,590518,14,15,T,M,MOE,False,True,False,True,17
133,590518,15,16,G,M,MOE,False,True,False,True,17
133,590518,16,17,C,M,MOE,False,True,False,True,17
134,590520,0,1,G,M,MOE,False,True,False,True,17
134,590520,1,2,A,M,MOE,False,True,False,True,17
134,590520,2,3,T,M,MOE,False,True,False,True,17
134,590520,3,4,T,C,cEt,False,False,True,True,17
134,590520,4,5,A,C,cEt,False,False,True,True,17
134,590520,5,6,A,d,DNA,True,False,False,False,17
134,590520,6,7,A,d,DNA,True,False,False,False,17
134,590520,7,8,G,d,DNA,True,False,False,False,17
134,590520,8,9,T,d,DNA,True,False,False,False,17
134,590520,9,10,G,d,DNA,True,False,False,False,17
134,590520,10,11,A,d,DNA,True,False,False,False,17
134,590520,11,12,G,d,DNA,True,False,False,False,17
134,590520,12,13,G,C,cEt,False,False,True,True,17
134,590520,13,14,A,C,cEt,False,False,True,True,17
134,590520,14,15,C,M,MOE,False,True,False,True,17
134,590520,15,16,C,M,MOE,False,True,False,True,17
134,590520,16,17,T,M,MOE,False,True,False,True,17
135,590521,0,1,G,M,MOE,False,True,False,True,17
135,590521,1,2,G,M,MOE,False,True,False,True,17
135,590521,2,3,A,M,MOE,False,True,False,True,17
135,590521,3,4,T,C,cEt,False,False,True,True,17
135,590521,4,5,T,C,cEt,False,False,True,True,17
135,590521,5,6,A,d,DNA,True,False,False,False,17
135,590521,6,7,A,d,DNA,True,False,False,False,17
135,590521,7,8,A,d,DNA,True,False,False,False,17
135,590521,8,9,G,d,DNA,True,False,False,False,17
135,590521,9,10,T,d,DNA,True,False,False,False,17
135,590521,10,11,G,d,DNA,True,False,False,False,17
135,590521,11,12,A,d,DNA,True,False,False,False,17
135,590521,12,13,G,C,cEt,False,False,True,True,17
135,590521,13,14,G,C,cEt,False,False,True,True,17
135,590521,14,15,A,M,MOE,False,True,False,True,17
135,590521,15,16,C,M,MOE,False,True,False,True,17
135,590521,16,17,C,M,MOE,False,True,False,True,17
136,590522,0,1,A,M,MOE,False,True,False,True,17
136,590522,1,2,G,M,MOE,False,True,False,True,17
136,590522,2,3,G,M,MOE,False,True,False,True,17
136,590522,3,4,A,C,cEt,False,False,True,True,17
136,590522,4,5,T,C,cEt,False,False,True,True,17
136,590522,5,6,T,d,DNA,True,False,False,False,17
136,590522,6,7,A,d,DNA,True,False,False,False,17
136,590522,7,8,A,d,DNA,True,False,False,False,17
136,590522,8,9,A,d,DNA,True,False,False,False,17
136,590522,9,10,G,d,DNA,True,False,False,False,17
136,590522,10,11,T,d,DNA,True,False,False,False,17
136,590522,11,12,G,d,DNA,True,False,False,False,17
136,590522,12,13,A,C,cEt,False,False,True,True,17
136,590522,13,14,G,C,cEt,False,False,True,True,17
136,590522,14,15,G,M,MOE,False,True,False,True,17
136,590522,15,16,A,M,MOE,False,True,False,True,17
136,590522,16,17,C,M,MOE,False,True,False,True,17
137,590523,0,1,G,M,MOE,False,True,False,True,17
137,590523,1,2,A,M,MOE,False,True,False,True,17
137,590523,2,3,G,M,MOE,False,True,False,True,17
137,590523,3,4,G,C,cEt,False,False,True,True,17
137,590523,4,5,A,C,cEt,False,False,True,True,17
137,590523,5,6,T,d,DNA,True,False,False,False,17
137,590523,6,7,T,d,DNA,True,False,False,False,17
137,590523,7,8,A,d,DNA,True,False,False,False,17
137,590523,8,9,A,d,DNA,True,False,False,False,17
137,590523,9,10,A,d,DNA,True,False,False,False,17
137,590523,10,11,G,d,DNA,True,False,False,False,17
137,590523,11,12,T,d,DNA,True,False,False,False,17
137,590523,12,13,G,C,cEt,False,False,True,True,17
137,590523,13,14,A,C,cEt,False,False,True,True,17
137,590523,14,15,G,M,MOE,False,True,False,True,17
137,590523,15,16,G,M,MOE,False,True,False,True,17
137,590523,16,17,A,M,MOE,False,True,False,True,17
138,590524,0,1,A,M,MOE,False,True,False,True,17
138,590524,1,2,G,M,MOE,False,True,False,True,17
138,590524,2,3,A,M,MOE,False,True,False,True,17
138,590524,3,4,G,C,cEt,False,False,True,True,17
138,590524,4,5,G,C,cEt,False,False,True,True,17
138,590524,5,6,A,d,DNA,True,False,False,False,17
138,590524,6,7,T,d,DNA,True,False,False,False,17
138,590524,7,8,T,d,DNA,True,False,False,False,17
138,590524,8,9,A,d,DNA,True,False,False,False,17
138,590524,9,10,A,d,DNA,True,False,False,False,17
138,590524,10,11,A,d,DNA,True,False,False,False,17
138,590524,11,12,G,d,DNA,True,False,False,False,17
138,590524,12,13,T,C,cEt,False,False,True,True,17
138,590524,13,14,G,C,cEt,False,False,True,True,17
138,590524,14,15,A,M,MOE,False,True,False,True,17
138,590524,15,16,G,M,MOE,False,True,False,True,17
138,590524,16,17,G,M,MOE,False,True,False,True,17
139,590525,0,1,T,M,MOE,False,True,False,True,17
139,590525,1,2,A,M,MOE,False,True,False,True,17
139,590525,2,3,G,M,MOE,False,True,False,True,17
139,590525,3,4,A,C,cEt,False,False,True,True,17
139,590525,4,5,G,C,cEt,False,False,True,True,17
139,590525,5,6,G,d,DNA,True,False,False,False,17
139,590525,6,7,A,d,DNA,True,False,False,False,17
139,590525,7,8,T,d,DNA,True,False,False,False,17
139,590525,8,9,T,d,DNA,True,False,False,False,17
139,590525,9,10,A,d,DNA,True,False,False,False,17
139,590525,10,11,A,d,DNA,True,False,False,False,17
139,590525,11,12,A,d,DNA,True,False,False,False,17
139,590525,12,13,G,C,cEt,False,False,True,True,17
139,590525,13,14,T,C,cEt,False,False,True,True,17
139,590525,14,15,G,M,MOE,False,True,False,True,17
139,590525,15,16,A,M,MOE,False,True,False,True,17
139,590525,16,17,G,M,MOE,False,True,False,True,17
140,590526,0,1,A,M,MOE,False,True,False,True,17
140,590526,1,2,T,M,MOE,False,True,False,True,17
140,590526,2,3,A,M,MOE,False,True,False,True,17
140,590526,3,4,G,C,cEt,False,False,True,True,17
140,590526,4,5,A,C,cEt,False,False,True,True,17
140,590526,5,6,G,d,DNA,True,False,False,False,17
140,590526,6,7,G,d,DNA,True,False,False,False,17
140,590526,7,8,A,d,DNA,True,False,False,False,17
140,590526,8,9,T,d,DNA,True,False,False,False,17
140,590526,9,10,T,d,DNA,True,False,False,False,17
140,590526,10,11,A,d,DNA,True,False,False,False,17
140,590526,11,12,A,d,DNA,True,False,False,False,17
140,590526,12,13,A,C,cEt,False,False,True,True,17
140,590526,13,14,G,C,cEt,False,False,True,True,17
140,590526,14,15,T,M,MOE,False,True,False,True,17
140,590526,15,16,G,M,MOE,False,True,False,True,17
140,590526,16,17,A,M,MOE,False,True,False,True,17
141,590527,0,1,G,M,MOE,False,True,False,True,17
141,590527,1,2,A,M,MOE,False,True,False,True,17
141,590527,2,3,T,M,MOE,False,True,False,True,17
141,590527,3,4,A,C,cEt,False,False,True,True,17
141,590527,4,5,G,C,cEt,False,False,True,True,17
141,590527,5,6,A,d,DNA,True,False,False,False,17
141,590527,6,7,G,d,DNA,True,False,False,False,17
141,590527,7,8,G,d,DNA,True,False,False,False,17
141,590527,8,9,A,d,DNA,True,False,False,False,17
141,590527,9,10,T,d,DNA,True,False,False,False,17
141,590527,10,11,T,d,DNA,True,False,False,False,17
141,590527,11,12,A,d,DNA,True,False,False,False,17
141,590527,12,13,A,C,cEt,False,False,True,True,17
141,590527,13,14,A,C,cEt,False,False,True,True,17
141,590527,14,15,G,M,MOE,False,True,False,True,17
141,590527,15,16,T,M,MOE,False,True,False,True,17
141,590527,16,17,G,M,MOE,False,True,False,True,17
142,590528,0,1,G,M,MOE,False,True,False,True,17
142,590528,1,2,G,M,MOE,False,True,False,True,17
142,590528,2,3,A,M,MOE,False,True,False,True,17
142,590528,3,4,T,C,cEt,False,False,True,True,17
142,590528,4,5,A,C,cEt,False,False,True,True,17
142,590528,5,6,G,d,DNA,True,False,False,False,17
142,590528,6,7,A,d,DNA,True,False,False,False,17
142,590528,7,8,G,d,DNA,True,False,False,False,17
142,590528,8,9,G,d,DNA,True,False,False,False,17
142,590528,9,10,A,d,DNA,True,False,False,False,17
142,590528,10,11,T,d,DNA,True,False,False,False,17
142,590528,11,12,T,d,DNA,True,False,False,False,17
142,590528,12,13,A,C,cEt,False,False,True,True,17
142,590528,13,14,A,C,cEt,False,False,True,True,17
142,590528,14,15,A,M,MOE,False,True,False,True,17
142,590528,15,16,G,M,MOE,False,True,False,True,17
142,590528,16,17,T,M,MOE,False,True,False,True,17
143,590530,0,1,T,M,MOE,False,True,False,True,17
143,590530,1,2,G,M,MOE,False,True,False,True,17
143,590530,2,3,G,M,MOE,False,True,False,True,17
143,590530,3,4,A,C,cEt,False,False,True,True,17
143,590530,4,5,T,C,cEt,False,False,True,True,17
143,590530,5,6,A,d,DNA,True,False,False,False,17
143,590530,6,7,G,d,DNA,True,False,False,False,17
143,590530,7,8,A,d,DNA,True,False,False,False,17
143,590530,8,9,G,d,DNA,True,False,False,False,17
143,590530,9,10,G,d,DNA,True,False,False,False,17
143,590530,10,11,A,d,DNA,True,False,False,False,17
143,590530,11,12,T,d,DNA,True,False,False,False,17
143,590530,12,13,T,C,cEt,False,False,True,True,17
143,590530,13,14,A,C,cEt,False,False,True,True,17
143,590530,14,15,A,M,MOE,False,True,False,True,17
143,590530,15,16,A,M,MOE,False,True,False,True,17
143,590530,16,17,G,M,MOE,False,True,False,True,17
144,590531,0,1,C,M,MOE,False,True,False,True,17
144,590531,1,2,T,M,MOE,False,True,False,True,17
144,590531,2,3,G,M,MOE,False,True,False,True,17
144,590531,3,4,G,C,cEt,False,False,True,True,17
144,590531,4,5,A,C,cEt,False,False,True,True,17
144,590531,5,6,T,d,DNA,True,False,False,False,17
144,590531,6,7,A,d,DNA,True,False,False,False,17
144,590531,7,8,G,d,DNA,True,False,False,False,17
144,590531,8,9,A,d,DNA,True,False,False,False,17
144,590531,9,10,G,d,DNA,True,False,False,False,17
144,590531,10,11,G,d,DNA,True,False,False,False,17
144,590531,11,12,A,d,DNA,True,False,False,False,17
144,590531,12,13,T,C,cEt,False,False,True,True,17
144,590531,13,14,T,C,cEt,False,False,True,True,17
144,590531,14,15,A,M,MOE,False,True,False,True,17
144,590531,15,16,A,M,MOE,False,True,False,True,17
144,590531,16,17,A,M,MOE,False,True,False,True,17
145,590532,0,1,T,M,MOE,False,True,False,True,17
145,590532,1,2,C,M,MOE,False,True,False,True,17
145,590532,2,3,T,M,MOE,False,True,False,True,17
145,590532,3,4,G,C,cEt,False,False,True,True,17
145,590532,4,5,G,C,cEt,False,False,True,True,17
145,590532,5,6,A,d,DNA,True,False,False,False,17
145,590532,6,7,T,d,DNA,True,False,False,False,17
145,590532,7,8,A,d,DNA,True,False,False,False,17
145,590532,8,9,G,d,DNA,True,False,False,False,17
145,590532,9,10,A,d,DNA,True,False,False,False,17
145,590532,10,11,G,d,DNA,True,False,False,False,17
145,590532,11,12,G,d,DNA,True,False,False,False,17
145,590532,12,13,A,C,cEt,False,False,True,True,17
145,590532,13,14,T,C,cEt,False,False,True,True,17
145,590532,14,15,T,M,MOE,False,True,False,True,17
145,590532,15,16,A,M,MOE,False,True,False,True,17
145,590532,16,17,A,M,MOE,False,True,False,True,17
146,590533,0,1,C,M,MOE,False,True,False,True,17
146,590533,1,2,T,M,MOE,False,True,False,True,17
146,590533,2,3,T,M,MOE,False,True,False,True,17
146,590533,3,4,T,C,cEt,False,False,True,True,17
146,590533,4,5,G,C,cEt,False,False,True,True,17
146,590533,5,6,G,d,DNA,True,False,False,False,17
146,590533,6,7,C,d,DNA,True,False,False,False,17
146,590533,7,8,C,d,DNA,True,False,False,False,17
146,590533,8,9,C,d,DNA,True,False,False,False,17
146,590533,9,10,A,d,DNA,True,False,False,False,17
146,590533,10,11,C,d,DNA,True,False,False,False,17
146,590533,11,12,C,d,DNA,True,False,False,False,17
146,590533,12,13,G,C,cEt,False,False,True,True,17
146,590533,13,14,T,C,cEt,False,False,True,True,17
146,590533,14,15,G,M,MOE,False,True,False,True,17
146,590533,15,16,T,M,MOE,False,True,False,True,17
146,590533,16,17,T,M,MOE,False,True,False,True,17
147,590534,0,1,C,M,MOE,False,True,False,True,17
147,590534,1,2,C,M,MOE,False,True,False,True,17
147,590534,2,3,T,M,MOE,False,True,False,True,17
147,590534,3,4,T,C,cEt,False,False,True,True,17
147,590534,4,5,T,C,cEt,False,False,True,True,17
147,590534,5,6,G,d,DNA,True,False,False,False,17
147,590534,6,7,G,d,DNA,True,False,False,False,17
147,590534,7,8,C,d,DNA,True,False,False,False,17
147,590534,8,9,C,d,DNA,True,False,False,False,17
147,590534,9,10,C,d,DNA,True,False,False,False,17
147,590534,10,11,A,d,DNA,True,False,False,False,17
147,590534,11,12,C,d,DNA,True,False,False,False,17
147,590534,12,13,C,C,cEt,False,False,True,True,17
147,590534,13,14,G,C,cEt,False,False,True,True,17
147,590534,14,15,T,M,MOE,False,True,False,True,17
147,590534,15,16,G,M,MOE,False,True,False,True,17
147,590534,16,17,T,M,MOE,False,True,False,True,17
148,590535,0,1,T,M,MOE,False,True,False,True,17
148,590535,1,2,C,M,MOE,False,True,False,True,17
148,590535,2,3,C,M,MOE,False,True,False,True,17
148,590535,3,4,T,C,cEt,False,False,True,True,17
148,590535,4,5,T,C,cEt,False,False,True,True,17
148,590535,5,6,T,d,DNA,True,False,False,False,17
148,590535,6,7,G,d,DNA,True,False,False,False,17
148,590535,7,8,G,d,DNA,True,False,False,False,17
148,590535,8,9,C,d,DNA,True,False,False,False,17
148,590535,9,10,C,d,DNA,True,False,False,False,17
148,590535,10,11,C,d,DNA,True,False,False,False,17
148,590535,11,12,A,d,DNA,True,False,False,False,17
148,590535,12,13,C,C,cEt,False,False,True,True,17
148,590535,13,14,C,C,cEt,False,False,True,True,17
148,590535,14,15,G,M,MOE,False,True,False,True,17
148,590535,15,16,T,M,MOE,False,True,False,True,17
148,590535,16,17,G,M,MOE,False,True,False,True,17
149,590536,0,1,A,M,MOE,False,True,False,True,17
149,590536,1,2,T,M,MOE,False,True,False,True,17
149,590536,2,3,C,M,MOE,False,True,False,True,17
149,590536,3,4,C,C,cEt,False,False,True,True,17
149,590536,4,5,T,C,cEt,False,False,True,True,17
149,590536,5,6,T,d,DNA,True,False,False,False,17
149,590536,6,7,T,d,DNA,True,False,False,False,17
149,590536,7,8,G,d,DNA,True,False,False,False,17
149,590536,8,9,G,d,DNA,True,False,False,False,17
149,590536,9,10,C,d,DNA,True,False,False,False,17
149,590536,10,11,C,d,DNA,True,False,False,False,17
149,590536,11,12,C,d,DNA,True,False,False,False,17
149,590536,12,13,A,C,cEt,False,False,True,True,17
149,590536,13,14,C,C,cEt,False,False,True,True,17
149,590536,14,15,C,M,MOE,False,True,False,True,17
149,590536,15,16,G,M,MOE,False,True,False,True,17
149,590536,16,17,T,M,MOE,False,True,False,True,17
150,590537,0,1,C,M,MOE,False,True,False,True,17
150,590537,1,2,A,M,MOE,False,True,False,True,17
150,590537,2,3,T,M,MOE,False,True,False,True,17
150,590537,3,4,C,C,cEt,False,False,True,True,17
150,590537,4,5,C,C,cEt,False,False,True,True,17
150,590537,5,6,T,d,DNA,True,False,False,False,17
150,590537,6,7,T,d,DNA,True,False,False,False,17
150,590537,7,8,T,d,DNA,True,False,False,False,17
150,590537,8,9,G,d,DNA,True,False,False,False,17
150,590537,9,10,G,d,DNA,True,False,False,False,17
150,590537,10,11,C,d,DNA,True,False,False,False,17
150,590537,11,12,C,d,DNA,True,False,False,False,17
150,590537,12,13,C,C,cEt,False,False,True,True,17
150,590537,13,14,A,C,cEt,False,False,True,True,17
150,590537,14,15,C,M,MOE,False,True,False,True,17
150,590537,15,16,C,M,MOE,False,True,False,True,17
150,590537,16,17,G,M,MOE,False,True,False,True,17
151,590538,0,1,T,M,MOE,False,True,False,True,17
151,590538,1,2,C,M,MOE,False,True,False,True,17
151,590538,2,3,A,M,MOE,False,True,False,True,17
151,590538,3,4,T,C,cEt,False,False,True,True,17
151,590538,4,5,C,C,cEt,False,False,True,True,17
151,590538,5,6,C,d,DNA,True,False,False,False,17
151,590538,6,7,T,d,DNA,True,False,False,False,17
151,590538,7,8,T,d,DNA,True,False,False,False,17
151,590538,8,9,T,d,DNA,True,False,False,False,17
151,590538,9,10,G,d,DNA,True,False,False,False,17
151,590538,10,11,G,d,DNA,True,False,False,False,17
151,590538,11,12,C,d,DNA,True,False,False,False,17
151,590538,12,13,C,C,cEt,False,False,True,True,17
151,590538,13,14,C,C,cEt,False,False,True,True,17
151,590538,14,15,A,M,MOE,False,True,False,True,17
151,590538,15,16,C,M,MOE,False,True,False,True,17
151,590538,16,17,C,M,MOE,False,True,False,True,17
152,590539,0,1,T,M,MOE,False,True,False,True,17
152,590539,1,2,T,M,MOE,False,True,False,True,17
152,590539,2,3,C,M,MOE,False,True,False,True,17
152,590539,3,4,A,C,cEt,False,False,True,True,17
152,590539,4,5,T,C,cEt,False,False,True,True,17
152,590539,5,6,C,d,DNA,True,False,False,False,17
152,590539,6,7,C,d,DNA,True,False,False,False,17
152,590539,7,8,T,d,DNA,True,False,False,False,17
152,590539,8,9,T,d,DNA,True,False,False,False,17
152,590539,9,10,T,d,DNA,True,False,False,False,17
152,590539,10,11,G,d,DNA,True,False,False,False,17
152,590539,11,12,G,d,DNA,True,False,False,False,17
152,590539,12,13,C,C,cEt,False,False,True,True,17
152,590539,13,14,C,C,cEt,False,False,True,True,17
152,590539,14,15,C,M,MOE,False,True,False,True,17
152,590539,15,16,A,M,MOE,False,True,False,True,17
152,590539,16,17,C,M,MOE,False,True,False,True,17
153,590540,0,1,C,M,MOE,False,True,False,True,17
153,590540,1,2,T,M,MOE,False,True,False,True,17
153,590540,2,3,T,M,MOE,False,True,False,True,17
153,590540,3,4,C,C,cEt,False,False,True,True,17
153,590540,4,5,A,C,cEt,False,False,True,True,17
153,590540,5,6,T,d,DNA,True,False,False,False,17
153,590540,6,7,C,d,DNA,True,False,False,False,17
153,590540,7,8,C,d,DNA,True,False,False,False,17
153,590540,8,9,T,d,DNA,True,False,False,False,17
153,590540,9,10,T,d,DNA,True,False,False,False,17
153,590540,10,11,T,d,DNA,True,False,False,False,17
153,590540,11,12,G,d,DNA,True,False,False,False,17
153,590540,12,13,G,C,cEt,False,False,True,True,17
153,590540,13,14,C,C,cEt,False,False,True,True,17
153,590540,14,15,C,M,MOE,False,True,False,True,17
153,590540,15,16,C,M,MOE,False,True,False,True,17
153,590540,16,17,A,M,MOE,False,True,False,True,17
154,590541,0,1,T,M,MOE,False,True,False,True,17
154,590541,1,2,C,M,MOE,False,True,False,True,17
154,590541,2,3,T,M,MOE,False,True,False,True,17
154,590541,3,4,T,C,cEt,False,False,True,True,17
154,590541,4,5,C,C,cEt,False,False,True,True,17
154,590541,5,6,A,d,DNA,True,False,False,False,17
154,590541,6,7,T,d,DNA,True,False,False,False,17
154,590541,7,8,C,d,DNA,True,False,False,False,17
154,590541,8,9,C,d,DNA,True,False,False,False,17
154,590541,9,10,T,d,DNA,True,False,False,False,17
154,590541,10,11,T,d,DNA,True,False,False,False,17
154,590541,11,12,T,d,DNA,True,False,False,False,17
154,590541,12,13,G,C,cEt,False,False,True,True,17
154,590541,13,14,G,C,cEt,False,False,True,True,17
154,590541,14,15,C,M,MOE,False,True,False,True,17
154,590541,15,16,C,M,MOE,False,True,False,True,17
154,590541,16,17,C,M,MOE,False,True,False,True,17
155,590542,0,1,C,M,MOE,False,True,False,True,17
155,590542,1,2,T,M,MOE,False,True,False,True,17
155,590542,2,3,C,M,MOE,False,True,False,True,17
155,590542,3,4,T,C,cEt,False,False,True,True,17
155,590542,4,5,T,C,cEt,False,False,True,True,17
155,590542,5,6,C,d,DNA,True,False,False,False,17
155,590542,6,7,A,d,DNA,True,False,False,False,17
155,590542,7,8,T,d,DNA,True,False,False,False,17
155,590542,8,9,C,d,DNA,True,False,False,False,17
155,590542,9,10,C,d,DNA,True,False,False,False,17
155,590542,10,11,T,d,DNA,True,False,False,False,17
155,590542,11,12,T,d,DNA,True,False,False,False,17
155,590542,12,13,T,C,cEt,False,False,True,True,17
155,590542,13,14,G,C,cEt,False,False,True,True,17
155,590542,14,15,G,M,MOE,False,True,False,True,17
155,590542,15,16,C,M,MOE,False,True,False,True,17
155,590542,16,17,C,M,MOE,False,True,False,True,17
156,590543,0,1,T,M,MOE,False,True,False,True,17
156,590543,1,2,C,M,MOE,False,True,False,True,17
156,590543,2,3,T,M,MOE,False,True,False,True,17
156,590543,3,4,C,C,cEt,False,False,True,True,17
156,590543,4,5,T,C,cEt,False,False,True,True,17
156,590543,5,6,T,d,DNA,True,False,False,False,17
156,590543,6,7,C,d,DNA,True,False,False,False,17
156,590543,7,8,A,d,DNA,True,False,False,False,17
156,590543,8,9,T,d,DNA,True,False,False,False,17
156,590543,9,10,C,d,DNA,True,False,False,False,17
156,590543,10,11,C,d,DNA,True,False,False,False,17
156,590543,11,12,T,d,DNA,True,False,False,False,17
156,590543,12,13,T,C,cEt,False,False,True,True,17
156,590543,13,14,T,C,cEt,False,False,True,True,17
156,590543,14,15,G,M,MOE,False,True,False,True,17
156,590543,15,16,G,M,MOE,False,True,False,True,17
156,590543,16,17,C,M,MOE,False,True,False,True,17
157,590544,0,1,C,M,MOE,False,True,False,True,17
157,590544,1,2,T,M,MOE,False,True,False,True,17
157,590544,2,3,C,M,MOE,False,True,False,True,17
157,590544,3,4,T,C,cEt,False,False,True,True,17
157,590544,4,5,C,C,cEt,False,False,True,True,17
157,590544,5,6,T,d,DNA,True,False,False,False,17
157,590544,6,7,T,d,DNA,True,False,False,False,17
157,590544,7,8,C,d,DNA,True,False,False,False,17
157,590544,8,9,A,d,DNA,True,False,False,False,17
157,590544,9,10,T,d,DNA,True,False,False,False,17
157,590544,10,11,C,d,DNA,True,False,False,False,17
157,590544,11,12,C,d,DNA,True,False,False,False,17
157,590544,12,13,T,C,cEt,False,False,True,True,17
157,590544,13,14,T,C,cEt,False,False,True,True,17
157,590544,14,15,T,M,MOE,False,True,False,True,17
157,590544,15,16,G,M,MOE,False,True,False,True,17
157,590544,16,17,G,M,MOE,False,True,False,True,17
158,590545,0,1,T,M,MOE,False,True,False,True,17
158,590545,1,2,G,M,MOE,False,True,False,True,17
158,590545,2,3,C,M,MOE,False,True,False,True,17
158,590545,3,4,C,C,cEt,False,False,True,True,17
158,590545,4,5,T,C,cEt,False,False,True,True,17
158,590545,5,6,C,d,DNA,True,False,False,False,17
158,590545,6,7,T,d,DNA,True,False,False,False,17
158,590545,7,8,C,d,DNA,True,False,False,False,17
158,590545,8,9,T,d,DNA,True,False,False,False,17
158,590545,9,10,T,d,DNA,True,False,False,False,17
158,590545,10,11,C,d,DNA,True,False,False,False,17
158,590545,11,12,A,d,DNA,True,False,False,False,17
158,590545,12,13,T,C,cEt,False,False,True,True,17
158,590545,13,14,C,C,cEt,False,False,True,True,17
158,590545,14,15,C,M,MOE,False,True,False,True,17
158,590545,15,16,T,M,MOE,False,True,False,True,17
158,590545,16,17,T,M,MOE,False,True,False,True,17
159,590546,0,1,A,M,MOE,False,True,False,True,17
159,590546,1,2,T,M,MOE,False,True,False,True,17
159,590546,2,3,G,M,MOE,False,True,False,True,17
159,590546,3,4,C,C,cEt,False,False,True,True,17
159,590546,4,5,C,C,cEt,False,False,True,True,17
159,590546,5,6,T,d,DNA,True,False,False,False,17
159,590546,6,7,C,d,DNA,True,False,False,False,17
159,590546,7,8,T,d,DNA,True,False,False,False,17
159,590546,8,9,C,d,DNA,True,False,False,False,17
159,590546,9,10,T,d,DNA,True,False,False,False,17
159,590546,10,11,T,d,DNA,True,False,False,False,17
159,590546,11,12,C,d,DNA,True,False,False,False,17
159,590546,12,13,A,C,cEt,False,False,True,True,17
159,590546,13,14,T,C,cEt,False,False,True,True,17
159,590546,14,15,C,M,MOE,False,True,False,True,17
159,590546,15,16,C,M,MOE,False,True,False,True,17
159,590546,16,17,T,M,MOE,False,True,False,True,17
160,590547,0,1,C,M,MOE,False,True,False,True,17
160,590547,1,2,A,M,MOE,False,True,False,True,17
160,590547,2,3,T,M,MOE,False,True,False,True,17
160,590547,3,4,G,C,cEt,False,False,True,True,17
160,590547,4,5,C,C,cEt,False,False,True,True,17
160,590547,5,6,C,d,DNA,True,False,False,False,17
160,590547,6,7,T,d,DNA,True,False,False,False,17
160,590547,7,8,C,d,DNA,True,False,False,False,17
160,590547,8,9,T,d,DNA,True,False,False,False,17
160,590547,9,10,C,d,DNA,True,False,False,False,17
160,590547,10,11,T,d,DNA,True,False,False,False,17
160,590547,11,12,T,d,DNA,True,False,False,False,17
160,590547,12,13,C,C,cEt,False,False,True,True,17
160,590547,13,14,A,C,cEt,False,False,True,True,17
160,590547,14,15,T,M,MOE,False,True,False,True,17
160,590547,15,16,C,M,MOE,False,True,False,True,17
160,590547,16,17,C,M,MOE,False,True,False,True,17
161,590548,0,1,A,M,MOE,False,True,False,True,17
161,590548,1,2,C,M,MOE,False,True,False,True,17
161,590548,2,3,A,M,MOE,False,True,False,True,17
161,590548,3,4,T,C,cEt,False,False,True,True,17
161,590548,4,5,G,C,cEt,False,False,True,True,17
161,590548,5,6,C,d,DNA,True,False,False,False,17
161,590548,6,7,C,d,DNA,True,False,False,False,17
161,590548,7,8,T,d,DNA,True,False,False,False,17
161,590548,8,9,C,d,DNA,True,False,False,False,17
161,590548,9,10,T,d,DNA,True,False,False,False,17
161,590548,10,11,C,d,DNA,True,False,False,False,17
161,590548,11,12,T,d,DNA,True,False,False,False,17
161,590548,12,13,T,C,cEt,False,False,True,True,17
161,590548,13,14,C,C,cEt,False,False,True,True,17
161,590548,14,15,A,M,MOE,False,True,False,True,17
161,590548,15,16,T,M,MOE,False,True,False,True,17
161,590548,16,17,C,M,MOE,False,True,False,True,17
162,590549,0,1,A,M,MOE,False,True,False,True,17
162,590549,1,2,A,M,MOE,False,True,False,True,17
162,590549,2,3,C,M,MOE,False,True,False,True,17
162,590549,3,4,A,C,cEt,False,False,True,True,17
162,590549,4,5,T,C,cEt,False,False,True,True,17
162,590549,5,6,G,d,DNA,True,False,False,False,17
162,590549,6,7,C,d,DNA,True,False,False,False,17
162,590549,7,8,C,d,DNA,True,False,False,False,17
162,590549,8,9,T,d,DNA,True,False,False,False,17
162,590549,9,10,C,d,DNA,True,False,False,False,17
162,590549,10,11,T,d,DNA,True,False,False,False,17
162,590549,11,12,C,d,DNA,True,False,False,False,17
162,590549,12,13,T,C,cEt,False,False,True,True,17
162,590549,13,14,T,C,cEt,False,False,True,True,17
162,590549,14,15,C,M,MOE,False,True,False,True,17
162,590549,15,16,A,M,MOE,False,True,False,True,17
162,590549,16,17,T,M,MOE,False,True,False,True,17
163,590550,0,1,C,M,MOE,False,True,False,True,17
163,590550,1,2,A,M,MOE,False,True,False,True,17
163,590550,2,3,A,M,MOE,False,True,False,True,17
163,590550,3,4,C,C,cEt,False,False,True,True,17
163,590550,4,5,A,C,cEt,False,False,True,True,17
163,590550,5,6,T,d,DNA,True,False,False,False,17
163,590550,6,7,G,d,DNA,True,False,False,False,17
163,590550,7,8,C,d,DNA,True,False,False,False,17
163,590550,8,9,C,d,DNA,True,False,False,False,17
163,590550,9,10,T,d,DNA,True,False,False,False,17
163,590550,10,11,C,d,DNA,True,False,False,False,17
163,590550,11,12,T,d,DNA,True,False,False,False,17
163,590550,12,13,C,C,cEt,False,False,True,True,17
163,590550,13,14,T,C,cEt,False,False,True,True,17
163,590550,14,15,T,M,MOE,False,True,False,True,17
163,590550,15,16,C,M,MOE,False,True,False,True,17
163,590550,16,17,A,M,MOE,False,True,False,True,17
164,590551,0,1,C,M,MOE,False,True,False,True,17
164,590551,1,2,C,M,MOE,False,True,False,True,17
164,590551,2,3,A,M,MOE,False,True,False,True,17
164,590551,3,4,A,C,cEt,False,False,True,True,17
164,590551,4,5,C,C,cEt,False,False,True,True,17
164,590551,5,6,A,d,DNA,True,False,False,False,17
164,590551,6,7,T,d,DNA,True,False,False,False,17
164,590551,7,8,G,d,DNA,True,False,False,False,17
164,590551,8,9,C,d,DNA,True,False,False,False,17
164,590551,9,10,C,d,DNA,True,False,False,False,17
164,590551,10,11,T,d,DNA,True,False,False,False,17
164,590551,11,12,C,d,DNA,True,False,False,False,17
164,590551,12,13,T,C,cEt,False,False,True,True,17
164,590551,13,14,C,C,cEt,False,False,True,True,17
164,590551,14,15,T,M,MOE,False,True,False,True,17
164,590551,15,16,T,M,MOE,False,True,False,True,17
164,590551,16,17,C,M,MOE,False,True,False,True,17
165,590552,0,1,T,M,MOE,False,True,False,True,17
165,590552,1,2,C,M,MOE,False,True,False,True,17
165,590552,2,3,C,M,MOE,False,True,False,True,17
165,590552,3,4,A,C,cEt,False,False,True,True,17
165,590552,4,5,A,C,cEt,False,False,True,True,17
165,590552,5,6,C,d,DNA,True,False,False,False,17
165,590552,6,7,A,d,DNA,True,False,False,False,17
165,590552,7,8,T,d,DNA,True,False,False,False,17
165,590552,8,9,G,d,DNA,True,False,False,False,17
165,590552,9,10,C,d,DNA,True,False,False,False,17
165,590552,10,11,C,d,DNA,True,False,False,False,17
165,590552,11,12,T,d,DNA,True,False,False,False,17
165,590552,12,13,C,C,cEt,False,False,True,True,17
165,590552,13,14,T,C,cEt,False,False,True,True,17
165,590552,14,15,C,M,MOE,False,True,False,True,17
165,590552,15,16,T,M,MOE,False,True,False,True,17
165,590552,16,17,T,M,MOE,False,True,False,True,17
166,590553,0,1,C,M,MOE,False,True,False,True,17
166,590553,1,2,T,M,MOE,False,True,False,True,17
166,590553,2,3,C,M,MOE,False,True,False,True,17
166,590553,3,4,C,C,cEt,False,False,True,True,17
166,590553,4,5,A,C,cEt,False,False,True,True,17
166,590553,5,6,A,d,DNA,True,False,False,False,17
166,590553,6,7,C,d,DNA,True,False,False,False,17
166,590553,7,8,A,d,DNA,True,False,False,False,17
166,590553,8,9,T,d,DNA,True,False,False,False,17
166,590553,9,10,G,d,DNA,True,False,False,False,17
166,590553,10,11,C,d,DNA,True,False,False,False,17
166,590553,11,12,C,d,DNA,True,False,False,False,17
166,590553,12,13,T,C,cEt,False,False,True,True,17
166,590553,13,14,C,C,cEt,False,False,True,True,17
166,590553,14,15,T,M,MOE,False,True,False,True,17
166,590553,15,16,C,M,MOE,False,True,False,True,17
166,590553,16,17,T,M,MOE,False,True,False,True,17
167,590554,0,1,T,M,MOE,False,True,False,True,17
167,590554,1,2,C,M,MOE,False,True,False,True,17
167,590554,2,3,T,M,MOE,False,True,False,True,17
167,590554,3,4,C,C,cEt,False,False,True,True,17
167,590554,4,5,C,C,cEt,False,False,True,True,17
167,590554,5,6,A,d,DNA,True,False,False,False,17
167,590554,6,7,A,d,DNA,True,False,False,False,17
167,590554,7,8,C,d,DNA,True,False,False,False,17
167,590554,8,9,A,d,DNA,True,False,False,False,17
167,590554,9,10,T,d,DNA,True,False,False,False,17
167,590554,10,11,G,d,DNA,True,False,False,False,17
167,590554,11,12,C,d,DNA,True,False,False,False,17
167,590554,12,13,C,C,cEt,False,False,True,True,17
167,590554,13,14,T,C,cEt,False,False,True,True,17
167,590554,14,15,C,M,MOE,False,True,False,True,17
167,590554,15,16,T,M,MOE,False,True,False,True,17
167,590554,16,17,C,M,MOE,False,True,False,True,17
168,590555,0,1,G,M,MOE,False,True,False,True,17
168,590555,1,2,T,M,MOE,False,True,False,True,17
168,590555,2,3,C,M,MOE,False,True,False,True,17
168,590555,3,4,T,C,cEt,False,False,True,True,17
168,590555,4,5,C,C,cEt,False,False,True,True,17
168,590555,5,6,C,d,DNA,True,False,False,False,17
168,590555,6,7,A,d,DNA,True,False,False,False,17
168,590555,7,8,A,d,DNA,True,False,False,False,17
168,590555,8,9,C,d,DNA,True,False,False,False,17
168,590555,9,10,A,d,DNA,True,False,False,False,17
168,590555,10,11,T,d,DNA,True,False,False,False,17
168,590555,11,12,G,d,DNA,True,False,False,False,17
168,590555,12,13,C,C,cEt,False,False,True,True,17
168,590555,13,14,C,C,cEt,False,False,True,True,17
168,590555,14,15,T,M,MOE,False,True,False,True,17
168,590555,15,16,C,M,MOE,False,True,False,True,17
168,590555,16,17,T,M,MOE,False,True,False,True,17
169,590556,0,1,A,M,MOE,False,True,False,True,17
169,590556,1,2,G,M,MOE,False,True,False,True,17
169,590556,2,3,C,M,MOE,False,True,False,True,17
169,590556,3,4,A,C,cEt,False,False,True,True,17
169,590556,4,5,G,C,cEt,False,False,True,True,17
169,590556,5,6,T,d,DNA,True,False,False,False,17
169,590556,6,7,C,d,DNA,True,False,False,False,17
169,590556,7,8,A,d,DNA,True,False,False,False,17
169,590556,8,9,C,d,DNA,True,False,False,False,17
169,590556,9,10,A,d,DNA,True,False,False,False,17
169,590556,10,11,T,d,DNA,True,False,False,False,17
169,590556,11,12,T,d,DNA,True,False,False,False,17
169,590556,12,13,G,C,cEt,False,False,True,True,17
169,590556,13,14,C,C,cEt,False,False,True,True,17
169,590556,14,15,C,M,MOE,False,True,False,True,17
169,590556,15,16,C,M,MOE,False,True,False,True,17
169,590556,16,17,A,M,MOE,False,True,False,True,17
170,590557,0,1,C,M,MOE,False,True,False,True,17
170,590557,1,2,A,M,MOE,False,True,False,True,17
170,590557,2,3,G,M,MOE,False,True,False,True,17
170,590557,3,4,C,C,cEt,False,False,True,True,17
170,590557,4,5,A,C,cEt,False,False,True,True,17
170,590557,5,6,G,d,DNA,True,False,False,False,17
170,590557,6,7,T,d,DNA,True,False,False,False,17
170,590557,7,8,C,d,DNA,True,False,False,False,17
170,590557,8,9,A,d,DNA,True,False,False,False,17
170,590557,9,10,C,d,DNA,True,False,False,False,17
170,590557,10,11,A,d,DNA,True,False,False,False,17
170,590557,11,12,T,d,DNA,True,False,False,False,17
170,590557,12,13,T,C,cEt,False,False,True,True,17
170,590557,13,14,G,C,cEt,False,False,True,True,17
170,590557,14,15,C,M,MOE,False,True,False,True,17
170,590557,15,16,C,M,MOE,False,True,False,True,17
170,590557,16,17,C,M,MOE,False,True,False,True,17
171,590558,0,1,A,M,MOE,False,True,False,True,17
171,590558,1,2,G,M,MOE,False,True,False,True,17
171,590558,2,3,A,M,MOE,False,True,False,True,17
171,590558,3,4,C,C,cEt,False,False,True,True,17
171,590558,4,5,A,C,cEt,False,False,True,True,17
171,590558,5,6,C,d,DNA,True,False,False,False,17
171,590558,6,7,A,d,DNA,True,False,False,False,17
171,590558,7,8,T,d,DNA,True,False,False,False,17
171,590558,8,9,C,d,DNA,True,False,False,False,17
171,590558,9,10,G,d,DNA,True,False,False,False,17
171,590558,10,11,G,d,DNA,True,False,False,False,17
171,590558,11,12,C,d,DNA,True,False,False,False,17
171,590558,12,13,C,C,cEt,False,False,True,True,17
171,590558,13,14,A,C,cEt,False,False,True,True,17
171,590558,14,15,C,M,MOE,False,True,False,True,17
171,590558,15,16,A,M,MOE,False,True,False,True,17
171,590558,16,17,C,M,MOE,False,True,False,True,17
172,590559,0,1,C,M,MOE,False,True,False,True,17
172,590559,1,2,T,M,MOE,False,True,False,True,17
172,590559,2,3,T,M,MOE,False,True,False,True,17
172,590559,3,4,C,C,cEt,False,False,True,True,17
172,590559,4,5,A,C,cEt,False,False,True,True,17
172,590559,5,6,A,d,DNA,True,False,False,False,17
172,590559,6,7,T,d,DNA,True,False,False,False,17
172,590559,7,8,A,d,DNA,True,False,False,False,17
172,590559,8,9,G,d,DNA,True,False,False,False,17
172,590559,9,10,A,d,DNA,True,False,False,False,17
172,590559,10,11,C,d,DNA,True,False,False,False,17
172,590559,11,12,A,d,DNA,True,False,False,False,17
172,590559,12,13,C,C,cEt,False,False,True,True,17
172,590559,13,14,A,C,cEt,False,False,True,True,17
172,590559,14,15,T,M,MOE,False,True,False,True,17
172,590559,15,16,C,M,MOE,False,True,False,True,17
172,590559,16,17,G,M,MOE,False,True,False,True,17
173,590560,0,1,G,M,MOE,False,True,False,True,17
173,590560,1,2,A,M,MOE,False,True,False,True,17
173,590560,2,3,G,M,MOE,False,True,False,True,17
173,590560,3,4,A,C,cEt,False,False,True,True,17
173,590560,4,5,T,C,cEt,False,False,True,True,17
173,590560,5,6,C,d,DNA,True,False,False,False,17
173,590560,6,7,A,d,DNA,True,False,False,False,17
173,590560,7,8,C,d,DNA,True,False,False,False,17
173,590560,8,9,A,d,DNA,True,False,False,False,17
173,590560,9,10,G,d,DNA,True,False,False,False,17
173,590560,10,11,A,d,DNA,True,False,False,False,17
173,590560,11,12,A,d,DNA,True,False,False,False,17
173,590560,12,13,T,C,cEt,False,False,True,True,17
173,590560,13,14,C,C,cEt,False,False,True,True,17
173,590560,14,15,T,M,MOE,False,True,False,True,17
173,590560,15,16,T,M,MOE,False,True,False,True,17
173,590560,16,17,C,M,MOE,False,True,False,True,17
174,590561,0,1,T,M,MOE,False,True,False,True,17
174,590561,1,2,T,M,MOE,False,True,False,True,17
174,590561,2,3,T,M,MOE,False,True,False,True,17
174,590561,3,4,T,C,cEt,False,False,True,True,17
174,590561,4,5,T,C,cEt,False,False,True,True,17
174,590561,5,6,C,d,DNA,True,False,False,False,17
174,590561,6,7,A,d,DNA,True,False,False,False,17
174,590561,7,8,T,d,DNA,True,False,False,False,17
174,590561,8,9,G,d,DNA,True,False,False,False,17
174,590561,9,10,G,d,DNA,True,False,False,False,17
174,590561,10,11,A,d,DNA,True,False,False,False,17
174,590561,11,12,C,d,DNA,True,False,False,False,17
174,590561,12,13,C,C,cEt,False,False,True,True,17
174,590561,13,14,A,C,cEt,False,False,True,True,17
174,590561,14,15,C,M,MOE,False,True,False,True,17
174,590561,15,16,C,M,MOE,False,True,False,True,17
174,590561,16,17,A,M,MOE,False,True,False,True,17
175,590562,0,1,C,M,MOE,False,True,False,True,17
175,590562,1,2,T,M,MOE,False,True,False,True,17
175,590562,2,3,T,M,MOE,False,True,False,True,17
175,590562,3,4,T,C,cEt,False,False,True,True,17
175,590562,4,5,T,C,cEt,False,False,True,True,17
175,590562,5,6,T,d,DNA,True,False,False,False,17
175,590562,6,7,C,d,DNA,True,False,False,False,17
175,590562,7,8,A,d,DNA,True,False,False,False,17
175,590562,8,9,T,d,DNA,True,False,False,False,17
175,590562,9,10,G,d,DNA,True,False,False,False,17
175,590562,10,11,G,d,DNA,True,False,False,False,17
175,590562,11,12,A,d,DNA,True,False,False,False,17
175,590562,12,13,C,C,cEt,False,False,True,True,17
175,590562,13,14,C,C,cEt,False,False,True,True,17
175,590562,14,15,A,M,MOE,False,True,False,True,17
175,590562,15,16,C,M,MOE,False,True,False,True,17
175,590562,16,17,C,M,MOE,False,True,False,True,17
176,590563,0,1,G,M,MOE,False,True,False,True,17
176,590563,1,2,C,M,MOE,False,True,False,True,17
176,590563,2,3,T,M,MOE,False,True,False,True,17
176,590563,3,4,T,C,cEt,False,False,True,True,17
176,590563,4,5,T,C,cEt,False,False,True,True,17
176,590563,5,6,T,d,DNA,True,False,False,False,17
176,590563,6,7,T,d,DNA,True,False,False,False,17
176,590563,7,8,C,d,DNA,True,False,False,False,17
176,590563,8,9,A,d,DNA,True,False,False,False,17
176,590563,9,10,T,d,DNA,True,False,False,False,17
176,590563,10,11,G,d,DNA,True,False,False,False,17
176,590563,11,12,G,d,DNA,True,False,False,False,17
176,590563,12,13,A,C,cEt,False,False,True,True,17
176,590563,13,14,C,C,cEt,False,False,True,True,17
176,590563,14,15,C,M,MOE,False,True,False,True,17
176,590563,15,16,A,M,MOE,False,True,False,True,17
176,590563,16,17,C,M,MOE,False,True,False,True,17
177,590564,0,1,T,M,MOE,False,True,False,True,17
177,590564,1,2,G,M,MOE,False,True,False,True,17
177,590564,2,3,C,M,MOE,False,True,False,True,17
177,590564,3,4,T,C,cEt,False,False,True,True,17
177,590564,4,5,T,C,cEt,False,False,True,True,17
177,590564,5,6,T,d,DNA,True,False,False,False,17
177,590564,6,7,T,d,DNA,True,False,False,False,17
177,590564,7,8,T,d,DNA,True,False,False,False,17
177,590564,8,9,C,d,DNA,True,False,False,False,17
177,590564,9,10,A,d,DNA,True,False,False,False,17
177,590564,10,11,T,d,DNA,True,False,False,False,17
177,590564,11,12,G,d,DNA,True,False,False,False,17
177,590564,12,13,G,C,cEt,False,False,True,True,17
177,590564,13,14,A,C,cEt,False,False,True,True,17
177,590564,14,15,C,M,MOE,False,True,False,True,17
177,590564,15,16,C,M,MOE,False,True,False,True,17
177,590564,16,17,A,M,MOE,False,True,False,True,17
178,590565,0,1,C,M,MOE,False,True,False,True,17
178,590565,1,2,T,M,MOE,False,True,False,True,17
178,590565,2,3,G,M,MOE,False,True,False,True,17
178,590565,3,4,C,C,cEt,False,False,True,True,17
178,590565,4,5,T,C,cEt,False,False,True,True,17
178,590565,5,6,T,d,DNA,True,False,False,False,17
178,590565,6,7,T,d,DNA,True,False,False,False,17
178,590565,7,8,T,d,DNA,True,False,False,False,17
178,590565,8,9,T,d,DNA,True,False,False,False,17
178,590565,9,10,C,d,DNA,True,False,False,False,17
178,590565,10,11,A,d,DNA,True,False,False,False,17
178,590565,11,12,T,d,DNA,True,False,False,False,17
178,590565,12,13,G,C,cEt,False,False,True,True,17
178,590565,13,14,G,C,cEt,False,False,True,True,17
178,590565,14,15,A,M,MOE,False,True,False,True,17
178,590565,15,16,C,M,MOE,False,True,False,True,17
178,590565,16,17,C,M,MOE,False,True,False,True,17
179,590566,0,1,T,M,MOE,False,True,False,True,17
179,590566,1,2,C,M,MOE,False,True,False,True,17
179,590566,2,3,T,M,MOE,False,True,False,True,17
179,590566,3,4,G,C,cEt,False,False,True,True,17
179,590566,4,5,C,C,cEt,False,False,True,True,17
179,590566,5,6,T,d,DNA,True,False,False,False,17
179,590566,6,7,T,d,DNA,True,False,False,False,17
179,590566,7,8,T,d,DNA,True,False,False,False,17
179,590566,8,9,T,d,DNA,True,False,False,False,17
179,590566,9,10,T,d,DNA,True,False,False,False,17
179,590566,10,11,C,d,DNA,True,False,False,False,17
179,590566,11,12,A,d,DNA,True,False,False,False,17
179,590566,12,13,T,C,cEt,False,False,True,True,17
179,590566,13,14,G,C,cEt,False,False,True,True,17
179,590566,14,15,G,M,MOE,False,True,False,True,17
179,590566,15,16,A,M,MOE,False,True,False,True,17
179,590566,16,17,C,M,MOE,False,True,False,True,17
180,590567,0,1,A,M,MOE,False,True,False,True,17
180,590567,1,2,T,M,MOE,False,True,False,True,17
180,590567,2,3,C,M,MOE,False,True,False,True,17
180,590567,3,4,T,C,cEt,False,False,True,True,17
180,590567,4,5,G,C,cEt,False,False,True,True,17
180,590567,5,6,C,d,DNA,True,False,False,False,17
180,590567,6,7,T,d,DNA,True,False,False,False,17
180,590567,7,8,T,d,DNA,True,False,False,False,17
180,590567,8,9,T,d,DNA,True,False,False,False,17
180,590567,9,10,T,d,DNA,True,False,False,False,17
180,590567,10,11,T,d,DNA,True,False,False,False,17
180,590567,11,12,C,d,DNA,True,False,False,False,17
180,590567,12,13,A,C,cEt,False,False,True,True,17
180,590567,13,14,T,C,cEt,False,False,True,True,17
180,590567,14,15,G,M,MOE,False,True,False,True,17
180,590567,15,16,G,M,MOE,False,True,False,True,17
180,590567,16,17,A,M,MOE,False,True,False,True,17
181,590568,0,1,C,M,MOE,False,True,False,True,17
181,590568,1,2,A,M,MOE,False,True,False,True,17
181,590568,2,3,T,M,MOE,False,True,False,True,17
181,590568,3,4,C,C,cEt,False,False,True,True,17
181,590568,4,5,T,C,cEt,False,False,True,True,17
181,590568,5,6,G,d,DNA,True,False,False,False,17
181,590568,6,7,C,d,DNA,True,False,False,False,17
181,590568,7,8,T,d,DNA,True,False,False,False,17
181,590568,8,9,T,d,DNA,True,False,False,False,17
181,590568,9,10,T,d,DNA,True,False,False,False,17
181,590568,10,11,T,d,DNA,True,False,False,False,17
181,590568,11,12,T,d,DNA,True,False,False,False,17
181,590568,12,13,C,C,cEt,False,False,True,True,17
181,590568,13,14,A,C,cEt,False,False,True,True,17
181,590568,14,15,T,M,MOE,False,True,False,True,17
181,590568,15,16,G,M,MOE,False,True,False,True,17
181,590568,16,17,G,M,MOE,False,True,False,True,17
182,590569,0,1,T,M,MOE,False,True,False,True,17
182,590569,1,2,C,M,MOE,False,True,False,True,17
182,590569,2,3,A,M,MOE,False,True,False,True,17
182,590569,3,4,T,C,cEt,False,False,True,True,17
182,590569,4,5,C,C,cEt,False,False,True,True,17
182,590569,5,6,T,d,DNA,True,False,False,False,17
182,590569,6,7,G,d,DNA,True,False,False,False,17
182,590569,7,8,C,d,DNA,True,False,False,False,17
182,590569,8,9,T,d,DNA,True,False,False,False,17
182,590569,9,10,T,d,DNA,True,False,False,False,17
182,590569,10,11,T,d,DNA,True,False,False,False,17
182,590569,11,12,T,d,DNA,True,False,False,False,17
182,590569,12,13,T,C,cEt,False,False,True,True,17
182,590569,13,14,C,C,cEt,False,False,True,True,17
182,590569,14,15,A,M,MOE,False,True,False,True,17
182,590569,15,16,T,M,MOE,False,True,False,True,17
182,590569,16,17,G,M,MOE,False,True,False,True,17
183,590570,0,1,G,M,MOE,False,True,False,True,17
183,590570,1,2,T,M,MOE,False,True,False,True,17
183,590570,2,3,C,M,MOE,False,True,False,True,17
183,590570,3,4,A,C,cEt,False,False,True,True,17
183,590570,4,5,T,C,cEt,False,False,True,True,17
183,590570,5,6,C,d,DNA,True,False,False,False,17
183,590570,6,7,T,d,DNA,True,False,False,False,17
183,590570,7,8,G,d,DNA,True,False,False,False,17
183,590570,8,9,C,d,DNA,True,False,False,False,17
183,590570,9,10,T,d,DNA,True,False,False,False,17
183,590570,10,11,T,d,DNA,True,False,False,False,17
183,590570,11,12,T,d,DNA,True,False,False,False,17
183,590570,12,13,T,C,cEt,False,False,True,True,17
183,590570,13,14,T,C,cEt,False,False,True,True,17
183,590570,14,15,C,M,MOE,False,True,False,True,17
183,590570,15,16,A,M,MOE,False,True,False,True,17
183,590570,16,17,T,M,MOE,False,True,False,True,17
184,590571,0,1,A,M,MOE,False,True,False,True,17
184,590571,1,2,G,M,MOE,False,True,False,True,17
184,590571,2,3,T,M,MOE,False,True,False,True,17
184,590571,3,4,C,C,cEt,False,False,True,True,17
184,590571,4,5,A,C,cEt,False,False,True,True,17
184,590571,5,6,T,d,DNA,True,False,False,False,17
184,590571,6,7,C,d,DNA,True,False,False,False,17
184,590571,7,8,T,d,DNA,True,False,False,False,17
184,590571,8,9,G,d,DNA,True,False,False,False,17
184,590571,9,10,C,d,DNA,True,False,False,False,17
184,590571,10,11,T,d,DNA,True,False,False,False,17
184,590571,11,12,T,d,DNA,True,False,False,False,17
184,590571,12,13,T,C,cEt,False,False,True,True,17
184,590571,13,14,T,C,cEt,False,False,True,True,17
184,590571,14,15,T,M,MOE,False,True,False,True,17
184,590571,15,16,C,M,MOE,False,True,False,True,17
184,590571,16,17,A,M,MOE,False,True,False,True,17
185,590572,0,1,A,M,MOE,False,True,False,True,17
185,590572,1,2,A,M,MOE,False,True,False,True,17
185,590572,2,3,G,M,MOE,False,True,False,True,17
185,590572,3,4,T,C,cEt,False,False,True,True,17
185,590572,4,5,C,C,cEt,False,False,True,True,17
185,590572,5,6,A,d,DNA,True,False,False,False,17
185,590572,6,7,T,d,DNA,True,False,False,False,17
185,590572,7,8,C,d,DNA,True,False,False,False,17
185,590572,8,9,T,d,DNA,True,False,False,False,17
185,590572,9,10,G,d,DNA,True,False,False,False,17
185,590572,10,11,C,d,DNA,True,False,False,False,17
185,590572,11,12,T,d,DNA,True,False,False,False,17
185,590572,12,13,T,C,cEt,False,False,True,True,17
185,590572,13,14,T,C,cEt,False,False,True,True,17
185,590572,14,15,T,M,MOE,False,True,False,True,17
185,590572,15,16,T,M,MOE,False,True,False,True,17
185,590572,16,17,C,M,MOE,False,True,False,True,17
186,590573,0,1,C,M,MOE,False,True,False,True,17
186,590573,1,2,A,M,MOE,False,True,False,True,17
186,590573,2,3,A,M,MOE,False,True,False,True,17
186,590573,3,4,G,C,cEt,False,False,True,True,17
186,590573,4,5,T,C,cEt,False,False,True,True,17
186,590573,5,6,C,d,DNA,True,False,False,False,17
186,590573,6,7,A,d,DNA,True,False,False,False,17
186,590573,7,8,T,d,DNA,True,False,False,False,17
186,590573,8,9,C,d,DNA,True,False,False,False,17
186,590573,9,10,T,d,DNA,True,False,False,False,17
186,590573,10,11,G,d,DNA,True,False,False,False,17
186,590573,11,12,C,d,DNA,True,False,False,False,17
186,590573,12,13,T,C,cEt,False,False,True,True,17
186,590573,13,14,T,C,cEt,False,False,True,True,17
186,590573,14,15,T,M,MOE,False,True,False,True,17
186,590573,15,16,T,M,MOE,False,True,False,True,17
186,590573,16,17,T,M,MOE,False,True,False,True,17
187,590574,0,1,C,M,MOE,False,True,False,True,17
187,590574,1,2,C,M,MOE,False,True,False,True,17
187,590574,2,3,A,M,MOE,False,True,False,True,17
187,590574,3,4,A,C,cEt,False,False,True,True,17
187,590574,4,5,G,C,cEt,False,False,True,True,17
187,590574,5,6,T,d,DNA,True,False,False,False,17
187,590574,6,7,C,d,DNA,True,False,False,False,17
187,590574,7,8,A,d,DNA,True,False,False,False,17
187,590574,8,9,T,d,DNA,True,False,False,False,17
187,590574,9,10,C,d,DNA,True,False,False,False,17
187,590574,10,11,T,d,DNA,True,False,False,False,17
187,590574,11,12,G,d,DNA,True,False,False,False,17
187,590574,12,13,C,C,cEt,False,False,True,True,17
187,590574,13,14,T,C,cEt,False,False,True,True,17
187,590574,14,15,T,M,MOE,False,True,False,True,17
187,590574,15,16,T,M,MOE,False,True,False,True,17
187,590574,16,17,T,M,MOE,False,True,False,True,17
188,590575,0,1,C,M,MOE,False,True,False,True,17
188,590575,1,2,C,M,MOE,False,True,False,True,17
188,590575,2,3,C,M,MOE,False,True,False,True,17
188,590575,3,4,A,C,cEt,False,False,True,True,17
188,590575,4,5,A,C,cEt,False,False,True,True,17
188,590575,5,6,G,d,DNA,True,False,False,False,17
188,590575,6,7,T,d,DNA,True,False,False,False,17
188,590575,7,8,C,d,DNA,True,False,False,False,17
188,590575,8,9,A,d,DNA,True,False,False,False,17
188,590575,9,10,T,d,DNA,True,False,False,False,17
188,590575,10,11,C,d,DNA,True,False,False,False,17
188,590575,11,12,T,d,DNA,True,False,False,False,17
188,590575,12,13,G,C,cEt,False,False,True,True,17
188,590575,13,14,C,C,cEt,False,False,True,True,17
188,590575,14,15,T,M,MOE,False,True,False,True,17
188,590575,15,16,T,M,MOE,False,True,False,True,17
188,590575,16,17,T,M,MOE,False,True,False,True,17
189,590576,0,1,G,M,MOE,False,True,False,True,17
189,590576,1,2,C,M,MOE,False,True,False,True,17
189,590576,2,3,C,M,MOE,False,True,False,True,17
189,590576,3,4,C,C,cEt,False,False,True,True,17
189,590576,4,5,A,C,cEt,False,False,True,True,17
189,590576,5,6,A,d,DNA,True,False,False,False,17
189,590576,6,7,G,d,DNA,True,False,False,False,17
189,590576,7,8,T,d,DNA,True,False,False,False,17
189,590576,8,9,C,d,DNA,True,False,False,False,17
189,590576,9,10,A,d,DNA,True,False,False,False,17
189,590576,10,11,T,d,DNA,True,False,False,False,17
189,590576,11,12,C,d,DNA,True,False,False,False,17
189,590576,12,13,T,C,cEt,False,False,True,True,17
189,590576,13,14,G,C,cEt,False,False,True,True,17
189,590576,14,15,C,M,MOE,False,True,False,True,17
189,590576,15,16,T,M,MOE,False,True,False,True,17
189,590576,16,17,T,M,MOE,False,True,False,True,17
190,590577,0,1,T,M,MOE,False,True,False,True,17
190,590577,1,2,G,M,MOE,False,True,False,True,17
190,590577,2,3,C,M,MOE,False,True,False,True,17
190,590577,3,4,C,C,cEt,False,False,True,True,17
190,590577,4,5,C,C,cEt,False,False,True,True,17
190,590577,5,6,A,d,DNA,True,False,False,False,17
190,590577,6,7,A,d,DNA,True,False,False,False,17
190,590577,7,8,G,d,DNA,True,False,False,False,17
190,590577,8,9,T,d,DNA,True,False,False,False,17
190,590577,9,10,C,d,DNA,True,False,False,False,17
190,590577,10,11,A,d,DNA,True,False,False,False,17
190,590577,11,12,T,d,DNA,True,False,False,False,17
190,590577,12,13,C,C,cEt,False,False,True,True,17
190,590577,13,14,T,C,cEt,False,False,True,True,17
190,590577,14,15,G,M,MOE,False,True,False,True,17
190,590577,15,16,C,M,MOE,False,True,False,True,17
190,590577,16,17,T,M,MOE,False,True,False,True,17
191,590578,0,1,T,M,MOE,False,True,False,True,17
191,590578,1,2,T,M,MOE,False,True,False,True,17
191,590578,2,3,G,M,MOE,False,True,False,True,17
191,590578,3,4,C,C,cEt,False,False,True,True,17
191,590578,4,5,C,C,cEt,False,False,True,True,17
191,590578,5,6,C,d,DNA,True,False,False,False,17
191,590578,6,7,A,d,DNA,True,False,False,False,17
191,590578,7,8,A,d,DNA,True,False,False,False,17
191,590578,8,9,G,d,DNA,True,False,False,False,17
191,590578,9,10,T,d,DNA,True,False,False,False,17
191,590578,10,11,C,d,DNA,True,False,False,False,17
191,590578,11,12,A,d,DNA,True,False,False,False,17
191,590578,12,13,T,C,cEt,False,False,True,True,17
191,590578,13,14,C,C,cEt,False,False,True,True,17
191,590578,14,15,T,M,MOE,False,True,False,True,17
191,590578,15,16,G,M,MOE,False,True,False,True,17
191,590578,16,17,C,M,MOE,False,True,False,True,17
192,590579,0,1,C,M,MOE,False,True,False,True,17
192,590579,1,2,C,M,MOE,False,True,False,True,17
192,590579,2,3,A,M,MOE,False,True,False,True,17
192,590579,3,4,C,C,cEt,False,False,True,True,17
192,590579,4,5,C,C,cEt,False,False,True,True,17
192,590579,5,6,T,d,DNA,True,False,False,False,17
192,590579,6,7,T,d,DNA,True,False,False,False,17
192,590579,7,8,T,d,DNA,True,False,False,False,17
192,590579,8,9,G,d,DNA,True,False,False,False,17
192,590579,9,10,C,d,DNA,True,False,False,False,17
192,590579,10,11,C,d,DNA,True,False,False,False,17
192,590579,11,12,C,d,DNA,True,False,False,False,17
192,590579,12,13,A,C,cEt,False,False,True,True,17
192,590579,13,14,A,C,cEt,False,False,True,True,17
192,590579,14,15,G,M,MOE,False,True,False,True,17
192,590579,15,16,T,M,MOE,False,True,False,True,17
192,590579,16,17,C,M,MOE,False,True,False,True,17
193,590580,0,1,T,M,MOE,False,True,False,True,17
193,590580,1,2,C,M,MOE,False,True,False,True,17
193,590580,2,3,C,M,MOE,False,True,False,True,17
193,590580,3,4,A,C,cEt,False,False,True,True,17
193,590580,4,5,C,C,cEt,False,False,True,True,17
193,590580,5,6,C,d,DNA,True,False,False,False,17
193,590580,6,7,T,d,DNA,True,False,False,False,17
193,590580,7,8,T,d,DNA,True,False,False,False,17
193,590580,8,9,T,d,DNA,True,False,False,False,17
193,590580,9,10,G,d,DNA,True,False,False,False,17
193,590580,10,11,C,d,DNA,True,False,False,False,17
193,590580,11,12,C,d,DNA,True,False,False,False,17
193,590580,12,13,C,C,cEt,False,False,True,True,17
193,590580,13,14,A,C,cEt,False,False,True,True,17
193,590580,14,15,A,M,MOE,False,True,False,True,17
193,590580,15,16,G,M,MOE,False,True,False,True,17
193,590580,16,17,T,M,MOE,False,True,False,True,17
194,590581,0,1,T,M,MOE,False,True,False,True,17
194,590581,1,2,T,M,MOE,False,True,False,True,17
194,590581,2,3,C,M,MOE,False,True,False,True,17
194,590581,3,4,C,C,cEt,False,False,True,True,17
194,590581,4,5,A,C,cEt,False,False,True,True,17
194,590581,5,6,C,d,DNA,True,False,False,False,17
194,590581,6,7,C,d,DNA,True,False,False,False,17
194,590581,7,8,T,d,DNA,True,False,False,False,17
194,590581,8,9,T,d,DNA,True,False,False,False,17
194,590581,9,10,T,d,DNA,True,False,False,False,17
194,590581,10,11,G,d,DNA,True,False,False,False,17
194,590581,11,12,C,d,DNA,True,False,False,False,17
194,590581,12,13,C,C,cEt,False,False,True,True,17
194,590581,13,14,C,C,cEt,False,False,True,True,17
194,590581,14,15,A,M,MOE,False,True,False,True,17
194,590581,15,16,A,M,MOE,False,True,False,True,17
194,590581,16,17,G,M,MOE,False,True,False,True,17
195,590582,0,1,T,M,MOE,False,True,False,True,17
195,590582,1,2,T,M,MOE,False,True,False,True,17
195,590582,2,3,T,M,MOE,False,True,False,True,17
195,590582,3,4,C,C,cEt,False,False,True,True,17
195,590582,4,5,C,C,cEt,False,False,True,True,17
195,590582,5,6,A,d,DNA,True,False,False,False,17
195,590582,6,7,C,d,DNA,True,False,False,False,17
195,590582,7,8,C,d,DNA,True,False,False,False,17
195,590582,8,9,T,d,DNA,True,False,False,False,17
195,590582,9,10,T,d,DNA,True,False,False,False,17
195,590582,10,11,T,d,DNA,True,False,False,False,17
195,590582,11,12,G,d,DNA,True,False,False,False,17
195,590582,12,13,C,C,cEt,False,False,True,True,17
195,590582,13,14,C,C,cEt,False,False,True,True,17
195,590582,14,15,C,M,MOE,False,True,False,True,17
195,590582,15,16,A,M,MOE,False,True,False,True,17
195,590582,16,17,A,M,MOE,False,True,False,True,17
196,590583,0,1,A,M,MOE,False,True,False,True,17
196,590583,1,2,T,M,MOE,False,True,False,True,17
196,590583,2,3,T,M,MOE,False,True,False,True,17
196,590583,3,4,T,C,cEt,False,False,True,True,17
196,590583,4,5,C,C,cEt,False,False,True,True,17
196,590583,5,6,C,d,DNA,True,False,False,False,17
196,590583,6,7,A,d,DNA,True,False,False,False,17
196,590583,7,8,C,d,DNA,True,False,False,False,17
196,590583,8,9,C,d,DNA,True,False,False,False,17
196,590583,9,10,T,d,DNA,True,False,False,False,17
196,590583,10,11,T,d,DNA,True,False,False,False,17
196,590583,11,12,T,d,DNA,True,False,False,False,17
196,590583,12,13,G,C,cEt,False,False,True,True,17
196,590583,13,14,C,C,cEt,False,False,True,True,17
196,590583,14,15,C,M,MOE,False,True,False,True,17
196,590583,15,16,C,M,MOE,False,True,False,True,17
196,590583,16,17,A,M,MOE,False,True,False,True,17
197,590584,0,1,C,M,MOE,False,True,False,True,17
197,590584,1,2,A,M,MOE,False,True,False,True,17
197,590584,2,3,T,M,MOE,False,True,False,True,17
197,590584,3,4,T,C,cEt,False,False,True,True,17
197,590584,4,5,T,C,cEt,False,False,True,True,17
197,590584,5,6,C,d,DNA,True,False,False,False,17
197,590584,6,7,C,d,DNA,True,False,False,False,17
197,590584,7,8,A,d,DNA,True,False,False,False,17
197,590584,8,9,C,d,DNA,True,False,False,False,17
197,590584,9,10,C,d,DNA,True,False,False,False,17
197,590584,10,11,T,d,DNA,True,False,False,False,17
197,590584,11,12,T,d,DNA,True,False,False,False,17
197,590584,12,13,T,C,cEt,False,False,True,True,17
197,590584,13,14,G,C,cEt,False,False,True,True,17
197,590584,14,15,C,M,MOE,False,True,False,True,17
197,590584,15,16,C,M,MOE,False,True,False,True,17
197,590584,16,17,C,M,MOE,False,True,False,True,17
198,590585,0,1,T,M,MOE,False,True,False,True,17
198,590585,1,2,C,M,MOE,False,True,False,True,17
198,590585,2,3,A,M,MOE,False,True,False,True,17
198,590585,3,4,T,C,cEt,False,False,True,True,17
198,590585,4,5,T,C,cEt,False,False,True,True,17
198,590585,5,6,T,d,DNA,True,False,False,False,17
198,590585,6,7,C,d,DNA,True,False,False,False,17
198,590585,7,8,C,d,DNA,True,False,False,False,17
198,590585,8,9,A,d,DNA,True,False,False,False,17
198,590585,9,10,C,d,DNA,True,False,False,False,17
198,590585,10,11,C,d,DNA,True,False,False,False,17
198,590585,11,12,T,d,DNA,True,False,False,False,17
198,590585,12,13,T,C,cEt,False,False,True,True,17
198,590585,13,14,T,C,cEt,False,False,True,True,17
198,590585,14,15,G,M,MOE,False,True,False,True,17
198,590585,15,16,C,M,MOE,False,True,False,True,17
198,590585,16,17,C,M,MOE,False,True,False,True,17
199,590586,0,1,T,M,MOE,False,True,False,True,17
199,590586,1,2,T,M,MOE,False,True,False,True,17
199,590586,2,3,C,M,MOE,False,True,False,True,17
199,590586,3,4,A,C,cEt,False,False,True,True,17
199,590586,4,5,T,C,cEt,False,False,True,True,17
199,590586,5,6,T,d,DNA,True,False,False,False,17
199,590586,6,7,T,d,DNA,True,False,False,False,17
199,590586,7,8,C,d,DNA,True,False,False,False,17
199,590586,8,9,C,d,DNA,True,False,False,False,17
199,590586,9,10,A,d,DNA,True,False,False,False,17
199,590586,10,11,C,d,DNA,True,False,False,False,17
199,590586,11,12,C,d,DNA,True,False,False,False,17
199,590586,12,13,T,C,cEt,False,False,True,True,17
199,590586,13,14,T,C,cEt,False,False,True,True,17
199,590586,14,15,T,M,MOE,False,True,False,True,17
199,590586,15,16,G,M,MOE,False,True,False,True,17
199,590586,16,17,C,M,MOE,False,True,False,True,17
200,590587,0,1,T,M,MOE,False,True,False,True,17
200,590587,1,2,C,M,MOE,False,True,False,True,17
200,590587,2,3,T,M,MOE,False,True,False,True,17
200,590587,3,4,T,C,cEt,False,False,True,True,17
200,590587,4,5,C,C,cEt,False,False,True,True,17
200,590587,5,6,A,d,DNA,True,False,False,False,17
200,590587,6,7,T,d,DNA,True,False,False,False,17
200,590587,7,8,T,d,DNA,True,False,False,False,17
200,590587,8,9,T,d,DNA,True,False,False,False,17
200,590587,9,10,C,d,DNA,True,False,False,False,17
200,590587,10,11,C,d,DNA,True,False,False,False,17
200,590587,11,12,A,d,DNA,True,False,False,False,17
200,590587,12,13,C,C,cEt,False,False,True,True,17
200,590587,13,14,C,C,cEt,False,False,True,True,17
200,590587,14,15,T,M,MOE,False,True,False,True,17
200,590587,15,16,T,M,MOE,False,True,False,True,17
200,590587,16,17,T,M,MOE,False,True,False,True,17
201,590588,0,1,C,M,MOE,False,True,False,True,17
201,590588,1,2,T,M,MOE,False,True,False,True,17
201,590588,2,3,T,M,MOE,False,True,False,True,17
201,590588,3,4,T,C,cEt,False,False,True,True,17
201,590588,4,5,C,C,cEt,False,False,True,True,17
201,590588,5,6,T,d,DNA,True,False,False,False,17
201,590588,6,7,T,d,DNA,True,False,False,False,17
201,590588,7,8,C,d,DNA,True,False,False,False,17
201,590588,8,9,A,d,DNA,True,False,False,False,17
201,590588,9,10,T,d,DNA,True,False,False,False,17
201,590588,10,11,T,d,DNA,True,False,False,False,17
201,590588,11,12,T,d,DNA,True,False,False,False,17
201,590588,12,13,C,C,cEt,False,False,True,True,17
201,590588,13,14,C,C,cEt,False,False,True,True,17
201,590588,14,15,A,M,MOE,False,True,False,True,17
201,590588,15,16,C,M,MOE,False,True,False,True,17
201,590588,16,17,C,M,MOE,False,True,False,True,17
202,590589,0,1,A,M,MOE,False,True,False,True,17
202,590589,1,2,C,M,MOE,False,True,False,True,17
202,590589,2,3,T,M,MOE,False,True,False,True,17
202,590589,3,4,T,C,cEt,False,False,True,True,17
202,590589,4,5,T,C,cEt,False,False,True,True,17
202,590589,5,6,C,d,DNA,True,False,False,False,17
202,590589,6,7,T,d,DNA,True,False,False,False,17
202,590589,7,8,T,d,DNA,True,False,False,False,17
202,590589,8,9,C,d,DNA,True,False,False,False,17
202,590589,9,10,A,d,DNA,True,False,False,False,17
202,590589,10,11,T,d,DNA,True,False,False,False,17
202,590589,11,12,T,d,DNA,True,False,False,False,17
202,590589,12,13,T,C,cEt,False,False,True,True,17
202,590589,13,14,C,C,cEt,False,False,True,True,17
202,590589,14,15,C,M,MOE,False,True,False,True,17
202,590589,15,16,A,M,MOE,False,True,False,True,17
202,590589,16,17,C,M,MOE,False,True,False,True,17
203,590590,0,1,T,M,MOE,False,True,False,True,17
203,590590,1,2,A,M,MOE,False,True,False,True,17
203,590590,2,3,C,M,MOE,False,True,False,True,17
203,590590,3,4,T,C,cEt,False,False,True,True,17
203,590590,4,5,T,C,cEt,False,False,True,True,17
203,590590,5,6,T,d,DNA,True,False,False,False,17
203,590590,6,7,C,d,DNA,True,False,False,False,17
203,590590,7,8,T,d,DNA,True,False,False,False,17
203,590590,8,9,T,d,DNA,True,False,False,False,17
203,590590,9,10,C,d,DNA,True,False,False,False,17
203,590590,10,11,A,d,DNA,True,False,False,False,17
203,590590,11,12,T,d,DNA,True,False,False,False,17
203,590590,12,13,T,C,cEt,False,False,True,True,17
203,590590,13,14,T,C,cEt,False,False,True,True,17
203,590590,14,15,C,M,MOE,False,True,False,True,17
203,590590,15,16,C,M,MOE,False,True,False,True,17
203,590590,16,17,A,M,MOE,False,True,False,True,17
204,590591,0,1,A,M,MOE,False,True,False,True,17
204,590591,1,2,A,M,MOE,False,True,False,True,17
204,590591,2,3,T,M,MOE,False,True,False,True,17
204,590591,3,4,T,C,cEt,False,False,True,True,17
204,590591,4,5,A,C,cEt,False,False,True,True,17
204,590591,5,6,C,d,DNA,True,False,False,False,17
204,590591,6,7,A,d,DNA,True,False,False,False,17
204,590591,7,8,C,d,DNA,True,False,False,False,17
204,590591,8,9,C,d,DNA,True,False,False,False,17
204,590591,9,10,A,d,DNA,True,False,False,False,17
204,590591,10,11,C,d,DNA,True,False,False,False,17
204,590591,11,12,A,d,DNA,True,False,False,False,17
204,590591,12,13,A,C,cEt,False,False,True,True,17
204,590591,13,14,G,C,cEt,False,False,True,True,17
204,590591,14,15,C,M,MOE,False,True,False,True,17
204,590591,15,16,C,M,MOE,False,True,False,True,17
204,590591,16,17,A,M,MOE,False,True,False,True,17
205,590592,0,1,C,M,MOE,False,True,False,True,17
205,590592,1,2,A,M,MOE,False,True,False,True,17
205,590592,2,3,A,M,MOE,False,True,False,True,17
205,590592,3,4,T,C,cEt,False,False,True,True,17
205,590592,4,5,T,C,cEt,False,False,True,True,17
205,590592,5,6,A,d,DNA,True,False,False,False,17
205,590592,6,7,C,d,DNA,True,False,False,False,17
205,590592,7,8,A,d,DNA,True,False,False,False,17
205,590592,8,9,C,d,DNA,True,False,False,False,17
205,590592,9,10,C,d,DNA,True,False,False,False,17
205,590592,10,11,A,d,DNA,True,False,False,False,17
205,590592,11,12,C,d,DNA,True,False,False,False,17
205,590592,12,13,A,C,cEt,False,False,True,True,17
205,590592,13,14,A,C,cEt,False,False,True,True,17
205,590592,14,15,G,M,MOE,False,True,False,True,17
205,590592,15,16,C,M,MOE,False,True,False,True,17
205,590592,16,17,C,M,MOE,False,True,False,True,17
206,590593,0,1,C,M,MOE,False,True,False,True,17
206,590593,1,2,C,M,MOE,False,True,False,True,17
206,590593,2,3,A,M,MOE,False,True,False,True,17
206,590593,3,4,A,C,cEt,False,False,True,True,17
206,590593,4,5,T,C,cEt,False,False,True,True,17
206,590593,5,6,T,d,DNA,True,False,False,False,17
206,590593,6,7,A,d,DNA,True,False,False,False,17
206,590593,7,8,C,d,DNA,True,False,False,False,17
206,590593,8,9,A,d,DNA,True,False,False,False,17
206,590593,9,10,C,d,DNA,True,False,False,False,17
206,590593,10,11,C,d,DNA,True,False,False,False,17
206,590593,11,12,A,d,DNA,True,False,False,False,17
206,590593,12,13,C,C,cEt,False,False,True,True,17
206,590593,13,14,A,C,cEt,False,False,True,True,17
206,590593,14,15,A,M,MOE,False,True,False,True,17
206,590593,15,16,G,M,MOE,False,True,False,True,17
206,590593,16,17,C,M,MOE,False,True,False,True,17
207,590594,0,1,C,M,MOE,False,True,False,True,17
207,590594,1,2,C,M,MOE,False,True,False,True,17
207,590594,2,3,C,M,MOE,False,True,False,True,17
207,590594,3,4,A,C,cEt,False,False,True,True,17
207,590594,4,5,A,C,cEt,False,False,True,True,17
207,590594,5,6,T,d,DNA,True,False,False,False,17
207,590594,6,7,T,d,DNA,True,False,False,False,17
207,590594,7,8,A,d,DNA,True,False,False,False,17
207,590594,8,9,C,d,DNA,True,False,False,False,17
207,590594,9,10,A,d,DNA,True,False,False,False,17
207,590594,10,11,C,d,DNA,True,False,False,False,17
207,590594,11,12,C,d,DNA,True,False,False,False,17
207,590594,12,13,A,C,cEt,False,False,True,True,17
207,590594,13,14,C,C,cEt,False,False,True,True,17
207,590594,14,15,A,M,MOE,False,True,False,True,17
207,590594,15,16,A,M,MOE,False,True,False,True,17
207,590594,16,17,G,M,MOE,False,True,False,True,17
208,590595,0,1,G,M,MOE,False,True,False,True,17
208,590595,1,2,A,M,MOE,False,True,False,True,17
208,590595,2,3,T,M,MOE,False,True,False,True,17
208,590595,3,4,C,C,cEt,False,False,True,True,17
208,590595,4,5,C,C,cEt,False,False,True,True,17
208,590595,5,6,C,d,DNA,True,False,False,False,17
208,590595,6,7,A,d,DNA,True,False,False,False,17
208,590595,7,8,A,d,DNA,True,False,False,False,17
208,590595,8,9,T,d,DNA,True,False,False,False,17
208,590595,9,10,T,d,DNA,True,False,False,False,17
208,590595,10,11,A,d,DNA,True,False,False,False,17
208,590595,11,12,C,d,DNA,True,False,False,False,17
208,590595,12,13,A,C,cEt,False,False,True,True,17
208,590595,13,14,C,C,cEt,False,False,True,True,17
208,590595,14,15,C,M,MOE,False,True,False,True,17
208,590595,15,16,A,M,MOE,False,True,False,True,17
208,590595,16,17,C,M,MOE,False,True,False,True,17
209,590596,0,1,C,M,MOE,False,True,False,True,17
209,590596,1,2,G,M,MOE,False,True,False,True,17
209,590596,2,3,A,M,MOE,False,True,False,True,17
209,590596,3,4,T,C,cEt,False,False,True,True,17
209,590596,4,5,C,C,cEt,False,False,True,True,17
209,590596,5,6,C,d,DNA,True,False,False,False,17
209,590596,6,7,C,d,DNA,True,False,False,False,17
209,590596,7,8,A,d,DNA,True,False,False,False,17
209,590596,8,9,A,d,DNA,True,False,False,False,17
209,590596,9,10,T,d,DNA,True,False,False,False,17
209,590596,10,11,T,d,DNA,True,False,False,False,17
209,590596,11,12,A,d,DNA,True,False,False,False,17
209,590596,12,13,C,C,cEt,False,False,True,True,17
209,590596,13,14,A,C,cEt,False,False,True,True,17
209,590596,14,15,C,M,MOE,False,True,False,True,17
209,590596,15,16,C,M,MOE,False,True,False,True,17
209,590596,16,17,A,M,MOE,False,True,False,True,17
210,590597,0,1,G,M,MOE,False,True,False,True,17
210,590597,1,2,C,M,MOE,False,True,False,True,17
210,590597,2,3,G,M,MOE,False,True,False,True,17
210,590597,3,4,A,C,cEt,False,False,True,True,17
210,590597,4,5,T,C,cEt,False,False,True,True,17
210,590597,5,6,C,d,DNA,True,False,False,False,17
210,590597,6,7,C,d,DNA,True,False,False,False,17
210,590597,7,8,C,d,DNA,True,False,False,False,17
210,590597,8,9,A,d,DNA,True,False,False,False,17
210,590597,9,10,A,d,DNA,True,False,False,False,17
210,590597,10,11,T,d,DNA,True,False,False,False,17
210,590597,11,12,T,d,DNA,True,False,False,False,17
210,590597,12,13,A,C,cEt,False,False,True,True,17
210,590597,13,14,C,C,cEt,False,False,True,True,17
210,590597,14,15,A,M,MOE,False,True,False,True,17
210,590597,15,16,C,M,MOE,False,True,False,True,17
210,590597,16,17,C,M,MOE,False,True,False,True,17
211,590598,0,1,G,M,MOE,False,True,False,True,17
211,590598,1,2,G,M,MOE,False,True,False,True,17
211,590598,2,3,C,M,MOE,False,True,False,True,17
211,590598,3,4,G,C,cEt,False,False,True,True,17
211,590598,4,5,A,C,cEt,False,False,True,True,17
211,590598,5,6,T,d,DNA,True,False,False,False,17
211,590598,6,7,C,d,DNA,True,False,False,False,17
211,590598,7,8,C,d,DNA,True,False,False,False,17
211,590598,8,9,C,d,DNA,True,False,False,False,17
211,590598,9,10,A,d,DNA,True,False,False,False,17
211,590598,10,11,A,d,DNA,True,False,False,False,17
211,590598,11,12,T,d,DNA,True,False,False,False,17
211,590598,12,13,T,C,cEt,False,False,True,True,17
211,590598,13,14,A,C,cEt,False,False,True,True,17
211,590598,14,15,C,M,MOE,False,True,False,True,17
211,590598,15,16,A,M,MOE,False,True,False,True,17
211,590598,16,17,C,M,MOE,False,True,False,True,17
212,590599,0,1,G,M,MOE,False,True,False,True,17
212,590599,1,2,G,M,MOE,False,True,False,True,17
212,590599,2,3,G,M,MOE,False,True,False,True,17
212,590599,3,4,C,C,cEt,False,False,True,True,17
212,590599,4,5,G,C,cEt,False,False,True,True,17
212,590599,5,6,A,d,DNA,True,False,False,False,17
212,590599,6,7,T,d,DNA,True,False,False,False,17
212,590599,7,8,C,d,DNA,True,False,False,False,17
212,590599,8,9,C,d,DNA,True,False,False,False,17
212,590599,9,10,C,d,DNA,True,False,False,False,17
212,590599,10,11,A,d,DNA,True,False,False,False,17
212,590599,11,12,A,d,DNA,True,False,False,False,17
212,590599,12,13,T,C,cEt,False,False,True,True,17
212,590599,13,14,T,C,cEt,False,False,True,True,17
212,590599,14,15,A,M,MOE,False,True,False,True,17
212,590599,15,16,C,M,MOE,False,True,False,True,17
212,590599,16,17,A,M,MOE,False,True,False,True,17
213,590600,0,1,T,M,MOE,False,True,False,True,17
213,590600,1,2,G,M,MOE,False,True,False,True,17
213,590600,2,3,G,M,MOE,False,True,False,True,17
213,590600,3,4,G,C,cEt,False,False,True,True,17
213,590600,4,5,C,C,cEt,False,False,True,True,17
213,590600,5,6,G,d,DNA,True,False,False,False,17
213,590600,6,7,A,d,DNA,True,False,False,False,17
213,590600,7,8,T,d,DNA,True,False,False,False,17
213,590600,8,9,C,d,DNA,True,False,False,False,17
213,590600,9,10,C,d,DNA,True,False,False,False,17
213,590600,10,11,C,d,DNA,True,False,False,False,17
213,590600,11,12,A,d,DNA,True,False,False,False,17
213,590600,12,13,A,C,cEt,False,False,True,True,17
213,590600,13,14,T,C,cEt,False,False,True,True,17
213,590600,14,15,T,M,MOE,False,True,False,True,17
213,590600,15,16,A,M,MOE,False,True,False,True,17
213,590600,16,17,C,M,MOE,False,True,False,True,17
214,590601,0,1,T,M,MOE,False,True,False,True,17
214,590601,1,2,T,M,MOE,False,True,False,True,17
214,590601,2,3,G,M,MOE,False,True,False,True,17
214,590601,3,4,G,C,cEt,False,False,True,True,17
214,590601,4,5,G,C,cEt,False,False,True,True,17
214,590601,5,6,C,d,DNA,True,False,False,False,17
214,590601,6,7,G,d,DNA,True,False,False,False,17
214,590601,7,8,A,d,DNA,True,False,False,False,17
214,590601,8,9,T,d,DNA,True,False,False,False,17
214,590601,9,10,C,d,DNA,True,False,False,False,17
214,590601,10,11,C,d,DNA,True,False,False,False,17
214,590601,11,12,C,d,DNA,True,False,False,False,17
214,590601,12,13,A,C,cEt,False,False,True,True,17
214,590601,13,14,A,C,cEt,False,False,True,True,17
214,590601,14,15,T,M,MOE,False,True,False,True,17
214,590601,15,16,T,M,MOE,False,True,False,True,17
214,590601,16,17,A,M,MOE,False,True,False,True,17
215,590602,0,1,A,M,MOE,False,True,False,True,17
215,590602,1,2,T,M,MOE,False,True,False,True,17
215,590602,2,3,T,M,MOE,False,True,False,True,17
215,590602,3,4,G,C,cEt,False,False,True,True,17
215,590602,4,5,G,C,cEt,False,False,True,True,17
215,590602,5,6,G,d,DNA,True,False,False,False,17
215,590602,6,7,C,d,DNA,True,False,False,False,17
215,590602,7,8,G,d,DNA,True,False,False,False,17
215,590602,8,9,A,d,DNA,True,False,False,False,17
215,590602,9,10,T,d,DNA,True,False,False,False,17
215,590602,10,11,C,d,DNA,True,False,False,False,17
215,590602,11,12,C,d,DNA,True,False,False,False,17
215,590602,12,13,C,C,cEt,False,False,True,True,17
215,590602,13,14,A,C,cEt,False,False,True,True,17
215,590602,14,15,A,M,MOE,False,True,False,True,17
215,590602,15,16,T,M,MOE,False,True,False,True,17
215,590602,16,17,T,M,MOE,False,True,False,True,17
216,590603,0,1,T,M,MOE,False,True,False,True,17
216,590603,1,2,A,M,MOE,False,True,False,True,17
216,590603,2,3,T,M,MOE,False,True,False,True,17
216,590603,3,4,T,C,cEt,False,False,True,True,17
216,590603,4,5,G,C,cEt,False,False,True,True,17
216,590603,5,6,G,d,DNA,True,False,False,False,17
216,590603,6,7,G,d,DNA,True,False,False,False,17
216,590603,7,8,C,d,DNA,True,False,False,False,17
216,590603,8,9,G,d,DNA,True,False,False,False,17
216,590603,9,10,A,d,DNA,True,False,False,False,17
216,590603,10,11,T,d,DNA,True,False,False,False,17
216,590603,11,12,C,d,DNA,True,False,False,False,17
216,590603,12,13,C,C,cEt,False,False,True,True,17
216,590603,13,14,C,C,cEt,False,False,True,True,17
216,590603,14,15,A,M,MOE,False,True,False,True,17
216,590603,15,16,A,M,MOE,False,True,False,True,17
216,590603,16,17,T,M,MOE,False,True,False,True,17
217,590604,0,1,T,M,MOE,False,True,False,True,17
217,590604,1,2,T,M,MOE,False,True,False,True,17
217,590604,2,3,A,M,MOE,False,True,False,True,17
217,590604,3,4,T,C,cEt,False,False,True,True,17
217,590604,4,5,T,C,cEt,False,False,True,True,17
217,590604,5,6,G,d,DNA,True,False,False,False,17
217,590604,6,7,G,d,DNA,True,False,False,False,17
217,590604,7,8,G,d,DNA,True,False,False,False,17
217,590604,8,9,C,d,DNA,True,False,False,False,17
217,590604,9,10,G,d,DNA,True,False,False,False,17
217,590604,10,11,A,d,DNA,True,False,False,False,17
217,590604,11,12,T,d,DNA,True,False,False,False,17
217,590604,12,13,C,C,cEt,False,False,True,True,17
217,590604,13,14,C,C,cEt,False,False,True,True,17
217,590604,14,15,C,M,MOE,False,True,False,True,17
217,590604,15,16,A,M,MOE,False,True,False,True,17
217,590604,16,17,A,M,MOE,False,True,False,True,17
218,590605,0,1,T,M,MOE,False,True,False,True,17
218,590605,1,2,T,M,MOE,False,True,False,True,17
218,590605,2,3,T,M,MOE,False,True,False,True,17
218,590605,3,4,A,C,cEt,False,False,True,True,17
218,590605,4,5,T,C,cEt,False,False,True,True,17
218,590605,5,6,T,d,DNA,True,False,False,False,17
218,590605,6,7,G,d,DNA,True,False,False,False,17
218,590605,7,8,G,d,DNA,True,False,False,False,17
218,590605,8,9,G,d,DNA,True,False,False,False,17
218,590605,9,10,C,d,DNA,True,False,False,False,17
218,590605,10,11,G,d,DNA,True,False,False,False,17
218,590605,11,12,A,d,DNA,True,False,False,False,17
218,590605,12,13,T,C,cEt,False,False,True,True,17
218,590605,13,14,C,C,cEt,False,False,True,True,17
218,590605,14,15,C,M,MOE,False,True,False,True,17
218,590605,15,16,C,M,MOE,False,True,False,True,17
218,590605,16,17,A,M,MOE,False,True,False,True,17
219,590606,0,1,G,M,MOE,False,True,False,True,17
219,590606,1,2,T,M,MOE,False,True,False,True,17
219,590606,2,3,T,M,MOE,False,True,False,True,17
219,590606,3,4,T,C,cEt,False,False,True,True,17
219,590606,4,5,A,C,cEt,False,False,True,True,17
219,590606,5,6,T,d,DNA,True,False,False,False,17
219,590606,6,7,T,d,DNA,True,False,False,False,17
219,590606,7,8,G,d,DNA,True,False,False,False,17
219,590606,8,9,G,d,DNA,True,False,False,False,17
219,590606,9,10,G,d,DNA,True,False,False,False,17
219,590606,10,11,C,d,DNA,True,False,False,False,17
219,590606,11,12,G,d,DNA,True,False,False,False,17
219,590606,12,13,A,C,cEt,False,False,True,True,17
219,590606,13,14,T,C,cEt,False,False,True,True,17
219,590606,14,15,C,M,MOE,False,True,False,True,17
219,590606,15,16,C,M,MOE,False,True,False,True,17
219,590606,16,17,C,M,MOE,False,True,False,True,17
220,590607,0,1,T,M,MOE,False,True,False,True,17
220,590607,1,2,G,M,MOE,False,True,False,True,17
220,590607,2,3,T,M,MOE,False,True,False,True,17
220,590607,3,4,T,C,cEt,False,False,True,True,17
220,590607,4,5,T,C,cEt,False,False,True,True,17
220,590607,5,6,A,d,DNA,True,False,False,False,17
220,590607,6,7,T,d,DNA,True,False,False,False,17
220,590607,7,8,T,d,DNA,True,False,False,False,17
220,590607,8,9,G,d,DNA,True,False,False,False,17
220,590607,9,10,G,d,DNA,True,False,False,False,17
220,590607,10,11,G,d,DNA,True,False,False,False,17
220,590607,11,12,C,d,DNA,True,False,False,False,17
220,590607,12,13,G,C,cEt,False,False,True,True,17
220,590607,13,14,A,C,cEt,False,False,True,True,17
220,590607,14,15,T,M,MOE,False,True,False,True,17
220,590607,15,16,C,M,MOE,False,True,False,True,17
220,590607,16,17,C,M,MOE,False,True,False,True,17
221,590608,0,1,A,M,MOE,False,True,False,True,17
221,590608,1,2,T,M,MOE,False,True,False,True,17
221,590608,2,3,G,M,MOE,False,True,False,True,17
221,590608,3,4,T,C,cEt,False,False,True,True,17
221,590608,4,5,T,C,cEt,False,False,True,True,17
221,590608,5,6,T,d,DNA,True,False,False,False,17
221,590608,6,7,A,d,DNA,True,False,False,False,17
221,590608,7,8,T,d,DNA,True,False,False,False,17
221,590608,8,9,T,d,DNA,True,False,False,False,17
221,590608,9,10,G,d,DNA,True,False,False,False,17
221,590608,10,11,G,d,DNA,True,False,False,False,17
221,590608,11,12,G,d,DNA,True,False,False,False,17
221,590608,12,13,C,C,cEt,False,False,True,True,17
221,590608,13,14,G,C,cEt,False,False,True,True,17
221,590608,14,15,A,M,MOE,False,True,False,True,17
221,590608,15,16,T,M,MOE,False,True,False,True,17
221,590608,16,17,C,M,MOE,False,True,False,True,17
222,590609,0,1,A,M,MOE,False,True,False,True,17
222,590609,1,2,A,M,MOE,False,True,False,True,17
222,590609,2,3,T,M,MOE,False,True,False,True,17
222,590609,3,4,G,C,cEt,False,False,True,True,17
222,590609,4,5,T,C,cEt,False,False,True,True,17
222,590609,5,6,T,d,DNA,True,False,False,False,17
222,590609,6,7,T,d,DNA,True,False,False,False,17
222,590609,7,8,A,d,DNA,True,False,False,False,17
222,590609,8,9,T,d,DNA,True,False,False,False,17
222,590609,9,10,T,d,DNA,True,False,False,False,17
222,590609,10,11,G,d,DNA,True,False,False,False,17
222,590609,11,12,G,d,DNA,True,False,False,False,17
222,590609,12,13,G,C,cEt,False,False,True,True,17
222,590609,13,14,C,C,cEt,False,False,True,True,17
222,590609,14,15,G,M,MOE,False,True,False,True,17
222,590609,15,16,A,M,MOE,False,True,False,True,17
222,590609,16,17,T,M,MOE,False,True,False,True,17
223,590610,0,1,G,M,MOE,False,True,False,True,17
223,590610,1,2,A,M,MOE,False,True,False,True,17
223,590610,2,3,A,M,MOE,False,True,False,True,17
223,590610,3,4,T,C,cEt,False,False,True,True,17
223,590610,4,5,G,C,cEt,False,False,True,True,17
223,590610,5,6,T,d,DNA,True,False,False,False,17
223,590610,6,7,T,d,DNA,True,False,False,False,17
223,590610,7,8,T,d,DNA,True,False,False,False,17
223,590610,8,9,A,d,DNA,True,False,False,False,17
223,590610,9,10,T,d,DNA,True,False,False,False,17
223,590610,10,11,T,d,DNA,True,False,False,False,17
223,590610,11,12,G,d,DNA,True,False,False,False,17
223,590610,12,13,G,C,cEt,False,False,True,True,17
223,590610,13,14,G,C,cEt,False,False,True,True,17
223,590610,14,15,C,M,MOE,False,True,False,True,17
223,590610,15,16,G,M,MOE,False,True,False,True,17
223,590610,16,17,A,M,MOE,False,True,False,True,17
224,590611,0,1,G,M,MOE,False,True,False,True,17
224,590611,1,2,G,M,MOE,False,True,False,True,17
224,590611,2,3,A,M,MOE,False,True,False,True,17
224,590611,3,4,A,C,cEt,False,False,True,True,17
224,590611,4,5,T,C,cEt,False,False,True,True,17
224,590611,5,6,G,d,DNA,True,False,False,False,17
224,590611,6,7,T,d,DNA,True,False,False,False,17
224,590611,7,8,T,d,DNA,True,False,False,False,17
224,590611,8,9,T,d,DNA,True,False,False,False,17
224,590611,9,10,A,d,DNA,True,False,False,False,17
224,590611,10,11,T,d,DNA,True,False,False,False,17
224,590611,11,12,T,d,DNA,True,False,False,False,17
224,590611,12,13,G,C,cEt,False,False,True,True,17
224,590611,13,14,G,C,cEt,False,False,True,True,17
224,590611,14,15,G,M,MOE,False,True,False,True,17
224,590611,15,16,C,M,MOE,False,True,False,True,17
224,590611,16,17,G,M,MOE,False,True,False,True,17
225,590612,0,1,A,M,MOE,False,True,False,True,17
225,590612,1,2,A,M,MOE,False,True,False,True,17
225,590612,2,3,G,M,MOE,False,True,False,True,17
225,590612,3,4,G,C,cEt,False,False,True,True,17
225,590612,4,5,G,C,cEt,False,False,True,True,17
225,590612,5,6,A,d,DNA,True,False,False,False,17
225,590612,6,7,A,d,DNA,True,False,False,False,17
225,590612,7,8,T,d,DNA,True,False,False,False,17
225,590612,8,9,G,d,DNA,True,False,False,False,17
225,590612,9,10,T,d,DNA,True,False,False,False,17
225,590612,10,11,T,d,DNA,True,False,False,False,17
225,590612,11,12,T,d,DNA,True,False,False,False,17
225,590612,12,13,A,C,cEt,False,False,True,True,17
225,590612,13,14,T,C,cEt,False,False,True,True,17
225,590612,14,15,T,M,MOE,False,True,False,True,17
225,590612,15,16,G,M,MOE,False,True,False,True,17
225,590612,16,17,G,M,MOE,False,True,False,True,17
226,590613,0,1,C,M,MOE,False,True,False,True,17
226,590613,1,2,A,M,MOE,False,True,False,True,17
226,590613,2,3,A,M,MOE,False,True,False,True,17
226,590613,3,4,G,C,cEt,False,False,True,True,17
226,590613,4,5,G,C,cEt,False,False,True,True,17
226,590613,5,6,G,d,DNA,True,False,False,False,17
226,590613,6,7,A,d,DNA,True,False,False,False,17
226,590613,7,8,A,d,DNA,True,False,False,False,17
226,590613,8,9,T,d,DNA,True,False,False,False,17
226,590613,9,10,G,d,DNA,True,False,False,False,17
226,590613,10,11,T,d,DNA,True,False,False,False,17
226,590613,11,12,T,d,DNA,True,False,False,False,17
226,590613,12,13,T,C,cEt,False,False,True,True,17
226,590613,13,14,A,C,cEt,False,False,True,True,17
226,590613,14,15,T,M,MOE,False,True,False,True,17
226,590613,15,16,T,M,MOE,False,True,False,True,17
226,590613,16,17,G,M,MOE,False,True,False,True,17
227,590614,0,1,C,M,MOE,False,True,False,True,17
227,590614,1,2,C,M,MOE,False,True,False,True,17
227,590614,2,3,A,M,MOE,False,True,False,True,17
227,590614,3,4,A,C,cEt,False,False,True,True,17
227,590614,4,5,G,C,cEt,False,False,True,True,17
227,590614,5,6,G,d,DNA,True,False,False,False,17
227,590614,6,7,G,d,DNA,True,False,False,False,17
227,590614,7,8,A,d,DNA,True,False,False,False,17
227,590614,8,9,A,d,DNA,True,False,False,False,17
227,590614,9,10,T,d,DNA,True,False,False,False,17
227,590614,10,11,G,d,DNA,True,False,False,False,17
227,590614,11,12,T,d,DNA,True,False,False,False,17
227,590614,12,13,T,C,cEt,False,False,True,True,17
227,590614,13,14,T,C,cEt,False,False,True,True,17
227,590614,14,15,A,M,MOE,False,True,False,True,17
227,590614,15,16,T,M,MOE,False,True,False,True,17
227,590614,16,17,T,M,MOE,False,True,False,True,17
228,590615,0,1,T,M,MOE,False,True,False,True,17
228,590615,1,2,C,M,MOE,False,True,False,True,17
228,590615,2,3,C,M,MOE,False,True,False,True,17
228,590615,3,4,A,C,cEt,False,False,True,True,17
228,590615,4,5,A,C,cEt,False,False,True,True,17
228,590615,5,6,G,d,DNA,True,False,False,False,17
228,590615,6,7,G,d,DNA,True,False,False,False,17
228,590615,7,8,G,d,DNA,True,False,False,False,17
228,590615,8,9,A,d,DNA,True,False,False,False,17
228,590615,9,10,A,d,DNA,True,False,False,False,17
228,590615,10,11,T,d,DNA,True,False,False,False,17
228,590615,11,12,G,d,DNA,True,False,False,False,17
228,590615,12,13,T,C,cEt,False,False,True,True,17
228,590615,13,14,T,C,cEt,False,False,True,True,17
228,590615,14,15,T,M,MOE,False,True,False,True,17
228,590615,15,16,A,M,MOE,False,True,False,True,17
228,590615,16,17,T,M,MOE,False,True,False,True,17
229,590616,0,1,A,M,MOE,False,True,False,True,17
229,590616,1,2,T,M,MOE,False,True,False,True,17
229,590616,2,3,C,M,MOE,False,True,False,True,17
229,590616,3,4,C,C,cEt,False,False,True,True,17
229,590616,4,5,A,C,cEt,False,False,True,True,17
229,590616,5,6,A,d,DNA,True,False,False,False,17
229,590616,6,7,G,d,DNA,True,False,False,False,17
229,590616,7,8,G,d,DNA,True,False,False,False,17
229,590616,8,9,G,d,DNA,True,False,False,False,17
229,590616,9,10,A,d,DNA,True,False,False,False,17
229,590616,10,11,A,d,DNA,True,False,False,False,17
229,590616,11,12,T,d,DNA,True,False,False,False,17
229,590616,12,13,G,C,cEt,False,False,True,True,17
229,590616,13,14,T,C,cEt,False,False,True,True,17
229,590616,14,15,T,M,MOE,False,True,False,True,17
229,590616,15,16,T,M,MOE,False,True,False,True,17
229,590616,16,17,A,M,MOE,False,True,False,True,17
230,590617,0,1,C,M,MOE,False,True,False,True,17
230,590617,1,2,A,M,MOE,False,True,False,True,17
230,590617,2,3,T,M,MOE,False,True,False,True,17
230,590617,3,4,C,C,cEt,False,False,True,True,17
230,590617,4,5,C,C,cEt,False,False,True,True,17
230,590617,5,6,A,d,DNA,True,False,False,False,17
230,590617,6,7,A,d,DNA,True,False,False,False,17
230,590617,7,8,G,d,DNA,True,False,False,False,17
230,590617,8,9,G,d,DNA,True,False,False,False,17
230,590617,9,10,G,d,DNA,True,False,False,False,17
230,590617,10,11,A,d,DNA,True,False,False,False,17
230,590617,11,12,A,d,DNA,True,False,False,False,17
230,590617,12,13,T,C,cEt,False,False,True,True,17
230,590617,13,14,G,C,cEt,False,False,True,True,17
230,590617,14,15,T,M,MOE,False,True,False,True,17
230,590617,15,16,T,M,MOE,False,True,False,True,17
230,590617,16,17,T,M,MOE,False,True,False,True,17
231,590618,0,1,A,M,MOE,False,True,False,True,17
231,590618,1,2,C,M,MOE,False,True,False,True,17
231,590618,2,3,A,M,MOE,False,True,False,True,17
231,590618,3,4,T,C,cEt,False,False,True,True,17
231,590618,4,5,C,C,cEt,False,False,True,True,17
231,590618,5,6,C,d,DNA,True,False,False,False,17
231,590618,6,7,A,d,DNA,True,False,False,False,17
231,590618,7,8,A,d,DNA,True,False,False,False,17
231,590618,8,9,G,d,DNA,True,False,False,False,17
231,590618,9,10,G,d,DNA,True,False,False,False,17
231,590618,10,11,G,d,DNA,True,False,False,False,17
231,590618,11,12,A,d,DNA,True,False,False,False,17
231,590618,12,13,A,C,cEt,False,False,True,True,17
231,590618,13,14,T,C,cEt,False,False,True,True,17
231,590618,14,15,G,M,MOE,False,True,False,True,17
231,590618,15,16,T,M,MOE,False,True,False,True,17
231,590618,16,17,T,M,MOE,False,True,False,True,17
232,590619,0,1,T,M,MOE,False,True,False,True,17
232,590619,1,2,A,M,MOE,False,True,False,True,17
232,590619,2,3,C,M,MOE,False,True,False,True,17
232,590619,3,4,A,C,cEt,False,False,True,True,17
232,590619,4,5,T,C,cEt,False,False,True,True,17
232,590619,5,6,C,d,DNA,True,False,False,False,17
232,590619,6,7,C,d,DNA,True,False,False,False,17
232,590619,7,8,A,d,DNA,True,False,False,False,17
232,590619,8,9,A,d,DNA,True,False,False,False,17
232,590619,9,10,G,d,DNA,True,False,False,False,17
232,590619,10,11,G,d,DNA,True,False,False,False,17
232,590619,11,12,G,d,DNA,True,False,False,False,17
232,590619,12,13,A,C,cEt,False,False,True,True,17
232,590619,13,14,A,C,cEt,False,False,True,True,17
232,590619,14,15,T,M,MOE,False,True,False,True,17
232,590619,15,16,G,M,MOE,False,True,False,True,17
232,590619,16,17,T,M,MOE,False,True,False,True,17
233,590620,0,1,C,M,MOE,False,True,False,True,17
233,590620,1,2,T,M,MOE,False,True,False,True,17
233,590620,2,3,A,M,MOE,False,True,False,True,17
233,590620,3,4,C,C,cEt,False,False,True,True,17
233,590620,4,5,A,C,cEt,False,False,True,True,17
233,590620,5,6,T,d,DNA,True,False,False,False,17
233,590620,6,7,C,d,DNA,True,False,False,False,17
233,590620,7,8,C,d,DNA,True,False,False,False,17
233,590620,8,9,A,d,DNA,True,False,False,False,17
233,590620,9,10,A,d,DNA,True,False,False,False,17
233,590620,10,11,G,d,DNA,True,False,False,False,17
233,590620,11,12,G,d,DNA,True,False,False,False,17
233,590620,12,13,G,C,cEt,False,False,True,True,17
233,590620,13,14,A,C,cEt,False,False,True,True,17
233,590620,14,15,A,M,MOE,False,True,False,True,17
233,590620,15,16,T,M,MOE,False,True,False,True,17
233,590620,16,17,G,M,MOE,False,True,False,True,17
234,590621,0,1,A,M,MOE,False,True,False,True,17
234,590621,1,2,C,M,MOE,False,True,False,True,17
234,590621,2,3,T,M,MOE,False,True,False,True,17
234,590621,3,4,A,C,cEt,False,False,True,True,17
234,590621,4,5,C,C,cEt,False,False,True,True,17
234,590621,5,6,A,d,DNA,True,False,False,False,17
234,590621,6,7,T,d,DNA,True,False,False,False,17
234,590621,7,8,C,d,DNA,True,False,False,False,17
234,590621,8,9,C,d,DNA,True,False,False,False,17
234,590621,9,10,A,d,DNA,True,False,False,False,17
234,590621,10,11,A,d,DNA,True,False,False,False,17
234,590621,11,12,G,d,DNA,True,False,False,False,17
234,590621,12,13,G,C,cEt,False,False,True,True,17
234,590621,13,14,G,C,cEt,False,False,True,True,17
234,590621,14,15,A,M,MOE,False,True,False,True,17
234,590621,15,16,A,M,MOE,False,True,False,True,17
234,590621,16,17,T,M,MOE,False,True,False,True,17
235,590622,0,1,G,M,MOE,False,True,False,True,17
235,590622,1,2,A,M,MOE,False,True,False,True,17
235,590622,2,3,C,M,MOE,False,True,False,True,17
235,590622,3,4,T,C,cEt,False,False,True,True,17
235,590622,4,5,A,C,cEt,False,False,True,True,17
235,590622,5,6,C,d,DNA,True,False,False,False,17
235,590622,6,7,A,d,DNA,True,False,False,False,17
235,590622,7,8,T,d,DNA,True,False,False,False,17
235,590622,8,9,C,d,DNA,True,False,False,False,17
235,590622,9,10,C,d,DNA,True,False,False,False,17
235,590622,10,11,A,d,DNA,True,False,False,False,17
235,590622,11,12,A,d,DNA,True,False,False,False,17
235,590622,12,13,G,C,cEt,False,False,True,True,17
235,590622,13,14,G,C,cEt,False,False,True,True,17
235,590622,14,15,G,M,MOE,False,True,False,True,17
235,590622,15,16,A,M,MOE,False,True,False,True,17
235,590622,16,17,A,M,MOE,False,True,False,True,17
236,590623,0,1,A,M,MOE,False,True,False,True,17
236,590623,1,2,G,M,MOE,False,True,False,True,17
236,590623,2,3,A,M,MOE,False,True,False,True,17
236,590623,3,4,C,C,cEt,False,False,True,True,17
236,590623,4,5,T,C,cEt,False,False,True,True,17
236,590623,5,6,A,d,DNA,True,False,False,False,17
236,590623,6,7,C,d,DNA,True,False,False,False,17
236,590623,7,8,A,d,DNA,True,False,False,False,17
236,590623,8,9,T,d,DNA,True,False,False,False,17
236,590623,9,10,C,d,DNA,True,False,False,False,17
236,590623,10,11,C,d,DNA,True,False,False,False,17
236,590623,11,12,A,d,DNA,True,False,False,False,17
236,590623,12,13,A,C,cEt,False,False,True,True,17
236,590623,13,14,G,C,cEt,False,False,True,True,17
236,590623,14,15,G,M,MOE,False,True,False,True,17
236,590623,15,16,G,M,MOE,False,True,False,True,17
236,590623,16,17,A,M,MOE,False,True,False,True,17
237,590624,0,1,C,M,MOE,False,True,False,True,17
237,590624,1,2,A,M,MOE,False,True,False,True,17
237,590624,2,3,G,M,MOE,False,True,False,True,17
237,590624,3,4,A,C,cEt,False,False,True,True,17
237,590624,4,5,C,C,cEt,False,False,True,True,17
237,590624,5,6,T,d,DNA,True,False,False,False,17
237,590624,6,7,A,d,DNA,True,False,False,False,17
237,590624,7,8,C,d,DNA,True,False,False,False,17
237,590624,8,9,A,d,DNA,True,False,False,False,17
237,590624,9,10,T,d,DNA,True,False,False,False,17
237,590624,10,11,C,d,DNA,True,False,False,False,17
237,590624,11,12,C,d,DNA,True,False,False,False,17
237,590624,12,13,A,C,cEt,False,False,True,True,17
237,590624,13,14,A,C,cEt,False,False,True,True,17
237,590624,14,15,G,M,MOE,False,True,False,True,17
237,590624,15,16,G,M,MOE,False,True,False,True,17
237,590624,16,17,G,M,MOE,False,True,False,True,17
238,590625,0,1,T,M,MOE,False,True,False,True,17
238,590625,1,2,C,M,MOE,False,True,False,True,17
238,590625,2,3,A,M,MOE,False,True,False,True,17
238,590625,3,4,G,C,cEt,False,False,True,True,17
238,590625,4,5,A,C,cEt,False,False,True,True,17
238,590625,5,6,C,d,DNA,True,False,False,False,17
238,590625,6,7,T,d,DNA,True,False,False,False,17
238,590625,7,8,A,d,DNA,True,False,False,False,17
238,590625,8,9,C,d,DNA,True,False,False,False,17
238,590625,9,10,A,d,DNA,True,False,False,False,17
238,590625,10,11,T,d,DNA,True,False,False,False,17
238,590625,11,12,C,d,DNA,True,False,False,False,17
238,590625,12,13,C,C,cEt,False,False,True,True,17
238,590625,13,14,A,C,cEt,False,False,True,True,17
238,590625,14,15,A,M,MOE,False,True,False,True,17
238,590625,15,16,G,M,MOE,False,True,False,True,17
238,590625,16,17,G,M,MOE,False,True,False,True,17
239,590626,0,1,C,M,MOE,False,True,False,True,17
239,590626,1,2,T,M,MOE,False,True,False,True,17
239,590626,2,3,C,M,MOE,False,True,False,True,17
239,590626,3,4,A,C,cEt,False,False,True,True,17
239,590626,4,5,G,C,cEt,False,False,True,True,17
239,590626,5,6,A,d,DNA,True,False,False,False,17
239,590626,6,7,C,d,DNA,True,False,False,False,17
239,590626,7,8,T,d,DNA,True,False,False,False,17
239,590626,8,9,A,d,DNA,True,False,False,False,17
239,590626,9,10,C,d,DNA,True,False,False,False,17
239,590626,10,11,A,d,DNA,True,False,False,False,17
239,590626,11,12,T,d,DNA,True,False,False,False,17
239,590626,12,13,C,C,cEt,False,False,True,True,17
239,590626,13,14,C,C,cEt,False,False,True,True,17
239,590626,14,15,A,M,MOE,False,True,False,True,17
239,590626,15,16,A,M,MOE,False,True,False,True,17
239,590626,16,17,G,M,MOE,False,True,False,True,17
240,590627,0,1,C,M,MOE,False,True,False,True,17
240,590627,1,2,C,M,MOE,False,True,False,True,17
240,590627,2,3,T,M,MOE,False,True,False,True,17
240,590627,3,4,C,C,cEt,False,False,True,True,17
240,590627,4,5,A,C,cEt,False,False,True,True,17
240,590627,5,6,G,d,DNA,True,False,False,False,17
240,590627,6,7,A,d,DNA,True,False,False,False,17
240,590627,7,8,C,d,DNA,True,False,False,False,17
240,590627,8,9,T,d,DNA,True,False,False,False,17
240,590627,9,10,A,d,DNA,True,False,False,False,17
240,590627,10,11,C,d,DNA,True,False,False,False,17
240,590627,11,12,A,d,DNA,True,False,False,False,17
240,590627,12,13,T,C,cEt,False,False,True,True,17
240,590627,13,14,C,C,cEt,False,False,True,True,17
240,590627,14,15,C,M,MOE,False,True,False,True,17
240,590627,15,16,A,M,MOE,False,True,False,True,17
240,590627,16,17,A,M,MOE,False,True,False,True,17
241,590628,0,1,G,M,MOE,False,True,False,True,17
241,590628,1,2,C,M,MOE,False,True,False,True,17
241,590628,2,3,C,M,MOE,False,True,False,True,17
241,590628,3,4,T,C,cEt,False,False,True,True,17
241,590628,4,5,C,C,cEt,False,False,True,True,17
241,590628,5,6,A,d,DNA,True,False,False,False,17
241,590628,6,7,G,d,DNA,True,False,False,False,17
241,590628,7,8,A,d,DNA,True,False,False,False,17
241,590628,8,9,C,d,DNA,True,False,False,False,17
241,590628,9,10,T,d,DNA,True,False,False,False,17
241,590628,10,11,A,d,DNA,True,False,False,False,17
241,590628,11,12,C,d,DNA,True,False,False,False,17
241,590628,12,13,A,C,cEt,False,False,True,True,17
241,590628,13,14,T,C,cEt,False,False,True,True,17
241,590628,14,15,C,M,MOE,False,True,False,True,17
241,590628,15,16,C,M,MOE,False,True,False,True,17
241,590628,16,17,A,M,MOE,False,True,False,True,17
242,590629,0,1,G,M,MOE,False,True,False,True,17
242,590629,1,2,G,M,MOE,False,True,False,True,17
242,590629,2,3,C,M,MOE,False,True,False,True,17
242,590629,3,4,C,C,cEt,False,False,True,True,17
242,590629,4,5,T,C,cEt,False,False,True,True,17
242,590629,5,6,C,d,DNA,True,False,False,False,17
242,590629,6,7,A,d,DNA,True,False,False,False,17
242,590629,7,8,G,d,DNA,True,False,False,False,17
242,590629,8,9,A,d,DNA,True,False,False,False,17
242,590629,9,10,C,d,DNA,True,False,False,False,17
242,590629,10,11,T,d,DNA,True,False,False,False,17
242,590629,11,12,A,d,DNA,True,False,False,False,17
242,590629,12,13,C,C,cEt,False,False,True,True,17
242,590629,13,14,A,C,cEt,False,False,True,True,17
242,590629,14,15,T,M,MOE,False,True,False,True,17
242,590629,15,16,C,M,MOE,False,True,False,True,17
242,590629,16,17,C,M,MOE,False,True,False,True,17
243,590630,0,1,G,M,MOE,False,True,False,True,17
243,590630,1,2,G,M,MOE,False,True,False,True,17
243,590630,2,3,G,M,MOE,False,True,False,True,17
243,590630,3,4,C,C,cEt,False,False,True,True,17
243,590630,4,5,C,C,cEt,False,False,True,True,17
243,590630,5,6,T,d,DNA,True,False,False,False,17
243,590630,6,7,C,d,DNA,True,False,False,False,17
243,590630,7,8,A,d,DNA,True,False,False,False,17
243,590630,8,9,G,d,DNA,True,False,False,False,17
243,590630,9,10,A,d,DNA,True,False,False,False,17
243,590630,10,11,C,d,DNA,True,False,False,False,17
243,590630,11,12,T,d,DNA,True,False,False,False,17
243,590630,12,13,A,C,cEt,False,False,True,True,17
243,590630,13,14,C,C,cEt,False,False,True,True,17
243,590630,14,15,A,M,MOE,False,True,False,True,17
243,590630,15,16,T,M,MOE,False,True,False,True,17
243,590630,16,17,C,M,MOE,False,True,False,True,17
244,590631,0,1,G,M,MOE,False,True,False,True,17
244,590631,1,2,A,M,MOE,False,True,False,True,17
244,590631,2,3,T,M,MOE,False,True,False,True,17
244,590631,3,4,A,C,cEt,False,False,True,True,17
244,590631,4,5,A,C,cEt,False,False,True,True,17
244,590631,5,6,C,d,DNA,True,False,False,False,17
244,590631,6,7,A,d,DNA,True,False,False,False,17
244,590631,7,8,G,d,DNA,True,False,False,False,17
244,590631,8,9,A,d,DNA,True,False,False,False,17
244,590631,9,10,T,d,DNA,True,False,False,False,17
244,590631,10,11,G,d,DNA,True,False,False,False,17
244,590631,11,12,A,d,DNA,True,False,False,False,17
244,590631,12,13,G,C,cEt,False,False,True,True,17
244,590631,13,14,T,C,cEt,False,False,True,True,17
244,590631,14,15,T,M,MOE,False,True,False,True,17
244,590631,15,16,A,M,MOE,False,True,False,True,17
244,590631,16,17,A,M,MOE,False,True,False,True,17
245,590632,0,1,G,M,MOE,False,True,False,True,17
245,590632,1,2,G,M,MOE,False,True,False,True,17
245,590632,2,3,A,M,MOE,False,True,False,True,17
245,590632,3,4,T,C,cEt,False,False,True,True,17
245,590632,4,5,A,C,cEt,False,False,True,True,17
245,590632,5,6,A,d,DNA,True,False,False,False,17
245,590632,6,7,C,d,DNA,True,False,False,False,17
245,590632,7,8,A,d,DNA,True,False,False,False,17
245,590632,8,9,G,d,DNA,True,False,False,False,17
245,590632,9,10,A,d,DNA,True,False,False,False,17
245,590632,10,11,T,d,DNA,True,False,False,False,17
245,590632,11,12,G,d,DNA,True,False,False,False,17
245,590632,12,13,A,C,cEt,False,False,True,True,17
245,590632,13,14,G,C,cEt,False,False,True,True,17
245,590632,14,15,T,M,MOE,False,True,False,True,17
245,590632,15,16,T,M,MOE,False,True,False,True,17
245,590632,16,17,A,M,MOE,False,True,False,True,17
246,590633,0,1,A,M,MOE,False,True,False,True,17
246,590633,1,2,G,M,MOE,False,True,False,True,17
246,590633,2,3,G,M,MOE,False,True,False,True,17
246,590633,3,4,A,C,cEt,False,False,True,True,17
246,590633,4,5,T,C,cEt,False,False,True,True,17
246,590633,5,6,A,d,DNA,True,False,False,False,17
246,590633,6,7,A,d,DNA,True,False,False,False,17
246,590633,7,8,C,d,DNA,True,False,False,False,17
246,590633,8,9,A,d,DNA,True,False,False,False,17
246,590633,9,10,G,d,DNA,True,False,False,False,17
246,590633,10,11,A,d,DNA,True,False,False,False,17
246,590633,11,12,T,d,DNA,True,False,False,False,17
246,590633,12,13,G,C,cEt,False,False,True,True,17
246,590633,13,14,A,C,cEt,False,False,True,True,17
246,590633,14,15,G,M,MOE,False,True,False,True,17
246,590633,15,16,T,M,MOE,False,True,False,True,17
246,590633,16,17,T,M,MOE,False,True,False,True,17
247,590634,0,1,C,M,MOE,False,True,False,True,17
247,590634,1,2,A,M,MOE,False,True,False,True,17
247,590634,2,3,G,M,MOE,False,True,False,True,17
247,590634,3,4,G,C,cEt,False,False,True,True,17
247,590634,4,5,A,C,cEt,False,False,True,True,17
247,590634,5,6,T,d,DNA,True,False,False,False,17
247,590634,6,7,A,d,DNA,True,False,False,False,17
247,590634,7,8,A,d,DNA,True,False,False,False,17
247,590634,8,9,C,d,DNA,True,False,False,False,17
247,590634,9,10,A,d,DNA,True,False,False,False,17
247,590634,10,11,G,d,DNA,True,False,False,False,17
247,590634,11,12,A,d,DNA,True,False,False,False,17
247,590634,12,13,T,C,cEt,False,False,True,True,17
247,590634,13,14,G,C,cEt,False,False,True,True,17
247,590634,14,15,A,M,MOE,False,True,False,True,17
247,590634,15,16,G,M,MOE,False,True,False,True,17
247,590634,16,17,T,M,MOE,False,True,False,True,17
248,590635,0,1,G,M,MOE,False,True,False,True,17
248,590635,1,2,C,M,MOE,False,True,False,True,17
248,590635,2,3,A,M,MOE,False,True,False,True,17
248,590635,3,4,G,C,cEt,False,False,True,True,17
248,590635,4,5,G,C,cEt,False,False,True,True,17
248,590635,5,6,A,d,DNA,True,False,False,False,17
248,590635,6,7,T,d,DNA,True,False,False,False,17
248,590635,7,8,A,d,DNA,True,False,False,False,17
248,590635,8,9,A,d,DNA,True,False,False,False,17
248,590635,9,10,C,d,DNA,True,False,False,False,17
248,590635,10,11,A,d,DNA,True,False,False,False,17
248,590635,11,12,G,d,DNA,True,False,False,False,17
248,590635,12,13,A,C,cEt,False,False,True,True,17
248,590635,13,14,T,C,cEt,False,False,True,True,17
248,590635,14,15,G,M,MOE,False,True,False,True,17
248,590635,15,16,A,M,MOE,False,True,False,True,17
248,590635,16,17,G,M,MOE,False,True,False,True,17
249,590636,0,1,A,M,MOE,False,True,False,True,17
249,590636,1,2,G,M,MOE,False,True,False,True,17
249,590636,2,3,C,M,MOE,False,True,False,True,17
249,590636,3,4,A,C,cEt,False,False,True,True,17
249,590636,4,5,G,C,cEt,False,False,True,True,17
249,590636,5,6,G,d,DNA,True,False,False,False,17
249,590636,6,7,A,d,DNA,True,False,False,False,17
249,590636,7,8,T,d,DNA,True,False,False,False,17
249,590636,8,9,A,d,DNA,True,False,False,False,17
249,590636,9,10,A,d,DNA,True,False,False,False,17
249,590636,10,11,C,d,DNA,True,False,False,False,17
249,590636,11,12,A,d,DNA,True,False,False,False,17
249,590636,12,13,G,C,cEt,False,False,True,True,17
249,590636,13,14,A,C,cEt,False,False,True,True,17
249,590636,14,15,T,M,MOE,False,True,False,True,17
249,590636,15,16,G,M,MOE,False,True,False,True,17
249,590636,16,17,A,M,MOE,False,True,False,True,17
250,590637,0,1,T,M,MOE,False,True,False,True,17
250,590637,1,2,A,M,MOE,False,True,False,True,17
250,590637,2,3,G,M,MOE,False,True,False,True,17
250,590637,3,4,C,C,cEt,False,False,True,True,17
250,590637,4,5,A,C,cEt,False,False,True,True,17
250,590637,5,6,G,d,DNA,True,False,False,False,17
250,590637,6,7,G,d,DNA,True,False,False,False,17
250,590637,7,8,A,d,DNA,True,False,False,False,17
250,590637,8,9,T,d,DNA,True,False,False,False,17
250,590637,9,10,A,d,DNA,True,False,False,False,17
250,590637,10,11,A,d,DNA,True,False,False,False,17
250,590637,11,12,C,d,DNA,True,False,False,False,17
250,590637,12,13,A,C,cEt,False,False,True,True,17
250,590637,13,14,G,C,cEt,False,False,True,True,17
250,590637,14,15,A,M,MOE,False,True,False,True,17
250,590637,15,16,T,M,MOE,False,True,False,True,17
250,590637,16,17,G,M,MOE,False,True,False,True,17
251,590638,0,1,C,M,MOE,False,True,False,True,17
251,590638,1,2,T,M,MOE,False,True,False,True,17
251,590638,2,3,A,M,MOE,False,True,False,True,17
251,590638,3,4,G,C,cEt,False,False,True,True,17
251,590638,4,5,C,C,cEt,False,False,True,True,17
251,590638,5,6,A,d,DNA,True,False,False,False,17
251,590638,6,7,G,d,DNA,True,False,False,False,17
251,590638,7,8,G,d,DNA,True,False,False,False,17
251,590638,8,9,A,d,DNA,True,False,False,False,17
251,590638,9,10,T,d,DNA,True,False,False,False,17
251,590638,10,11,A,d,DNA,True,False,False,False,17
251,590638,11,12,A,d,DNA,True,False,False,False,17
251,590638,12,13,C,C,cEt,False,False,True,True,17
251,590638,13,14,A,C,cEt,False,False,True,True,17
251,590638,14,15,G,M,MOE,False,True,False,True,17
251,590638,15,16,A,M,MOE,False,True,False,True,17
251,590638,16,17,T,M,MOE,False,True,False,True,17
252,590639,0,1,G,M,MOE,False,True,False,True,17
252,590639,1,2,C,M,MOE,False,True,False,True,17
252,590639,2,3,T,M,MOE,False,True,False,True,17
252,590639,3,4,A,C,cEt,False,False,True,True,17
252,590639,4,5,G,C,cEt,False,False,True,True,17
252,590639,5,6,C,d,DNA,True,False,False,False,17
252,590639,6,7,A,d,DNA,True,False,False,False,17
252,590639,7,8,G,d,DNA,True,False,False,False,17
252,590639,8,9,G,d,DNA,True,False,False,False,17
252,590639,9,10,A,d,DNA,True,False,False,False,17
252,590639,10,11,T,d,DNA,True,False,False,False,17
252,590639,11,12,A,d,DNA,True,False,False,False,17
252,590639,12,13,A,C,cEt,False,False,True,True,17
252,590639,13,14,C,C,cEt,False,False,True,True,17
252,590639,14,15,A,M,MOE,False,True,False,True,17
252,590639,15,16,G,M,MOE,False,True,False,True,17
252,590639,16,17,A,M,MOE,False,True,False,True,17
253,590640,0,1,A,M,MOE,False,True,False,True,17
253,590640,1,2,G,M,MOE,False,True,False,True,17
253,590640,2,3,C,M,MOE,False,True,False,True,17
253,590640,3,4,T,C,cEt,False,False,True,True,17
253,590640,4,5,A,C,cEt,False,False,True,True,17
253,590640,5,6,G,d,DNA,True,False,False,False,17
253,590640,6,7,C,d,DNA,True,False,False,False,17
253,590640,7,8,A,d,DNA,True,False,False,False,17
253,590640,8,9,G,d,DNA,True,False,False,False,17
253,590640,9,10,G,d,DNA,True,False,False,False,17
253,590640,10,11,A,d,DNA,True,False,False,False,17
253,590640,11,12,T,d,DNA,True,False,False,False,17
253,590640,12,13,A,C,cEt,False,False,True,True,17
253,590640,13,14,A,C,cEt,False,False,True,True,17
253,590640,14,15,C,M,MOE,False,True,False,True,17
253,590640,15,16,A,M,MOE,False,True,False,True,17
253,590640,16,17,G,M,MOE,False,True,False,True,17
254,590641,0,1,C,M,MOE,False,True,False,True,17
254,590641,1,2,A,M,MOE,False,True,False,True,17
254,590641,2,3,G,M,MOE,False,True,False,True,17
254,590641,3,4,C,C,cEt,False,False,True,True,17
254,590641,4,5,T,C,cEt,False,False,True,True,17
254,590641,5,6,A,d,DNA,True,False,False,False,17
254,590641,6,7,G,d,DNA,True,False,False,False,17
254,590641,7,8,C,d,DNA,True,False,False,False,17
254,590641,8,9,A,d,DNA,True,False,False,False,17
254,590641,9,10,G,d,DNA,True,False,False,False,17
254,590641,10,11,G,d,DNA,True,False,False,False,17
254,590641,11,12,A,d,DNA,True,False,False,False,17
254,590641,12,13,T,C,cEt,False,False,True,True,17
254,590641,13,14,A,C,cEt,False,False,True,True,17
254,590641,14,15,A,M,MOE,False,True,False,True,17
254,590641,15,16,C,M,MOE,False,True,False,True,17
254,590641,16,17,A,M,MOE,False,True,False,True,17
255,590642,0,1,A,M,MOE,False,True,False,True,17
255,590642,1,2,C,M,MOE,False,True,False,True,17
255,590642,2,3,A,M,MOE,False,True,False,True,17
255,590642,3,4,G,C,cEt,False,False,True,True,17
255,590642,4,5,C,C,cEt,False,False,True,True,17
255,590642,5,6,T,d,DNA,True,False,False,False,17
255,590642,6,7,A,d,DNA,True,False,False,False,17
255,590642,7,8,G,d,DNA,True,False,False,False,17
255,590642,8,9,C,d,DNA,True,False,False,False,17
255,590642,9,10,A,d,DNA,True,False,False,False,17
255,590642,10,11,G,d,DNA,True,False,False,False,17
255,590642,11,12,G,d,DNA,True,False,False,False,17
255,590642,12,13,A,C,cEt,False,False,True,True,17
255,590642,13,14,T,C,cEt,False,False,True,True,17
255,590642,14,15,A,M,MOE,False,True,False,True,17
255,590642,15,16,A,M,MOE,False,True,False,True,17
255,590642,16,17,C,M,MOE,False,True,False,True,17
256,590643,0,1,T,M,MOE,False,True,False,True,17
256,590643,1,2,A,M,MOE,False,True,False,True,17
256,590643,2,3,C,M,MOE,False,True,False,True,17
256,590643,3,4,A,C,cEt,False,False,True,True,17
256,590643,4,5,G,C,cEt,False,False,True,True,17
256,590643,5,6,C,d,DNA,True,False,False,False,17
256,590643,6,7,T,d,DNA,True,False,False,False,17
256,590643,7,8,A,d,DNA,True,False,False,False,17
256,590643,8,9,G,d,DNA,True,False,False,False,17
256,590643,9,10,C,d,DNA,True,False,False,False,17
256,590643,10,11,A,d,DNA,True,False,False,False,17
256,590643,11,12,G,d,DNA,True,False,False,False,17
256,590643,12,13,G,C,cEt,False,False,True,True,17
256,590643,13,14,A,C,cEt,False,False,True,True,17
256,590643,14,15,T,M,MOE,False,True,False,True,17
256,590643,15,16,A,M,MOE,False,True,False,True,17
256,590643,16,17,A,M,MOE,False,True,False,True,17
257,590644,0,1,C,M,MOE,False,True,False,True,17
257,590644,1,2,T,M,MOE,False,True,False,True,17
257,590644,2,3,A,M,MOE,False,True,False,True,17
257,590644,3,4,C,C,cEt,False,False,True,True,17
257,590644,4,5,A,C,cEt,False,False,True,True,17
257,590644,5,6,G,d,DNA,True,False,False,False,17
257,590644,6,7,C,d,DNA,True,False,False,False,17
257,590644,7,8,T,d,DNA,True,False,False,False,17
257,590644,8,9,A,d,DNA,True,False,False,False,17
257,590644,9,10,G,d,DNA,True,False,False,False,17
257,590644,10,11,C,d,DNA,True,False,False,False,17
257,590644,11,12,A,d,DNA,True,False,False,False,17
257,590644,12,13,G,C,cEt,False,False,True,True,17
257,590644,13,14,G,C,cEt,False,False,True,True,17
257,590644,14,15,A,M,MOE,False,True,False,True,17
257,590644,15,16,T,M,MOE,False,True,False,True,17
257,590644,16,17,A,M,MOE,False,True,False,True,17
258,590645,0,1,T,M,MOE,False,True,False,True,17
258,590645,1,2,C,M,MOE,False,True,False,True,17
258,590645,2,3,T,M,MOE,False,True,False,True,17
258,590645,3,4,A,C,cEt,False,False,True,True,17
258,590645,4,5,C,C,cEt,False,False,True,True,17
258,590645,5,6,A,d,DNA,True,False,False,False,17
258,590645,6,7,G,d,DNA,True,False,False,False,17
258,590645,7,8,C,d,DNA,True,False,False,False,17
258,590645,8,9,T,d,DNA,True,False,False,False,17
258,590645,9,10,A,d,DNA,True,False,False,False,17
258,590645,10,11,G,d,DNA,True,False,False,False,17
258,590645,11,12,C,d,DNA,True,False,False,False,17
258,590645,12,13,A,C,cEt,False,False,True,True,17
258,590645,13,14,G,C,cEt,False,False,True,True,17
258,590645,14,15,G,M,MOE,False,True,False,True,17
258,590645,15,16,A,M,MOE,False,True,False,True,17
258,590645,16,17,T,M,MOE,False,True,False,True,17
259,590646,0,1,T,M,MOE,False,True,False,True,17
259,590646,1,2,T,M,MOE,False,True,False,True,17
259,590646,2,3,C,M,MOE,False,True,False,True,17
259,590646,3,4,T,C,cEt,False,False,True,True,17
259,590646,4,5,A,C,cEt,False,False,True,True,17
259,590646,5,6,C,d,DNA,True,False,False,False,17
259,590646,6,7,A,d,DNA,True,False,False,False,17
259,590646,7,8,G,d,DNA,True,False,False,False,17
259,590646,8,9,C,d,DNA,True,False,False,False,17
259,590646,9,10,T,d,DNA,True,False,False,False,17
259,590646,10,11,A,d,DNA,True,False,False,False,17
259,590646,11,12,G,d,DNA,True,False,False,False,17
259,590646,12,13,C,C,cEt,False,False,True,True,17
259,590646,13,14,A,C,cEt,False,False,True,True,17
259,590646,14,15,G,M,MOE,False,True,False,True,17
259,590646,15,16,G,M,MOE,False,True,False,True,17
259,590646,16,17,A,M,MOE,False,True,False,True,17
260,590647,0,1,T,M,MOE,False,True,False,True,17
260,590647,1,2,T,M,MOE,False,True,False,True,17
260,590647,2,3,T,M,MOE,False,True,False,True,17
260,590647,3,4,C,C,cEt,False,False,True,True,17
260,590647,4,5,T,C,cEt,False,False,True,True,17
260,590647,5,6,A,d,DNA,True,False,False,False,17
260,590647,6,7,C,d,DNA,True,False,False,False,17
260,590647,7,8,A,d,DNA,True,False,False,False,17
260,590647,8,9,G,d,DNA,True,False,False,False,17
260,590647,9,10,C,d,DNA,True,False,False,False,17
260,590647,10,11,T,d,DNA,True,False,False,False,17
260,590647,11,12,A,d,DNA,True,False,False,False,17
260,590647,12,13,G,C,cEt,False,False,True,True,17
260,590647,13,14,C,C,cEt,False,False,True,True,17
260,590647,14,15,A,M,MOE,False,True,False,True,17
260,590647,15,16,G,M,MOE,False,True,False,True,17
260,590647,16,17,G,M,MOE,False,True,False,True,17
261,590648,0,1,A,M,MOE,False,True,False,True,17
261,590648,1,2,T,M,MOE,False,True,False,True,17
261,590648,2,3,T,M,MOE,False,True,False,True,17
261,590648,3,4,T,C,cEt,False,False,True,True,17
261,590648,4,5,C,C,cEt,False,False,True,True,17
261,590648,5,6,T,d,DNA,True,False,False,False,17
261,590648,6,7,A,d,DNA,True,False,False,False,17
261,590648,7,8,C,d,DNA,True,False,False,False,17
261,590648,8,9,A,d,DNA,True,False,False,False,17
261,590648,9,10,G,d,DNA,True,False,False,False,17
261,590648,10,11,C,d,DNA,True,False,False,False,17
261,590648,11,12,T,d,DNA,True,False,False,False,17
261,590648,12,13,A,C,cEt,False,False,True,True,17
261,590648,13,14,G,C,cEt,False,False,True,True,17
261,590648,14,15,C,M,MOE,False,True,False,True,17
261,590648,15,16,A,M,MOE,False,True,False,True,17
261,590648,16,17,G,M,MOE,False,True,False,True,17
262,590649,0,1,C,M,MOE,False,True,False,True,17
262,590649,1,2,A,M,MOE,False,True,False,True,17
262,590649,2,3,T,M,MOE,False,True,False,True,17
262,590649,3,4,T,C,cEt,False,False,True,True,17
262,590649,4,5,T,C,cEt,False,False,True,True,17
262,590649,5,6,C,d,DNA,True,False,False,False,17
262,590649,6,7,T,d,DNA,True,False,False,False,17
262,590649,7,8,A,d,DNA,True,False,False,False,17
262,590649,8,9,C,d,DNA,True,False,False,False,17
262,590649,9,10,A,d,DNA,True,False,False,False,17
262,590649,10,11,G,d,DNA,True,False,False,False,17
262,590649,11,12,C,d,DNA,True,False,False,False,17
262,590649,12,13,T,C,cEt,False,False,True,True,17
262,590649,13,14,A,C,cEt,False,False,True,True,17
262,590649,14,15,G,M,MOE,False,True,False,True,17
262,590649,15,16,C,M,MOE,False,True,False,True,17
262,590649,16,17,A,M,MOE,False,True,False,True,17
263,590650,0,1,A,M,MOE,False,True,False,True,17
263,590650,1,2,T,M,MOE,False,True,False,True,17
263,590650,2,3,A,M,MOE,False,True,False,True,17
263,590650,3,4,C,C,cEt,False,False,True,True,17
263,590650,4,5,A,C,cEt,False,False,True,True,17
263,590650,5,6,T,d,DNA,True,False,False,False,17
263,590650,6,7,T,d,DNA,True,False,False,False,17
263,590650,7,8,T,d,DNA,True,False,False,False,17
263,590650,8,9,C,d,DNA,True,False,False,False,17
263,590650,9,10,T,d,DNA,True,False,False,False,17
263,590650,10,11,A,d,DNA,True,False,False,False,17
263,590650,11,12,C,d,DNA,True,False,False,False,17
263,590650,12,13,A,C,cEt,False,False,True,True,17
263,590650,13,14,G,C,cEt,False,False,True,True,17
263,590650,14,15,C,M,MOE,False,True,False,True,17
263,590650,15,16,T,M,MOE,False,True,False,True,17
263,590650,16,17,A,M,MOE,False,True,False,True,17
264,590651,0,1,G,M,MOE,False,True,False,True,17
264,590651,1,2,A,M,MOE,False,True,False,True,17
264,590651,2,3,T,M,MOE,False,True,False,True,17
264,590651,3,4,A,C,cEt,False,False,True,True,17
264,590651,4,5,C,C,cEt,False,False,True,True,17
264,590651,5,6,A,d,DNA,True,False,False,False,17
264,590651,6,7,T,d,DNA,True,False,False,False,17
264,590651,7,8,T,d,DNA,True,False,False,False,17
264,590651,8,9,T,d,DNA,True,False,False,False,17
264,590651,9,10,C,d,DNA,True,False,False,False,17
264,590651,10,11,T,d,DNA,True,False,False,False,17
264,590651,11,12,A,d,DNA,True,False,False,False,17
264,590651,12,13,C,C,cEt,False,False,True,True,17
264,590651,13,14,A,C,cEt,False,False,True,True,17
264,590651,14,15,G,M,MOE,False,True,False,True,17
264,590651,15,16,C,M,MOE,False,True,False,True,17
264,590651,16,17,T,M,MOE,False,True,False,True,17
265,590652,0,1,G,M,MOE,False,True,False,True,17
265,590652,1,2,T,M,MOE,False,True,False,True,17
265,590652,2,3,G,M,MOE,False,True,False,True,17
265,590652,3,4,T,C,cEt,False,False,True,True,17
265,590652,4,5,T,C,cEt,False,False,True,True,17
265,590652,5,6,T,d,DNA,True,False,False,False,17
265,590652,6,7,A,d,DNA,True,False,False,False,17
265,590652,7,8,A,d,DNA,True,False,False,False,17
265,590652,8,9,T,d,DNA,True,False,False,False,17
265,590652,9,10,G,d,DNA,True,False,False,False,17
265,590652,10,11,T,d,DNA,True,False,False,False,17
265,590652,11,12,T,d,DNA,True,False,False,False,17
265,590652,12,13,T,C,cEt,False,False,True,True,17
265,590652,13,14,A,C,cEt,False,False,True,True,17
265,590652,14,15,T,M,MOE,False,True,False,True,17
265,590652,15,16,C,M,MOE,False,True,False,True,17
265,590652,16,17,A,M,MOE,False,True,False,True,17
266,590653,0,1,A,M,MOE,False,True,False,True,17
266,590653,1,2,G,M,MOE,False,True,False,True,17
266,590653,2,3,T,M,MOE,False,True,False,True,17
266,590653,3,4,G,C,cEt,False,False,True,True,17
266,590653,4,5,T,C,cEt,False,False,True,True,17
266,590653,5,6,T,d,DNA,True,False,False,False,17
266,590653,6,7,T,d,DNA,True,False,False,False,17
266,590653,7,8,A,d,DNA,True,False,False,False,17
266,590653,8,9,A,d,DNA,True,False,False,False,17
266,590653,9,10,T,d,DNA,True,False,False,False,17
266,590653,10,11,G,d,DNA,True,False,False,False,17
266,590653,11,12,T,d,DNA,True,False,False,False,17
266,590653,12,13,T,C,cEt,False,False,True,True,17
266,590653,13,14,T,C,cEt,False,False,True,True,17
266,590653,14,15,A,M,MOE,False,True,False,True,17
266,590653,15,16,T,M,MOE,False,True,False,True,17
266,590653,16,17,C,M,MOE,False,True,False,True,17
267,590654,0,1,C,M,MOE,False,True,False,True,17
267,590654,1,2,A,M,MOE,False,True,False,True,17
267,590654,2,3,G,M,MOE,False,True,False,True,17
267,590654,3,4,T,C,cEt,False,False,True,True,17
267,590654,4,5,G,C,cEt,False,False,True,True,17
267,590654,5,6,T,d,DNA,True,False,False,False,17
267,590654,6,7,T,d,DNA,True,False,False,False,17
267,590654,7,8,T,d,DNA,True,False,False,False,17
267,590654,8,9,A,d,DNA,True,False,False,False,17
267,590654,9,10,A,d,DNA,True,False,False,False,17
267,590654,10,11,T,d,DNA,True,False,False,False,17
267,590654,11,12,G,d,DNA,True,False,False,False,17
267,590654,12,13,T,C,cEt,False,False,True,True,17
267,590654,13,14,T,C,cEt,False,False,True,True,17
267,590654,14,15,T,M,MOE,False,True,False,True,17
267,590654,15,16,A,M,MOE,False,True,False,True,17
267,590654,16,17,T,M,MOE,False,True,False,True,17
268,590655,0,1,A,M,MOE,False,True,False,True,17
268,590655,1,2,C,M,MOE,False,True,False,True,17
268,590655,2,3,A,M,MOE,False,True,False,True,17
268,590655,3,4,G,C,cEt,False,False,True,True,17
268,590655,4,5,T,C,cEt,False,False,True,True,17
268,590655,5,6,G,d,DNA,True,False,False,False,17
268,590655,6,7,T,d,DNA,True,False,False,False,17
268,590655,7,8,T,d,DNA,True,False,False,False,17
268,590655,8,9,T,d,DNA,True,False,False,False,17
268,590655,9,10,A,d,DNA,True,False,False,False,17
268,590655,10,11,A,d,DNA,True,False,False,False,17
268,590655,11,12,T,d,DNA,True,False,False,False,17
268,590655,12,13,G,C,cEt,False,False,True,True,17
268,590655,13,14,T,C,cEt,False,False,True,True,17
268,590655,14,15,T,M,MOE,False,True,False,True,17
268,590655,15,16,T,M,MOE,False,True,False,True,17
268,590655,16,17,A,M,MOE,False,True,False,True,17
269,590656,0,1,T,M,MOE,False,True,False,True,17
269,590656,1,2,A,M,MOE,False,True,False,True,17
269,590656,2,3,C,M,MOE,False,True,False,True,17
269,590656,3,4,A,C,cEt,False,False,True,True,17
269,590656,4,5,G,C,cEt,False,False,True,True,17
269,590656,5,6,T,d,DNA,True,False,False,False,17
269,590656,6,7,G,d,DNA,True,False,False,False,17
269,590656,7,8,T,d,DNA,True,False,False,False,17
269,590656,8,9,T,d,DNA,True,False,False,False,17
269,590656,9,10,T,d,DNA,True,False,False,False,17
269,590656,10,11,A,d,DNA,True,False,False,False,17
269,590656,11,12,A,d,DNA,True,False,False,False,17
269,590656,12,13,T,C,cEt,False,False,True,True,17
269,590656,13,14,G,C,cEt,False,False,True,True,17
269,590656,14,15,T,M,MOE,False,True,False,True,17
269,590656,15,16,T,M,MOE,False,True,False,True,17
269,590656,16,17,T,M,MOE,False,True,False,True,17
270,590657,0,1,T,M,MOE,False,True,False,True,17
270,590657,1,2,T,M,MOE,False,True,False,True,17
270,590657,2,3,A,M,MOE,False,True,False,True,17
270,590657,3,4,C,C,cEt,False,False,True,True,17
270,590657,4,5,A,C,cEt,False,False,True,True,17
270,590657,5,6,G,d,DNA,True,False,False,False,17
270,590657,6,7,T,d,DNA,True,False,False,False,17
270,590657,7,8,G,d,DNA,True,False,False,False,17
270,590657,8,9,T,d,DNA,True,False,False,False,17
270,590657,9,10,T,d,DNA,True,False,False,False,17
270,590657,10,11,T,d,DNA,True,False,False,False,17
270,590657,11,12,A,d,DNA,True,False,False,False,17
270,590657,12,13,A,C,cEt,False,False,True,True,17
270,590657,13,14,T,C,cEt,False,False,True,True,17
270,590657,14,15,G,M,MOE,False,True,False,True,17
270,590657,15,16,T,M,MOE,False,True,False,True,17
270,590657,16,17,T,M,MOE,False,True,False,True,17
271,590658,0,1,A,M,MOE,False,True,False,True,17
271,590658,1,2,T,M,MOE,False,True,False,True,17
271,590658,2,3,T,M,MOE,False,True,False,True,17
271,590658,3,4,A,C,cEt,False,False,True,True,17
271,590658,4,5,C,C,cEt,False,False,True,True,17
271,590658,5,6,A,d,DNA,True,False,False,False,17
271,590658,6,7,G,d,DNA,True,False,False,False,17
271,590658,7,8,T,d,DNA,True,False,False,False,17
271,590658,8,9,G,d,DNA,True,False,False,False,17
271,590658,9,10,T,d,DNA,True,False,False,False,17
271,590658,10,11,T,d,DNA,True,False,False,False,17
271,590658,11,12,T,d,DNA,True,False,False,False,17
271,590658,12,13,A,C,cEt,False,False,True,True,17
271,590658,13,14,A,C,cEt,False,False,True,True,17
271,590658,14,15,T,M,MOE,False,True,False,True,17
271,590658,15,16,G,M,MOE,False,True,False,True,17
271,590658,16,17,T,M,MOE,False,True,False,True,17
272,590659,0,1,G,M,MOE,False,True,False,True,17
272,590659,1,2,A,M,MOE,False,True,False,True,17
272,590659,2,3,T,M,MOE,False,True,False,True,17
272,590659,3,4,T,C,cEt,False,False,True,True,17
272,590659,4,5,A,C,cEt,False,False,True,True,17
272,590659,5,6,C,d,DNA,True,False,False,False,17
272,590659,6,7,A,d,DNA,True,False,False,False,17
272,590659,7,8,G,d,DNA,True,False,False,False,17
272,590659,8,9,T,d,DNA,True,False,False,False,17
272,590659,9,10,G,d,DNA,True,False,False,False,17
272,590659,10,11,T,d,DNA,True,False,False,False,17
272,590659,11,12,T,d,DNA,True,False,False,False,17
272,590659,12,13,T,C,cEt,False,False,True,True,17
272,590659,13,14,A,C,cEt,False,False,True,True,17
272,590659,14,15,A,M,MOE,False,True,False,True,17
272,590659,15,16,T,M,MOE,False,True,False,True,17
272,590659,16,17,G,M,MOE,False,True,False,True,17
273,590660,0,1,A,M,MOE,False,True,False,True,17
273,590660,1,2,G,M,MOE,False,True,False,True,17
273,590660,2,3,A,M,MOE,False,True,False,True,17
273,590660,3,4,T,C,cEt,False,False,True,True,17
273,590660,4,5,T,C,cEt,False,False,True,True,17
273,590660,5,6,A,d,DNA,True,False,False,False,17
273,590660,6,7,C,d,DNA,True,False,False,False,17
273,590660,7,8,A,d,DNA,True,False,False,False,17
273,590660,8,9,G,d,DNA,True,False,False,False,17
273,590660,9,10,T,d,DNA,True,False,False,False,17
273,590660,10,11,G,d,DNA,True,False,False,False,17
273,590660,11,12,T,d,DNA,True,False,False,False,17
273,590660,12,13,T,C,cEt,False,False,True,True,17
273,590660,13,14,T,C,cEt,False,False,True,True,17
273,590660,14,15,A,M,MOE,False,True,False,True,17
273,590660,15,16,A,M,MOE,False,True,False,True,17
273,590660,16,17,T,M,MOE,False,True,False,True,17
274,590661,0,1,A,M,MOE,False,True,False,True,17
274,590661,1,2,A,M,MOE,False,True,False,True,17
274,590661,2,3,G,M,MOE,False,True,False,True,17
274,590661,3,4,A,C,cEt,False,False,True,True,17
274,590661,4,5,T,C,cEt,False,False,True,True,17
274,590661,5,6,T,d,DNA,True,False,False,False,17
274,590661,6,7,A,d,DNA,True,False,False,False,17
274,590661,7,8,C,d,DNA,True,False,False,False,17
274,590661,8,9,A,d,DNA,True,False,False,False,17
274,590661,9,10,G,d,DNA,True,False,False,False,17
274,590661,10,11,T,d,DNA,True,False,False,False,17
274,590661,11,12,G,d,DNA,True,False,False,False,17
274,590661,12,13,T,C,cEt,False,False,True,True,17
274,590661,13,14,T,C,cEt,False,False,True,True,17
274,590661,14,15,T,M,MOE,False,True,False,True,17
274,590661,15,16,A,M,MOE,False,True,False,True,17
274,590661,16,17,A,M,MOE,False,True,False,True,17
275,590662,0,1,T,M,MOE,False,True,False,True,17
275,590662,1,2,A,M,MOE,False,True,False,True,17
275,590662,2,3,A,M,MOE,False,True,False,True,17
275,590662,3,4,G,C,cEt,False,False,True,True,17
275,590662,4,5,A,C,cEt,False,False,True,True,17
275,590662,5,6,T,d,DNA,True,False,False,False,17
275,590662,6,7,T,d,DNA,True,False,False,False,17
275,590662,7,8,A,d,DNA,True,False,False,False,17
275,590662,8,9,C,d,DNA,True,False,False,False,17
275,590662,9,10,A,d,DNA,True,False,False,False,17
275,590662,10,11,G,d,DNA,True,False,False,False,17
275,590662,11,12,T,d,DNA,True,False,False,False,17
275,590662,12,13,G,C,cEt,False,False,True,True,17
275,590662,13,14,T,C,cEt,False,False,True,True,17
275,590662,14,15,T,M,MOE,False,True,False,True,17
275,590662,15,16,T,M,MOE,False,True,False,True,17
275,590662,16,17,A,M,MOE,False,True,False,True,17
276,590663,0,1,T,M,MOE,False,True,False,True,17
276,590663,1,2,T,M,MOE,False,True,False,True,17
276,590663,2,3,A,M,MOE,False,True,False,True,17
276,590663,3,4,A,C,cEt,False,False,True,True,17
276,590663,4,5,G,C,cEt,False,False,True,True,17
276,590663,5,6,A,d,DNA,True,False,False,False,17
276,590663,6,7,T,d,DNA,True,False,False,False,17
276,590663,7,8,T,d,DNA,True,False,False,False,17
276,590663,8,9,A,d,DNA,True,False,False,False,17
276,590663,9,10,C,d,DNA,True,False,False,False,17
276,590663,10,11,A,d,DNA,True,False,False,False,17
276,590663,11,12,G,d,DNA,True,False,False,False,17
276,590663,12,13,T,C,cEt,False,False,True,True,17
276,590663,13,14,G,C,cEt,False,False,True,True,17
276,590663,14,15,T,M,MOE,False,True,False,True,17
276,590663,15,16,T,M,MOE,False,True,False,True,17
276,590663,16,17,T,M,MOE,False,True,False,True,17
277,590664,0,1,A,M,MOE,False,True,False,True,17
277,590664,1,2,T,M,MOE,False,True,False,True,17
277,590664,2,3,C,M,MOE,False,True,False,True,17
277,590664,3,4,T,C,cEt,False,False,True,True,17
277,590664,4,5,T,C,cEt,False,False,True,True,17
277,590664,5,6,C,d,DNA,True,False,False,False,17
277,590664,6,7,C,d,DNA,True,False,False,False,17
277,590664,7,8,A,d,DNA,True,False,False,False,17
277,590664,8,9,A,d,DNA,True,False,False,False,17
277,590664,9,10,G,d,DNA,True,False,False,False,17
277,590664,10,11,T,d,DNA,True,False,False,False,17
277,590664,11,12,G,d,DNA,True,False,False,False,17
277,590664,12,13,A,C,cEt,False,False,True,True,17
277,590664,13,14,T,C,cEt,False,False,True,True,17
277,590664,14,15,C,M,MOE,False,True,False,True,17
277,590664,15,16,A,M,MOE,False,True,False,True,17
277,590664,16,17,T,M,MOE,False,True,False,True,17
278,590665,0,1,A,M,MOE,False,True,False,True,17
278,590665,1,2,A,M,MOE,False,True,False,True,17
278,590665,2,3,T,M,MOE,False,True,False,True,17
278,590665,3,4,C,C,cEt,False,False,True,True,17
278,590665,4,5,T,C,cEt,False,False,True,True,17
278,590665,5,6,T,d,DNA,True,False,False,False,17
278,590665,6,7,C,d,DNA,True,False,False,False,17
278,590665,7,8,C,d,DNA,True,False,False,False,17
278,590665,8,9,A,d,DNA,True,False,False,False,17
278,590665,9,10,A,d,DNA,True,False,False,False,17
278,590665,10,11,G,d,DNA,True,False,False,False,17
278,590665,11,12,T,d,DNA,True,False,False,False,17
278,590665,12,13,G,C,cEt,False,False,True,True,17
278,590665,13,14,A,C,cEt,False,False,True,True,17
278,590665,14,15,T,M,MOE,False,True,False,True,17
278,590665,15,16,C,M,MOE,False,True,False,True,17
278,590665,16,17,A,M,MOE,False,True,False,True,17
279,590666,0,1,A,M,MOE,False,True,False,True,17
279,590666,1,2,A,M,MOE,False,True,False,True,17
279,590666,2,3,A,M,MOE,False,True,False,True,17
279,590666,3,4,T,C,cEt,False,False,True,True,17
279,590666,4,5,C,C,cEt,False,False,True,True,17
279,590666,5,6,T,d,DNA,True,False,False,False,17
279,590666,6,7,T,d,DNA,True,False,False,False,17
279,590666,7,8,C,d,DNA,True,False,False,False,17
279,590666,8,9,C,d,DNA,True,False,False,False,17
279,590666,9,10,A,d,DNA,True,False,False,False,17
279,590666,10,11,A,d,DNA,True,False,False,False,17
279,590666,11,12,G,d,DNA,True,False,False,False,17
279,590666,12,13,T,C,cEt,False,False,True,True,17
279,590666,13,14,G,C,cEt,False,False,True,True,17
279,590666,14,15,A,M,MOE,False,True,False,True,17
279,590666,15,16,T,M,MOE,False,True,False,True,17
279,590666,16,17,C,M,MOE,False,True,False,True,17
280,590667,0,1,C,M,MOE,False,True,False,True,17
280,590667,1,2,A,M,MOE,False,True,False,True,17
280,590667,2,3,A,M,MOE,False,True,False,True,17
280,590667,3,4,A,C,cEt,False,False,True,True,17
280,590667,4,5,T,C,cEt,False,False,True,True,17
280,590667,5,6,C,d,DNA,True,False,False,False,17
280,590667,6,7,T,d,DNA,True,False,False,False,17
280,590667,7,8,T,d,DNA,True,False,False,False,17
280,590667,8,9,C,d,DNA,True,False,False,False,17
280,590667,9,10,C,d,DNA,True,False,False,False,17
280,590667,10,11,A,d,DNA,True,False,False,False,17
280,590667,11,12,A,d,DNA,True,False,False,False,17
280,590667,12,13,G,C,cEt,False,False,True,True,17
280,590667,13,14,T,C,cEt,False,False,True,True,17
280,590667,14,15,G,M,MOE,False,True,False,True,17
280,590667,15,16,A,M,MOE,False,True,False,True,17
280,590667,16,17,T,M,MOE,False,True,False,True,17
281,590668,0,1,T,M,MOE,False,True,False,True,17
281,590668,1,2,A,M,MOE,False,True,False,True,17
281,590668,2,3,C,M,MOE,False,True,False,True,17
281,590668,3,4,A,C,cEt,False,False,True,True,17
281,590668,4,5,A,C,cEt,False,False,True,True,17
281,590668,5,6,A,d,DNA,True,False,False,False,17
281,590668,6,7,T,d,DNA,True,False,False,False,17
281,590668,7,8,C,d,DNA,True,False,False,False,17
281,590668,8,9,T,d,DNA,True,False,False,False,17
281,590668,9,10,T,d,DNA,True,False,False,False,17
281,590668,10,11,C,d,DNA,True,False,False,False,17
281,590668,11,12,C,d,DNA,True,False,False,False,17
281,590668,12,13,A,C,cEt,False,False,True,True,17
281,590668,13,14,A,C,cEt,False,False,True,True,17
281,590668,14,15,G,M,MOE,False,True,False,True,17
281,590668,15,16,T,M,MOE,False,True,False,True,17
281,590668,16,17,G,M,MOE,False,True,False,True,17
282,590669,0,1,A,M,MOE,False,True,False,True,17
282,590669,1,2,T,M,MOE,False,True,False,True,17
282,590669,2,3,A,M,MOE,False,True,False,True,17
282,590669,3,4,C,C,cEt,False,False,True,True,17
282,590669,4,5,A,C,cEt,False,False,True,True,17
282,590669,5,6,A,d,DNA,True,False,False,False,17
282,590669,6,7,A,d,DNA,True,False,False,False,17
282,590669,7,8,T,d,DNA,True,False,False,False,17
282,590669,8,9,C,d,DNA,True,False,False,False,17
282,590669,9,10,T,d,DNA,True,False,False,False,17
282,590669,10,11,T,d,DNA,True,False,False,False,17
282,590669,11,12,C,d,DNA,True,False,False,False,17
282,590669,12,13,C,C,cEt,False,False,True,True,17
282,590669,13,14,A,C,cEt,False,False,True,True,17
282,590669,14,15,A,M,MOE,False,True,False,True,17
282,590669,15,16,G,M,MOE,False,True,False,True,17
282,590669,16,17,T,M,MOE,False,True,False,True,17
283,590670,0,1,T,M,MOE,False,True,False,True,17
283,590670,1,2,A,M,MOE,False,True,False,True,17
283,590670,2,3,T,M,MOE,False,True,False,True,17
283,590670,3,4,A,C,cEt,False,False,True,True,17
283,590670,4,5,C,C,cEt,False,False,True,True,17
283,590670,5,6,A,d,DNA,True,False,False,False,17
283,590670,6,7,A,d,DNA,True,False,False,False,17
283,590670,7,8,A,d,DNA,True,False,False,False,17
283,590670,8,9,T,d,DNA,True,False,False,False,17
283,590670,9,10,C,d,DNA,True,False,False,False,17
283,590670,10,11,T,d,DNA,True,False,False,False,17
283,590670,11,12,T,d,DNA,True,False,False,False,17
283,590670,12,13,C,C,cEt,False,False,True,True,17
283,590670,13,14,C,C,cEt,False,False,True,True,17
283,590670,14,15,A,M,MOE,False,True,False,True,17
283,590670,15,16,A,M,MOE,False,True,False,True,17
283,590670,16,17,G,M,MOE,False,True,False,True,17
284,590671,0,1,C,M,MOE,False,True,False,True,17
284,590671,1,2,T,M,MOE,False,True,False,True,17
284,590671,2,3,A,M,MOE,False,True,False,True,17
284,590671,3,4,T,C,cEt,False,False,True,True,17
284,590671,4,5,A,C,cEt,False,False,True,True,17
284,590671,5,6,C,d,DNA,True,False,False,False,17
284,590671,6,7,A,d,DNA,True,False,False,False,17
284,590671,7,8,A,d,DNA,True,False,False,False,17
284,590671,8,9,A,d,DNA,True,False,False,False,17
284,590671,9,10,T,d,DNA,True,False,False,False,17
284,590671,10,11,C,d,DNA,True,False,False,False,17
284,590671,11,12,T,d,DNA,True,False,False,False,17
284,590671,12,13,T,C,cEt,False,False,True,True,17
284,590671,13,14,C,C,cEt,False,False,True,True,17
284,590671,14,15,C,M,MOE,False,True,False,True,17
284,590671,15,16,A,M,MOE,False,True,False,True,17
284,590671,16,17,A,M,MOE,False,True,False,True,17
285,590672,0,1,A,M,MOE,False,True,False,True,17
285,590672,1,2,C,M,MOE,False,True,False,True,17
285,590672,2,3,T,M,MOE,False,True,False,True,17
285,590672,3,4,A,C,cEt,False,False,True,True,17
285,590672,4,5,T,C,cEt,False,False,True,True,17
285,590672,5,6,A,d,DNA,True,False,False,False,17
285,590672,6,7,C,d,DNA,True,False,False,False,17
285,590672,7,8,A,d,DNA,True,False,False,False,17
285,590672,8,9,A,d,DNA,True,False,False,False,17
285,590672,9,10,A,d,DNA,True,False,False,False,17
285,590672,10,11,T,d,DNA,True,False,False,False,17
285,590672,11,12,C,d,DNA,True,False,False,False,17
285,590672,12,13,T,C,cEt,False,False,True,True,17
285,590672,13,14,T,C,cEt,False,False,True,True,17
285,590672,14,15,C,M,MOE,False,True,False,True,17
285,590672,15,16,C,M,MOE,False,True,False,True,17
285,590672,16,17,A,M,MOE,False,True,False,True,17
286,590673,0,1,A,M,MOE,False,True,False,True,17
286,590673,1,2,A,M,MOE,False,True,False,True,17
286,590673,2,3,C,M,MOE,False,True,False,True,17
286,590673,3,4,T,C,cEt,False,False,True,True,17
286,590673,4,5,A,C,cEt,False,False,True,True,17
286,590673,5,6,T,d,DNA,True,False,False,False,17
286,590673,6,7,A,d,DNA,True,False,False,False,17
286,590673,7,8,C,d,DNA,True,False,False,False,17
286,590673,8,9,A,d,DNA,True,False,False,False,17
286,590673,9,10,A,d,DNA,True,False,False,False,17
286,590673,10,11,A,d,DNA,True,False,False,False,17
286,590673,11,12,T,d,DNA,True,False,False,False,17
286,590673,12,13,C,C,cEt,False,False,True,True,17
286,590673,13,14,T,C,cEt,False,False,True,True,17
286,590673,14,15,T,M,MOE,False,True,False,True,17
286,590673,15,16,C,M,MOE,False,True,False,True,17
286,590673,16,17,C,M,MOE,False,True,False,True,17
287,590674,0,1,A,M,MOE,False,True,False,True,17
287,590674,1,2,A,M,MOE,False,True,False,True,17
287,590674,2,3,A,M,MOE,False,True,False,True,17
287,590674,3,4,C,C,cEt,False,False,True,True,17
287,590674,4,5,T,C,cEt,False,False,True,True,17
287,590674,5,6,A,d,DNA,True,False,False,False,17
287,590674,6,7,T,d,DNA,True,False,False,False,17
287,590674,7,8,A,d,DNA,True,False,False,False,17
287,590674,8,9,C,d,DNA,True,False,False,False,17
287,590674,9,10,A,d,DNA,True,False,False,False,17
287,590674,10,11,A,d,DNA,True,False,False,False,17
287,590674,11,12,A,d,DNA,True,False,False,False,17
287,590674,12,13,T,C,cEt,False,False,True,True,17
287,590674,13,14,C,C,cEt,False,False,True,True,17
287,590674,14,15,T,M,MOE,False,True,False,True,17
287,590674,15,16,T,M,MOE,False,True,False,True,17
287,590674,16,17,C,M,MOE,False,True,False,True,17
288,590675,0,1,A,M,MOE,False,True,False,True,17
288,590675,1,2,T,M,MOE,False,True,False,True,17
288,590675,2,3,A,M,MOE,False,True,False,True,17
288,590675,3,4,A,C,cEt,False,False,True,True,17
288,590675,4,5,A,C,cEt,False,False,True,True,17
288,590675,5,6,A,d,DNA,True,False,False,False,17
288,590675,6,7,C,d,DNA,True,False,False,False,17
288,590675,7,8,T,d,DNA,True,False,False,False,17
288,590675,8,9,A,d,DNA,True,False,False,False,17
288,590675,9,10,T,d,DNA,True,False,False,False,17
288,590675,10,11,A,d,DNA,True,False,False,False,17
288,590675,11,12,C,d,DNA,True,False,False,False,17
288,590675,12,13,A,C,cEt,False,False,True,True,17
288,590675,13,14,A,C,cEt,False,False,True,True,17
288,590675,14,15,A,M,MOE,False,True,False,True,17
288,590675,15,16,T,M,MOE,False,True,False,True,17
288,590675,16,17,C,M,MOE,False,True,False,True,17
289,590676,0,1,G,M,MOE,False,True,False,True,17
289,590676,1,2,T,M,MOE,False,True,False,True,17
289,590676,2,3,T,M,MOE,False,True,False,True,17
289,590676,3,4,T,C,cEt,False,False,True,True,17
289,590676,4,5,T,C,cEt,False,False,True,True,17
289,590676,5,6,A,d,DNA,True,False,False,False,17
289,590676,6,7,T,d,DNA,True,False,False,False,17
289,590676,7,8,A,d,DNA,True,False,False,False,17
289,590676,8,9,A,d,DNA,True,False,False,False,17
289,590676,9,10,A,d,DNA,True,False,False,False,17
289,590676,10,11,A,d,DNA,True,False,False,False,17
289,590676,11,12,C,d,DNA,True,False,False,False,17
289,590676,12,13,T,C,cEt,False,False,True,True,17
289,590676,13,14,A,C,cEt,False,False,True,True,17
289,590676,14,15,T,M,MOE,False,True,False,True,17
289,590676,15,16,A,M,MOE,False,True,False,True,17
289,590676,16,17,C,M,MOE,False,True,False,True,17
290,590677,0,1,G,M,MOE,False,True,False,True,17
290,590677,1,2,A,M,MOE,False,True,False,True,17
290,590677,2,3,G,M,MOE,False,True,False,True,17
290,590677,3,4,T,C,cEt,False,False,True,True,17
290,590677,4,5,T,C,cEt,False,False,True,True,17
290,590677,5,6,T,d,DNA,True,False,False,False,17
290,590677,6,7,T,d,DNA,True,False,False,False,17
290,590677,7,8,A,d,DNA,True,False,False,False,17
290,590677,8,9,T,d,DNA,True,False,False,False,17
290,590677,9,10,A,d,DNA,True,False,False,False,17
290,590677,10,11,A,d,DNA,True,False,False,False,17
290,590677,11,12,A,d,DNA,True,False,False,False,17
290,590677,12,13,A,C,cEt,False,False,True,True,17
290,590677,13,14,C,C,cEt,False,False,True,True,17
290,590677,14,15,T,M,MOE,False,True,False,True,17
290,590677,15,16,A,M,MOE,False,True,False,True,17
290,590677,16,17,T,M,MOE,False,True,False,True,17
291,590678,0,1,A,M,MOE,False,True,False,True,17
291,590678,1,2,T,M,MOE,False,True,False,True,17
291,590678,2,3,T,M,MOE,False,True,False,True,17
291,590678,3,4,G,C,cEt,False,False,True,True,17
291,590678,4,5,A,C,cEt,False,False,True,True,17
291,590678,5,6,A,d,DNA,True,False,False,False,17
291,590678,6,7,A,d,DNA,True,False,False,False,17
291,590678,7,8,C,d,DNA,True,False,False,False,17
291,590678,8,9,A,d,DNA,True,False,False,False,17
291,590678,9,10,G,d,DNA,True,False,False,False,17
291,590678,10,11,A,d,DNA,True,False,False,False,17
291,590678,11,12,C,d,DNA,True,False,False,False,17
291,590678,12,13,A,C,cEt,False,False,True,True,17
291,590678,13,14,T,C,cEt,False,False,True,True,17
291,590678,14,15,T,M,MOE,False,True,False,True,17
291,590678,15,16,T,M,MOE,False,True,False,True,17
291,590678,16,17,T,M,MOE,False,True,False,True,17
292,590679,0,1,C,M,MOE,False,True,False,True,17
292,590679,1,2,A,M,MOE,False,True,False,True,17
292,590679,2,3,T,M,MOE,False,True,False,True,17
292,590679,3,4,T,C,cEt,False,False,True,True,17
292,590679,4,5,G,C,cEt,False,False,True,True,17
292,590679,5,6,A,d,DNA,True,False,False,False,17
292,590679,6,7,A,d,DNA,True,False,False,False,17
292,590679,7,8,A,d,DNA,True,False,False,False,17
292,590679,8,9,C,d,DNA,True,False,False,False,17
292,590679,9,10,A,d,DNA,True,False,False,False,17
292,590679,10,11,G,d,DNA,True,False,False,False,17
292,590679,11,12,A,d,DNA,True,False,False,False,17
292,590679,12,13,C,C,cEt,False,False,True,True,17
292,590679,13,14,A,C,cEt,False,False,True,True,17
292,590679,14,15,T,M,MOE,False,True,False,True,17
292,590679,15,16,T,M,MOE,False,True,False,True,17
292,590679,16,17,T,M,MOE,False,True,False,True,17
293,590680,0,1,T,M,MOE,False,True,False,True,17
293,590680,1,2,C,M,MOE,False,True,False,True,17
293,590680,2,3,A,M,MOE,False,True,False,True,17
293,590680,3,4,T,C,cEt,False,False,True,True,17
293,590680,4,5,T,C,cEt,False,False,True,True,17
293,590680,5,6,G,d,DNA,True,False,False,False,17
293,590680,6,7,A,d,DNA,True,False,False,False,17
293,590680,7,8,A,d,DNA,True,False,False,False,17
293,590680,8,9,A,d,DNA,True,False,False,False,17
293,590680,9,10,C,d,DNA,True,False,False,False,17
293,590680,10,11,A,d,DNA,True,False,False,False,17
293,590680,11,12,G,d,DNA,True,False,False,False,17
293,590680,12,13,A,C,cEt,False,False,True,True,17
293,590680,13,14,C,C,cEt,False,False,True,True,17
293,590680,14,15,A,M,MOE,False,True,False,True,17
293,590680,15,16,T,M,MOE,False,True,False,True,17
293,590680,16,17,T,M,MOE,False,True,False,True,17
294,590681,0,1,G,M,MOE,False,True,False,True,17
294,590681,1,2,T,M,MOE,False,True,False,True,17
294,590681,2,3,C,M,MOE,False,True,False,True,17
294,590681,3,4,A,C,cEt,False,False,True,True,17
294,590681,4,5,T,C,cEt,False,False,True,True,17
294,590681,5,6,T,d,DNA,True,False,False,False,17
294,590681,6,7,G,d,DNA,True,False,False,False,17
294,590681,7,8,A,d,DNA,True,False,False,False,17
294,590681,8,9,A,d,DNA,True,False,False,False,17
294,590681,9,10,A,d,DNA,True,False,False,False,17
294,590681,10,11,C,d,DNA,True,False,False,False,17
294,590681,11,12,A,d,DNA,True,False,False,False,17
294,590681,12,13,G,C,cEt,False,False,True,True,17
294,590681,13,14,A,C,cEt,False,False,True,True,17
294,590681,14,15,C,M,MOE,False,True,False,True,17
294,590681,15,16,A,M,MOE,False,True,False,True,17
294,590681,16,17,T,M,MOE,False,True,False,True,17
295,590682,0,1,G,M,MOE,False,True,False,True,17
295,590682,1,2,G,M,MOE,False,True,False,True,17
295,590682,2,3,T,M,MOE,False,True,False,True,17
295,590682,3,4,C,C,cEt,False,False,True,True,17
295,590682,4,5,A,C,cEt,False,False,True,True,17
295,590682,5,6,T,d,DNA,True,False,False,False,17
295,590682,6,7,T,d,DNA,True,False,False,False,17
295,590682,7,8,G,d,DNA,True,False,False,False,17
295,590682,8,9,A,d,DNA,True,False,False,False,17
295,590682,9,10,A,d,DNA,True,False,False,False,17
295,590682,10,11,A,d,DNA,True,False,False,False,17
295,590682,11,12,C,d,DNA,True,False,False,False,17
295,590682,12,13,A,C,cEt,False,False,True,True,17
295,590682,13,14,G,C,cEt,False,False,True,True,17
295,590682,14,15,A,M,MOE,False,True,False,True,17
295,590682,15,16,C,M,MOE,False,True,False,True,17
295,590682,16,17,A,M,MOE,False,True,False,True,17
296,590683,0,1,A,M,MOE,False,True,False,True,17
296,590683,1,2,G,M,MOE,False,True,False,True,17
296,590683,2,3,G,M,MOE,False,True,False,True,17
296,590683,3,4,T,C,cEt,False,False,True,True,17
296,590683,4,5,C,C,cEt,False,False,True,True,17
296,590683,5,6,A,d,DNA,True,False,False,False,17
296,590683,6,7,T,d,DNA,True,False,False,False,17
296,590683,7,8,T,d,DNA,True,False,False,False,17
296,590683,8,9,G,d,DNA,True,False,False,False,17
296,590683,9,10,A,d,DNA,True,False,False,False,17
296,590683,10,11,A,d,DNA,True,False,False,False,17
296,590683,11,12,A,d,DNA,True,False,False,False,17
296,590683,12,13,C,C,cEt,False,False,True,True,17
296,590683,13,14,A,C,cEt,False,False,True,True,17
296,590683,14,15,G,M,MOE,False,True,False,True,17
296,590683,15,16,A,M,MOE,False,True,False,True,17
296,590683,16,17,C,M,MOE,False,True,False,True,17
297,590684,0,1,C,M,MOE,False,True,False,True,17
297,590684,1,2,A,M,MOE,False,True,False,True,17
297,590684,2,3,G,M,MOE,False,True,False,True,17
297,590684,3,4,G,C,cEt,False,False,True,True,17
297,590684,4,5,T,C,cEt,False,False,True,True,17
297,590684,5,6,C,d,DNA,True,False,False,False,17
297,590684,6,7,A,d,DNA,True,False,False,False,17
297,590684,7,8,T,d,DNA,True,False,False,False,17
297,590684,8,9,T,d,DNA,True,False,False,False,17
297,590684,9,10,G,d,DNA,True,False,False,False,17
297,590684,10,11,A,d,DNA,True,False,False,False,17
297,590684,11,12,A,d,DNA,True,False,False,False,17
297,590684,12,13,A,C,cEt,False,False,True,True,17
297,590684,13,14,C,C,cEt,False,False,True,True,17
297,590684,14,15,A,M,MOE,False,True,False,True,17
297,590684,15,16,G,M,MOE,False,True,False,True,17
297,590684,16,17,A,M,MOE,False,True,False,True,17
298,590685,0,1,A,M,MOE,False,True,False,True,17
298,590685,1,2,C,M,MOE,False,True,False,True,17
298,590685,2,3,A,M,MOE,False,True,False,True,17
298,590685,3,4,G,C,cEt,False,False,True,True,17
298,590685,4,5,G,C,cEt,False,False,True,True,17
298,590685,5,6,T,d,DNA,True,False,False,False,17
298,590685,6,7,C,d,DNA,True,False,False,False,17
298,590685,7,8,A,d,DNA,True,False,False,False,17
298,590685,8,9,T,d,DNA,True,False,False,False,17
298,590685,9,10,T,d,DNA,True,False,False,False,17
298,590685,10,11,G,d,DNA,True,False,False,False,17
298,590685,11,12,A,d,DNA,True,False,False,False,17
298,590685,12,13,A,C,cEt,False,False,True,True,17
298,590685,13,14,A,C,cEt,False,False,True,True,17
298,590685,14,15,C,M,MOE,False,True,False,True,17
298,590685,15,16,A,M,MOE,False,True,False,True,17
298,590685,16,17,G,M,MOE,False,True,False,True,17
299,590686,0,1,T,M,MOE,False,True,False,True,17
299,590686,1,2,A,M,MOE,False,True,False,True,17
299,590686,2,3,C,M,MOE,False,True,False,True,17
299,590686,3,4,A,C,cEt,False,False,True,True,17
299,590686,4,5,G,C,cEt,False,False,True,True,17
299,590686,5,6,G,d,DNA,True,False,False,False,17
299,590686,6,7,T,d,DNA,True,False,False,False,17
299,590686,7,8,C,d,DNA,True,False,False,False,17
299,590686,8,9,A,d,DNA,True,False,False,False,17
299,590686,9,10,T,d,DNA,True,False,False,False,17
299,590686,10,11,T,d,DNA,True,False,False,False,17
299,590686,11,12,G,d,DNA,True,False,False,False,17
299,590686,12,13,A,C,cEt,False,False,True,True,17
299,590686,13,14,A,C,cEt,False,False,True,True,17
299,590686,14,15,A,M,MOE,False,True,False,True,17
299,590686,15,16,C,M,MOE,False,True,False,True,17
299,590686,16,17,A,M,MOE,False,True,False,True,17
300,590687,0,1,A,M,MOE,False,True,False,True,17
300,590687,1,2,T,M,MOE,False,True,False,True,17
300,590687,2,3,A,M,MOE,False,True,False,True,17
300,590687,3,4,C,C,cEt,False,False,True,True,17
300,590687,4,5,A,C,cEt,False,False,True,True,17
300,590687,5,6,G,d,DNA,True,False,False,False,17
300,590687,6,7,G,d,DNA,True,False,False,False,17
300,590687,7,8,T,d,DNA,True,False,False,False,17
300,590687,8,9,C,d,DNA,True,False,False,False,17
300,590687,9,10,A,d,DNA,True,False,False,False,17
300,590687,10,11,T,d,DNA,True,False,False,False,17
300,590687,11,12,T,d,DNA,True,False,False,False,17
300,590687,12,13,G,C,cEt,False,False,True,True,17
300,590687,13,14,A,C,cEt,False,False,True,True,17
300,590687,14,15,A,M,MOE,False,True,False,True,17
300,590687,15,16,A,M,MOE,False,True,False,True,17
300,590687,16,17,C,M,MOE,False,True,False,True,17
301,590688,0,1,A,M,MOE,False,True,False,True,17
301,590688,1,2,A,M,MOE,False,True,False,True,17
301,590688,2,3,T,M,MOE,False,True,False,True,17
301,590688,3,4,A,C,cEt,False,False,True,True,17
301,590688,4,5,C,C,cEt,False,False,True,True,17
301,590688,5,6,A,d,DNA,True,False,False,False,17
301,590688,6,7,G,d,DNA,True,False,False,False,17
301,590688,7,8,G,d,DNA,True,False,False,False,17
301,590688,8,9,T,d,DNA,True,False,False,False,17
301,590688,9,10,C,d,DNA,True,False,False,False,17
301,590688,10,11,A,d,DNA,True,False,False,False,17
301,590688,11,12,T,d,DNA,True,False,False,False,17
301,590688,12,13,T,C,cEt,False,False,True,True,17
301,590688,13,14,G,C,cEt,False,False,True,True,17
301,590688,14,15,A,M,MOE,False,True,False,True,17
301,590688,15,16,A,M,MOE,False,True,False,True,17
301,590688,16,17,A,M,MOE,False,True,False,True,17
302,590689,0,1,A,M,MOE,False,True,False,True,17
302,590689,1,2,A,M,MOE,False,True,False,True,17
302,590689,2,3,A,M,MOE,False,True,False,True,17
302,590689,3,4,T,C,cEt,False,False,True,True,17
302,590689,4,5,A,C,cEt,False,False,True,True,17
302,590689,5,6,C,d,DNA,True,False,False,False,17
302,590689,6,7,A,d,DNA,True,False,False,False,17
302,590689,7,8,G,d,DNA,True,False,False,False,17
302,590689,8,9,G,d,DNA,True,False,False,False,17
302,590689,9,10,T,d,DNA,True,False,False,False,17
302,590689,10,11,C,d,DNA,True,False,False,False,17
302,590689,11,12,A,d,DNA,True,False,False,False,17
302,590689,12,13,T,C,cEt,False,False,True,True,17
302,590689,13,14,T,C,cEt,False,False,True,True,17
302,590689,14,15,G,M,MOE,False,True,False,True,17
302,590689,15,16,A,M,MOE,False,True,False,True,17
302,590689,16,17,A,M,MOE,False,True,False,True,17
303,590690,0,1,A,M,MOE,False,True,False,True,17
303,590690,1,2,A,M,MOE,False,True,False,True,17
303,590690,2,3,A,M,MOE,False,True,False,True,17
303,590690,3,4,A,C,cEt,False,False,True,True,17
303,590690,4,5,T,C,cEt,False,False,True,True,17
303,590690,5,6,A,d,DNA,True,False,False,False,17
303,590690,6,7,C,d,DNA,True,False,False,False,17
303,590690,7,8,A,d,DNA,True,False,False,False,17
303,590690,8,9,G,d,DNA,True,False,False,False,17
303,590690,9,10,G,d,DNA,True,False,False,False,17
303,590690,10,11,T,d,DNA,True,False,False,False,17
303,590690,11,12,C,d,DNA,True,False,False,False,17
303,590690,12,13,A,C,cEt,False,False,True,True,17
303,590690,13,14,T,C,cEt,False,False,True,True,17
303,590690,14,15,T,M,MOE,False,True,False,True,17
303,590690,15,16,G,M,MOE,False,True,False,True,17
303,590690,16,17,A,M,MOE,False,True,False,True,17
304,590691,0,1,C,M,MOE,False,True,False,True,17
304,590691,1,2,A,M,MOE,False,True,False,True,17
304,590691,2,3,A,M,MOE,False,True,False,True,17
304,590691,3,4,A,C,cEt,False,False,True,True,17
304,590691,4,5,A,C,cEt,False,False,True,True,17
304,590691,5,6,T,d,DNA,True,False,False,False,17
304,590691,6,7,A,d,DNA,True,False,False,False,17
304,590691,7,8,C,d,DNA,True,False,False,False,17
304,590691,8,9,A,d,DNA,True,False,False,False,17
304,590691,9,10,G,d,DNA,True,False,False,False,17
304,590691,10,11,G,d,DNA,True,False,False,False,17
304,590691,11,12,T,d,DNA,True,False,False,False,17
304,590691,12,13,C,C,cEt,False,False,True,True,17
304,590691,13,14,A,C,cEt,False,False,True,True,17
304,590691,14,15,T,M,MOE,False,True,False,True,17
304,590691,15,16,T,M,MOE,False,True,False,True,17
304,590691,16,17,G,M,MOE,False,True,False,True,17
305,590692,0,1,G,M,MOE,False,True,False,True,17
305,590692,1,2,C,M,MOE,False,True,False,True,17
305,590692,2,3,A,M,MOE,False,True,False,True,17
305,590692,3,4,A,C,cEt,False,False,True,True,17
305,590692,4,5,A,C,cEt,False,False,True,True,17
305,590692,5,6,A,d,DNA,True,False,False,False,17
305,590692,6,7,T,d,DNA,True,False,False,False,17
305,590692,7,8,A,d,DNA,True,False,False,False,17
305,590692,8,9,C,d,DNA,True,False,False,False,17
305,590692,9,10,A,d,DNA,True,False,False,False,17
305,590692,10,11,G,d,DNA,True,False,False,False,17
305,590692,11,12,G,d,DNA,True,False,False,False,17
305,590692,12,13,T,C,cEt,False,False,True,True,17
305,590692,13,14,C,C,cEt,False,False,True,True,17
305,590692,14,15,A,M,MOE,False,True,False,True,17
305,590692,15,16,T,M,MOE,False,True,False,True,17
305,590692,16,17,T,M,MOE,False,True,False,True,17
306,590693,0,1,G,M,MOE,False,True,False,True,17
306,590693,1,2,G,M,MOE,False,True,False,True,17
306,590693,2,3,C,M,MOE,False,True,False,True,17
306,590693,3,4,A,C,cEt,False,False,True,True,17
306,590693,4,5,A,C,cEt,False,False,True,True,17
306,590693,5,6,A,d,DNA,True,False,False,False,17
306,590693,6,7,A,d,DNA,True,False,False,False,17
306,590693,7,8,T,d,DNA,True,False,False,False,17
306,590693,8,9,A,d,DNA,True,False,False,False,17
306,590693,9,10,C,d,DNA,True,False,False,False,17
306,590693,10,11,A,d,DNA,True,False,False,False,17
306,590693,11,12,G,d,DNA,True,False,False,False,17
306,590693,12,13,G,C,cEt,False,False,True,True,17
306,590693,13,14,T,C,cEt,False,False,True,True,17
306,590693,14,15,C,M,MOE,False,True,False,True,17
306,590693,15,16,A,M,MOE,False,True,False,True,17
306,590693,16,17,T,M,MOE,False,True,False,True,17
307,590694,0,1,T,M,MOE,False,True,False,True,17
307,590694,1,2,G,M,MOE,False,True,False,True,17
307,590694,2,3,G,M,MOE,False,True,False,True,17
307,590694,3,4,C,C,cEt,False,False,True,True,17
307,590694,4,5,A,C,cEt,False,False,True,True,17
307,590694,5,6,A,d,DNA,True,False,False,False,17
307,590694,6,7,A,d,DNA,True,False,False,False,17
307,590694,7,8,A,d,DNA,True,False,False,False,17
307,590694,8,9,T,d,DNA,True,False,False,False,17
307,590694,9,10,A,d,DNA,True,False,False,False,17
307,590694,10,11,C,d,DNA,True,False,False,False,17
307,590694,11,12,A,d,DNA,True,False,False,False,17
307,590694,12,13,G,C,cEt,False,False,True,True,17
307,590694,13,14,G,C,cEt,False,False,True,True,17
307,590694,14,15,T,M,MOE,False,True,False,True,17
307,590694,15,16,C,M,MOE,False,True,False,True,17
307,590694,16,17,A,M,MOE,False,True,False,True,17
308,590695,0,1,C,M,MOE,False,True,False,True,17
308,590695,1,2,T,M,MOE,False,True,False,True,17
308,590695,2,3,G,M,MOE,False,True,False,True,17
308,590695,3,4,G,C,cEt,False,False,True,True,17
308,590695,4,5,C,C,cEt,False,False,True,True,17
308,590695,5,6,A,d,DNA,True,False,False,False,17
308,590695,6,7,A,d,DNA,True,False,False,False,17
308,590695,7,8,A,d,DNA,True,False,False,False,17
308,590695,8,9,A,d,DNA,True,False,False,False,17
308,590695,9,10,T,d,DNA,True,False,False,False,17
308,590695,10,11,A,d,DNA,True,False,False,False,17
308,590695,11,12,C,d,DNA,True,False,False,False,17
308,590695,12,13,A,C,cEt,False,False,True,True,17
308,590695,13,14,G,C,cEt,False,False,True,True,17
308,590695,14,15,G,M,MOE,False,True,False,True,17
308,590695,15,16,T,M,MOE,False,True,False,True,17
308,590695,16,17,C,M,MOE,False,True,False,True,17
309,590696,0,1,T,M,MOE,False,True,False,True,17
309,590696,1,2,C,M,MOE,False,True,False,True,17
309,590696,2,3,T,M,MOE,False,True,False,True,17
309,590696,3,4,G,C,cEt,False,False,True,True,17
309,590696,4,5,G,C,cEt,False,False,True,True,17
309,590696,5,6,C,d,DNA,True,False,False,False,17
309,590696,6,7,A,d,DNA,True,False,False,False,17
309,590696,7,8,A,d,DNA,True,False,False,False,17
309,590696,8,9,A,d,DNA,True,False,False,False,17
309,590696,9,10,A,d,DNA,True,False,False,False,17
309,590696,10,11,T,d,DNA,True,False,False,False,17
309,590696,11,12,A,d,DNA,True,False,False,False,17
309,590696,12,13,C,C,cEt,False,False,True,True,17
309,590696,13,14,A,C,cEt,False,False,True,True,17
309,590696,14,15,G,M,MOE,False,True,False,True,17
309,590696,15,16,G,M,MOE,False,True,False,True,17
309,590696,16,17,T,M,MOE,False,True,False,True,17
310,590697,0,1,G,M,MOE,False,True,False,True,17
310,590697,1,2,T,M,MOE,False,True,False,True,17
310,590697,2,3,C,M,MOE,False,True,False,True,17
310,590697,3,4,T,C,cEt,False,False,True,True,17
310,590697,4,5,G,C,cEt,False,False,True,True,17
310,590697,5,6,G,d,DNA,True,False,False,False,17
310,590697,6,7,C,d,DNA,True,False,False,False,17
310,590697,7,8,A,d,DNA,True,False,False,False,17
310,590697,8,9,A,d,DNA,True,False,False,False,17
310,590697,9,10,A,d,DNA,True,False,False,False,17
310,590697,10,11,A,d,DNA,True,False,False,False,17
310,590697,11,12,T,d,DNA,True,False,False,False,17
310,590697,12,13,A,C,cEt,False,False,True,True,17
310,590697,13,14,C,C,cEt,False,False,True,True,17
310,590697,14,15,A,M,MOE,False,True,False,True,17
310,590697,15,16,G,M,MOE,False,True,False,True,17
310,590697,16,17,G,M,MOE,False,True,False,True,17
311,590698,0,1,A,M,MOE,False,True,False,True,17
311,590698,1,2,G,M,MOE,False,True,False,True,17
311,590698,2,3,T,M,MOE,False,True,False,True,17
311,590698,3,4,C,C,cEt,False,False,True,True,17
311,590698,4,5,T,C,cEt,False,False,True,True,17
311,590698,5,6,G,d,DNA,True,False,False,False,17
311,590698,6,7,G,d,DNA,True,False,False,False,17
311,590698,7,8,C,d,DNA,True,False,False,False,17
311,590698,8,9,A,d,DNA,True,False,False,False,17
311,590698,9,10,A,d,DNA,True,False,False,False,17
311,590698,10,11,A,d,DNA,True,False,False,False,17
311,590698,11,12,A,d,DNA,True,False,False,False,17
311,590698,12,13,T,C,cEt,False,False,True,True,17
311,590698,13,14,A,C,cEt,False,False,True,True,17
311,590698,14,15,C,M,MOE,False,True,False,True,17
311,590698,15,16,A,M,MOE,False,True,False,True,17
311,590698,16,17,G,M,MOE,False,True,False,True,17
312,590699,0,1,A,M,MOE,False,True,False,True,17
312,590699,1,2,A,M,MOE,False,True,False,True,17
312,590699,2,3,G,M,MOE,False,True,False,True,17
312,590699,3,4,T,C,cEt,False,False,True,True,17
312,590699,4,5,C,C,cEt,False,False,True,True,17
312,590699,5,6,T,d,DNA,True,False,False,False,17
312,590699,6,7,G,d,DNA,True,False,False,False,17
312,590699,7,8,G,d,DNA,True,False,False,False,17
312,590699,8,9,C,d,DNA,True,False,False,False,17
312,590699,9,10,A,d,DNA,True,False,False,False,17
312,590699,10,11,A,d,DNA,True,False,False,False,17
312,590699,11,12,A,d,DNA,True,False,False,False,17
312,590699,12,13,A,C,cEt,False,False,True,True,17
312,590699,13,14,T,C,cEt,False,False,True,True,17
312,590699,14,15,A,M,MOE,False,True,False,True,17
312,590699,15,16,C,M,MOE,False,True,False,True,17
312,590699,16,17,A,M,MOE,False,True,False,True,17
313,590700,0,1,T,M,MOE,False,True,False,True,17
313,590700,1,2,A,M,MOE,False,True,False,True,17
313,590700,2,3,A,M,MOE,False,True,False,True,17
313,590700,3,4,G,C,cEt,False,False,True,True,17
313,590700,4,5,T,C,cEt,False,False,True,True,17
313,590700,5,6,C,d,DNA,True,False,False,False,17
313,590700,6,7,T,d,DNA,True,False,False,False,17
313,590700,7,8,G,d,DNA,True,False,False,False,17
313,590700,8,9,G,d,DNA,True,False,False,False,17
313,590700,9,10,C,d,DNA,True,False,False,False,17
313,590700,10,11,A,d,DNA,True,False,False,False,17
313,590700,11,12,A,d,DNA,True,False,False,False,17
313,590700,12,13,A,C,cEt,False,False,True,True,17
313,590700,13,14,A,C,cEt,False,False,True,True,17
313,590700,14,15,T,M,MOE,False,True,False,True,17
313,590700,15,16,A,M,MOE,False,True,False,True,17
313,590700,16,17,C,M,MOE,False,True,False,True,17
314,590701,0,1,T,M,MOE,False,True,False,True,17
314,590701,1,2,T,M,MOE,False,True,False,True,17
314,590701,2,3,A,M,MOE,False,True,False,True,17
314,590701,3,4,A,C,cEt,False,False,True,True,17
314,590701,4,5,G,C,cEt,False,False,True,True,17
314,590701,5,6,T,d,DNA,True,False,False,False,17
314,590701,6,7,C,d,DNA,True,False,False,False,17
314,590701,7,8,T,d,DNA,True,False,False,False,17
314,590701,8,9,G,d,DNA,True,False,False,False,17
314,590701,9,10,G,d,DNA,True,False,False,False,17
314,590701,10,11,C,d,DNA,True,False,False,False,17
314,590701,11,12,A,d,DNA,True,False,False,False,17
314,590701,12,13,A,C,cEt,False,False,True,True,17
314,590701,13,14,A,C,cEt,False,False,True,True,17
314,590701,14,15,A,M,MOE,False,True,False,True,17
314,590701,15,16,T,M,MOE,False,True,False,True,17
314,590701,16,17,A,M,MOE,False,True,False,True,17
315,590702,0,1,A,M,MOE,False,True,False,True,17
315,590702,1,2,A,M,MOE,False,True,False,True,17
315,590702,2,3,T,M,MOE,False,True,False,True,17
315,590702,3,4,A,C,cEt,False,False,True,True,17
315,590702,4,5,C,C,cEt,False,False,True,True,17
315,590702,5,6,C,d,DNA,True,False,False,False,17
315,590702,6,7,C,d,DNA,True,False,False,False,17
315,590702,7,8,A,d,DNA,True,False,False,False,17
315,590702,8,9,T,d,DNA,True,False,False,False,17
315,590702,9,10,C,d,DNA,True,False,False,False,17
315,590702,10,11,T,d,DNA,True,False,False,False,17
315,590702,11,12,G,d,DNA,True,False,False,False,17
315,590702,12,13,T,C,cEt,False,False,True,True,17
315,590702,13,14,G,C,cEt,False,False,True,True,17
315,590702,14,15,A,M,MOE,False,True,False,True,17
315,590702,15,16,T,M,MOE,False,True,False,True,17
315,590702,16,17,T,M,MOE,False,True,False,True,17
316,590703,0,1,T,M,MOE,False,True,False,True,17
316,590703,1,2,A,M,MOE,False,True,False,True,17
316,590703,2,3,A,M,MOE,False,True,False,True,17
316,590703,3,4,T,C,cEt,False,False,True,True,17
316,590703,4,5,A,C,cEt,False,False,True,True,17
316,590703,5,6,C,d,DNA,True,False,False,False,17
316,590703,6,7,C,d,DNA,True,False,False,False,17
316,590703,7,8,C,d,DNA,True,False,False,False,17
316,590703,8,9,A,d,DNA,True,False,False,False,17
316,590703,9,10,T,d,DNA,True,False,False,False,17
316,590703,10,11,C,d,DNA,True,False,False,False,17
316,590703,11,12,T,d,DNA,True,False,False,False,17
316,590703,12,13,G,C,cEt,False,False,True,True,17
316,590703,13,14,T,C,cEt,False,False,True,True,17
316,590703,14,15,G,M,MOE,False,True,False,True,17
316,590703,15,16,A,M,MOE,False,True,False,True,17
316,590703,16,17,T,M,MOE,False,True,False,True,17
317,590704,0,1,T,M,MOE,False,True,False,True,17
317,590704,1,2,T,M,MOE,False,True,False,True,17
317,590704,2,3,A,M,MOE,False,True,False,True,17
317,590704,3,4,A,C,cEt,False,False,True,True,17
317,590704,4,5,T,C,cEt,False,False,True,True,17
317,590704,5,6,A,d,DNA,True,False,False,False,17
317,590704,6,7,C,d,DNA,True,False,False,False,17
317,590704,7,8,C,d,DNA,True,False,False,False,17
317,590704,8,9,C,d,DNA,True,False,False,False,17
317,590704,9,10,A,d,DNA,True,False,False,False,17
317,590704,10,11,T,d,DNA,True,False,False,False,17
317,590704,11,12,C,d,DNA,True,False,False,False,17
317,590704,12,13,T,C,cEt,False,False,True,True,17
317,590704,13,14,G,C,cEt,False,False,True,True,17
317,590704,14,15,T,M,MOE,False,True,False,True,17
317,590704,15,16,G,M,MOE,False,True,False,True,17
317,590704,16,17,A,M,MOE,False,True,False,True,17
318,590705,0,1,T,M,MOE,False,True,False,True,17
318,590705,1,2,T,M,MOE,False,True,False,True,17
318,590705,2,3,T,M,MOE,False,True,False,True,17
318,590705,3,4,A,C,cEt,False,False,True,True,17
318,590705,4,5,A,C,cEt,False,False,True,True,17
318,590705,5,6,T,d,DNA,True,False,False,False,17
318,590705,6,7,A,d,DNA,True,False,False,False,17
318,590705,7,8,C,d,DNA,True,False,False,False,17
318,590705,8,9,C,d,DNA,True,False,False,False,17
318,590705,9,10,C,d,DNA,True,False,False,False,17
318,590705,10,11,A,d,DNA,True,False,False,False,17
318,590705,11,12,T,d,DNA,True,False,False,False,17
318,590705,12,13,C,C,cEt,False,False,True,True,17
318,590705,13,14,T,C,cEt,False,False,True,True,17
318,590705,14,15,G,M,MOE,False,True,False,True,17
318,590705,15,16,T,M,MOE,False,True,False,True,17
318,590705,16,17,G,M,MOE,False,True,False,True,17
319,590706,0,1,G,M,MOE,False,True,False,True,17
319,590706,1,2,T,M,MOE,False,True,False,True,17
319,590706,2,3,T,M,MOE,False,True,False,True,17
319,590706,3,4,T,C,cEt,False,False,True,True,17
319,590706,4,5,A,C,cEt,False,False,True,True,17
319,590706,5,6,A,d,DNA,True,False,False,False,17
319,590706,6,7,T,d,DNA,True,False,False,False,17
319,590706,7,8,A,d,DNA,True,False,False,False,17
319,590706,8,9,C,d,DNA,True,False,False,False,17
319,590706,9,10,C,d,DNA,True,False,False,False,17
319,590706,10,11,C,d,DNA,True,False,False,False,17
319,590706,11,12,A,d,DNA,True,False,False,False,17
319,590706,12,13,T,C,cEt,False,False,True,True,17
319,590706,13,14,C,C,cEt,False,False,True,True,17
319,590706,14,15,T,M,MOE,False,True,False,True,17
319,590706,15,16,G,M,MOE,False,True,False,True,17
319,590706,16,17,T,M,MOE,False,True,False,True,17
320,590707,0,1,A,M,MOE,False,True,False,True,17
320,590707,1,2,G,M,MOE,False,True,False,True,17
320,590707,2,3,T,M,MOE,False,True,False,True,17
320,590707,3,4,T,C,cEt,False,False,True,True,17
320,590707,4,5,T,C,cEt,False,False,True,True,17
320,590707,5,6,A,d,DNA,True,False,False,False,17
320,590707,6,7,A,d,DNA,True,False,False,False,17
320,590707,7,8,T,d,DNA,True,False,False,False,17
320,590707,8,9,A,d,DNA,True,False,False,False,17
320,590707,9,10,C,d,DNA,True,False,False,False,17
320,590707,10,11,C,d,DNA,True,False,False,False,17
320,590707,11,12,C,d,DNA,True,False,False,False,17
320,590707,12,13,A,C,cEt,False,False,True,True,17
320,590707,13,14,T,C,cEt,False,False,True,True,17
320,590707,14,15,C,M,MOE,False,True,False,True,17
320,590707,15,16,T,M,MOE,False,True,False,True,17
320,590707,16,17,G,M,MOE,False,True,False,True,17
321,590708,0,1,A,M,MOE,False,True,False,True,17
321,590708,1,2,A,M,MOE,False,True,False,True,17
321,590708,2,3,G,M,MOE,False,True,False,True,17
321,590708,3,4,T,C,cEt,False,False,True,True,17
321,590708,4,5,T,C,cEt,False,False,True,True,17
321,590708,5,6,T,d,DNA,True,False,False,False,17
321,590708,6,7,A,d,DNA,True,False,False,False,17
321,590708,7,8,A,d,DNA,True,False,False,False,17
321,590708,8,9,T,d,DNA,True,False,False,False,17
321,590708,9,10,A,d,DNA,True,False,False,False,17
321,590708,10,11,C,d,DNA,True,False,False,False,17
321,590708,11,12,C,d,DNA,True,False,False,False,17
321,590708,12,13,C,C,cEt,False,False,True,True,17
321,590708,13,14,A,C,cEt,False,False,True,True,17
321,590708,14,15,T,M,MOE,False,True,False,True,17
321,590708,15,16,C,M,MOE,False,True,False,True,17
321,590708,16,17,T,M,MOE,False,True,False,True,17
322,590709,0,1,C,M,MOE,False,True,False,True,17
322,590709,1,2,A,M,MOE,False,True,False,True,17
322,590709,2,3,A,M,MOE,False,True,False,True,17
322,590709,3,4,G,C,cEt,False,False,True,True,17
322,590709,4,5,T,C,cEt,False,False,True,True,17
322,590709,5,6,T,d,DNA,True,False,False,False,17
322,590709,6,7,T,d,DNA,True,False,False,False,17
322,590709,7,8,A,d,DNA,True,False,False,False,17
322,590709,8,9,A,d,DNA,True,False,False,False,17
322,590709,9,10,T,d,DNA,True,False,False,False,17
322,590709,10,11,A,d,DNA,True,False,False,False,17
322,590709,11,12,C,d,DNA,True,False,False,False,17
322,590709,12,13,C,C,cEt,False,False,True,True,17
322,590709,13,14,C,C,cEt,False,False,True,True,17
322,590709,14,15,A,M,MOE,False,True,False,True,17
322,590709,15,16,T,M,MOE,False,True,False,True,17
322,590709,16,17,C,M,MOE,False,True,False,True,17
323,590710,0,1,A,M,MOE,False,True,False,True,17
323,590710,1,2,C,M,MOE,False,True,False,True,17
323,590710,2,3,A,M,MOE,False,True,False,True,17
323,590710,3,4,A,C,cEt,False,False,True,True,17
323,590710,4,5,G,C,cEt,False,False,True,True,17
323,590710,5,6,T,d,DNA,True,False,False,False,17
323,590710,6,7,T,d,DNA,True,False,False,False,17
323,590710,7,8,T,d,DNA,True,False,False,False,17
323,590710,8,9,A,d,DNA,True,False,False,False,17
323,590710,9,10,A,d,DNA,True,False,False,False,17
323,590710,10,11,T,d,DNA,True,False,False,False,17
323,590710,11,12,A,d,DNA,True,False,False,False,17
323,590710,12,13,C,C,cEt,False,False,True,True,17
323,590710,13,14,C,C,cEt,False,False,True,True,17
323,590710,14,15,C,M,MOE,False,True,False,True,17
323,590710,15,16,A,M,MOE,False,True,False,True,17
323,590710,16,17,T,M,MOE,False,True,False,True,17
324,590711,0,1,G,M,MOE,False,True,False,True,17
324,590711,1,2,A,M,MOE,False,True,False,True,17
324,590711,2,3,C,M,MOE,False,True,False,True,17
324,590711,3,4,A,C,cEt,False,False,True,True,17
324,590711,4,5,A,C,cEt,False,False,True,True,17
324,590711,5,6,G,d,DNA,True,False,False,False,17
324,590711,6,7,T,d,DNA,True,False,False,False,17
324,590711,7,8,T,d,DNA,True,False,False,False,17
324,590711,8,9,T,d,DNA,True,False,False,False,17
324,590711,9,10,A,d,DNA,True,False,False,False,17
324,590711,10,11,A,d,DNA,True,False,False,False,17
324,590711,11,12,T,d,DNA,True,False,False,False,17
324,590711,12,13,A,C,cEt,False,False,True,True,17
324,590711,13,14,C,C,cEt,False,False,True,True,17
324,590711,14,15,C,M,MOE,False,True,False,True,17
324,590711,15,16,C,M,MOE,False,True,False,True,17
324,590711,16,17,A,M,MOE,False,True,False,True,17
325,590712,0,1,T,M,MOE,False,True,False,True,17
325,590712,1,2,G,M,MOE,False,True,False,True,17
325,590712,2,3,A,M,MOE,False,True,False,True,17
325,590712,3,4,C,C,cEt,False,False,True,True,17
325,590712,4,5,A,C,cEt,False,False,True,True,17
325,590712,5,6,A,d,DNA,True,False,False,False,17
325,590712,6,7,G,d,DNA,True,False,False,False,17
325,590712,7,8,T,d,DNA,True,False,False,False,17
325,590712,8,9,T,d,DNA,True,False,False,False,17
325,590712,9,10,T,d,DNA,True,False,False,False,17
325,590712,10,11,A,d,DNA,True,False,False,False,17
325,590712,11,12,A,d,DNA,True,False,False,False,17
325,590712,12,13,T,C,cEt,False,False,True,True,17
325,590712,13,14,A,C,cEt,False,False,True,True,17
325,590712,14,15,C,M,MOE,False,True,False,True,17
325,590712,15,16,C,M,MOE,False,True,False,True,17
325,590712,16,17,C,M,MOE,False,True,False,True,17
326,590713,0,1,C,M,MOE,False,True,False,True,17
326,590713,1,2,T,M,MOE,False,True,False,True,17
326,590713,2,3,G,M,MOE,False,True,False,True,17
326,590713,3,4,A,C,cEt,False,False,True,True,17
326,590713,4,5,C,C,cEt,False,False,True,True,17
326,590713,5,6,A,d,DNA,True,False,False,False,17
326,590713,6,7,A,d,DNA,True,False,False,False,17
326,590713,7,8,G,d,DNA,True,False,False,False,17
326,590713,8,9,T,d,DNA,True,False,False,False,17
326,590713,9,10,T,d,DNA,True,False,False,False,17
326,590713,10,11,T,d,DNA,True,False,False,False,17
326,590713,11,12,A,d,DNA,True,False,False,False,17
326,590713,12,13,A,C,cEt,False,False,True,True,17
326,590713,13,14,T,C,cEt,False,False,True,True,17
326,590713,14,15,A,M,MOE,False,True,False,True,17
326,590713,15,16,C,M,MOE,False,True,False,True,17
326,590713,16,17,C,M,MOE,False,True,False,True,17
327,590714,0,1,T,M,MOE,False,True,False,True,17
327,590714,1,2,C,M,MOE,False,True,False,True,17
327,590714,2,3,T,M,MOE,False,True,False,True,17
327,590714,3,4,G,C,cEt,False,False,True,True,17
327,590714,4,5,A,C,cEt,False,False,True,True,17
327,590714,5,6,C,d,DNA,True,False,False,False,17
327,590714,6,7,A,d,DNA,True,False,False,False,17
327,590714,7,8,A,d,DNA,True,False,False,False,17
327,590714,8,9,G,d,DNA,True,False,False,False,17
327,590714,9,10,T,d,DNA,True,False,False,False,17
327,590714,10,11,T,d,DNA,True,False,False,False,17
327,590714,11,12,T,d,DNA,True,False,False,False,17
327,590714,12,13,A,C,cEt,False,False,True,True,17
327,590714,13,14,A,C,cEt,False,False,True,True,17
327,590714,14,15,T,M,MOE,False,True,False,True,17
327,590714,15,16,A,M,MOE,False,True,False,True,17
327,590714,16,17,C,M,MOE,False,True,False,True,17
328,590715,0,1,T,M,MOE,False,True,False,True,17
328,590715,1,2,T,M,MOE,False,True,False,True,17
328,590715,2,3,C,M,MOE,False,True,False,True,17
328,590715,3,4,T,C,cEt,False,False,True,True,17
328,590715,4,5,G,C,cEt,False,False,True,True,17
328,590715,5,6,A,d,DNA,True,False,False,False,17
328,590715,6,7,C,d,DNA,True,False,False,False,17
328,590715,7,8,A,d,DNA,True,False,False,False,17
328,590715,8,9,A,d,DNA,True,False,False,False,17
328,590715,9,10,G,d,DNA,True,False,False,False,17
328,590715,10,11,T,d,DNA,True,False,False,False,17
328,590715,11,12,T,d,DNA,True,False,False,False,17
328,590715,12,13,T,C,cEt,False,False,True,True,17
328,590715,13,14,A,C,cEt,False,False,True,True,17
328,590715,14,15,A,M,MOE,False,True,False,True,17
328,590715,15,16,T,M,MOE,False,True,False,True,17
328,590715,16,17,A,M,MOE,False,True,False,True,17
329,590716,0,1,A,M,MOE,False,True,False,True,17
329,590716,1,2,T,M,MOE,False,True,False,True,17
329,590716,2,3,T,M,MOE,False,True,False,True,17
329,590716,3,4,C,C,cEt,False,False,True,True,17
329,590716,4,5,T,C,cEt,False,False,True,True,17
329,590716,5,6,G,d,DNA,True,False,False,False,17
329,590716,6,7,A,d,DNA,True,False,False,False,17
329,590716,7,8,C,d,DNA,True,False,False,False,17
329,590716,8,9,A,d,DNA,True,False,False,False,17
329,590716,9,10,A,d,DNA,True,False,False,False,17
329,590716,10,11,G,d,DNA,True,False,False,False,17
329,590716,11,12,T,d,DNA,True,False,False,False,17
329,590716,12,13,T,C,cEt,False,False,True,True,17
329,590716,13,14,T,C,cEt,False,False,True,True,17
329,590716,14,15,A,M,MOE,False,True,False,True,17
329,590716,15,16,A,M,MOE,False,True,False,True,17
329,590716,16,17,T,M,MOE,False,True,False,True,17
330,590717,0,1,A,M,MOE,False,True,False,True,17
330,590717,1,2,A,M,MOE,False,True,False,True,17
330,590717,2,3,T,M,MOE,False,True,False,True,17
330,590717,3,4,T,C,cEt,False,False,True,True,17
330,590717,4,5,C,C,cEt,False,False,True,True,17
330,590717,5,6,T,d,DNA,True,False,False,False,17
330,590717,6,7,G,d,DNA,True,False,False,False,17
330,590717,7,8,A,d,DNA,True,False,False,False,17
330,590717,8,9,C,d,DNA,True,False,False,False,17
330,590717,9,10,A,d,DNA,True,False,False,False,17
330,590717,10,11,A,d,DNA,True,False,False,False,17
330,590717,11,12,G,d,DNA,True,False,False,False,17
330,590717,12,13,T,C,cEt,False,False,True,True,17
330,590717,13,14,T,C,cEt,False,False,True,True,17
330,590717,14,15,T,M,MOE,False,True,False,True,17
330,590717,15,16,A,M,MOE,False,True,False,True,17
330,590717,16,17,A,M,MOE,False,True,False,True,17
331,590718,0,1,A,M,MOE,False,True,False,True,17
331,590718,1,2,A,M,MOE,False,True,False,True,17
331,590718,2,3,A,M,MOE,False,True,False,True,17
331,590718,3,4,T,C,cEt,False,False,True,True,17
331,590718,4,5,T,C,cEt,False,False,True,True,17
331,590718,5,6,C,d,DNA,True,False,False,False,17
331,590718,6,7,T,d,DNA,True,False,False,False,17
331,590718,7,8,G,d,DNA,True,False,False,False,17
331,590718,8,9,A,d,DNA,True,False,False,False,17
331,590718,9,10,C,d,DNA,True,False,False,False,17
331,590718,10,11,A,d,DNA,True,False,False,False,17
331,590718,11,12,A,d,DNA,True,False,False,False,17
331,590718,12,13,G,C,cEt,False,False,True,True,17
331,590718,13,14,T,C,cEt,False,False,True,True,17
331,590718,14,15,T,M,MOE,False,True,False,True,17
331,590718,15,16,T,M,MOE,False,True,False,True,17
331,590718,16,17,A,M,MOE,False,True,False,True,17
332,590719,0,1,G,M,MOE,False,True,False,True,17
332,590719,1,2,A,M,MOE,False,True,False,True,17
332,590719,2,3,A,M,MOE,False,True,False,True,17
332,590719,3,4,A,C,cEt,False,False,True,True,17
332,590719,4,5,T,C,cEt,False,False,True,True,17
332,590719,5,6,T,d,DNA,True,False,False,False,17
332,590719,6,7,C,d,DNA,True,False,False,False,17
332,590719,7,8,T,d,DNA,True,False,False,False,17
332,590719,8,9,G,d,DNA,True,False,False,False,17
332,590719,9,10,A,d,DNA,True,False,False,False,17
332,590719,10,11,C,d,DNA,True,False,False,False,17
332,590719,11,12,A,d,DNA,True,False,False,False,17
332,590719,12,13,A,C,cEt,False,False,True,True,17
332,590719,13,14,G,C,cEt,False,False,True,True,17
332,590719,14,15,T,M,MOE,False,True,False,True,17
332,590719,15,16,T,M,MOE,False,True,False,True,17
332,590719,16,17,T,M,MOE,False,True,False,True,17
333,590720,0,1,A,M,MOE,False,True,False,True,17
333,590720,1,2,G,M,MOE,False,True,False,True,17
333,590720,2,3,A,M,MOE,False,True,False,True,17
333,590720,3,4,A,C,cEt,False,False,True,True,17
333,590720,4,5,A,C,cEt,False,False,True,True,17
333,590720,5,6,T,d,DNA,True,False,False,False,17
333,590720,6,7,T,d,DNA,True,False,False,False,17
333,590720,7,8,C,d,DNA,True,False,False,False,17
333,590720,8,9,T,d,DNA,True,False,False,False,17
333,590720,9,10,G,d,DNA,True,False,False,False,17
333,590720,10,11,A,d,DNA,True,False,False,False,17
333,590720,11,12,C,d,DNA,True,False,False,False,17
333,590720,12,13,A,C,cEt,False,False,True,True,17
333,590720,13,14,A,C,cEt,False,False,True,True,17
333,590720,14,15,G,M,MOE,False,True,False,True,17
333,590720,15,16,T,M,MOE,False,True,False,True,17
333,590720,16,17,T,M,MOE,False,True,False,True,17
334,590721,0,1,A,M,MOE,False,True,False,True,17
334,590721,1,2,A,M,MOE,False,True,False,True,17
334,590721,2,3,G,M,MOE,False,True,False,True,17
334,590721,3,4,A,C,cEt,False,False,True,True,17
334,590721,4,5,A,C,cEt,False,False,True,True,17
334,590721,5,6,A,d,DNA,True,False,False,False,17
334,590721,6,7,T,d,DNA,True,False,False,False,17
334,590721,7,8,T,d,DNA,True,False,False,False,17
334,590721,8,9,C,d,DNA,True,False,False,False,17
334,590721,9,10,T,d,DNA,True,False,False,False,17
334,590721,10,11,G,d,DNA,True,False,False,False,17
334,590721,11,12,A,d,DNA,True,False,False,False,17
334,590721,12,13,C,C,cEt,False,False,True,True,17
334,590721,13,14,A,C,cEt,False,False,True,True,17
334,590721,14,15,A,M,MOE,False,True,False,True,17
334,590721,15,16,G,M,MOE,False,True,False,True,17
334,590721,16,17,T,M,MOE,False,True,False,True,17
335,590722,0,1,T,M,MOE,False,True,False,True,17
335,590722,1,2,T,M,MOE,False,True,False,True,17
335,590722,2,3,C,M,MOE,False,True,False,True,17
335,590722,3,4,A,C,cEt,False,False,True,True,17
335,590722,4,5,C,C,cEt,False,False,True,True,17
335,590722,5,6,A,d,DNA,True,False,False,False,17
335,590722,6,7,G,d,DNA,True,False,False,False,17
335,590722,7,8,G,d,DNA,True,False,False,False,17
335,590722,8,9,C,d,DNA,True,False,False,False,17
335,590722,9,10,T,d,DNA,True,False,False,False,17
335,590722,10,11,T,d,DNA,True,False,False,False,17
335,590722,11,12,G,d,DNA,True,False,False,False,17
335,590722,12,13,A,C,cEt,False,False,True,True,17
335,590722,13,14,A,C,cEt,False,False,True,True,17
335,590722,14,15,T,M,MOE,False,True,False,True,17
335,590722,15,16,G,M,MOE,False,True,False,True,17
335,590722,16,17,A,M,MOE,False,True,False,True,17
336,590723,0,1,A,M,MOE,False,True,False,True,17
336,590723,1,2,T,M,MOE,False,True,False,True,17
336,590723,2,3,T,M,MOE,False,True,False,True,17
336,590723,3,4,C,C,cEt,False,False,True,True,17
336,590723,4,5,A,C,cEt,False,False,True,True,17
336,590723,5,6,C,d,DNA,True,False,False,False,17
336,590723,6,7,A,d,DNA,True,False,False,False,17
336,590723,7,8,G,d,DNA,True,False,False,False,17
336,590723,8,9,G,d,DNA,True,False,False,False,17
336,590723,9,10,C,d,DNA,True,False,False,False,17
336,590723,10,11,T,d,DNA,True,False,False,False,17
336,590723,11,12,T,d,DNA,True,False,False,False,17
336,590723,12,13,G,C,cEt,False,False,True,True,17
336,590723,13,14,A,C,cEt,False,False,True,True,17
336,590723,14,15,A,M,MOE,False,True,False,True,17
336,590723,15,16,T,M,MOE,False,True,False,True,17
336,590723,16,17,G,M,MOE,False,True,False,True,17
337,590724,0,1,T,M,MOE,False,True,False,True,17
337,590724,1,2,A,M,MOE,False,True,False,True,17
337,590724,2,3,T,M,MOE,False,True,False,True,17
337,590724,3,4,T,C,cEt,False,False,True,True,17
337,590724,4,5,C,C,cEt,False,False,True,True,17
337,590724,5,6,A,d,DNA,True,False,False,False,17
337,590724,6,7,C,d,DNA,True,False,False,False,17
337,590724,7,8,A,d,DNA,True,False,False,False,17
337,590724,8,9,G,d,DNA,True,False,False,False,17
337,590724,9,10,G,d,DNA,True,False,False,False,17
337,590724,10,11,C,d,DNA,True,False,False,False,17
337,590724,11,12,T,d,DNA,True,False,False,False,17
337,590724,12,13,T,C,cEt,False,False,True,True,17
337,590724,13,14,G,C,cEt,False,False,True,True,17
337,590724,14,15,A,M,MOE,False,True,False,True,17
337,590724,15,16,A,M,MOE,False,True,False,True,17
337,590724,16,17,T,M,MOE,False,True,False,True,17
338,590725,0,1,T,M,MOE,False,True,False,True,17
338,590725,1,2,T,M,MOE,False,True,False,True,17
338,590725,2,3,A,M,MOE,False,True,False,True,17
338,590725,3,4,T,C,cEt,False,False,True,True,17
338,590725,4,5,T,C,cEt,False,False,True,True,17
338,590725,5,6,C,d,DNA,True,False,False,False,17
338,590725,6,7,A,d,DNA,True,False,False,False,17
338,590725,7,8,C,d,DNA,True,False,False,False,17
338,590725,8,9,A,d,DNA,True,False,False,False,17
338,590725,9,10,G,d,DNA,True,False,False,False,17
338,590725,10,11,G,d,DNA,True,False,False,False,17
338,590725,11,12,C,d,DNA,True,False,False,False,17
338,590725,12,13,T,C,cEt,False,False,True,True,17
338,590725,13,14,T,C,cEt,False,False,True,True,17
338,590725,14,15,G,M,MOE,False,True,False,True,17
338,590725,15,16,A,M,MOE,False,True,False,True,17
338,590725,16,17,A,M,MOE,False,True,False,True,17
339,590726,0,1,T,M,MOE,False,True,False,True,17
339,590726,1,2,T,M,MOE,False,True,False,True,17
339,590726,2,3,T,M,MOE,False,True,False,True,17
339,590726,3,4,A,C,cEt,False,False,True,True,17
339,590726,4,5,T,C,cEt,False,False,True,True,17
339,590726,5,6,T,d,DNA,True,False,False,False,17
339,590726,6,7,C,d,DNA,True,False,False,False,17
339,590726,7,8,A,d,DNA,True,False,False,False,17
339,590726,8,9,C,d,DNA,True,False,False,False,17
339,590726,9,10,A,d,DNA,True,False,False,False,17
339,590726,10,11,G,d,DNA,True,False,False,False,17
339,590726,11,12,G,d,DNA,True,False,False,False,17
339,590726,12,13,C,C,cEt,False,False,True,True,17
339,590726,13,14,T,C,cEt,False,False,True,True,17
339,590726,14,15,T,M,MOE,False,True,False,True,17
339,590726,15,16,G,M,MOE,False,True,False,True,17
339,590726,16,17,A,M,MOE,False,True,False,True,17
340,590727,0,1,T,M,MOE,False,True,False,True,17
340,590727,1,2,T,M,MOE,False,True,False,True,17
340,590727,2,3,T,M,MOE,False,True,False,True,17
340,590727,3,4,T,C,cEt,False,False,True,True,17
340,590727,4,5,A,C,cEt,False,False,True,True,17
340,590727,5,6,T,d,DNA,True,False,False,False,17
340,590727,6,7,T,d,DNA,True,False,False,False,17
340,590727,7,8,C,d,DNA,True,False,False,False,17
340,590727,8,9,A,d,DNA,True,False,False,False,17
340,590727,9,10,C,d,DNA,True,False,False,False,17
340,590727,10,11,A,d,DNA,True,False,False,False,17
340,590727,11,12,G,d,DNA,True,False,False,False,17
340,590727,12,13,G,C,cEt,False,False,True,True,17
340,590727,13,14,C,C,cEt,False,False,True,True,17
340,590727,14,15,T,M,MOE,False,True,False,True,17
340,590727,15,16,T,M,MOE,False,True,False,True,17
340,590727,16,17,G,M,MOE,False,True,False,True,17
341,590728,0,1,T,M,MOE,False,True,False,True,17
341,590728,1,2,T,M,MOE,False,True,False,True,17
341,590728,2,3,T,M,MOE,False,True,False,True,17
341,590728,3,4,T,C,cEt,False,False,True,True,17
341,590728,4,5,T,C,cEt,False,False,True,True,17
341,590728,5,6,A,d,DNA,True,False,False,False,17
341,590728,6,7,T,d,DNA,True,False,False,False,17
341,590728,7,8,T,d,DNA,True,False,False,False,17
341,590728,8,9,C,d,DNA,True,False,False,False,17
341,590728,9,10,A,d,DNA,True,False,False,False,17
341,590728,10,11,C,d,DNA,True,False,False,False,17
341,590728,11,12,A,d,DNA,True,False,False,False,17
341,590728,12,13,G,C,cEt,False,False,True,True,17
341,590728,13,14,G,C,cEt,False,False,True,True,17
341,590728,14,15,C,M,MOE,False,True,False,True,17
341,590728,15,16,T,M,MOE,False,True,False,True,17
341,590728,16,17,T,M,MOE,False,True,False,True,17
342,590729,0,1,G,M,MOE,False,True,False,True,17
342,590729,1,2,T,M,MOE,False,True,False,True,17
342,590729,2,3,T,M,MOE,False,True,False,True,17
342,590729,3,4,T,C,cEt,False,False,True,True,17
342,590729,4,5,T,C,cEt,False,False,True,True,17
342,590729,5,6,T,d,DNA,True,False,False,False,17
342,590729,6,7,A,d,DNA,True,False,False,False,17
342,590729,7,8,T,d,DNA,True,False,False,False,17
342,590729,8,9,T,d,DNA,True,False,False,False,17
342,590729,9,10,C,d,DNA,True,False,False,False,17
342,590729,10,11,A,d,DNA,True,False,False,False,17
342,590729,11,12,C,d,DNA,True,False,False,False,17
342,590729,12,13,A,C,cEt,False,False,True,True,17
342,590729,13,14,G,C,cEt,False,False,True,True,17
342,590729,14,15,G,M,MOE,False,True,False,True,17
342,590729,15,16,C,M,MOE,False,True,False,True,17
342,590729,16,17,T,M,MOE,False,True,False,True,17
343,590731,0,1,G,M,MOE,False,True,False,True,17
343,590731,1,2,G,M,MOE,False,True,False,True,17
343,590731,2,3,T,M,MOE,False,True,False,True,17
343,590731,3,4,T,C,cEt,False,False,True,True,17
343,590731,4,5,T,C,cEt,False,False,True,True,17
343,590731,5,6,T,d,DNA,True,False,False,False,17
343,590731,6,7,T,d,DNA,True,False,False,False,17
343,590731,7,8,A,d,DNA,True,False,False,False,17
343,590731,8,9,T,d,DNA,True,False,False,False,17
343,590731,9,10,T,d,DNA,True,False,False,False,17
343,590731,10,11,C,d,DNA,True,False,False,False,17
343,590731,11,12,A,d,DNA,True,False,False,False,17
343,590731,12,13,C,C,cEt,False,False,True,True,17
343,590731,13,14,A,C,cEt,False,False,True,True,17
343,590731,14,15,G,M,MOE,False,True,False,True,17
343,590731,15,16,G,M,MOE,False,True,False,True,17
343,590731,16,17,C,M,MOE,False,True,False,True,17
344,590732,0,1,G,M,MOE,False,True,False,True,17
344,590732,1,2,G,M,MOE,False,True,False,True,17
344,590732,2,3,G,M,MOE,False,True,False,True,17
344,590732,3,4,T,C,cEt,False,False,True,True,17
344,590732,4,5,T,C,cEt,False,False,True,True,17
344,590732,5,6,T,d,DNA,True,False,False,False,17
344,590732,6,7,T,d,DNA,True,False,False,False,17
344,590732,7,8,T,d,DNA,True,False,False,False,17
344,590732,8,9,A,d,DNA,True,False,False,False,17
344,590732,9,10,T,d,DNA,True,False,False,False,17
344,590732,10,11,T,d,DNA,True,False,False,False,17
344,590732,11,12,C,d,DNA,True,False,False,False,17
344,590732,12,13,A,C,cEt,False,False,True,True,17
344,590732,13,14,C,C,cEt,False,False,True,True,17
344,590732,14,15,A,M,MOE,False,True,False,True,17
344,590732,15,16,G,M,MOE,False,True,False,True,17
344,590732,16,17,G,M,MOE,False,True,False,True,17
345,590733,0,1,A,M,MOE,False,True,False,True,17
345,590733,1,2,G,M,MOE,False,True,False,True,17
345,590733,2,3,G,M,MOE,False,True,False,True,17
345,590733,3,4,G,C,cEt,False,False,True,True,17
345,590733,4,5,T,C,cEt,False,False,True,True,17
345,590733,5,6,T,d,DNA,True,False,False,False,17
345,590733,6,7,T,d,DNA,True,False,False,False,17
345,590733,7,8,T,d,DNA,True,False,False,False,17
345,590733,8,9,T,d,DNA,True,False,False,False,17
345,590733,9,10,A,d,DNA,True,False,False,False,17
345,590733,10,11,T,d,DNA,True,False,False,False,17
345,590733,11,12,T,d,DNA,True,False,False,False,17
345,590733,12,13,C,C,cEt,False,False,True,True,17
345,590733,13,14,A,C,cEt,False,False,True,True,17
345,590733,14,15,C,M,MOE,False,True,False,True,17
345,590733,15,16,A,M,MOE,False,True,False,True,17
345,590733,16,17,G,M,MOE,False,True,False,True,17
346,590734,0,1,C,M,MOE,False,True,False,True,17
346,590734,1,2,A,M,MOE,False,True,False,True,17
346,590734,2,3,G,M,MOE,False,True,False,True,17
346,590734,3,4,G,C,cEt,False,False,True,True,17
346,590734,4,5,G,C,cEt,False,False,True,True,17
346,590734,5,6,T,d,DNA,True,False,False,False,17
346,590734,6,7,T,d,DNA,True,False,False,False,17
346,590734,7,8,T,d,DNA,True,False,False,False,17
346,590734,8,9,T,d,DNA,True,False,False,False,17
346,590734,9,10,T,d,DNA,True,False,False,False,17
346,590734,10,11,A,d,DNA,True,False,False,False,17
346,590734,11,12,T,d,DNA,True,False,False,False,17
346,590734,12,13,T,C,cEt,False,False,True,True,17
346,590734,13,14,C,C,cEt,False,False,True,True,17
346,590734,14,15,A,M,MOE,False,True,False,True,17
346,590734,15,16,C,M,MOE,False,True,False,True,17
346,590734,16,17,A,M,MOE,False,True,False,True,17
347,590735,0,1,A,M,MOE,False,True,False,True,17
347,590735,1,2,C,M,MOE,False,True,False,True,17
347,590735,2,3,A,M,MOE,False,True,False,True,17
347,590735,3,4,G,C,cEt,False,False,True,True,17
347,590735,4,5,G,C,cEt,False,False,True,True,17
347,590735,5,6,G,d,DNA,True,False,False,False,17
347,590735,6,7,T,d,DNA,True,False,False,False,17
347,590735,7,8,T,d,DNA,True,False,False,False,17
347,590735,8,9,T,d,DNA,True,False,False,False,17
347,590735,9,10,T,d,DNA,True,False,False,False,17
347,590735,10,11,T,d,DNA,True,False,False,False,17
347,590735,11,12,A,d,DNA,True,False,False,False,17
347,590735,12,13,T,C,cEt,False,False,True,True,17
347,590735,13,14,T,C,cEt,False,False,True,True,17
347,590735,14,15,C,M,MOE,False,True,False,True,17
347,590735,15,16,A,M,MOE,False,True,False,True,17
347,590735,16,17,C,M,MOE,False,True,False,True,17
348,590736,0,1,T,M,MOE,False,True,False,True,17
348,590736,1,2,A,M,MOE,False,True,False,True,17
348,590736,2,3,C,M,MOE,False,True,False,True,17
348,590736,3,4,A,C,cEt,False,False,True,True,17
348,590736,4,5,G,C,cEt,False,False,True,True,17
348,590736,5,6,G,d,DNA,True,False,False,False,17
348,590736,6,7,G,d,DNA,True,False,False,False,17
348,590736,7,8,T,d,DNA,True,False,False,False,17
348,590736,8,9,T,d,DNA,True,False,False,False,17
348,590736,9,10,T,d,DNA,True,False,False,False,17
348,590736,10,11,T,d,DNA,True,False,False,False,17
348,590736,11,12,T,d,DNA,True,False,False,False,17
348,590736,12,13,A,C,cEt,False,False,True,True,17
348,590736,13,14,T,C,cEt,False,False,True,True,17
348,590736,14,15,T,M,MOE,False,True,False,True,17
348,590736,15,16,C,M,MOE,False,True,False,True,17
348,590736,16,17,A,M,MOE,False,True,False,True,17
349,590737,0,1,A,M,MOE,False,True,False,True,17
349,590737,1,2,T,M,MOE,False,True,False,True,17
349,590737,2,3,A,M,MOE,False,True,False,True,17
349,590737,3,4,C,C,cEt,False,False,True,True,17
349,590737,4,5,A,C,cEt,False,False,True,True,17
349,590737,5,6,G,d,DNA,True,False,False,False,17
349,590737,6,7,G,d,DNA,True,False,False,False,17
349,590737,7,8,G,d,DNA,True,False,False,False,17
349,590737,8,9,T,d,DNA,True,False,False,False,17
349,590737,9,10,T,d,DNA,True,False,False,False,17
349,590737,10,11,T,d,DNA,True,False,False,False,17
349,590737,11,12,T,d,DNA,True,False,False,False,17
349,590737,12,13,T,C,cEt,False,False,True,True,17
349,590737,13,14,A,C,cEt,False,False,True,True,17
349,590737,14,15,T,M,MOE,False,True,False,True,17
349,590737,15,16,T,M,MOE,False,True,False,True,17
349,590737,16,17,C,M,MOE,False,True,False,True,17
350,590738,0,1,C,M,MOE,False,True,False,True,17
350,590738,1,2,A,M,MOE,False,True,False,True,17
350,590738,2,3,T,M,MOE,False,True,False,True,17
350,590738,3,4,A,C,cEt,False,False,True,True,17
350,590738,4,5,C,C,cEt,False,False,True,True,17
350,590738,5,6,A,d,DNA,True,False,False,False,17
350,590738,6,7,G,d,DNA,True,False,False,False,17
350,590738,7,8,G,d,DNA,True,False,False,False,17
350,590738,8,9,G,d,DNA,True,False,False,False,17
350,590738,9,10,T,d,DNA,True,False,False,False,17
350,590738,10,11,T,d,DNA,True,False,False,False,17
350,590738,11,12,T,d,DNA,True,False,False,False,17
350,590738,12,13,T,C,cEt,False,False,True,True,17
350,590738,13,14,T,C,cEt,False,False,True,True,17
350,590738,14,15,A,M,MOE,False,True,False,True,17
350,590738,15,16,T,M,MOE,False,True,False,True,17
350,590738,16,17,T,M,MOE,False,True,False,True,17
351,590739,0,1,C,M,MOE,False,True,False,True,17
351,590739,1,2,C,M,MOE,False,True,False,True,17
351,590739,2,3,A,M,MOE,False,True,False,True,17
351,590739,3,4,T,C,cEt,False,False,True,True,17
351,590739,4,5,A,C,cEt,False,False,True,True,17
351,590739,5,6,C,d,DNA,True,False,False,False,17
351,590739,6,7,A,d,DNA,True,False,False,False,17
351,590739,7,8,G,d,DNA,True,False,False,False,17
351,590739,8,9,G,d,DNA,True,False,False,False,17
351,590739,9,10,G,d,DNA,True,False,False,False,17
351,590739,10,11,T,d,DNA,True,False,False,False,17
351,590739,11,12,T,d,DNA,True,False,False,False,17
351,590739,12,13,T,C,cEt,False,False,True,True,17
351,590739,13,14,T,C,cEt,False,False,True,True,17
351,590739,14,15,T,M,MOE,False,True,False,True,17
351,590739,15,16,A,M,MOE,False,True,False,True,17
351,590739,16,17,T,M,MOE,False,True,False,True,17
352,590740,0,1,G,M,MOE,False,True,False,True,17
352,590740,1,2,C,M,MOE,False,True,False,True,17
352,590740,2,3,C,M,MOE,False,True,False,True,17
352,590740,3,4,A,C,cEt,False,False,True,True,17
352,590740,4,5,T,C,cEt,False,False,True,True,17
352,590740,5,6,A,d,DNA,True,False,False,False,17
352,590740,6,7,C,d,DNA,True,False,False,False,17
352,590740,7,8,A,d,DNA,True,False,False,False,17
352,590740,8,9,G,d,DNA,True,False,False,False,17
352,590740,9,10,G,d,DNA,True,False,False,False,17
352,590740,10,11,G,d,DNA,True,False,False,False,17
352,590740,11,12,T,d,DNA,True,False,False,False,17
352,590740,12,13,T,C,cEt,False,False,True,True,17
352,590740,13,14,T,C,cEt,False,False,True,True,17
352,590740,14,15,T,M,MOE,False,True,False,True,17
352,590740,15,16,T,M,MOE,False,True,False,True,17
352,590740,16,17,A,M,MOE,False,True,False,True,17
353,590741,0,1,T,M,MOE,False,True,False,True,17
353,590741,1,2,G,M,MOE,False,True,False,True,17
353,590741,2,3,C,M,MOE,False,True,False,True,17
353,590741,3,4,C,C,cEt,False,False,True,True,17
353,590741,4,5,A,C,cEt,False,False,True,True,17
353,590741,5,6,T,d,DNA,True,False,False,False,17
353,590741,6,7,A,d,DNA,True,False,False,False,17
353,590741,7,8,C,d,DNA,True,False,False,False,17
353,590741,8,9,A,d,DNA,True,False,False,False,17
353,590741,9,10,G,d,DNA,True,False,False,False,17
353,590741,10,11,G,d,DNA,True,False,False,False,17
353,590741,11,12,G,d,DNA,True,False,False,False,17
353,590741,12,13,T,C,cEt,False,False,True,True,17
353,590741,13,14,T,C,cEt,False,False,True,True,17
353,590741,14,15,T,M,MOE,False,True,False,True,17
353,590741,15,16,T,M,MOE,False,True,False,True,17
353,590741,16,17,T,M,MOE,False,True,False,True,17
354,590742,0,1,G,M,MOE,False,True,False,True,17
354,590742,1,2,T,M,MOE,False,True,False,True,17
354,590742,2,3,G,M,MOE,False,True,False,True,17
354,590742,3,4,C,C,cEt,False,False,True,True,17
354,590742,4,5,C,C,cEt,False,False,True,True,17
354,590742,5,6,A,d,DNA,True,False,False,False,17
354,590742,6,7,T,d,DNA,True,False,False,False,17
354,590742,7,8,A,d,DNA,True,False,False,False,17
354,590742,8,9,C,d,DNA,True,False,False,False,17
354,590742,9,10,A,d,DNA,True,False,False,False,17
354,590742,10,11,G,d,DNA,True,False,False,False,17
354,590742,11,12,G,d,DNA,True,False,False,False,17
354,590742,12,13,G,C,cEt,False,False,True,True,17
354,590742,13,14,T,C,cEt,False,False,True,True,17
354,590742,14,15,T,M,MOE,False,True,False,True,17
354,590742,15,16,T,M,MOE,False,True,False,True,17
354,590742,16,17,T,M,MOE,False,True,False,True,17
355,590743,0,1,A,M,MOE,False,True,False,True,17
355,590743,1,2,G,M,MOE,False,True,False,True,17
355,590743,2,3,T,M,MOE,False,True,False,True,17
355,590743,3,4,G,C,cEt,False,False,True,True,17
355,590743,4,5,C,C,cEt,False,False,True,True,17
355,590743,5,6,C,d,DNA,True,False,False,False,17
355,590743,6,7,A,d,DNA,True,False,False,False,17
355,590743,7,8,T,d,DNA,True,False,False,False,17
355,590743,8,9,A,d,DNA,True,False,False,False,17
355,590743,9,10,C,d,DNA,True,False,False,False,17
355,590743,10,11,A,d,DNA,True,False,False,False,17
355,590743,11,12,G,d,DNA,True,False,False,False,17
355,590743,12,13,G,C,cEt,False,False,True,True,17
355,590743,13,14,G,C,cEt,False,False,True,True,17
355,590743,14,15,T,M,MOE,False,True,False,True,17
355,590743,15,16,T,M,MOE,False,True,False,True,17
355,590743,16,17,T,M,MOE,False,True,False,True,17
356,590744,0,1,T,M,MOE,False,True,False,True,17
356,590744,1,2,T,M,MOE,False,True,False,True,17
356,590744,2,3,G,M,MOE,False,True,False,True,17
356,590744,3,4,G,C,cEt,False,False,True,True,17
356,590744,4,5,A,C,cEt,False,False,True,True,17
356,590744,5,6,T,d,DNA,True,False,False,False,17
356,590744,6,7,T,d,DNA,True,False,False,False,17
356,590744,7,8,C,d,DNA,True,False,False,False,17
356,590744,8,9,T,d,DNA,True,False,False,False,17
356,590744,9,10,T,d,DNA,True,False,False,False,17
356,590744,10,11,T,d,DNA,True,False,False,False,17
356,590744,11,12,T,d,DNA,True,False,False,False,17
356,590744,12,13,A,C,cEt,False,False,True,True,17
356,590744,13,14,A,C,cEt,False,False,True,True,17
356,590744,14,15,T,M,MOE,False,True,False,True,17
356,590744,15,16,A,M,MOE,False,True,False,True,17
356,590744,16,17,G,M,MOE,False,True,False,True,17
357,590745,0,1,T,M,MOE,False,True,False,True,17
357,590745,1,2,T,M,MOE,False,True,False,True,17
357,590745,2,3,T,M,MOE,False,True,False,True,17
357,590745,3,4,T,C,cEt,False,False,True,True,17
357,590745,4,5,A,C,cEt,False,False,True,True,17
357,590745,5,6,G,d,DNA,True,False,False,False,17
357,590745,6,7,T,d,DNA,True,False,False,False,17
357,590745,7,8,T,d,DNA,True,False,False,False,17
357,590745,8,9,T,d,DNA,True,False,False,False,17
357,590745,9,10,G,d,DNA,True,False,False,False,17
357,590745,10,11,A,d,DNA,True,False,False,False,17
357,590745,11,12,A,d,DNA,True,False,False,False,17
357,590745,12,13,T,C,cEt,False,False,True,True,17
357,590745,13,14,T,C,cEt,False,False,True,True,17
357,590745,14,15,T,M,MOE,False,True,False,True,17
357,590745,15,16,G,M,MOE,False,True,False,True,17
357,590745,16,17,G,M,MOE,False,True,False,True,17
358,596168,0,1,C,M,MOE,False,True,False,True,20
358,596168,1,2,T,M,MOE,False,True,False,True,20
358,596168,2,3,C,M,MOE,False,True,False,True,20
358,596168,3,4,G,M,MOE,False,True,False,True,20
358,596168,4,5,C,M,MOE,False,True,False,True,20
358,596168,5,6,C,d,DNA,True,False,False,False,20
358,596168,6,7,C,d,DNA,True,False,False,False,20
358,596168,7,8,A,d,DNA,True,False,False,False,20
358,596168,8,9,C,d,DNA,True,False,False,False,20
358,596168,9,10,T,d,DNA,True,False,False,False,20
358,596168,10,11,C,d,DNA,True,False,False,False,20
358,596168,11,12,T,d,DNA,True,False,False,False,20
358,596168,12,13,G,d,DNA,True,False,False,False,20
358,596168,13,14,G,d,DNA,True,False,False,False,20
358,596168,14,15,C,d,DNA,True,False,False,False,20
358,596168,15,16,C,M,MOE,False,True,False,True,20
358,596168,16,17,C,M,MOE,False,True,False,True,20
358,596168,17,18,C,M,MOE,False,True,False,True,20
358,596168,18,19,A,M,MOE,False,True,False,True,20
358,596168,19,20,A,M,MOE,False,True,False,True,20
359,596169,0,1,G,M,MOE,False,True,False,True,20
359,596169,1,2,C,M,MOE,False,True,False,True,20
359,596169,2,3,C,M,MOE,False,True,False,True,20
359,596169,3,4,T,M,MOE,False,True,False,True,20
359,596169,4,5,C,M,MOE,False,True,False,True,20
359,596169,5,6,G,d,DNA,True,False,False,False,20
359,596169,6,7,C,d,DNA,True,False,False,False,20
359,596169,7,8,C,d,DNA,True,False,False,False,20
359,596169,8,9,C,d,DNA,True,False,False,False,20
359,596169,9,10,A,d,DNA,True,False,False,False,20
359,596169,10,11,C,d,DNA,True,False,False,False,20
359,596169,11,12,T,d,DNA,True,False,False,False,20
359,596169,12,13,C,d,DNA,True,False,False,False,20
359,596169,13,14,T,d,DNA,True,False,False,False,20
359,596169,14,15,G,d,DNA,True,False,False,False,20
359,596169,15,16,G,M,MOE,False,True,False,True,20
359,596169,16,17,C,M,MOE,False,True,False,True,20
359,596169,17,18,C,M,MOE,False,True,False,True,20
359,596169,18,19,C,M,MOE,False,True,False,True,20
359,596169,19,20,C,M,MOE,False,True,False,True,20
360,596170,0,1,G,M,MOE,False,True,False,True,20
360,596170,1,2,C,M,MOE,False,True,False,True,20
360,596170,2,3,G,M,MOE,False,True,False,True,20
360,596170,3,4,C,M,MOE,False,True,False,True,20
360,596170,4,5,C,M,MOE,False,True,False,True,20
360,596170,5,6,T,d,DNA,True,False,False,False,20
360,596170,6,7,C,d,DNA,True,False,False,False,20
360,596170,7,8,G,d,DNA,True,False,False,False,20
360,596170,8,9,C,d,DNA,True,False,False,False,20
360,596170,9,10,C,d,DNA,True,False,False,False,20
360,596170,10,11,C,d,DNA,True,False,False,False,20
360,596170,11,12,A,d,DNA,True,False,False,False,20
360,596170,12,13,C,d,DNA,True,False,False,False,20
360,596170,13,14,T,d,DNA,True,False,False,False,20
360,596170,14,15,C,d,DNA,True,False,False,False,20
360,596170,15,16,T,M,MOE,False,True,False,True,20
360,596170,16,17,G,M,MOE,False,True,False,True,20
360,596170,17,18,G,M,MOE,False,True,False,True,20
360,596170,18,19,C,M,MOE,False,True,False,True,20
360,596170,19,20,C,M,MOE,False,True,False,True,20
361,596171,0,1,C,M,MOE,False,True,False,True,20
361,596171,1,2,C,M,MOE,False,True,False,True,20
361,596171,2,3,G,M,MOE,False,True,False,True,20
361,596171,3,4,C,M,MOE,False,True,False,True,20
361,596171,4,5,G,M,MOE,False,True,False,True,20
361,596171,5,6,C,d,DNA,True,False,False,False,20
361,596171,6,7,C,d,DNA,True,False,False,False,20
361,596171,7,8,T,d,DNA,True,False,False,False,20
361,596171,8,9,C,d,DNA,True,False,False,False,20
361,596171,9,10,G,d,DNA,True,False,False,False,20
361,596171,10,11,C,d,DNA,True,False,False,False,20
361,596171,11,12,C,d,DNA,True,False,False,False,20
361,596171,12,13,C,d,DNA,True,False,False,False,20
361,596171,13,14,A,d,DNA,True,False,False,False,20
361,596171,14,15,C,d,DNA,True,False,False,False,20
361,596171,15,16,T,M,MOE,False,True,False,True,20
361,596171,16,17,C,M,MOE,False,True,False,True,20
361,596171,17,18,T,M,MOE,False,True,False,True,20
361,596171,18,19,G,M,MOE,False,True,False,True,20
361,596171,19,20,G,M,MOE,False,True,False,True,20
362,596172,0,1,C,M,MOE,False,True,False,True,20
362,596172,1,2,T,M,MOE,False,True,False,True,20
362,596172,2,3,C,M,MOE,False,True,False,True,20
362,596172,3,4,C,M,MOE,False,True,False,True,20
362,596172,4,5,G,M,MOE,False,True,False,True,20
362,596172,5,6,C,d,DNA,True,False,False,False,20
362,596172,6,7,G,d,DNA,True,False,False,False,20
362,596172,7,8,C,d,DNA,True,False,False,False,20
362,596172,8,9,C,d,DNA,True,False,False,False,20
362,596172,9,10,T,d,DNA,True,False,False,False,20
362,596172,10,11,C,d,DNA,True,False,False,False,20
362,596172,11,12,G,d,DNA,True,False,False,False,20
362,596172,12,13,C,d,DNA,True,False,False,False,20
362,596172,13,14,C,d,DNA,True,False,False,False,20
362,596172,14,15,C,d,DNA,True,False,False,False,20
362,596172,15,16,A,M,MOE,False,True,False,True,20
362,596172,16,17,C,M,MOE,False,True,False,True,20
362,596172,17,18,T,M,MOE,False,True,False,True,20
362,596172,18,19,C,M,MOE,False,True,False,True,20
362,596172,19,20,T,M,MOE,False,True,False,True,20
363,596173,0,1,A,M,MOE,False,True,False,True,20
363,596173,1,2,C,M,MOE,False,True,False,True,20
363,596173,2,3,C,M,MOE,False,True,False,True,20
363,596173,3,4,T,M,MOE,False,True,False,True,20
363,596173,4,5,C,M,MOE,False,True,False,True,20
363,596173,5,6,C,d,DNA,True,False,False,False,20
363,596173,6,7,G,d,DNA,True,False,False,False,20
363,596173,7,8,C,d,DNA,True,False,False,False,20
363,596173,8,9,G,d,DNA,True,False,False,False,20
363,596173,9,10,C,d,DNA,True,False,False,False,20
363,596173,10,11,C,d,DNA,True,False,False,False,20
363,596173,11,12,T,d,DNA,True,False,False,False,20
363,596173,12,13,C,d,DNA,True,False,False,False,20
363,596173,13,14,G,d,DNA,True,False,False,False,20
363,596173,14,15,C,d,DNA,True,False,False,False,20
363,596173,15,16,C,M,MOE,False,True,False,True,20
363,596173,16,17,C,M,MOE,False,True,False,True,20
363,596173,17,18,A,M,MOE,False,True,False,True,20
363,596173,18,19,C,M,MOE,False,True,False,True,20
363,596173,19,20,T,M,MOE,False,True,False,True,20
364,596174,0,1,A,M,MOE,False,True,False,True,20
364,596174,1,2,G,M,MOE,False,True,False,True,20
364,596174,2,3,A,M,MOE,False,True,False,True,20
364,596174,3,4,C,M,MOE,False,True,False,True,20
364,596174,4,5,C,M,MOE,False,True,False,True,20
364,596174,5,6,T,d,DNA,True,False,False,False,20
364,596174,6,7,C,d,DNA,True,False,False,False,20
364,596174,7,8,C,d,DNA,True,False,False,False,20
364,596174,8,9,G,d,DNA,True,False,False,False,20
364,596174,9,10,C,d,DNA,True,False,False,False,20
364,596174,10,11,G,d,DNA,True,False,False,False,20
364,596174,11,12,C,d,DNA,True,False,False,False,20
364,596174,12,13,C,d,DNA,True,False,False,False,20
364,596174,13,14,T,d,DNA,True,False,False,False,20
364,596174,14,15,C,d,DNA,True,False,False,False,20
364,596174,15,16,G,M,MOE,False,True,False,True,20
364,596174,16,17,C,M,MOE,False,True,False,True,20
364,596174,17,18,C,M,MOE,False,True,False,True,20
364,596174,18,19,C,M,MOE,False,True,False,True,20
364,596174,19,20,A,M,MOE,False,True,False,True,20
365,596175,0,1,C,M,MOE,False,True,False,True,20
365,596175,1,2,C,M,MOE,False,True,False,True,20
365,596175,2,3,A,M,MOE,False,True,False,True,20
365,596175,3,4,G,M,MOE,False,True,False,True,20
365,596175,4,5,A,M,MOE,False,True,False,True,20
365,596175,5,6,C,d,DNA,True,False,False,False,20
365,596175,6,7,C,d,DNA,True,False,False,False,20
365,596175,7,8,T,d,DNA,True,False,False,False,20
365,596175,8,9,C,d,DNA,True,False,False,False,20
365,596175,9,10,C,d,DNA,True,False,False,False,20
365,596175,10,11,G,d,DNA,True,False,False,False,20
365,596175,11,12,C,d,DNA,True,False,False,False,20
365,596175,12,13,G,d,DNA,True,False,False,False,20
365,596175,13,14,C,d,DNA,True,False,False,False,20
365,596175,14,15,C,d,DNA,True,False,False,False,20
365,596175,15,16,T,M,MOE,False,True,False,True,20
365,596175,16,17,C,M,MOE,False,True,False,True,20
365,596175,17,18,G,M,MOE,False,True,False,True,20
365,596175,18,19,C,M,MOE,False,True,False,True,20
365,596175,19,20,C,M,MOE,False,True,False,True,20
366,596176,0,1,G,M,MOE,False,True,False,True,20
366,596176,1,2,G,M,MOE,False,True,False,True,20
366,596176,2,3,C,M,MOE,False,True,False,True,20
366,596176,3,4,C,M,MOE,False,True,False,True,20
366,596176,4,5,A,M,MOE,False,True,False,True,20
366,596176,5,6,G,d,DNA,True,False,False,False,20
366,596176,6,7,A,d,DNA,True,False,False,False,20
366,596176,7,8,C,d,DNA,True,False,False,False,20
366,596176,8,9,C,d,DNA,True,False,False,False,20
366,596176,9,10,T,d,DNA,True,False,False,False,20
366,596176,10,11,C,d,DNA,True,False,False,False,20
366,596176,11,12,C,d,DNA,True,False,False,False,20
366,596176,12,13,G,d,DNA,True,False,False,False,20
366,596176,13,14,C,d,DNA,True,False,False,False,20
366,596176,14,15,G,d,DNA,True,False,False,False,20
366,596176,15,16,C,M,MOE,False,True,False,True,20
366,596176,16,17,C,M,MOE,False,True,False,True,20
366,596176,17,18,T,M,MOE,False,True,False,True,20
366,596176,18,19,C,M,MOE,False,True,False,True,20
366,596176,19,20,G,M,MOE,False,True,False,True,20
367,596177,0,1,T,M,MOE,False,True,False,True,20
367,596177,1,2,A,M,MOE,False,True,False,True,20
367,596177,2,3,T,M,MOE,False,True,False,True,20
367,596177,3,4,A,M,MOE,False,True,False,True,20
367,596177,4,5,G,M,MOE,False,True,False,True,20
367,596177,5,6,G,d,DNA,True,False,False,False,20
367,596177,6,7,C,d,DNA,True,False,False,False,20
367,596177,7,8,C,d,DNA,True,False,False,False,20
367,596177,8,9,A,d,DNA,True,False,False,False,20
367,596177,9,10,G,d,DNA,True,False,False,False,20
367,596177,10,11,A,d,DNA,True,False,False,False,20
367,596177,11,12,C,d,DNA,True,False,False,False,20
367,596177,12,13,C,d,DNA,True,False,False,False,20
367,596177,13,14,T,d,DNA,True,False,False,False,20
367,596177,14,15,C,d,DNA,True,False,False,False,20
367,596177,15,16,C,M,MOE,False,True,False,True,20
367,596177,16,17,G,M,MOE,False,True,False,True,20
367,596177,17,18,C,M,MOE,False,True,False,True,20
367,596177,18,19,G,M,MOE,False,True,False,True,20
367,596177,19,20,C,M,MOE,False,True,False,True,20
368,596178,0,1,T,M,MOE,False,True,False,True,20
368,596178,1,2,T,M,MOE,False,True,False,True,20
368,596178,2,3,T,M,MOE,False,True,False,True,20
368,596178,3,4,A,M,MOE,False,True,False,True,20
368,596178,4,5,T,M,MOE,False,True,False,True,20
368,596178,5,6,A,d,DNA,True,False,False,False,20
368,596178,6,7,G,d,DNA,True,False,False,False,20
368,596178,7,8,G,d,DNA,True,False,False,False,20
368,596178,8,9,C,d,DNA,True,False,False,False,20
368,596178,9,10,C,d,DNA,True,False,False,False,20
368,596178,10,11,A,d,DNA,True,False,False,False,20
368,596178,11,12,G,d,DNA,True,False,False,False,20
368,596178,12,13,A,d,DNA,True,False,False,False,20
368,596178,13,14,C,d,DNA,True,False,False,False,20
368,596178,14,15,C,d,DNA,True,False,False,False,20
368,596178,15,16,T,M,MOE,False,True,False,True,20
368,596178,16,17,C,M,MOE,False,True,False,True,20
368,596178,17,18,C,M,MOE,False,True,False,True,20
368,596178,18,19,G,M,MOE,False,True,False,True,20
368,596178,19,20,C,M,MOE,False,True,False,True,20
369,596179,0,1,G,M,MOE,False,True,False,True,20
369,596179,1,2,A,M,MOE,False,True,False,True,20
369,596179,2,3,C,M,MOE,False,True,False,True,20
369,596179,3,4,T,M,MOE,False,True,False,True,20
369,596179,4,5,A,M,MOE,False,True,False,True,20
369,596179,5,6,C,d,DNA,True,False,False,False,20
369,596179,6,7,T,d,DNA,True,False,False,False,20
369,596179,7,8,T,d,DNA,True,False,False,False,20
369,596179,8,9,T,d,DNA,True,False,False,False,20
369,596179,9,10,A,d,DNA,True,False,False,False,20
369,596179,10,11,T,d,DNA,True,False,False,False,20
369,596179,11,12,A,d,DNA,True,False,False,False,20
369,596179,12,13,G,d,DNA,True,False,False,False,20
369,596179,13,14,G,d,DNA,True,False,False,False,20
369,596179,14,15,C,d,DNA,True,False,False,False,20
369,596179,15,16,C,M,MOE,False,True,False,True,20
369,596179,16,17,A,M,MOE,False,True,False,True,20
369,596179,17,18,G,M,MOE,False,True,False,True,20
369,596179,18,19,A,M,MOE,False,True,False,True,20
369,596179,19,20,C,M,MOE,False,True,False,True,20
370,596180,0,1,G,M,MOE,False,True,False,True,20
370,596180,1,2,C,M,MOE,False,True,False,True,20
370,596180,2,3,G,M,MOE,False,True,False,True,20
370,596180,3,4,A,M,MOE,False,True,False,True,20
370,596180,4,5,C,M,MOE,False,True,False,True,20
370,596180,5,6,T,d,DNA,True,False,False,False,20
370,596180,6,7,A,d,DNA,True,False,False,False,20
370,596180,7,8,C,d,DNA,True,False,False,False,20
370,596180,8,9,T,d,DNA,True,False,False,False,20
370,596180,9,10,T,d,DNA,True,False,False,False,20
370,596180,10,11,T,d,DNA,True,False,False,False,20
370,596180,11,12,A,d,DNA,True,False,False,False,20
370,596180,12,13,T,d,DNA,True,False,False,False,20
370,596180,13,14,A,d,DNA,True,False,False,False,20
370,596180,14,15,G,d,DNA,True,False,False,False,20
370,596180,15,16,G,M,MOE,False,True,False,True,20
370,596180,16,17,C,M,MOE,False,True,False,True,20
370,596180,17,18,C,M,MOE,False,True,False,True,20
370,596180,18,19,A,M,MOE,False,True,False,True,20
370,596180,19,20,G,M,MOE,False,True,False,True,20
371,596181,0,1,C,M,MOE,False,True,False,True,20
371,596181,1,2,T,M,MOE,False,True,False,True,20
371,596181,2,3,C,M,MOE,False,True,False,True,20
371,596181,3,4,C,M,MOE,False,True,False,True,20
371,596181,4,5,G,M,MOE,False,True,False,True,20
371,596181,5,6,C,d,DNA,True,False,False,False,20
371,596181,6,7,G,d,DNA,True,False,False,False,20
371,596181,7,8,A,d,DNA,True,False,False,False,20
371,596181,8,9,C,d,DNA,True,False,False,False,20
371,596181,9,10,T,d,DNA,True,False,False,False,20
371,596181,10,11,A,d,DNA,True,False,False,False,20
371,596181,11,12,C,d,DNA,True,False,False,False,20
371,596181,12,13,T,d,DNA,True,False,False,False,20
371,596181,13,14,T,d,DNA,True,False,False,False,20
371,596181,14,15,T,d,DNA,True,False,False,False,20
371,596181,15,16,A,M,MOE,False,True,False,True,20
371,596181,16,17,T,M,MOE,False,True,False,True,20
371,596181,17,18,A,M,MOE,False,True,False,True,20
371,596181,18,19,G,M,MOE,False,True,False,True,20
371,596181,19,20,G,M,MOE,False,True,False,True,20
372,596182,0,1,G,M,MOE,False,True,False,True,20
372,596182,1,2,T,M,MOE,False,True,False,True,20
372,596182,2,3,C,M,MOE,False,True,False,True,20
372,596182,3,4,T,M,MOE,False,True,False,True,20
372,596182,4,5,C,M,MOE,False,True,False,True,20
372,596182,5,6,C,d,DNA,True,False,False,False,20
372,596182,6,7,G,d,DNA,True,False,False,False,20
372,596182,7,8,C,d,DNA,True,False,False,False,20
372,596182,8,9,G,d,DNA,True,False,False,False,20
372,596182,9,10,A,d,DNA,True,False,False,False,20
372,596182,10,11,C,d,DNA,True,False,False,False,20
372,596182,11,12,T,d,DNA,True,False,False,False,20
372,596182,12,13,A,d,DNA,True,False,False,False,20
372,596182,13,14,C,d,DNA,True,False,False,False,20
372,596182,14,15,T,d,DNA,True,False,False,False,20
372,596182,15,16,T,M,MOE,False,True,False,True,20
372,596182,16,17,T,M,MOE,False,True,False,True,20
372,596182,17,18,A,M,MOE,False,True,False,True,20
372,596182,18,19,T,M,MOE,False,True,False,True,20
372,596182,19,20,A,M,MOE,False,True,False,True,20
373,596183,0,1,C,M,MOE,False,True,False,True,20
373,596183,1,2,C,M,MOE,False,True,False,True,20
373,596183,2,3,G,M,MOE,False,True,False,True,20
373,596183,3,4,T,M,MOE,False,True,False,True,20
373,596183,4,5,C,M,MOE,False,True,False,True,20
373,596183,5,6,T,d,DNA,True,False,False,False,20
373,596183,6,7,C,d,DNA,True,False,False,False,20
373,596183,7,8,C,d,DNA,True,False,False,False,20
373,596183,8,9,G,d,DNA,True,False,False,False,20
373,596183,9,10,C,d,DNA,True,False,False,False,20
373,596183,10,11,G,d,DNA,True,False,False,False,20
373,596183,11,12,A,d,DNA,True,False,False,False,20
373,596183,12,13,C,d,DNA,True,False,False,False,20
373,596183,13,14,T,d,DNA,True,False,False,False,20
373,596183,14,15,A,d,DNA,True,False,False,False,20
373,596183,15,16,C,M,MOE,False,True,False,True,20
373,596183,16,17,T,M,MOE,False,True,False,True,20
373,596183,17,18,T,M,MOE,False,True,False,True,20
373,596183,18,19,T,M,MOE,False,True,False,True,20
373,596183,19,20,A,M,MOE,False,True,False,True,20
374,596184,0,1,C,M,MOE,False,True,False,True,20
374,596184,1,2,C,M,MOE,False,True,False,True,20
374,596184,2,3,C,M,MOE,False,True,False,True,20
374,596184,3,4,C,M,MOE,False,True,False,True,20
374,596184,4,5,G,M,MOE,False,True,False,True,20
374,596184,5,6,T,d,DNA,True,False,False,False,20
374,596184,6,7,C,d,DNA,True,False,False,False,20
374,596184,7,8,T,d,DNA,True,False,False,False,20
374,596184,8,9,C,d,DNA,True,False,False,False,20
374,596184,9,10,C,d,DNA,True,False,False,False,20
374,596184,10,11,G,d,DNA,True,False,False,False,20
374,596184,11,12,C,d,DNA,True,False,False,False,20
374,596184,12,13,G,d,DNA,True,False,False,False,20
374,596184,13,14,A,d,DNA,True,False,False,False,20
374,596184,14,15,C,d,DNA,True,False,False,False,20
374,596184,15,16,T,M,MOE,False,True,False,True,20
374,596184,16,17,A,M,MOE,False,True,False,True,20
374,596184,17,18,C,M,MOE,False,True,False,True,20
374,596184,18,19,T,M,MOE,False,True,False,True,20
374,596184,19,20,T,M,MOE,False,True,False,True,20
375,596185,0,1,C,M,MOE,False,True,False,True,20
375,596185,1,2,A,M,MOE,False,True,False,True,20
375,596185,2,3,C,M,MOE,False,True,False,True,20
375,596185,3,4,C,M,MOE,False,True,False,True,20
375,596185,4,5,C,M,MOE,False,True,False,True,20
375,596185,5,6,C,d,DNA,True,False,False,False,20
375,596185,6,7,G,d,DNA,True,False,False,False,20
375,596185,7,8,T,d,DNA,True,False,False,False,20
375,596185,8,9,C,d,DNA,True,False,False,False,20
375,596185,9,10,T,d,DNA,True,False,False,False,20
375,596185,10,11,C,d,DNA,True,False,False,False,20
375,596185,11,12,C,d,DNA,True,False,False,False,20
375,596185,12,13,G,d,DNA,True,False,False,False,20
375,596185,13,14,C,d,DNA,True,False,False,False,20
375,596185,14,15,G,d,DNA,True,False,False,False,20
375,596185,15,16,A,M,MOE,False,True,False,True,20
375,596185,16,17,C,M,MOE,False,True,False,True,20
375,596185,17,18,T,M,MOE,False,True,False,True,20
375,596185,18,19,A,M,MOE,False,True,False,True,20
375,596185,19,20,C,M,MOE,False,True,False,True,20
376,596186,0,1,A,M,MOE,False,True,False,True,20
376,596186,1,2,G,M,MOE,False,True,False,True,20
376,596186,2,3,C,M,MOE,False,True,False,True,20
376,596186,3,4,A,M,MOE,False,True,False,True,20
376,596186,4,5,C,M,MOE,False,True,False,True,20
376,596186,5,6,C,d,DNA,True,False,False,False,20
376,596186,6,7,C,d,DNA,True,False,False,False,20
376,596186,7,8,C,d,DNA,True,False,False,False,20
376,596186,8,9,G,d,DNA,True,False,False,False,20
376,596186,9,10,T,d,DNA,True,False,False,False,20
376,596186,10,11,C,d,DNA,True,False,False,False,20
376,596186,11,12,T,d,DNA,True,False,False,False,20
376,596186,12,13,C,d,DNA,True,False,False,False,20
376,596186,13,14,C,d,DNA,True,False,False,False,20
376,596186,14,15,G,d,DNA,True,False,False,False,20
376,596186,15,16,C,M,MOE,False,True,False,True,20
376,596186,16,17,G,M,MOE,False,True,False,True,20
376,596186,17,18,A,M,MOE,False,True,False,True,20
376,596186,18,19,C,M,MOE,False,True,False,True,20
376,596186,19,20,T,M,MOE,False,True,False,True,20
377,596187,0,1,C,M,MOE,False,True,False,True,20
377,596187,1,2,C,M,MOE,False,True,False,True,20
377,596187,2,3,A,M,MOE,False,True,False,True,20
377,596187,3,4,G,M,MOE,False,True,False,True,20
377,596187,4,5,C,M,MOE,False,True,False,True,20
377,596187,5,6,A,d,DNA,True,False,False,False,20
377,596187,6,7,C,d,DNA,True,False,False,False,20
377,596187,7,8,C,d,DNA,True,False,False,False,20
377,596187,8,9,C,d,DNA,True,False,False,False,20
377,596187,9,10,C,d,DNA,True,False,False,False,20
377,596187,10,11,G,d,DNA,True,False,False,False,20
377,596187,11,12,T,d,DNA,True,False,False,False,20
377,596187,12,13,C,d,DNA,True,False,False,False,20
377,596187,13,14,T,d,DNA,True,False,False,False,20
377,596187,14,15,C,d,DNA,True,False,False,False,20
377,596187,15,16,C,M,MOE,False,True,False,True,20
377,596187,16,17,G,M,MOE,False,True,False,True,20
377,596187,17,18,C,M,MOE,False,True,False,True,20
377,596187,18,19,G,M,MOE,False,True,False,True,20
377,596187,19,20,A,M,MOE,False,True,False,True,20
378,596188,0,1,A,M,MOE,False,True,False,True,20
378,596188,1,2,A,M,MOE,False,True,False,True,20
378,596188,2,3,C,M,MOE,False,True,False,True,20
378,596188,3,4,C,M,MOE,False,True,False,True,20
378,596188,4,5,A,M,MOE,False,True,False,True,20
378,596188,5,6,G,d,DNA,True,False,False,False,20
378,596188,6,7,C,d,DNA,True,False,False,False,20
378,596188,7,8,A,d,DNA,True,False,False,False,20
378,596188,8,9,C,d,DNA,True,False,False,False,20
378,596188,9,10,C,d,DNA,True,False,False,False,20
378,596188,10,11,C,d,DNA,True,False,False,False,20
378,596188,11,12,C,d,DNA,True,False,False,False,20
378,596188,12,13,G,d,DNA,True,False,False,False,20
378,596188,13,14,T,d,DNA,True,False,False,False,20
378,596188,14,15,C,d,DNA,True,False,False,False,20
378,596188,15,16,T,M,MOE,False,True,False,True,20
378,596188,16,17,C,M,MOE,False,True,False,True,20
378,596188,17,18,C,M,MOE,False,True,False,True,20
378,596188,18,19,G,M,MOE,False,True,False,True,20
378,596188,19,20,C,M,MOE,False,True,False,True,20
379,596189,0,1,C,M,MOE,False,True,False,True,20
379,596189,1,2,A,M,MOE,False,True,False,True,20
379,596189,2,3,A,M,MOE,False,True,False,True,20
379,596189,3,4,A,M,MOE,False,True,False,True,20
379,596189,4,5,C,M,MOE,False,True,False,True,20
379,596189,5,6,C,d,DNA,True,False,False,False,20
379,596189,6,7,A,d,DNA,True,False,False,False,20
379,596189,7,8,G,d,DNA,True,False,False,False,20
379,596189,8,9,C,d,DNA,True,False,False,False,20
379,596189,9,10,A,d,DNA,True,False,False,False,20
379,596189,10,11,C,d,DNA,True,False,False,False,20
379,596189,11,12,C,d,DNA,True,False,False,False,20
379,596189,12,13,C,d,DNA,True,False,False,False,20
379,596189,13,14,C,d,DNA,True,False,False,False,20
379,596189,14,15,G,d,DNA,True,False,False,False,20
379,596189,15,16,T,M,MOE,False,True,False,True,20
379,596189,16,17,C,M,MOE,False,True,False,True,20
379,596189,17,18,T,M,MOE,False,True,False,True,20
379,596189,18,19,C,M,MOE,False,True,False,True,20
379,596189,19,20,C,M,MOE,False,True,False,True,20
380,596190,0,1,C,M,MOE,False,True,False,True,20
380,596190,1,2,G,M,MOE,False,True,False,True,20
380,596190,2,3,C,M,MOE,False,True,False,True,20
380,596190,3,4,A,M,MOE,False,True,False,True,20
380,596190,4,5,A,M,MOE,False,True,False,True,20
380,596190,5,6,A,d,DNA,True,False,False,False,20
380,596190,6,7,C,d,DNA,True,False,False,False,20
380,596190,7,8,C,d,DNA,True,False,False,False,20
380,596190,8,9,A,d,DNA,True,False,False,False,20
380,596190,9,10,G,d,DNA,True,False,False,False,20
380,596190,10,11,C,d,DNA,True,False,False,False,20
380,596190,11,12,A,d,DNA,True,False,False,False,20
380,596190,12,13,C,d,DNA,True,False,False,False,20
380,596190,13,14,C,d,DNA,True,False,False,False,20
380,596190,14,15,C,d,DNA,True,False,False,False,20
380,596190,15,16,C,M,MOE,False,True,False,True,20
380,596190,16,17,G,M,MOE,False,True,False,True,20
380,596190,17,18,T,M,MOE,False,True,False,True,20
380,596190,18,19,C,M,MOE,False,True,False,True,20
380,596190,19,20,T,M,MOE,False,True,False,True,20
381,596191,0,1,A,M,MOE,False,True,False,True,20
381,596191,1,2,C,M,MOE,False,True,False,True,20
381,596191,2,3,G,M,MOE,False,True,False,True,20
381,596191,3,4,A,M,MOE,False,True,False,True,20
381,596191,4,5,C,M,MOE,False,True,False,True,20
381,596191,5,6,G,d,DNA,True,False,False,False,20
381,596191,6,7,C,d,DNA,True,False,False,False,20
381,596191,7,8,A,d,DNA,True,False,False,False,20
381,596191,8,9,A,d,DNA,True,False,False,False,20
381,596191,9,10,A,d,DNA,True,False,False,False,20
381,596191,10,11,C,d,DNA,True,False,False,False,20
381,596191,11,12,C,d,DNA,True,False,False,False,20
381,596191,12,13,A,d,DNA,True,False,False,False,20
381,596191,13,14,G,d,DNA,True,False,False,False,20
381,596191,14,15,C,d,DNA,True,False,False,False,20
381,596191,15,16,A,M,MOE,False,True,False,True,20
381,596191,16,17,C,M,MOE,False,True,False,True,20
381,596191,17,18,C,M,MOE,False,True,False,True,20
381,596191,18,19,C,M,MOE,False,True,False,True,20
381,596191,19,20,C,M,MOE,False,True,False,True,20
382,596192,0,1,C,M,MOE,False,True,False,True,20
382,596192,1,2,T,M,MOE,False,True,False,True,20
382,596192,2,3,A,M,MOE,False,True,False,True,20
382,596192,3,4,C,M,MOE,False,True,False,True,20
382,596192,4,5,G,M,MOE,False,True,False,True,20
382,596192,5,6,A,d,DNA,True,False,False,False,20
382,596192,6,7,C,d,DNA,True,False,False,False,20
382,596192,7,8,G,d,DNA,True,False,False,False,20
382,596192,8,9,C,d,DNA,True,False,False,False,20
382,596192,9,10,A,d,DNA,True,False,False,False,20
382,596192,10,11,A,d,DNA,True,False,False,False,20
382,596192,11,12,A,d,DNA,True,False,False,False,20
382,596192,12,13,C,d,DNA,True,False,False,False,20
382,596192,13,14,C,d,DNA,True,False,False,False,20
382,596192,14,15,A,d,DNA,True,False,False,False,20
382,596192,15,16,G,M,MOE,False,True,False,True,20
382,596192,16,17,C,M,MOE,False,True,False,True,20
382,596192,17,18,A,M,MOE,False,True,False,True,20
382,596192,18,19,C,M,MOE,False,True,False,True,20
382,596192,19,20,C,M,MOE,False,True,False,True,20
383,596193,0,1,G,M,MOE,False,True,False,True,20
383,596193,1,2,A,M,MOE,False,True,False,True,20
383,596193,2,3,C,M,MOE,False,True,False,True,20
383,596193,3,4,T,M,MOE,False,True,False,True,20
383,596193,4,5,A,M,MOE,False,True,False,True,20
383,596193,5,6,C,d,DNA,True,False,False,False,20
383,596193,6,7,G,d,DNA,True,False,False,False,20
383,596193,7,8,A,d,DNA,True,False,False,False,20
383,596193,8,9,C,d,DNA,True,False,False,False,20
383,596193,9,10,G,d,DNA,True,False,False,False,20
383,596193,10,11,C,d,DNA,True,False,False,False,20
383,596193,11,12,A,d,DNA,True,False,False,False,20
383,596193,12,13,A,d,DNA,True,False,False,False,20
383,596193,13,14,A,d,DNA,True,False,False,False,20
383,596193,14,15,C,d,DNA,True,False,False,False,20
383,596193,15,16,C,M,MOE,False,True,False,True,20
383,596193,16,17,A,M,MOE,False,True,False,True,20
383,596193,17,18,G,M,MOE,False,True,False,True,20
383,596193,18,19,C,M,MOE,False,True,False,True,20
383,596193,19,20,A,M,MOE,False,True,False,True,20
384,596194,0,1,G,M,MOE,False,True,False,True,20
384,596194,1,2,A,M,MOE,False,True,False,True,20
384,596194,2,3,G,M,MOE,False,True,False,True,20
384,596194,3,4,A,M,MOE,False,True,False,True,20
384,596194,4,5,C,M,MOE,False,True,False,True,20
384,596194,5,6,T,d,DNA,True,False,False,False,20
384,596194,6,7,A,d,DNA,True,False,False,False,20
384,596194,7,8,C,d,DNA,True,False,False,False,20
384,596194,8,9,G,d,DNA,True,False,False,False,20
384,596194,9,10,A,d,DNA,True,False,False,False,20
384,596194,10,11,C,d,DNA,True,False,False,False,20
384,596194,11,12,G,d,DNA,True,False,False,False,20
384,596194,12,13,C,d,DNA,True,False,False,False,20
384,596194,13,14,A,d,DNA,True,False,False,False,20
384,596194,14,15,A,d,DNA,True,False,False,False,20
384,596194,15,16,A,M,MOE,False,True,False,True,20
384,596194,16,17,C,M,MOE,False,True,False,True,20
384,596194,17,18,C,M,MOE,False,True,False,True,20
384,596194,18,19,A,M,MOE,False,True,False,True,20
384,596194,19,20,G,M,MOE,False,True,False,True,20
385,596195,0,1,A,M,MOE,False,True,False,True,20
385,596195,1,2,G,M,MOE,False,True,False,True,20
385,596195,2,3,G,M,MOE,False,True,False,True,20
385,596195,3,4,A,M,MOE,False,True,False,True,20
385,596195,4,5,G,M,MOE,False,True,False,True,20
385,596195,5,6,A,d,DNA,True,False,False,False,20
385,596195,6,7,C,d,DNA,True,False,False,False,20
385,596195,7,8,T,d,DNA,True,False,False,False,20
385,596195,8,9,A,d,DNA,True,False,False,False,20
385,596195,9,10,C,d,DNA,True,False,False,False,20
385,596195,10,11,G,d,DNA,True,False,False,False,20
385,596195,11,12,A,d,DNA,True,False,False,False,20
385,596195,12,13,C,d,DNA,True,False,False,False,20
385,596195,13,14,G,d,DNA,True,False,False,False,20
385,596195,14,15,C,d,DNA,True,False,False,False,20
385,596195,15,16,A,M,MOE,False,True,False,True,20
385,596195,16,17,A,M,MOE,False,True,False,True,20
385,596195,17,18,A,M,MOE,False,True,False,True,20
385,596195,18,19,C,M,MOE,False,True,False,True,20
385,596195,19,20,C,M,MOE,False,True,False,True,20
386,596196,0,1,G,M,MOE,False,True,False,True,20
386,596196,1,2,C,M,MOE,False,True,False,True,20
386,596196,2,3,A,M,MOE,False,True,False,True,20
386,596196,3,4,G,M,MOE,False,True,False,True,20
386,596196,4,5,G,M,MOE,False,True,False,True,20
386,596196,5,6,A,d,DNA,True,False,False,False,20
386,596196,6,7,G,d,DNA,True,False,False,False,20
386,596196,7,8,A,d,DNA,True,False,False,False,20
386,596196,8,9,C,d,DNA,True,False,False,False,20
386,596196,9,10,T,d,DNA,True,False,False,False,20
386,596196,10,11,A,d,DNA,True,False,False,False,20
386,596196,11,12,C,d,DNA,True,False,False,False,20
386,596196,12,13,G,d,DNA,True,False,False,False,20
386,596196,13,14,A,d,DNA,True,False,False,False,20
386,596196,14,15,C,d,DNA,True,False,False,False,20
386,596196,15,16,G,M,MOE,False,True,False,True,20
386,596196,16,17,C,M,MOE,False,True,False,True,20
386,596196,17,18,A,M,MOE,False,True,False,True,20
386,596196,18,19,A,M,MOE,False,True,False,True,20
386,596196,19,20,A,M,MOE,False,True,False,True,20
387,596197,0,1,C,M,MOE,False,True,False,True,20
387,596197,1,2,T,M,MOE,False,True,False,True,20
387,596197,2,3,G,M,MOE,False,True,False,True,20
387,596197,3,4,C,M,MOE,False,True,False,True,20
387,596197,4,5,A,M,MOE,False,True,False,True,20
387,596197,5,6,G,d,DNA,True,False,False,False,20
387,596197,6,7,G,d,DNA,True,False,False,False,20
387,596197,7,8,A,d,DNA,True,False,False,False,20
387,596197,8,9,G,d,DNA,True,False,False,False,20
387,596197,9,10,A,d,DNA,True,False,False,False,20
387,596197,10,11,C,d,DNA,True,False,False,False,20
387,596197,11,12,T,d,DNA,True,False,False,False,20
387,596197,12,13,A,d,DNA,True,False,False,False,20
387,596197,13,14,C,d,DNA,True,False,False,False,20
387,596197,14,15,G,d,DNA,True,False,False,False,20
387,596197,15,16,A,M,MOE,False,True,False,True,20
387,596197,16,17,C,M,MOE,False,True,False,True,20
387,596197,17,18,G,M,MOE,False,True,False,True,20
387,596197,18,19,C,M,MOE,False,True,False,True,20
387,596197,19,20,A,M,MOE,False,True,False,True,20
388,596198,0,1,C,M,MOE,False,True,False,True,20
388,596198,1,2,G,M,MOE,False,True,False,True,20
388,596198,2,3,C,M,MOE,False,True,False,True,20
388,596198,3,4,T,M,MOE,False,True,False,True,20
388,596198,4,5,G,M,MOE,False,True,False,True,20
388,596198,5,6,C,d,DNA,True,False,False,False,20
388,596198,6,7,A,d,DNA,True,False,False,False,20
388,596198,7,8,G,d,DNA,True,False,False,False,20
388,596198,8,9,G,d,DNA,True,False,False,False,20
388,596198,9,10,A,d,DNA,True,False,False,False,20
388,596198,10,11,G,d,DNA,True,False,False,False,20
388,596198,11,12,A,d,DNA,True,False,False,False,20
388,596198,12,13,C,d,DNA,True,False,False,False,20
388,596198,13,14,T,d,DNA,True,False,False,False,20
388,596198,14,15,A,d,DNA,True,False,False,False,20
388,596198,15,16,C,M,MOE,False,True,False,True,20
388,596198,16,17,G,M,MOE,False,True,False,True,20
388,596198,17,18,A,M,MOE,False,True,False,True,20
388,596198,18,19,C,M,MOE,False,True,False,True,20
388,596198,19,20,G,M,MOE,False,True,False,True,20
389,596199,0,1,T,M,MOE,False,True,False,True,20
389,596199,1,2,G,M,MOE,False,True,False,True,20
389,596199,2,3,C,M,MOE,False,True,False,True,20
389,596199,3,4,A,M,MOE,False,True,False,True,20
389,596199,4,5,A,M,MOE,False,True,False,True,20
389,596199,5,6,C,d,DNA,True,False,False,False,20
389,596199,6,7,G,d,DNA,True,False,False,False,20
389,596199,7,8,G,d,DNA,True,False,False,False,20
389,596199,8,9,A,d,DNA,True,False,False,False,20
389,596199,9,10,A,d,DNA,True,False,False,False,20
389,596199,10,11,A,d,DNA,True,False,False,False,20
389,596199,11,12,C,d,DNA,True,False,False,False,20
389,596199,12,13,C,d,DNA,True,False,False,False,20
389,596199,13,14,C,d,DNA,True,False,False,False,20
389,596199,14,15,C,d,DNA,True,False,False,False,20
389,596199,15,16,A,M,MOE,False,True,False,True,20
389,596199,16,17,G,M,MOE,False,True,False,True,20
389,596199,17,18,A,M,MOE,False,True,False,True,20
389,596199,18,19,C,M,MOE,False,True,False,True,20
389,596199,19,20,G,M,MOE,False,True,False,True,20
390,596200,0,1,A,M,MOE,False,True,False,True,20
390,596200,1,2,C,M,MOE,False,True,False,True,20
390,596200,2,3,T,M,MOE,False,True,False,True,20
390,596200,3,4,G,M,MOE,False,True,False,True,20
390,596200,4,5,C,M,MOE,False,True,False,True,20
390,596200,5,6,A,d,DNA,True,False,False,False,20
390,596200,6,7,A,d,DNA,True,False,False,False,20
390,596200,7,8,C,d,DNA,True,False,False,False,20
390,596200,8,9,G,d,DNA,True,False,False,False,20
390,596200,9,10,G,d,DNA,True,False,False,False,20
390,596200,10,11,A,d,DNA,True,False,False,False,20
390,596200,11,12,A,d,DNA,True,False,False,False,20
390,596200,12,13,A,d,DNA,True,False,False,False,20
390,596200,13,14,C,d,DNA,True,False,False,False,20
390,596200,14,15,C,d,DNA,True,False,False,False,20
390,596200,15,16,C,M,MOE,False,True,False,True,20
390,596200,16,17,C,M,MOE,False,True,False,True,20
390,596200,17,18,A,M,MOE,False,True,False,True,20
390,596200,18,19,G,M,MOE,False,True,False,True,20
390,596200,19,20,A,M,MOE,False,True,False,True,20
391,596201,0,1,G,M,MOE,False,True,False,True,20
391,596201,1,2,A,M,MOE,False,True,False,True,20
391,596201,2,3,G,M,MOE,False,True,False,True,20
391,596201,3,4,G,M,MOE,False,True,False,True,20
391,596201,4,5,A,M,MOE,False,True,False,True,20
391,596201,5,6,C,d,DNA,True,False,False,False,20
391,596201,6,7,T,d,DNA,True,False,False,False,20
391,596201,7,8,G,d,DNA,True,False,False,False,20
391,596201,8,9,C,d,DNA,True,False,False,False,20
391,596201,9,10,A,d,DNA,True,False,False,False,20
391,596201,10,11,A,d,DNA,True,False,False,False,20
391,596201,11,12,C,d,DNA,True,False,False,False,20
391,596201,12,13,G,d,DNA,True,False,False,False,20
391,596201,13,14,G,d,DNA,True,False,False,False,20
391,596201,14,15,A,d,DNA,True,False,False,False,20
391,596201,15,16,A,M,MOE,False,True,False,True,20
391,596201,16,17,A,M,MOE,False,True,False,True,20
391,596201,17,18,C,M,MOE,False,True,False,True,20
391,596201,18,19,C,M,MOE,False,True,False,True,20
391,596201,19,20,C,M,MOE,False,True,False,True,20
392,596202,0,1,C,M,MOE,False,True,False,True,20
392,596202,1,2,C,M,MOE,False,True,False,True,20
392,596202,2,3,G,M,MOE,False,True,False,True,20
392,596202,3,4,A,M,MOE,False,True,False,True,20
392,596202,4,5,G,M,MOE,False,True,False,True,20
392,596202,5,6,G,d,DNA,True,False,False,False,20
392,596202,6,7,A,d,DNA,True,False,False,False,20
392,596202,7,8,C,d,DNA,True,False,False,False,20
392,596202,8,9,T,d,DNA,True,False,False,False,20
392,596202,9,10,G,d,DNA,True,False,False,False,20
392,596202,10,11,C,d,DNA,True,False,False,False,20
392,596202,11,12,A,d,DNA,True,False,False,False,20
392,596202,12,13,A,d,DNA,True,False,False,False,20
392,596202,13,14,C,d,DNA,True,False,False,False,20
392,596202,14,15,G,d,DNA,True,False,False,False,20
392,596202,15,16,G,M,MOE,False,True,False,True,20
392,596202,16,17,A,M,MOE,False,True,False,True,20
392,596202,17,18,A,M,MOE,False,True,False,True,20
392,596202,18,19,A,M,MOE,False,True,False,True,20
392,596202,19,20,C,M,MOE,False,True,False,True,20
393,596203,0,1,T,M,MOE,False,True,False,True,20
393,596203,1,2,T,M,MOE,False,True,False,True,20
393,596203,2,3,C,M,MOE,False,True,False,True,20
393,596203,3,4,C,M,MOE,False,True,False,True,20
393,596203,4,5,G,M,MOE,False,True,False,True,20
393,596203,5,6,A,d,DNA,True,False,False,False,20
393,596203,6,7,G,d,DNA,True,False,False,False,20
393,596203,7,8,G,d,DNA,True,False,False,False,20
393,596203,8,9,A,d,DNA,True,False,False,False,20
393,596203,9,10,C,d,DNA,True,False,False,False,20
393,596203,10,11,T,d,DNA,True,False,False,False,20
393,596203,11,12,G,d,DNA,True,False,False,False,20
393,596203,12,13,C,d,DNA,True,False,False,False,20
393,596203,13,14,A,d,DNA,True,False,False,False,20
393,596203,14,15,A,d,DNA,True,False,False,False,20
393,596203,15,16,C,M,MOE,False,True,False,True,20
393,596203,16,17,G,M,MOE,False,True,False,True,20
393,596203,17,18,G,M,MOE,False,True,False,True,20
393,596203,18,19,A,M,MOE,False,True,False,True,20
393,596203,19,20,A,M,MOE,False,True,False,True,20
394,596204,0,1,G,M,MOE,False,True,False,True,20
394,596204,1,2,G,M,MOE,False,True,False,True,20
394,596204,2,3,T,M,MOE,False,True,False,True,20
394,596204,3,4,C,M,MOE,False,True,False,True,20
394,596204,4,5,C,M,MOE,False,True,False,True,20
394,596204,5,6,T,d,DNA,True,False,False,False,20
394,596204,6,7,G,d,DNA,True,False,False,False,20
394,596204,7,8,G,d,DNA,True,False,False,False,20
394,596204,8,9,T,d,DNA,True,False,False,False,20
394,596204,9,10,T,d,DNA,True,False,False,False,20
394,596204,10,11,C,d,DNA,True,False,False,False,20
394,596204,11,12,C,d,DNA,True,False,False,False,20
394,596204,12,13,G,d,DNA,True,False,False,False,20
394,596204,13,14,A,d,DNA,True,False,False,False,20
394,596204,14,15,G,d,DNA,True,False,False,False,20
394,596204,15,16,G,M,MOE,False,True,False,True,20
394,596204,16,17,A,M,MOE,False,True,False,True,20
394,596204,17,18,C,M,MOE,False,True,False,True,20
394,596204,18,19,T,M,MOE,False,True,False,True,20
394,596204,19,20,G,M,MOE,False,True,False,True,20
395,596205,0,1,C,M,MOE,False,True,False,True,20
395,596205,1,2,C,M,MOE,False,True,False,True,20
395,596205,2,3,G,M,MOE,False,True,False,True,20
395,596205,3,4,A,M,MOE,False,True,False,True,20
395,596205,4,5,G,M,MOE,False,True,False,True,20
395,596205,5,6,G,d,DNA,True,False,False,False,20
395,596205,6,7,T,d,DNA,True,False,False,False,20
395,596205,7,8,C,d,DNA,True,False,False,False,20
395,596205,8,9,C,d,DNA,True,False,False,False,20
395,596205,9,10,T,d,DNA,True,False,False,False,20
395,596205,10,11,G,d,DNA,True,False,False,False,20
395,596205,11,12,G,d,DNA,True,False,False,False,20
395,596205,12,13,T,d,DNA,True,False,False,False,20
395,596205,13,14,T,d,DNA,True,False,False,False,20
395,596205,14,15,C,d,DNA,True,False,False,False,20
395,596205,15,16,C,M,MOE,False,True,False,True,20
395,596205,16,17,G,M,MOE,False,True,False,True,20
395,596205,17,18,A,M,MOE,False,True,False,True,20
395,596205,18,19,G,M,MOE,False,True,False,True,20
395,596205,19,20,G,M,MOE,False,True,False,True,20
396,596206,0,1,C,M,MOE,False,True,False,True,20
396,596206,1,2,A,M,MOE,False,True,False,True,20
396,596206,2,3,C,M,MOE,False,True,False,True,20
396,596206,3,4,G,M,MOE,False,True,False,True,20
396,596206,4,5,C,M,MOE,False,True,False,True,20
396,596206,5,6,C,d,DNA,True,False,False,False,20
396,596206,6,7,G,d,DNA,True,False,False,False,20
396,596206,7,8,A,d,DNA,True,False,False,False,20
396,596206,8,9,G,d,DNA,True,False,False,False,20
396,596206,9,10,G,d,DNA,True,False,False,False,20
396,596206,10,11,T,d,DNA,True,False,False,False,20
396,596206,11,12,C,d,DNA,True,False,False,False,20
396,596206,12,13,C,d,DNA,True,False,False,False,20
396,596206,13,14,T,d,DNA,True,False,False,False,20
396,596206,14,15,G,d,DNA,True,False,False,False,20
396,596206,15,16,G,M,MOE,False,True,False,True,20
396,596206,16,17,T,M,MOE,False,True,False,True,20
396,596206,17,18,T,M,MOE,False,True,False,True,20
396,596206,18,19,C,M,MOE,False,True,False,True,20
396,596206,19,20,C,M,MOE,False,True,False,True,20
397,596207,0,1,G,M,MOE,False,True,False,True,20
397,596207,1,2,C,M,MOE,False,True,False,True,20
397,596207,2,3,C,M,MOE,False,True,False,True,20
397,596207,3,4,A,M,MOE,False,True,False,True,20
397,596207,4,5,C,M,MOE,False,True,False,True,20
397,596207,5,6,G,d,DNA,True,False,False,False,20
397,596207,6,7,C,d,DNA,True,False,False,False,20
397,596207,7,8,C,d,DNA,True,False,False,False,20
397,596207,8,9,G,d,DNA,True,False,False,False,20
397,596207,9,10,A,d,DNA,True,False,False,False,20
397,596207,10,11,G,d,DNA,True,False,False,False,20
397,596207,11,12,G,d,DNA,True,False,False,False,20
397,596207,12,13,T,d,DNA,True,False,False,False,20
397,596207,13,14,C,d,DNA,True,False,False,False,20
397,596207,14,15,C,d,DNA,True,False,False,False,20
397,596207,15,16,T,M,MOE,False,True,False,True,20
397,596207,16,17,G,M,MOE,False,True,False,True,20
397,596207,17,18,G,M,MOE,False,True,False,True,20
397,596207,18,19,T,M,MOE,False,True,False,True,20
397,596207,19,20,T,M,MOE,False,True,False,True,20
398,596208,0,1,C,M,MOE,False,True,False,True,20
398,596208,1,2,T,M,MOE,False,True,False,True,20
398,596208,2,3,A,M,MOE,False,True,False,True,20
398,596208,3,4,G,M,MOE,False,True,False,True,20
398,596208,4,5,G,M,MOE,False,True,False,True,20
398,596208,5,6,C,d,DNA,True,False,False,False,20
398,596208,6,7,C,d,DNA,True,False,False,False,20
398,596208,7,8,A,d,DNA,True,False,False,False,20
398,596208,8,9,C,d,DNA,True,False,False,False,20
398,596208,9,10,G,d,DNA,True,False,False,False,20
398,596208,10,11,C,d,DNA,True,False,False,False,20
398,596208,11,12,C,d,DNA,True,False,False,False,20
398,596208,12,13,G,d,DNA,True,False,False,False,20
398,596208,13,14,A,d,DNA,True,False,False,False,20
398,596208,14,15,G,d,DNA,True,False,False,False,20
398,596208,15,16,G,M,MOE,False,True,False,True,20
398,596208,16,17,T,M,MOE,False,True,False,True,20
398,596208,17,18,C,M,MOE,False,True,False,True,20
398,596208,18,19,C,M,MOE,False,True,False,True,20
398,596208,19,20,T,M,MOE,False,True,False,True,20
399,596209,0,1,C,M,MOE,False,True,False,True,20
399,596209,1,2,T,M,MOE,False,True,False,True,20
399,596209,2,3,C,M,MOE,False,True,False,True,20
399,596209,3,4,G,M,MOE,False,True,False,True,20
399,596209,4,5,C,M,MOE,False,True,False,True,20
399,596209,5,6,T,d,DNA,True,False,False,False,20
399,596209,6,7,A,d,DNA,True,False,False,False,20
399,596209,7,8,G,d,DNA,True,False,False,False,20
399,596209,8,9,G,d,DNA,True,False,False,False,20
399,596209,9,10,C,d,DNA,True,False,False,False,20
399,596209,10,11,C,d,DNA,True,False,False,False,20
399,596209,11,12,A,d,DNA,True,False,False,False,20
399,596209,12,13,C,d,DNA,True,False,False,False,20
399,596209,13,14,G,d,DNA,True,False,False,False,20
399,596209,14,15,C,d,DNA,True,False,False,False,20
399,596209,15,16,C,M,MOE,False,True,False,True,20
399,596209,16,17,G,M,MOE,False,True,False,True,20
399,596209,17,18,A,M,MOE,False,True,False,True,20
399,596209,18,19,G,M,MOE,False,True,False,True,20
399,596209,19,20,G,M,MOE,False,True,False,True,20
400,596210,0,1,A,M,MOE,False,True,False,True,20
400,596210,1,2,A,M,MOE,False,True,False,True,20
400,596210,2,3,C,M,MOE,False,True,False,True,20
400,596210,3,4,T,M,MOE,False,True,False,True,20
400,596210,4,5,C,M,MOE,False,True,False,True,20
400,596210,5,6,G,d,DNA,True,False,False,False,20
400,596210,6,7,C,d,DNA,True,False,False,False,20
400,596210,7,8,T,d,DNA,True,False,False,False,20
400,596210,8,9,A,d,DNA,True,False,False,False,20
400,596210,9,10,G,d,DNA,True,False,False,False,20
400,596210,10,11,G,d,DNA,True,False,False,False,20
400,596210,11,12,C,d,DNA,True,False,False,False,20
400,596210,12,13,C,d,DNA,True,False,False,False,20
400,596210,13,14,A,d,DNA,True,False,False,False,20
400,596210,14,15,C,d,DNA,True,False,False,False,20
400,596210,15,16,G,M,MOE,False,True,False,True,20
400,596210,16,17,C,M,MOE,False,True,False,True,20
400,596210,17,18,C,M,MOE,False,True,False,True,20
400,596210,18,19,G,M,MOE,False,True,False,True,20
400,596210,19,20,A,M,MOE,False,True,False,True,20
401,596211,0,1,A,M,MOE,False,True,False,True,20
401,596211,1,2,T,M,MOE,False,True,False,True,20
401,596211,2,3,A,M,MOE,False,True,False,True,20
401,596211,3,4,A,M,MOE,False,True,False,True,20
401,596211,4,5,C,M,MOE,False,True,False,True,20
401,596211,5,6,T,d,DNA,True,False,False,False,20
401,596211,6,7,C,d,DNA,True,False,False,False,20
401,596211,7,8,G,d,DNA,True,False,False,False,20
401,596211,8,9,C,d,DNA,True,False,False,False,20
401,596211,9,10,T,d,DNA,True,False,False,False,20
401,596211,10,11,A,d,DNA,True,False,False,False,20
401,596211,11,12,G,d,DNA,True,False,False,False,20
401,596211,12,13,G,d,DNA,True,False,False,False,20
401,596211,13,14,C,d,DNA,True,False,False,False,20
401,596211,14,15,C,d,DNA,True,False,False,False,20
401,596211,15,16,A,M,MOE,False,True,False,True,20
401,596211,16,17,C,M,MOE,False,True,False,True,20
401,596211,17,18,G,M,MOE,False,True,False,True,20
401,596211,18,19,C,M,MOE,False,True,False,True,20
401,596211,19,20,C,M,MOE,False,True,False,True,20
402,596212,0,1,C,M,MOE,False,True,False,True,20
402,596212,1,2,C,M,MOE,False,True,False,True,20
402,596212,2,3,A,M,MOE,False,True,False,True,20
402,596212,3,4,T,M,MOE,False,True,False,True,20
402,596212,4,5,A,M,MOE,False,True,False,True,20
402,596212,5,6,A,d,DNA,True,False,False,False,20
402,596212,6,7,C,d,DNA,True,False,False,False,20
402,596212,7,8,T,d,DNA,True,False,False,False,20
402,596212,8,9,C,d,DNA,True,False,False,False,20
402,596212,9,10,G,d,DNA,True,False,False,False,20
402,596212,10,11,C,d,DNA,True,False,False,False,20
402,596212,11,12,T,d,DNA,True,False,False,False,20
402,596212,12,13,A,d,DNA,True,False,False,False,20
402,596212,13,14,G,d,DNA,True,False,False,False,20
402,596212,14,15,G,d,DNA,True,False,False,False,20
402,596212,15,16,C,M,MOE,False,True,False,True,20
402,596212,16,17,C,M,MOE,False,True,False,True,20
402,596212,17,18,A,M,MOE,False,True,False,True,20
402,596212,18,19,C,M,MOE,False,True,False,True,20
402,596212,19,20,G,M,MOE,False,True,False,True,20
403,596213,0,1,T,M,MOE,False,True,False,True,20
403,596213,1,2,G,M,MOE,False,True,False,True,20
403,596213,2,3,G,M,MOE,False,True,False,True,20
403,596213,3,4,G,M,MOE,False,True,False,True,20
403,596213,4,5,C,M,MOE,False,True,False,True,20
403,596213,5,6,C,d,DNA,True,False,False,False,20
403,596213,6,7,G,d,DNA,True,False,False,False,20
403,596213,7,8,T,d,DNA,True,False,False,False,20
403,596213,8,9,C,d,DNA,True,False,False,False,20
403,596213,9,10,G,d,DNA,True,False,False,False,20
403,596213,10,11,C,d,DNA,True,False,False,False,20
403,596213,11,12,C,d,DNA,True,False,False,False,20
403,596213,12,13,C,d,DNA,True,False,False,False,20
403,596213,13,14,T,d,DNA,True,False,False,False,20
403,596213,14,15,T,d,DNA,True,False,False,False,20
403,596213,15,16,C,M,MOE,False,True,False,True,20
403,596213,16,17,A,M,MOE,False,True,False,True,20
403,596213,17,18,G,M,MOE,False,True,False,True,20
403,596213,18,19,C,M,MOE,False,True,False,True,20
403,596213,19,20,A,M,MOE,False,True,False,True,20
404,596214,0,1,A,M,MOE,False,True,False,True,20
404,596214,1,2,C,M,MOE,False,True,False,True,20
404,596214,2,3,T,M,MOE,False,True,False,True,20
404,596214,3,4,G,M,MOE,False,True,False,True,20
404,596214,4,5,G,M,MOE,False,True,False,True,20
404,596214,5,6,G,d,DNA,True,False,False,False,20
404,596214,6,7,C,d,DNA,True,False,False,False,20
404,596214,7,8,C,d,DNA,True,False,False,False,20
404,596214,8,9,G,d,DNA,True,False,False,False,20
404,596214,9,10,T,d,DNA,True,False,False,False,20
404,596214,10,11,C,d,DNA,True,False,False,False,20
404,596214,11,12,G,d,DNA,True,False,False,False,20
404,596214,12,13,C,d,DNA,True,False,False,False,20
404,596214,13,14,C,d,DNA,True,False,False,False,20
404,596214,14,15,C,d,DNA,True,False,False,False,20
404,596214,15,16,T,M,MOE,False,True,False,True,20
404,596214,16,17,T,M,MOE,False,True,False,True,20
404,596214,17,18,C,M,MOE,False,True,False,True,20
404,596214,18,19,A,M,MOE,False,True,False,True,20
404,596214,19,20,G,M,MOE,False,True,False,True,20
405,596215,0,1,G,M,MOE,False,True,False,True,20
405,596215,1,2,C,M,MOE,False,True,False,True,20
405,596215,2,3,A,M,MOE,False,True,False,True,20
405,596215,3,4,C,M,MOE,False,True,False,True,20
405,596215,4,5,T,M,MOE,False,True,False,True,20
405,596215,5,6,G,d,DNA,True,False,False,False,20
405,596215,6,7,G,d,DNA,True,False,False,False,20
405,596215,7,8,G,d,DNA,True,False,False,False,20
405,596215,8,9,C,d,DNA,True,False,False,False,20
405,596215,9,10,C,d,DNA,True,False,False,False,20
405,596215,10,11,G,d,DNA,True,False,False,False,20
405,596215,11,12,T,d,DNA,True,False,False,False,20
405,596215,12,13,C,d,DNA,True,False,False,False,20
405,596215,13,14,G,d,DNA,True,False,False,False,20
405,596215,14,15,C,d,DNA,True,False,False,False,20
405,596215,15,16,C,M,MOE,False,True,False,True,20
405,596215,16,17,C,M,MOE,False,True,False,True,20
405,596215,17,18,T,M,MOE,False,True,False,True,20
405,596215,18,19,T,M,MOE,False,True,False,True,20
405,596215,19,20,C,M,MOE,False,True,False,True,20
406,596216,0,1,C,M,MOE,False,True,False,True,20
406,596216,1,2,T,M,MOE,False,True,False,True,20
406,596216,2,3,G,M,MOE,False,True,False,True,20
406,596216,3,4,C,M,MOE,False,True,False,True,20
406,596216,4,5,A,M,MOE,False,True,False,True,20
406,596216,5,6,C,d,DNA,True,False,False,False,20
406,596216,6,7,T,d,DNA,True,False,False,False,20
406,596216,7,8,G,d,DNA,True,False,False,False,20
406,596216,8,9,G,d,DNA,True,False,False,False,20
406,596216,9,10,G,d,DNA,True,False,False,False,20
406,596216,10,11,C,d,DNA,True,False,False,False,20
406,596216,11,12,C,d,DNA,True,False,False,False,20
406,596216,12,13,G,d,DNA,True,False,False,False,20
406,596216,13,14,T,d,DNA,True,False,False,False,20
406,596216,14,15,C,d,DNA,True,False,False,False,20
406,596216,15,16,G,M,MOE,False,True,False,True,20
406,596216,16,17,C,M,MOE,False,True,False,True,20
406,596216,17,18,C,M,MOE,False,True,False,True,20
406,596216,18,19,C,M,MOE,False,True,False,True,20
406,596216,19,20,T,M,MOE,False,True,False,True,20
407,596217,0,1,T,M,MOE,False,True,False,True,20
407,596217,1,2,G,M,MOE,False,True,False,True,20
407,596217,2,3,C,M,MOE,False,True,False,True,20
407,596217,3,4,C,M,MOE,False,True,False,True,20
407,596217,4,5,C,M,MOE,False,True,False,True,20
407,596217,5,6,T,d,DNA,True,False,False,False,20
407,596217,6,7,G,d,DNA,True,False,False,False,20
407,596217,7,8,C,d,DNA,True,False,False,False,20
407,596217,8,9,A,d,DNA,True,False,False,False,20
407,596217,9,10,C,d,DNA,True,False,False,False,20
407,596217,10,11,T,d,DNA,True,False,False,False,20
407,596217,11,12,G,d,DNA,True,False,False,False,20
407,596217,12,13,G,d,DNA,True,False,False,False,20
407,596217,13,14,G,d,DNA,True,False,False,False,20
407,596217,14,15,C,d,DNA,True,False,False,False,20
407,596217,15,16,C,M,MOE,False,True,False,True,20
407,596217,16,17,G,M,MOE,False,True,False,True,20
407,596217,17,18,T,M,MOE,False,True,False,True,20
407,596217,18,19,C,M,MOE,False,True,False,True,20
407,596217,19,20,G,M,MOE,False,True,False,True,20
408,596218,0,1,G,M,MOE,False,True,False,True,20
408,596218,1,2,A,M,MOE,False,True,False,True,20
408,596218,2,3,T,M,MOE,False,True,False,True,20
408,596218,3,4,G,M,MOE,False,True,False,True,20
408,596218,4,5,C,M,MOE,False,True,False,True,20
408,596218,5,6,C,d,DNA,True,False,False,False,20
408,596218,6,7,C,d,DNA,True,False,False,False,20
408,596218,7,8,T,d,DNA,True,False,False,False,20
408,596218,8,9,G,d,DNA,True,False,False,False,20
408,596218,9,10,C,d,DNA,True,False,False,False,20
408,596218,10,11,A,d,DNA,True,False,False,False,20
408,596218,11,12,C,d,DNA,True,False,False,False,20
408,596218,12,13,T,d,DNA,True,False,False,False,20
408,596218,13,14,G,d,DNA,True,False,False,False,20
408,596218,14,15,G,d,DNA,True,False,False,False,20
408,596218,15,16,G,M,MOE,False,True,False,True,20
408,596218,16,17,C,M,MOE,False,True,False,True,20
408,596218,17,18,C,M,MOE,False,True,False,True,20
408,596218,18,19,G,M,MOE,False,True,False,True,20
408,596218,19,20,T,M,MOE,False,True,False,True,20
409,596219,0,1,A,M,MOE,False,True,False,True,20
409,596219,1,2,T,M,MOE,False,True,False,True,20
409,596219,2,3,G,M,MOE,False,True,False,True,20
409,596219,3,4,A,M,MOE,False,True,False,True,20
409,596219,4,5,T,M,MOE,False,True,False,True,20
409,596219,5,6,G,d,DNA,True,False,False,False,20
409,596219,6,7,C,d,DNA,True,False,False,False,20
409,596219,7,8,C,d,DNA,True,False,False,False,20
409,596219,8,9,C,d,DNA,True,False,False,False,20
409,596219,9,10,T,d,DNA,True,False,False,False,20
409,596219,10,11,G,d,DNA,True,False,False,False,20
409,596219,11,12,C,d,DNA,True,False,False,False,20
409,596219,12,13,A,d,DNA,True,False,False,False,20
409,596219,13,14,C,d,DNA,True,False,False,False,20
409,596219,14,15,T,d,DNA,True,False,False,False,20
409,596219,15,16,G,M,MOE,False,True,False,True,20
409,596219,16,17,G,M,MOE,False,True,False,True,20
409,596219,17,18,G,M,MOE,False,True,False,True,20
409,596219,18,19,C,M,MOE,False,True,False,True,20
409,596219,19,20,C,M,MOE,False,True,False,True,20
410,596220,0,1,A,M,MOE,False,True,False,True,20
410,596220,1,2,T,M,MOE,False,True,False,True,20
410,596220,2,3,T,M,MOE,False,True,False,True,20
410,596220,3,4,G,M,MOE,False,True,False,True,20
410,596220,4,5,A,M,MOE,False,True,False,True,20
410,596220,5,6,T,d,DNA,True,False,False,False,20
410,596220,6,7,G,d,DNA,True,False,False,False,20
410,596220,7,8,A,d,DNA,True,False,False,False,20
410,596220,8,9,T,d,DNA,True,False,False,False,20
410,596220,9,10,G,d,DNA,True,False,False,False,20
410,596220,10,11,C,d,DNA,True,False,False,False,20
410,596220,11,12,C,d,DNA,True,False,False,False,20
410,596220,12,13,C,d,DNA,True,False,False,False,20
410,596220,13,14,T,d,DNA,True,False,False,False,20
410,596220,14,15,G,d,DNA,True,False,False,False,20
410,596220,15,16,C,M,MOE,False,True,False,True,20
410,596220,16,17,A,M,MOE,False,True,False,True,20
410,596220,17,18,C,M,MOE,False,True,False,True,20
410,596220,18,19,T,M,MOE,False,True,False,True,20
410,596220,19,20,G,M,MOE,False,True,False,True,20
411,596221,0,1,A,M,MOE,False,True,False,True,20
411,596221,1,2,A,M,MOE,False,True,False,True,20
411,596221,2,3,A,M,MOE,False,True,False,True,20
411,596221,3,4,T,M,MOE,False,True,False,True,20
411,596221,4,5,T,M,MOE,False,True,False,True,20
411,596221,5,6,G,d,DNA,True,False,False,False,20
411,596221,6,7,A,d,DNA,True,False,False,False,20
411,596221,7,8,T,d,DNA,True,False,False,False,20
411,596221,8,9,G,d,DNA,True,False,False,False,20
411,596221,9,10,A,d,DNA,True,False,False,False,20
411,596221,10,11,T,d,DNA,True,False,False,False,20
411,596221,11,12,G,d,DNA,True,False,False,False,20
411,596221,12,13,C,d,DNA,True,False,False,False,20
411,596221,13,14,C,d,DNA,True,False,False,False,20
411,596221,14,15,C,d,DNA,True,False,False,False,20
411,596221,15,16,T,M,MOE,False,True,False,True,20
411,596221,16,17,G,M,MOE,False,True,False,True,20
411,596221,17,18,C,M,MOE,False,True,False,True,20
411,596221,18,19,A,M,MOE,False,True,False,True,20
411,596221,19,20,C,M,MOE,False,True,False,True,20
412,596222,0,1,C,M,MOE,False,True,False,True,20
412,596222,1,2,G,M,MOE,False,True,False,True,20
412,596222,2,3,A,M,MOE,False,True,False,True,20
412,596222,3,4,A,M,MOE,False,True,False,True,20
412,596222,4,5,A,M,MOE,False,True,False,True,20
412,596222,5,6,T,d,DNA,True,False,False,False,20
412,596222,6,7,T,d,DNA,True,False,False,False,20
412,596222,7,8,G,d,DNA,True,False,False,False,20
412,596222,8,9,A,d,DNA,True,False,False,False,20
412,596222,9,10,T,d,DNA,True,False,False,False,20
412,596222,10,11,G,d,DNA,True,False,False,False,20
412,596222,11,12,A,d,DNA,True,False,False,False,20
412,596222,12,13,T,d,DNA,True,False,False,False,20
412,596222,13,14,G,d,DNA,True,False,False,False,20
412,596222,14,15,C,d,DNA,True,False,False,False,20
412,596222,15,16,C,M,MOE,False,True,False,True,20
412,596222,16,17,C,M,MOE,False,True,False,True,20
412,596222,17,18,T,M,MOE,False,True,False,True,20
412,596222,18,19,G,M,MOE,False,True,False,True,20
412,596222,19,20,C,M,MOE,False,True,False,True,20
413,596223,0,1,C,M,MOE,False,True,False,True,20
413,596223,1,2,T,M,MOE,False,True,False,True,20
413,596223,2,3,C,M,MOE,False,True,False,True,20
413,596223,3,4,G,M,MOE,False,True,False,True,20
413,596223,4,5,A,M,MOE,False,True,False,True,20
413,596223,5,6,A,d,DNA,True,False,False,False,20
413,596223,6,7,A,d,DNA,True,False,False,False,20
413,596223,7,8,T,d,DNA,True,False,False,False,20
413,596223,8,9,T,d,DNA,True,False,False,False,20
413,596223,9,10,G,d,DNA,True,False,False,False,20
413,596223,10,11,A,d,DNA,True,False,False,False,20
413,596223,11,12,T,d,DNA,True,False,False,False,20
413,596223,12,13,G,d,DNA,True,False,False,False,20
413,596223,13,14,A,d,DNA,True,False,False,False,20
413,596223,14,15,T,d,DNA,True,False,False,False,20
413,596223,15,16,G,M,MOE,False,True,False,True,20
413,596223,16,17,C,M,MOE,False,True,False,True,20
413,596223,17,18,C,M,MOE,False,True,False,True,20
413,596223,18,19,C,M,MOE,False,True,False,True,20
413,596223,19,20,T,M,MOE,False,True,False,True,20
414,596224,0,1,T,M,MOE,False,True,False,True,20
414,596224,1,2,G,M,MOE,False,True,False,True,20
414,596224,2,3,C,M,MOE,False,True,False,True,20
414,596224,3,4,T,M,MOE,False,True,False,True,20
414,596224,4,5,C,M,MOE,False,True,False,True,20
414,596224,5,6,G,d,DNA,True,False,False,False,20
414,596224,6,7,A,d,DNA,True,False,False,False,20
414,596224,7,8,A,d,DNA,True,False,False,False,20
414,596224,8,9,A,d,DNA,True,False,False,False,20
414,596224,9,10,T,d,DNA,True,False,False,False,20
414,596224,10,11,T,d,DNA,True,False,False,False,20
414,596224,11,12,G,d,DNA,True,False,False,False,20
414,596224,12,13,A,d,DNA,True,False,False,False,20
414,596224,13,14,T,d,DNA,True,False,False,False,20
414,596224,14,15,G,d,DNA,True,False,False,False,20
414,596224,15,16,A,M,MOE,False,True,False,True,20
414,596224,16,17,T,M,MOE,False,True,False,True,20
414,596224,17,18,G,M,MOE,False,True,False,True,20
414,596224,18,19,C,M,MOE,False,True,False,True,20
414,596224,19,20,C,M,MOE,False,True,False,True,20
415,596225,0,1,T,M,MOE,False,True,False,True,20
415,596225,1,2,C,M,MOE,False,True,False,True,20
415,596225,2,3,T,M,MOE,False,True,False,True,20
415,596225,3,4,G,M,MOE,False,True,False,True,20
415,596225,4,5,C,M,MOE,False,True,False,True,20
415,596225,5,6,T,d,DNA,True,False,False,False,20
415,596225,6,7,C,d,DNA,True,False,False,False,20
415,596225,7,8,G,d,DNA,True,False,False,False,20
415,596225,8,9,A,d,DNA,True,False,False,False,20
415,596225,9,10,A,d,DNA,True,False,False,False,20
415,596225,10,11,A,d,DNA,True,False,False,False,20
415,596225,11,12,T,d,DNA,True,False,False,False,20
415,596225,12,13,T,d,DNA,True,False,False,False,20
415,596225,13,14,G,d,DNA,True,False,False,False,20
415,596225,14,15,A,d,DNA,True,False,False,False,20
415,596225,15,16,T,M,MOE,False,True,False,True,20
415,596225,16,17,G,M,MOE,False,True,False,True,20
415,596225,17,18,A,M,MOE,False,True,False,True,20
415,596225,18,19,T,M,MOE,False,True,False,True,20
415,596225,19,20,G,M,MOE,False,True,False,True,20
416,596226,0,1,C,M,MOE,False,True,False,True,20
416,596226,1,2,T,M,MOE,False,True,False,True,20
416,596226,2,3,T,M,MOE,False,True,False,True,20
416,596226,3,4,C,M,MOE,False,True,False,True,20
416,596226,4,5,T,M,MOE,False,True,False,True,20
416,596226,5,6,G,d,DNA,True,False,False,False,20
416,596226,6,7,C,d,DNA,True,False,False,False,20
416,596226,7,8,T,d,DNA,True,False,False,False,20
416,596226,8,9,C,d,DNA,True,False,False,False,20
416,596226,9,10,G,d,DNA,True,False,False,False,20
416,596226,10,11,A,d,DNA,True,False,False,False,20
416,596226,11,12,A,d,DNA,True,False,False,False,20
416,596226,12,13,A,d,DNA,True,False,False,False,20
416,596226,13,14,T,d,DNA,True,False,False,False,20
416,596226,14,15,T,d,DNA,True,False,False,False,20
416,596226,15,16,G,M,MOE,False,True,False,True,20
416,596226,16,17,A,M,MOE,False,True,False,True,20
416,596226,17,18,T,M,MOE,False,True,False,True,20
416,596226,18,19,G,M,MOE,False,True,False,True,20
416,596226,19,20,A,M,MOE,False,True,False,True,20
417,596227,0,1,T,M,MOE,False,True,False,True,20
417,596227,1,2,T,M,MOE,False,True,False,True,20
417,596227,2,3,T,M,MOE,False,True,False,True,20
417,596227,3,4,A,M,MOE,False,True,False,True,20
417,596227,4,5,A,M,MOE,False,True,False,True,20
417,596227,5,6,T,d,DNA,True,False,False,False,20
417,596227,6,7,G,d,DNA,True,False,False,False,20
417,596227,7,8,C,d,DNA,True,False,False,False,20
417,596227,8,9,T,d,DNA,True,False,False,False,20
417,596227,9,10,T,d,DNA,True,False,False,False,20
417,596227,10,11,C,d,DNA,True,False,False,False,20
417,596227,11,12,C,d,DNA,True,False,False,False,20
417,596227,12,13,C,d,DNA,True,False,False,False,20
417,596227,13,14,C,d,DNA,True,False,False,False,20
417,596227,14,15,A,d,DNA,True,False,False,False,20
417,596227,15,16,C,M,MOE,False,True,False,True,20
417,596227,16,17,A,M,MOE,False,True,False,True,20
417,596227,17,18,C,M,MOE,False,True,False,True,20
417,596227,18,19,C,M,MOE,False,True,False,True,20
417,596227,19,20,T,M,MOE,False,True,False,True,20
418,596228,0,1,C,M,MOE,False,True,False,True,20
418,596228,1,2,C,M,MOE,False,True,False,True,20
418,596228,2,3,T,M,MOE,False,True,False,True,20
418,596228,3,4,T,M,MOE,False,True,False,True,20
418,596228,4,5,T,M,MOE,False,True,False,True,20
418,596228,5,6,A,d,DNA,True,False,False,False,20
418,596228,6,7,A,d,DNA,True,False,False,False,20
418,596228,7,8,T,d,DNA,True,False,False,False,20
418,596228,8,9,G,d,DNA,True,False,False,False,20
418,596228,9,10,C,d,DNA,True,False,False,False,20
418,596228,10,11,T,d,DNA,True,False,False,False,20
418,596228,11,12,T,d,DNA,True,False,False,False,20
418,596228,12,13,C,d,DNA,True,False,False,False,20
418,596228,13,14,C,d,DNA,True,False,False,False,20
418,596228,14,15,C,d,DNA,True,False,False,False,20
418,596228,15,16,C,M,MOE,False,True,False,True,20
418,596228,16,17,A,M,MOE,False,True,False,True,20
418,596228,17,18,C,M,MOE,False,True,False,True,20
418,596228,18,19,A,M,MOE,False,True,False,True,20
418,596228,19,20,C,M,MOE,False,True,False,True,20
419,596229,0,1,G,M,MOE,False,True,False,True,20
419,596229,1,2,T,M,MOE,False,True,False,True,20
419,596229,2,3,C,M,MOE,False,True,False,True,20
419,596229,3,4,C,M,MOE,False,True,False,True,20
419,596229,4,5,T,M,MOE,False,True,False,True,20
419,596229,5,6,T,d,DNA,True,False,False,False,20
419,596229,6,7,T,d,DNA,True,False,False,False,20
419,596229,7,8,A,d,DNA,True,False,False,False,20
419,596229,8,9,A,d,DNA,True,False,False,False,20
419,596229,9,10,T,d,DNA,True,False,False,False,20
419,596229,10,11,G,d,DNA,True,False,False,False,20
419,596229,11,12,C,d,DNA,True,False,False,False,20
419,596229,12,13,T,d,DNA,True,False,False,False,20
419,596229,13,14,T,d,DNA,True,False,False,False,20
419,596229,14,15,C,d,DNA,True,False,False,False,20
419,596229,15,16,C,M,MOE,False,True,False,True,20
419,596229,16,17,C,M,MOE,False,True,False,True,20
419,596229,17,18,C,M,MOE,False,True,False,True,20
419,596229,18,19,A,M,MOE,False,True,False,True,20
419,596229,19,20,C,M,MOE,False,True,False,True,20
420,596230,0,1,C,M,MOE,False,True,False,True,20
420,596230,1,2,A,M,MOE,False,True,False,True,20
420,596230,2,3,G,M,MOE,False,True,False,True,20
420,596230,3,4,T,M,MOE,False,True,False,True,20
420,596230,4,5,C,M,MOE,False,True,False,True,20
420,596230,5,6,C,d,DNA,True,False,False,False,20
420,596230,6,7,T,d,DNA,True,False,False,False,20
420,596230,7,8,T,d,DNA,True,False,False,False,20
420,596230,8,9,T,d,DNA,True,False,False,False,20
420,596230,9,10,A,d,DNA,True,False,False,False,20
420,596230,10,11,A,d,DNA,True,False,False,False,20
420,596230,11,12,T,d,DNA,True,False,False,False,20
420,596230,12,13,G,d,DNA,True,False,False,False,20
420,596230,13,14,C,d,DNA,True,False,False,False,20
420,596230,14,15,T,d,DNA,True,False,False,False,20
420,596230,15,16,T,M,MOE,False,True,False,True,20
420,596230,16,17,C,M,MOE,False,True,False,True,20
420,596230,17,18,C,M,MOE,False,True,False,True,20
420,596230,18,19,C,M,MOE,False,True,False,True,20
420,596230,19,20,C,M,MOE,False,True,False,True,20
421,596231,0,1,G,M,MOE,False,True,False,True,20
421,596231,1,2,T,M,MOE,False,True,False,True,20
421,596231,2,3,C,M,MOE,False,True,False,True,20
421,596231,3,4,A,M,MOE,False,True,False,True,20
421,596231,4,5,G,M,MOE,False,True,False,True,20
421,596231,5,6,T,d,DNA,True,False,False,False,20
421,596231,6,7,C,d,DNA,True,False,False,False,20
421,596231,7,8,C,d,DNA,True,False,False,False,20
421,596231,8,9,T,d,DNA,True,False,False,False,20
421,596231,9,10,T,d,DNA,True,False,False,False,20
421,596231,10,11,T,d,DNA,True,False,False,False,20
421,596231,11,12,A,d,DNA,True,False,False,False,20
421,596231,12,13,A,d,DNA,True,False,False,False,20
421,596231,13,14,T,d,DNA,True,False,False,False,20
421,596231,14,15,G,d,DNA,True,False,False,False,20
421,596231,15,16,C,M,MOE,False,True,False,True,20
421,596231,16,17,T,M,MOE,False,True,False,True,20
421,596231,17,18,T,M,MOE,False,True,False,True,20
421,596231,18,19,C,M,MOE,False,True,False,True,20
421,596231,19,20,C,M,MOE,False,True,False,True,20
422,596232,0,1,C,M,MOE,False,True,False,True,20
422,596232,1,2,A,M,MOE,False,True,False,True,20
422,596232,2,3,G,M,MOE,False,True,False,True,20
422,596232,3,4,T,M,MOE,False,True,False,True,20
422,596232,4,5,C,M,MOE,False,True,False,True,20
422,596232,5,6,A,d,DNA,True,False,False,False,20
422,596232,6,7,G,d,DNA,True,False,False,False,20
422,596232,7,8,T,d,DNA,True,False,False,False,20
422,596232,8,9,C,d,DNA,True,False,False,False,20
422,596232,9,10,C,d,DNA,True,False,False,False,20
422,596232,10,11,T,d,DNA,True,False,False,False,20
422,596232,11,12,T,d,DNA,True,False,False,False,20
422,596232,12,13,T,d,DNA,True,False,False,False,20
422,596232,13,14,A,d,DNA,True,False,False,False,20
422,596232,14,15,A,d,DNA,True,False,False,False,20
422,596232,15,16,T,M,MOE,False,True,False,True,20
422,596232,16,17,G,M,MOE,False,True,False,True,20
422,596232,17,18,C,M,MOE,False,True,False,True,20
422,596232,18,19,T,M,MOE,False,True,False,True,20
422,596232,19,20,T,M,MOE,False,True,False,True,20
423,596233,0,1,T,M,MOE,False,True,False,True,20
423,596233,1,2,T,M,MOE,False,True,False,True,20
423,596233,2,3,C,M,MOE,False,True,False,True,20
423,596233,3,4,A,M,MOE,False,True,False,True,20
423,596233,4,5,G,M,MOE,False,True,False,True,20
423,596233,5,6,T,d,DNA,True,False,False,False,20
423,596233,6,7,C,d,DNA,True,False,False,False,20
423,596233,7,8,A,d,DNA,True,False,False,False,20
423,596233,8,9,G,d,DNA,True,False,False,False,20
423,596233,9,10,T,d,DNA,True,False,False,False,20
423,596233,10,11,C,d,DNA,True,False,False,False,20
423,596233,11,12,C,d,DNA,True,False,False,False,20
423,596233,12,13,T,d,DNA,True,False,False,False,20
423,596233,13,14,T,d,DNA,True,False,False,False,20
423,596233,14,15,T,d,DNA,True,False,False,False,20
423,596233,15,16,A,M,MOE,False,True,False,True,20
423,596233,16,17,A,M,MOE,False,True,False,True,20
423,596233,17,18,T,M,MOE,False,True,False,True,20
423,596233,18,19,G,M,MOE,False,True,False,True,20
423,596233,19,20,C,M,MOE,False,True,False,True,20
424,596234,0,1,G,M,MOE,False,True,False,True,20
424,596234,1,2,G,M,MOE,False,True,False,True,20
424,596234,2,3,C,M,MOE,False,True,False,True,20
424,596234,3,4,C,M,MOE,False,True,False,True,20
424,596234,4,5,T,M,MOE,False,True,False,True,20
424,596234,5,6,T,d,DNA,True,False,False,False,20
424,596234,6,7,C,d,DNA,True,False,False,False,20
424,596234,7,8,A,d,DNA,True,False,False,False,20
424,596234,8,9,G,d,DNA,True,False,False,False,20
424,596234,9,10,T,d,DNA,True,False,False,False,20
424,596234,10,11,C,d,DNA,True,False,False,False,20
424,596234,11,12,A,d,DNA,True,False,False,False,20
424,596234,12,13,G,d,DNA,True,False,False,False,20
424,596234,13,14,T,d,DNA,True,False,False,False,20
424,596234,14,15,C,d,DNA,True,False,False,False,20
424,596234,15,16,C,M,MOE,False,True,False,True,20
424,596234,16,17,T,M,MOE,False,True,False,True,20
424,596234,17,18,T,M,MOE,False,True,False,True,20
424,596234,18,19,T,M,MOE,False,True,False,True,20
424,596234,19,20,A,M,MOE,False,True,False,True,20
425,596235,0,1,T,M,MOE,False,True,False,True,20
425,596235,1,2,G,M,MOE,False,True,False,True,20
425,596235,2,3,C,M,MOE,False,True,False,True,20
425,596235,3,4,A,M,MOE,False,True,False,True,20
425,596235,4,5,G,M,MOE,False,True,False,True,20
425,596235,5,6,G,d,DNA,True,False,False,False,20
425,596235,6,7,C,d,DNA,True,False,False,False,20
425,596235,7,8,C,d,DNA,True,False,False,False,20
425,596235,8,9,T,d,DNA,True,False,False,False,20
425,596235,9,10,T,d,DNA,True,False,False,False,20
425,596235,10,11,C,d,DNA,True,False,False,False,20
425,596235,11,12,A,d,DNA,True,False,False,False,20
425,596235,12,13,G,d,DNA,True,False,False,False,20
425,596235,13,14,T,d,DNA,True,False,False,False,20
425,596235,14,15,C,d,DNA,True,False,False,False,20
425,596235,15,16,A,M,MOE,False,True,False,True,20
425,596235,16,17,G,M,MOE,False,True,False,True,20
425,596235,17,18,T,M,MOE,False,True,False,True,20
425,596235,18,19,C,M,MOE,False,True,False,True,20
425,596235,19,20,C,M,MOE,False,True,False,True,20
426,596236,0,1,C,M,MOE,False,True,False,True,20
426,596236,1,2,A,M,MOE,False,True,False,True,20
426,596236,2,3,T,M,MOE,False,True,False,True,20
426,596236,3,4,G,M,MOE,False,True,False,True,20
426,596236,4,5,C,M,MOE,False,True,False,True,20
426,596236,5,6,A,d,DNA,True,False,False,False,20
426,596236,6,7,G,d,DNA,True,False,False,False,20
426,596236,7,8,G,d,DNA,True,False,False,False,20
426,596236,8,9,C,d,DNA,True,False,False,False,20
426,596236,9,10,C,d,DNA,True,False,False,False,20
426,596236,10,11,T,d,DNA,True,False,False,False,20
426,596236,11,12,T,d,DNA,True,False,False,False,20
426,596236,12,13,C,d,DNA,True,False,False,False,20
426,596236,13,14,A,d,DNA,True,False,False,False,20
426,596236,14,15,G,d,DNA,True,False,False,False,20
426,596236,15,16,T,M,MOE,False,True,False,True,20
426,596236,16,17,C,M,MOE,False,True,False,True,20
426,596236,17,18,A,M,MOE,False,True,False,True,20
426,596236,18,19,G,M,MOE,False,True,False,True,20
426,596236,19,20,T,M,MOE,False,True,False,True,20
427,596237,0,1,T,M,MOE,False,True,False,True,20
427,596237,1,2,C,M,MOE,False,True,False,True,20
427,596237,2,3,A,M,MOE,False,True,False,True,20
427,596237,3,4,T,M,MOE,False,True,False,True,20
427,596237,4,5,G,M,MOE,False,True,False,True,20
427,596237,5,6,A,d,DNA,True,False,False,False,20
427,596237,6,7,A,d,DNA,True,False,False,False,20
427,596237,7,8,C,d,DNA,True,False,False,False,20
427,596237,8,9,A,d,DNA,True,False,False,False,20
427,596237,9,10,T,d,DNA,True,False,False,False,20
427,596237,10,11,G,d,DNA,True,False,False,False,20
427,596237,11,12,G,d,DNA,True,False,False,False,20
427,596237,12,13,A,d,DNA,True,False,False,False,20
427,596237,13,14,A,d,DNA,True,False,False,False,20
427,596237,14,15,T,d,DNA,True,False,False,False,20
427,596237,15,16,C,M,MOE,False,True,False,True,20
427,596237,16,17,C,M,MOE,False,True,False,True,20
427,596237,17,18,A,M,MOE,False,True,False,True,20
427,596237,18,19,T,M,MOE,False,True,False,True,20
427,596237,19,20,G,M,MOE,False,True,False,True,20
428,596238,0,1,A,M,MOE,False,True,False,True,20
428,596238,1,2,C,M,MOE,False,True,False,True,20
428,596238,2,3,T,M,MOE,False,True,False,True,20
428,596238,3,4,C,M,MOE,False,True,False,True,20
428,596238,4,5,A,M,MOE,False,True,False,True,20
428,596238,5,6,T,d,DNA,True,False,False,False,20
428,596238,6,7,G,d,DNA,True,False,False,False,20
428,596238,7,8,A,d,DNA,True,False,False,False,20
428,596238,8,9,A,d,DNA,True,False,False,False,20
428,596238,9,10,C,d,DNA,True,False,False,False,20
428,596238,10,11,A,d,DNA,True,False,False,False,20
428,596238,11,12,T,d,DNA,True,False,False,False,20
428,596238,12,13,G,d,DNA,True,False,False,False,20
428,596238,13,14,G,d,DNA,True,False,False,False,20
428,596238,14,15,A,d,DNA,True,False,False,False,20
428,596238,15,16,A,M,MOE,False,True,False,True,20
428,596238,16,17,T,M,MOE,False,True,False,True,20
428,596238,17,18,C,M,MOE,False,True,False,True,20
428,596238,18,19,C,M,MOE,False,True,False,True,20
428,596238,19,20,A,M,MOE,False,True,False,True,20
429,596239,0,1,C,M,MOE,False,True,False,True,20
429,596239,1,2,T,M,MOE,False,True,False,True,20
429,596239,2,3,G,M,MOE,False,True,False,True,20
429,596239,3,4,T,M,MOE,False,True,False,True,20
429,596239,4,5,A,M,MOE,False,True,False,True,20
429,596239,5,6,T,d,DNA,True,False,False,False,20
429,596239,6,7,T,d,DNA,True,False,False,False,20
429,596239,7,8,A,d,DNA,True,False,False,False,20
429,596239,8,9,T,d,DNA,True,False,False,False,20
429,596239,9,10,C,d,DNA,True,False,False,False,20
429,596239,10,11,T,d,DNA,True,False,False,False,20
429,596239,11,12,C,d,DNA,True,False,False,False,20
429,596239,12,13,C,d,DNA,True,False,False,False,20
429,596239,13,14,A,d,DNA,True,False,False,False,20
429,596239,14,15,A,d,DNA,True,False,False,False,20
429,596239,15,16,A,M,MOE,False,True,False,True,20
429,596239,16,17,C,M,MOE,False,True,False,True,20
429,596239,17,18,T,M,MOE,False,True,False,True,20
429,596239,18,19,C,M,MOE,False,True,False,True,20
429,596239,19,20,A,M,MOE,False,True,False,True,20
430,596240,0,1,A,M,MOE,False,True,False,True,20
430,596240,1,2,C,M,MOE,False,True,False,True,20
430,596240,2,3,T,M,MOE,False,True,False,True,20
430,596240,3,4,G,M,MOE,False,True,False,True,20
430,596240,4,5,G,M,MOE,False,True,False,True,20
430,596240,5,6,T,d,DNA,True,False,False,False,20
430,596240,6,7,A,d,DNA,True,False,False,False,20
430,596240,7,8,C,d,DNA,True,False,False,False,20
430,596240,8,9,A,d,DNA,True,False,False,False,20
430,596240,9,10,G,d,DNA,True,False,False,False,20
430,596240,10,11,C,d,DNA,True,False,False,False,20
430,596240,11,12,C,d,DNA,True,False,False,False,20
430,596240,12,13,T,d,DNA,True,False,False,False,20
430,596240,13,14,G,d,DNA,True,False,False,False,20
430,596240,14,15,C,d,DNA,True,False,False,False,20
430,596240,15,16,T,M,MOE,False,True,False,True,20
430,596240,16,17,G,M,MOE,False,True,False,True,20
430,596240,17,18,T,M,MOE,False,True,False,True,20
430,596240,18,19,A,M,MOE,False,True,False,True,20
430,596240,19,20,T,M,MOE,False,True,False,True,20
431,596241,0,1,G,M,MOE,False,True,False,True,20
431,596241,1,2,C,M,MOE,False,True,False,True,20
431,596241,2,3,A,M,MOE,False,True,False,True,20
431,596241,3,4,C,M,MOE,False,True,False,True,20
431,596241,4,5,T,M,MOE,False,True,False,True,20
431,596241,5,6,G,d,DNA,True,False,False,False,20
431,596241,6,7,G,d,DNA,True,False,False,False,20
431,596241,7,8,T,d,DNA,True,False,False,False,20
431,596241,8,9,A,d,DNA,True,False,False,False,20
431,596241,9,10,C,d,DNA,True,False,False,False,20
431,596241,10,11,A,d,DNA,True,False,False,False,20
431,596241,11,12,G,d,DNA,True,False,False,False,20
431,596241,12,13,C,d,DNA,True,False,False,False,20
431,596241,13,14,C,d,DNA,True,False,False,False,20
431,596241,14,15,T,d,DNA,True,False,False,False,20
431,596241,15,16,G,M,MOE,False,True,False,True,20
431,596241,16,17,C,M,MOE,False,True,False,True,20
431,596241,17,18,T,M,MOE,False,True,False,True,20
431,596241,18,19,G,M,MOE,False,True,False,True,20
431,596241,19,20,T,M,MOE,False,True,False,True,20
432,596242,0,1,C,M,MOE,False,True,False,True,20
432,596242,1,2,T,M,MOE,False,True,False,True,20
432,596242,2,3,G,M,MOE,False,True,False,True,20
432,596242,3,4,C,M,MOE,False,True,False,True,20
432,596242,4,5,A,M,MOE,False,True,False,True,20
432,596242,5,6,C,d,DNA,True,False,False,False,20
432,596242,6,7,T,d,DNA,True,False,False,False,20
432,596242,7,8,G,d,DNA,True,False,False,False,20
432,596242,8,9,G,d,DNA,True,False,False,False,20
432,596242,9,10,T,d,DNA,True,False,False,False,20
432,596242,10,11,A,d,DNA,True,False,False,False,20
432,596242,11,12,C,d,DNA,True,False,False,False,20
432,596242,12,13,A,d,DNA,True,False,False,False,20
432,596242,13,14,G,d,DNA,True,False,False,False,20
432,596242,14,15,C,d,DNA,True,False,False,False,20
432,596242,15,16,C,M,MOE,False,True,False,True,20
432,596242,16,17,T,M,MOE,False,True,False,True,20
432,596242,17,18,G,M,MOE,False,True,False,True,20
432,596242,18,19,C,M,MOE,False,True,False,True,20
432,596242,19,20,T,M,MOE,False,True,False,True,20
433,596243,0,1,A,M,MOE,False,True,False,True,20
433,596243,1,2,C,M,MOE,False,True,False,True,20
433,596243,2,3,C,M,MOE,False,True,False,True,20
433,596243,3,4,T,M,MOE,False,True,False,True,20
433,596243,4,5,G,M,MOE,False,True,False,True,20
433,596243,5,6,C,d,DNA,True,False,False,False,20
433,596243,6,7,A,d,DNA,True,False,False,False,20
433,596243,7,8,C,d,DNA,True,False,False,False,20
433,596243,8,9,T,d,DNA,True,False,False,False,20
433,596243,9,10,G,d,DNA,True,False,False,False,20
433,596243,10,11,G,d,DNA,True,False,False,False,20
433,596243,11,12,T,d,DNA,True,False,False,False,20
433,596243,12,13,A,d,DNA,True,False,False,False,20
433,596243,13,14,C,d,DNA,True,False,False,False,20
433,596243,14,15,A,d,DNA,True,False,False,False,20
433,596243,15,16,G,M,MOE,False,True,False,True,20
433,596243,16,17,C,M,MOE,False,True,False,True,20
433,596243,17,18,C,M,MOE,False,True,False,True,20
433,596243,18,19,T,M,MOE,False,True,False,True,20
433,596243,19,20,G,M,MOE,False,True,False,True,20
434,596244,0,1,T,M,MOE,False,True,False,True,20
434,596244,1,2,T,M,MOE,False,True,False,True,20
434,596244,2,3,T,M,MOE,False,True,False,True,20
434,596244,3,4,C,M,MOE,False,True,False,True,20
434,596244,4,5,T,M,MOE,False,True,False,True,20
434,596244,5,6,G,d,DNA,True,False,False,False,20
434,596244,6,7,G,d,DNA,True,False,False,False,20
434,596244,7,8,A,d,DNA,True,False,False,False,20
434,596244,8,9,T,d,DNA,True,False,False,False,20
434,596244,9,10,A,d,DNA,True,False,False,False,20
434,596244,10,11,G,d,DNA,True,False,False,False,20
434,596244,11,12,A,d,DNA,True,False,False,False,20
434,596244,12,13,G,d,DNA,True,False,False,False,20
434,596244,13,14,G,d,DNA,True,False,False,False,20
434,596244,14,15,A,d,DNA,True,False,False,False,20
434,596244,15,16,T,M,MOE,False,True,False,True,20
434,596244,16,17,T,M,MOE,False,True,False,True,20
434,596244,17,18,A,M,MOE,False,True,False,True,20
434,596244,18,19,A,M,MOE,False,True,False,True,20
434,596244,19,20,A,M,MOE,False,True,False,True,20
435,596245,0,1,G,M,MOE,False,True,False,True,20
435,596245,1,2,T,M,MOE,False,True,False,True,20
435,596245,2,3,T,M,MOE,False,True,False,True,20
435,596245,3,4,T,M,MOE,False,True,False,True,20
435,596245,4,5,T,M,MOE,False,True,False,True,20
435,596245,5,6,C,d,DNA,True,False,False,False,20
435,596245,6,7,T,d,DNA,True,False,False,False,20
435,596245,7,8,G,d,DNA,True,False,False,False,20
435,596245,8,9,G,d,DNA,True,False,False,False,20
435,596245,9,10,A,d,DNA,True,False,False,False,20
435,596245,10,11,T,d,DNA,True,False,False,False,20
435,596245,11,12,A,d,DNA,True,False,False,False,20
435,596245,12,13,G,d,DNA,True,False,False,False,20
435,596245,13,14,A,d,DNA,True,False,False,False,20
435,596245,14,15,G,d,DNA,True,False,False,False,20
435,596245,15,16,G,M,MOE,False,True,False,True,20
435,596245,16,17,A,M,MOE,False,True,False,True,20
435,596245,17,18,T,M,MOE,False,True,False,True,20
435,596245,18,19,T,M,MOE,False,True,False,True,20
435,596245,19,20,A,M,MOE,False,True,False,True,20
436,596246,0,1,C,M,MOE,False,True,False,True,20
436,596246,1,2,C,M,MOE,False,True,False,True,20
436,596246,2,3,G,M,MOE,False,True,False,True,20
436,596246,3,4,T,M,MOE,False,True,False,True,20
436,596246,4,5,G,M,MOE,False,True,False,True,20
436,596246,5,6,T,d,DNA,True,False,False,False,20
436,596246,6,7,T,d,DNA,True,False,False,False,20
436,596246,7,8,T,d,DNA,True,False,False,False,20
436,596246,8,9,T,d,DNA,True,False,False,False,20
436,596246,9,10,C,d,DNA,True,False,False,False,20
436,596246,10,11,T,d,DNA,True,False,False,False,20
436,596246,11,12,G,d,DNA,True,False,False,False,20
436,596246,12,13,G,d,DNA,True,False,False,False,20
436,596246,13,14,A,d,DNA,True,False,False,False,20
436,596246,14,15,T,d,DNA,True,False,False,False,20
436,596246,15,16,A,M,MOE,False,True,False,True,20
436,596246,16,17,G,M,MOE,False,True,False,True,20
436,596246,17,18,A,M,MOE,False,True,False,True,20
436,596246,18,19,G,M,MOE,False,True,False,True,20
436,596246,19,20,G,M,MOE,False,True,False,True,20
437,596247,0,1,C,M,MOE,False,True,False,True,20
437,596247,1,2,A,M,MOE,False,True,False,True,20
437,596247,2,3,C,M,MOE,False,True,False,True,20
437,596247,3,4,C,M,MOE,False,True,False,True,20
437,596247,4,5,G,M,MOE,False,True,False,True,20
437,596247,5,6,T,d,DNA,True,False,False,False,20
437,596247,6,7,G,d,DNA,True,False,False,False,20
437,596247,7,8,T,d,DNA,True,False,False,False,20
437,596247,8,9,T,d,DNA,True,False,False,False,20
437,596247,9,10,T,d,DNA,True,False,False,False,20
437,596247,10,11,T,d,DNA,True,False,False,False,20
437,596247,11,12,C,d,DNA,True,False,False,False,20
437,596247,12,13,T,d,DNA,True,False,False,False,20
437,596247,13,14,G,d,DNA,True,False,False,False,20
437,596247,14,15,G,d,DNA,True,False,False,False,20
437,596247,15,16,A,M,MOE,False,True,False,True,20
437,596247,16,17,T,M,MOE,False,True,False,True,20
437,596247,17,18,A,M,MOE,False,True,False,True,20
437,596247,18,19,G,M,MOE,False,True,False,True,20
437,596247,19,20,A,M,MOE,False,True,False,True,20
438,596248,0,1,C,M,MOE,False,True,False,True,20
438,596248,1,2,C,M,MOE,False,True,False,True,20
438,596248,2,3,C,M,MOE,False,True,False,True,20
438,596248,3,4,A,M,MOE,False,True,False,True,20
438,596248,4,5,C,M,MOE,False,True,False,True,20
438,596248,5,6,C,d,DNA,True,False,False,False,20
438,596248,6,7,G,d,DNA,True,False,False,False,20
438,596248,7,8,T,d,DNA,True,False,False,False,20
438,596248,8,9,G,d,DNA,True,False,False,False,20
438,596248,9,10,T,d,DNA,True,False,False,False,20
438,596248,10,11,T,d,DNA,True,False,False,False,20
438,596248,11,12,T,d,DNA,True,False,False,False,20
438,596248,12,13,T,d,DNA,True,False,False,False,20
438,596248,13,14,C,d,DNA,True,False,False,False,20
438,596248,14,15,T,d,DNA,True,False,False,False,20
438,596248,15,16,G,M,MOE,False,True,False,True,20
438,596248,16,17,G,M,MOE,False,True,False,True,20
438,596248,17,18,A,M,MOE,False,True,False,True,20
438,596248,18,19,T,M,MOE,False,True,False,True,20
438,596248,19,20,A,M,MOE,False,True,False,True,20
439,596249,0,1,G,M,MOE,False,True,False,True,20
439,596249,1,2,G,M,MOE,False,True,False,True,20
439,596249,2,3,C,M,MOE,False,True,False,True,20
439,596249,3,4,C,M,MOE,False,True,False,True,20
439,596249,4,5,C,M,MOE,False,True,False,True,20
439,596249,5,6,A,d,DNA,True,False,False,False,20
439,596249,6,7,C,d,DNA,True,False,False,False,20
439,596249,7,8,C,d,DNA,True,False,False,False,20
439,596249,8,9,G,d,DNA,True,False,False,False,20
439,596249,9,10,T,d,DNA,True,False,False,False,20
439,596249,10,11,G,d,DNA,True,False,False,False,20
439,596249,11,12,T,d,DNA,True,False,False,False,20
439,596249,12,13,T,d,DNA,True,False,False,False,20
439,596249,13,14,T,d,DNA,True,False,False,False,20
439,596249,14,15,T,d,DNA,True,False,False,False,20
439,596249,15,16,C,M,MOE,False,True,False,True,20
439,596249,16,17,T,M,MOE,False,True,False,True,20
439,596249,17,18,G,M,MOE,False,True,False,True,20
439,596249,18,19,G,M,MOE,False,True,False,True,20
439,596249,19,20,A,M,MOE,False,True,False,True,20
440,596250,0,1,T,M,MOE,False,True,False,True,20
440,596250,1,2,T,M,MOE,False,True,False,True,20
440,596250,2,3,G,M,MOE,False,True,False,True,20
440,596250,3,4,G,M,MOE,False,True,False,True,20
440,596250,4,5,C,M,MOE,False,True,False,True,20
440,596250,5,6,C,d,DNA,True,False,False,False,20
440,596250,6,7,C,d,DNA,True,False,False,False,20
440,596250,7,8,A,d,DNA,True,False,False,False,20
440,596250,8,9,C,d,DNA,True,False,False,False,20
440,596250,9,10,C,d,DNA,True,False,False,False,20
440,596250,10,11,G,d,DNA,True,False,False,False,20
440,596250,11,12,T,d,DNA,True,False,False,False,20
440,596250,12,13,G,d,DNA,True,False,False,False,20
440,596250,13,14,T,d,DNA,True,False,False,False,20
440,596250,14,15,T,d,DNA,True,False,False,False,20
440,596250,15,16,T,M,MOE,False,True,False,True,20
440,596250,16,17,T,M,MOE,False,True,False,True,20
440,596250,17,18,C,M,MOE,False,True,False,True,20
440,596250,18,19,T,M,MOE,False,True,False,True,20
440,596250,19,20,G,M,MOE,False,True,False,True,20
441,596251,0,1,C,M,MOE,False,True,False,True,20
441,596251,1,2,T,M,MOE,False,True,False,True,20
441,596251,2,3,T,M,MOE,False,True,False,True,20
441,596251,3,4,T,M,MOE,False,True,False,True,20
441,596251,4,5,G,M,MOE,False,True,False,True,20
441,596251,5,6,G,d,DNA,True,False,False,False,20
441,596251,6,7,C,d,DNA,True,False,False,False,20
441,596251,7,8,C,d,DNA,True,False,False,False,20
441,596251,8,9,C,d,DNA,True,False,False,False,20
441,596251,9,10,A,d,DNA,True,False,False,False,20
441,596251,10,11,C,d,DNA,True,False,False,False,20
441,596251,11,12,C,d,DNA,True,False,False,False,20
441,596251,12,13,G,d,DNA,True,False,False,False,20
441,596251,13,14,T,d,DNA,True,False,False,False,20
441,596251,14,15,G,d,DNA,True,False,False,False,20
441,596251,15,16,T,M,MOE,False,True,False,True,20
441,596251,16,17,T,M,MOE,False,True,False,True,20
441,596251,17,18,T,M,MOE,False,True,False,True,20
441,596251,18,19,T,M,MOE,False,True,False,True,20
441,596251,19,20,C,M,MOE,False,True,False,True,20
442,596252,0,1,T,M,MOE,False,True,False,True,20
442,596252,1,2,C,M,MOE,False,True,False,True,20
442,596252,2,3,C,M,MOE,False,True,False,True,20
442,596252,3,4,T,M,MOE,False,True,False,True,20
442,596252,4,5,T,M,MOE,False,True,False,True,20
442,596252,5,6,T,d,DNA,True,False,False,False,20
442,596252,6,7,G,d,DNA,True,False,False,False,20
442,596252,7,8,G,d,DNA,True,False,False,False,20
442,596252,8,9,C,d,DNA,True,False,False,False,20
442,596252,9,10,C,d,DNA,True,False,False,False,20
442,596252,10,11,C,d,DNA,True,False,False,False,20
442,596252,11,12,A,d,DNA,True,False,False,False,20
442,596252,12,13,C,d,DNA,True,False,False,False,20
442,596252,13,14,C,d,DNA,True,False,False,False,20
442,596252,14,15,G,d,DNA,True,False,False,False,20
442,596252,15,16,T,M,MOE,False,True,False,True,20
442,596252,16,17,G,M,MOE,False,True,False,True,20
442,596252,17,18,T,M,MOE,False,True,False,True,20
442,596252,18,19,T,M,MOE,False,True,False,True,20
442,596252,19,20,T,M,MOE,False,True,False,True,20
443,596253,0,1,A,M,MOE,False,True,False,True,20
443,596253,1,2,A,M,MOE,False,True,False,True,20
443,596253,2,3,G,M,MOE,False,True,False,True,20
443,596253,3,4,T,M,MOE,False,True,False,True,20
443,596253,4,5,C,M,MOE,False,True,False,True,20
443,596253,5,6,T,d,DNA,True,False,False,False,20
443,596253,6,7,C,d,DNA,True,False,False,False,20
443,596253,7,8,C,d,DNA,True,False,False,False,20
443,596253,8,9,A,d,DNA,True,False,False,False,20
443,596253,9,10,A,d,DNA,True,False,False,False,20
443,596253,10,11,C,d,DNA,True,False,False,False,20
443,596253,11,12,A,d,DNA,True,False,False,False,20
443,596253,12,13,T,d,DNA,True,False,False,False,20
443,596253,13,14,G,d,DNA,True,False,False,False,20
443,596253,14,15,C,d,DNA,True,False,False,False,20
443,596253,15,16,C,M,MOE,False,True,False,True,20
443,596253,16,17,T,M,MOE,False,True,False,True,20
443,596253,17,18,C,M,MOE,False,True,False,True,20
443,596253,18,19,T,M,MOE,False,True,False,True,20
443,596253,19,20,C,M,MOE,False,True,False,True,20
444,596254,0,1,G,M,MOE,False,True,False,True,20
444,596254,1,2,C,M,MOE,False,True,False,True,20
444,596254,2,3,C,M,MOE,False,True,False,True,20
444,596254,3,4,C,M,MOE,False,True,False,True,20
444,596254,4,5,A,M,MOE,False,True,False,True,20
444,596254,5,6,A,d,DNA,True,False,False,False,20
444,596254,6,7,G,d,DNA,True,False,False,False,20
444,596254,7,8,T,d,DNA,True,False,False,False,20
444,596254,8,9,C,d,DNA,True,False,False,False,20
444,596254,9,10,T,d,DNA,True,False,False,False,20
444,596254,10,11,C,d,DNA,True,False,False,False,20
444,596254,11,12,C,d,DNA,True,False,False,False,20
444,596254,12,13,A,d,DNA,True,False,False,False,20
444,596254,13,14,A,d,DNA,True,False,False,False,20
444,596254,14,15,C,d,DNA,True,False,False,False,20
444,596254,15,16,A,M,MOE,False,True,False,True,20
444,596254,16,17,T,M,MOE,False,True,False,True,20
444,596254,17,18,G,M,MOE,False,True,False,True,20
444,596254,18,19,C,M,MOE,False,True,False,True,20
444,596254,19,20,C,M,MOE,False,True,False,True,20
445,596255,0,1,T,M,MOE,False,True,False,True,20
445,596255,1,2,T,M,MOE,False,True,False,True,20
445,596255,2,3,G,M,MOE,False,True,False,True,20
445,596255,3,4,C,M,MOE,False,True,False,True,20
445,596255,4,5,C,M,MOE,False,True,False,True,20
445,596255,5,6,C,d,DNA,True,False,False,False,20
445,596255,6,7,A,d,DNA,True,False,False,False,20
445,596255,7,8,A,d,DNA,True,False,False,False,20
445,596255,8,9,G,d,DNA,True,False,False,False,20
445,596255,9,10,T,d,DNA,True,False,False,False,20
445,596255,10,11,C,d,DNA,True,False,False,False,20
445,596255,11,12,T,d,DNA,True,False,False,False,20
445,596255,12,13,C,d,DNA,True,False,False,False,20
445,596255,13,14,C,d,DNA,True,False,False,False,20
445,596255,14,15,A,d,DNA,True,False,False,False,20
445,596255,15,16,A,M,MOE,False,True,False,True,20
445,596255,16,17,C,M,MOE,False,True,False,True,20
445,596255,17,18,A,M,MOE,False,True,False,True,20
445,596255,18,19,T,M,MOE,False,True,False,True,20
445,596255,19,20,G,M,MOE,False,True,False,True,20
446,596256,0,1,C,M,MOE,False,True,False,True,20
446,596256,1,2,A,M,MOE,False,True,False,True,20
446,596256,2,3,T,M,MOE,False,True,False,True,20
446,596256,3,4,T,M,MOE,False,True,False,True,20
446,596256,4,5,G,M,MOE,False,True,False,True,20
446,596256,5,6,C,d,DNA,True,False,False,False,20
446,596256,6,7,C,d,DNA,True,False,False,False,20
446,596256,7,8,C,d,DNA,True,False,False,False,20
446,596256,8,9,A,d,DNA,True,False,False,False,20
446,596256,9,10,A,d,DNA,True,False,False,False,20
446,596256,10,11,G,d,DNA,True,False,False,False,20
446,596256,11,12,T,d,DNA,True,False,False,False,20
446,596256,12,13,C,d,DNA,True,False,False,False,20
446,596256,13,14,T,d,DNA,True,False,False,False,20
446,596256,14,15,C,d,DNA,True,False,False,False,20
446,596256,15,16,C,M,MOE,False,True,False,True,20
446,596256,16,17,A,M,MOE,False,True,False,True,20
446,596256,17,18,A,M,MOE,False,True,False,True,20
446,596256,18,19,C,M,MOE,False,True,False,True,20
446,596256,19,20,A,M,MOE,False,True,False,True,20
447,596257,0,1,C,M,MOE,False,True,False,True,20
447,596257,1,2,A,M,MOE,False,True,False,True,20
447,596257,2,3,G,M,MOE,False,True,False,True,20
447,596257,3,4,T,M,MOE,False,True,False,True,20
447,596257,4,5,C,M,MOE,False,True,False,True,20
447,596257,5,6,A,d,DNA,True,False,False,False,20
447,596257,6,7,C,d,DNA,True,False,False,False,20
447,596257,7,8,A,d,DNA,True,False,False,False,20
447,596257,8,9,T,d,DNA,True,False,False,False,20
447,596257,9,10,T,d,DNA,True,False,False,False,20
447,596257,10,11,G,d,DNA,True,False,False,False,20
447,596257,11,12,C,d,DNA,True,False,False,False,20
447,596257,12,13,C,d,DNA,True,False,False,False,20
447,596257,13,14,C,d,DNA,True,False,False,False,20
447,596257,14,15,A,d,DNA,True,False,False,False,20
447,596257,15,16,A,M,MOE,False,True,False,True,20
447,596257,16,17,G,M,MOE,False,True,False,True,20
447,596257,17,18,T,M,MOE,False,True,False,True,20
447,596257,18,19,C,M,MOE,False,True,False,True,20
447,596257,19,20,T,M,MOE,False,True,False,True,20
448,596258,0,1,T,M,MOE,False,True,False,True,20
448,596258,1,2,C,M,MOE,False,True,False,True,20
448,596258,2,3,A,M,MOE,False,True,False,True,20
448,596258,3,4,G,M,MOE,False,True,False,True,20
448,596258,4,5,C,M,MOE,False,True,False,True,20
448,596258,5,6,A,d,DNA,True,False,False,False,20
448,596258,6,7,G,d,DNA,True,False,False,False,20
448,596258,7,8,T,d,DNA,True,False,False,False,20
448,596258,8,9,C,d,DNA,True,False,False,False,20
448,596258,9,10,A,d,DNA,True,False,False,False,20
448,596258,10,11,C,d,DNA,True,False,False,False,20
448,596258,11,12,A,d,DNA,True,False,False,False,20
448,596258,12,13,T,d,DNA,True,False,False,False,20
448,596258,13,14,T,d,DNA,True,False,False,False,20
448,596258,14,15,G,d,DNA,True,False,False,False,20
448,596258,15,16,C,M,MOE,False,True,False,True,20
448,596258,16,17,C,M,MOE,False,True,False,True,20
448,596258,17,18,C,M,MOE,False,True,False,True,20
448,596258,18,19,A,M,MOE,False,True,False,True,20
448,596258,19,20,A,M,MOE,False,True,False,True,20
449,596259,0,1,T,M,MOE,False,True,False,True,20
449,596259,1,2,G,M,MOE,False,True,False,True,20
449,596259,2,3,T,M,MOE,False,True,False,True,20
449,596259,3,4,C,M,MOE,False,True,False,True,20
449,596259,4,5,A,M,MOE,False,True,False,True,20
449,596259,5,6,G,d,DNA,True,False,False,False,20
449,596259,6,7,C,d,DNA,True,False,False,False,20
449,596259,7,8,A,d,DNA,True,False,False,False,20
449,596259,8,9,G,d,DNA,True,False,False,False,20
449,596259,9,10,T,d,DNA,True,False,False,False,20
449,596259,10,11,C,d,DNA,True,False,False,False,20
449,596259,11,12,A,d,DNA,True,False,False,False,20
449,596259,12,13,C,d,DNA,True,False,False,False,20
449,596259,13,14,A,d,DNA,True,False,False,False,20
449,596259,14,15,T,d,DNA,True,False,False,False,20
449,596259,15,16,T,M,MOE,False,True,False,True,20
449,596259,16,17,G,M,MOE,False,True,False,True,20
449,596259,17,18,C,M,MOE,False,True,False,True,20
449,596259,18,19,C,M,MOE,False,True,False,True,20
449,596259,19,20,C,M,MOE,False,True,False,True,20
450,596260,0,1,T,M,MOE,False,True,False,True,20
450,596260,1,2,T,M,MOE,False,True,False,True,20
450,596260,2,3,T,M,MOE,False,True,False,True,20
450,596260,3,4,G,M,MOE,False,True,False,True,20
450,596260,4,5,T,M,MOE,False,True,False,True,20
450,596260,5,6,C,d,DNA,True,False,False,False,20
450,596260,6,7,A,d,DNA,True,False,False,False,20
450,596260,7,8,G,d,DNA,True,False,False,False,20
450,596260,8,9,C,d,DNA,True,False,False,False,20
450,596260,9,10,A,d,DNA,True,False,False,False,20
450,596260,10,11,G,d,DNA,True,False,False,False,20
450,596260,11,12,T,d,DNA,True,False,False,False,20
450,596260,12,13,C,d,DNA,True,False,False,False,20
450,596260,13,14,A,d,DNA,True,False,False,False,20
450,596260,14,15,C,d,DNA,True,False,False,False,20
450,596260,15,16,A,M,MOE,False,True,False,True,20
450,596260,16,17,T,M,MOE,False,True,False,True,20
450,596260,17,18,T,M,MOE,False,True,False,True,20
450,596260,18,19,G,M,MOE,False,True,False,True,20
450,596260,19,20,C,M,MOE,False,True,False,True,20
451,596261,0,1,T,M,MOE,False,True,False,True,20
451,596261,1,2,C,M,MOE,False,True,False,True,20
451,596261,2,3,T,M,MOE,False,True,False,True,20
451,596261,3,4,T,M,MOE,False,True,False,True,20
451,596261,4,5,T,M,MOE,False,True,False,True,20
451,596261,5,6,G,d,DNA,True,False,False,False,20
451,596261,6,7,T,d,DNA,True,False,False,False,20
451,596261,7,8,C,d,DNA,True,False,False,False,20
451,596261,8,9,A,d,DNA,True,False,False,False,20
451,596261,9,10,G,d,DNA,True,False,False,False,20
451,596261,10,11,C,d,DNA,True,False,False,False,20
451,596261,11,12,A,d,DNA,True,False,False,False,20
451,596261,12,13,G,d,DNA,True,False,False,False,20
451,596261,13,14,T,d,DNA,True,False,False,False,20
451,596261,14,15,C,d,DNA,True,False,False,False,20
451,596261,15,16,A,M,MOE,False,True,False,True,20
451,596261,16,17,C,M,MOE,False,True,False,True,20
451,596261,17,18,A,M,MOE,False,True,False,True,20
451,596261,18,19,T,M,MOE,False,True,False,True,20
451,596261,19,20,T,M,MOE,False,True,False,True,20
452,596262,0,1,C,M,MOE,False,True,False,True,20
452,596262,1,2,A,M,MOE,False,True,False,True,20
452,596262,2,3,T,M,MOE,False,True,False,True,20
452,596262,3,4,C,M,MOE,False,True,False,True,20
452,596262,4,5,T,M,MOE,False,True,False,True,20
452,596262,5,6,T,d,DNA,True,False,False,False,20
452,596262,6,7,T,d,DNA,True,False,False,False,20
452,596262,7,8,G,d,DNA,True,False,False,False,20
452,596262,8,9,T,d,DNA,True,False,False,False,20
452,596262,9,10,C,d,DNA,True,False,False,False,20
452,596262,10,11,A,d,DNA,True,False,False,False,20
452,596262,11,12,G,d,DNA,True,False,False,False,20
452,596262,12,13,C,d,DNA,True,False,False,False,20
452,596262,13,14,A,d,DNA,True,False,False,False,20
452,596262,14,15,G,d,DNA,True,False,False,False,20
452,596262,15,16,T,M,MOE,False,True,False,True,20
452,596262,16,17,C,M,MOE,False,True,False,True,20
452,596262,17,18,A,M,MOE,False,True,False,True,20
452,596262,18,19,C,M,MOE,False,True,False,True,20
452,596262,19,20,A,M,MOE,False,True,False,True,20
453,596263,0,1,A,M,MOE,False,True,False,True,20
453,596263,1,2,C,M,MOE,False,True,False,True,20
453,596263,2,3,C,M,MOE,False,True,False,True,20
453,596263,3,4,A,M,MOE,False,True,False,True,20
453,596263,4,5,T,M,MOE,False,True,False,True,20
453,596263,5,6,C,d,DNA,True,False,False,False,20
453,596263,6,7,T,d,DNA,True,False,False,False,20
453,596263,7,8,T,d,DNA,True,False,False,False,20
453,596263,8,9,T,d,DNA,True,False,False,False,20
453,596263,9,10,G,d,DNA,True,False,False,False,20
453,596263,10,11,T,d,DNA,True,False,False,False,20
453,596263,11,12,C,d,DNA,True,False,False,False,20
453,596263,12,13,A,d,DNA,True,False,False,False,20
453,596263,13,14,G,d,DNA,True,False,False,False,20
453,596263,14,15,C,d,DNA,True,False,False,False,20
453,596263,15,16,A,M,MOE,False,True,False,True,20
453,596263,16,17,G,M,MOE,False,True,False,True,20
453,596263,17,18,T,M,MOE,False,True,False,True,20
453,596263,18,19,C,M,MOE,False,True,False,True,20
453,596263,19,20,A,M,MOE,False,True,False,True,20
454,596264,0,1,C,M,MOE,False,True,False,True,20
454,596264,1,2,C,M,MOE,False,True,False,True,20
454,596264,2,3,A,M,MOE,False,True,False,True,20
454,596264,3,4,C,M,MOE,False,True,False,True,20
454,596264,4,5,A,M,MOE,False,True,False,True,20
454,596264,5,6,C,d,DNA,True,False,False,False,20
454,596264,6,7,C,d,DNA,True,False,False,False,20
454,596264,7,8,A,d,DNA,True,False,False,False,20
454,596264,8,9,T,d,DNA,True,False,False,False,20
454,596264,9,10,C,d,DNA,True,False,False,False,20
454,596264,10,11,T,d,DNA,True,False,False,False,20
454,596264,11,12,T,d,DNA,True,False,False,False,20
454,596264,12,13,T,d,DNA,True,False,False,False,20
454,596264,13,14,G,d,DNA,True,False,False,False,20
454,596264,14,15,T,d,DNA,True,False,False,False,20
454,596264,15,16,C,M,MOE,False,True,False,True,20
454,596264,16,17,A,M,MOE,False,True,False,True,20
454,596264,17,18,G,M,MOE,False,True,False,True,20
454,596264,18,19,C,M,MOE,False,True,False,True,20
454,596264,19,20,A,M,MOE,False,True,False,True,20
455,596265,0,1,G,M,MOE,False,True,False,True,20
455,596265,1,2,G,M,MOE,False,True,False,True,20
455,596265,2,3,C,M,MOE,False,True,False,True,20
455,596265,3,4,C,M,MOE,False,True,False,True,20
455,596265,4,5,A,M,MOE,False,True,False,True,20
455,596265,5,6,C,d,DNA,True,False,False,False,20
455,596265,6,7,A,d,DNA,True,False,False,False,20
455,596265,7,8,C,d,DNA,True,False,False,False,20
455,596265,8,9,C,d,DNA,True,False,False,False,20
455,596265,9,10,A,d,DNA,True,False,False,False,20
455,596265,10,11,T,d,DNA,True,False,False,False,20
455,596265,11,12,C,d,DNA,True,False,False,False,20
455,596265,12,13,T,d,DNA,True,False,False,False,20
455,596265,13,14,T,d,DNA,True,False,False,False,20
455,596265,14,15,T,d,DNA,True,False,False,False,20
455,596265,15,16,G,M,MOE,False,True,False,True,20
455,596265,16,17,T,M,MOE,False,True,False,True,20
455,596265,17,18,C,M,MOE,False,True,False,True,20
455,596265,18,19,A,M,MOE,False,True,False,True,20
455,596265,19,20,G,M,MOE,False,True,False,True,20
456,596266,0,1,C,M,MOE,False,True,False,True,20
456,596266,1,2,A,M,MOE,False,True,False,True,20
456,596266,2,3,C,M,MOE,False,True,False,True,20
456,596266,3,4,A,M,MOE,False,True,False,True,20
456,596266,4,5,T,M,MOE,False,True,False,True,20
456,596266,5,6,C,d,DNA,True,False,False,False,20
456,596266,6,7,G,d,DNA,True,False,False,False,20
456,596266,7,8,G,d,DNA,True,False,False,False,20
456,596266,8,9,C,d,DNA,True,False,False,False,20
456,596266,9,10,C,d,DNA,True,False,False,False,20
456,596266,10,11,A,d,DNA,True,False,False,False,20
456,596266,11,12,C,d,DNA,True,False,False,False,20
456,596266,12,13,A,d,DNA,True,False,False,False,20
456,596266,13,14,C,d,DNA,True,False,False,False,20
456,596266,14,15,C,d,DNA,True,False,False,False,20
456,596266,15,16,A,M,MOE,False,True,False,True,20
456,596266,16,17,T,M,MOE,False,True,False,True,20
456,596266,17,18,C,M,MOE,False,True,False,True,20
456,596266,18,19,T,M,MOE,False,True,False,True,20
456,596266,19,20,T,M,MOE,False,True,False,True,20
457,596267,0,1,G,M,MOE,False,True,False,True,20
457,596267,1,2,A,M,MOE,False,True,False,True,20
457,596267,2,3,C,M,MOE,False,True,False,True,20
457,596267,3,4,A,M,MOE,False,True,False,True,20
457,596267,4,5,C,M,MOE,False,True,False,True,20
457,596267,5,6,A,d,DNA,True,False,False,False,20
457,596267,6,7,T,d,DNA,True,False,False,False,20
457,596267,7,8,C,d,DNA,True,False,False,False,20
457,596267,8,9,G,d,DNA,True,False,False,False,20
457,596267,9,10,G,d,DNA,True,False,False,False,20
457,596267,10,11,C,d,DNA,True,False,False,False,20
457,596267,11,12,C,d,DNA,True,False,False,False,20
457,596267,12,13,A,d,DNA,True,False,False,False,20
457,596267,13,14,C,d,DNA,True,False,False,False,20
457,596267,14,15,A,d,DNA,True,False,False,False,20
457,596267,15,16,C,M,MOE,False,True,False,True,20
457,596267,16,17,C,M,MOE,False,True,False,True,20
457,596267,17,18,A,M,MOE,False,True,False,True,20
457,596267,18,19,T,M,MOE,False,True,False,True,20
457,596267,19,20,C,M,MOE,False,True,False,True,20
458,596268,0,1,A,M,MOE,False,True,False,True,20
458,596268,1,2,A,M,MOE,False,True,False,True,20
458,596268,2,3,T,M,MOE,False,True,False,True,20
458,596268,3,4,A,M,MOE,False,True,False,True,20
458,596268,4,5,G,M,MOE,False,True,False,True,20
458,596268,5,6,A,d,DNA,True,False,False,False,20
458,596268,6,7,C,d,DNA,True,False,False,False,20
458,596268,7,8,A,d,DNA,True,False,False,False,20
458,596268,8,9,C,d,DNA,True,False,False,False,20
458,596268,9,10,A,d,DNA,True,False,False,False,20
458,596268,10,11,T,d,DNA,True,False,False,False,20
458,596268,11,12,C,d,DNA,True,False,False,False,20
458,596268,12,13,G,d,DNA,True,False,False,False,20
458,596268,13,14,G,d,DNA,True,False,False,False,20
458,596268,14,15,C,d,DNA,True,False,False,False,20
458,596268,15,16,C,M,MOE,False,True,False,True,20
458,596268,16,17,A,M,MOE,False,True,False,True,20
458,596268,17,18,C,M,MOE,False,True,False,True,20
458,596268,18,19,A,M,MOE,False,True,False,True,20
458,596268,19,20,C,M,MOE,False,True,False,True,20
459,596269,0,1,T,M,MOE,False,True,False,True,20
459,596269,1,2,C,M,MOE,False,True,False,True,20
459,596269,2,3,A,M,MOE,False,True,False,True,20
459,596269,3,4,A,M,MOE,False,True,False,True,20
459,596269,4,5,T,M,MOE,False,True,False,True,20
459,596269,5,6,A,d,DNA,True,False,False,False,20
459,596269,6,7,G,d,DNA,True,False,False,False,20
459,596269,7,8,A,d,DNA,True,False,False,False,20
459,596269,8,9,C,d,DNA,True,False,False,False,20
459,596269,9,10,A,d,DNA,True,False,False,False,20
459,596269,10,11,C,d,DNA,True,False,False,False,20
459,596269,11,12,A,d,DNA,True,False,False,False,20
459,596269,12,13,T,d,DNA,True,False,False,False,20
459,596269,13,14,C,d,DNA,True,False,False,False,20
459,596269,14,15,G,d,DNA,True,False,False,False,20
459,596269,15,16,G,M,MOE,False,True,False,True,20
459,596269,16,17,C,M,MOE,False,True,False,True,20
459,596269,17,18,C,M,MOE,False,True,False,True,20
459,596269,18,19,A,M,MOE,False,True,False,True,20
459,596269,19,20,C,M,MOE,False,True,False,True,20
460,596270,0,1,C,M,MOE,False,True,False,True,20
460,596270,1,2,T,M,MOE,False,True,False,True,20
460,596270,2,3,T,M,MOE,False,True,False,True,20
460,596270,3,4,C,M,MOE,False,True,False,True,20
460,596270,4,5,A,M,MOE,False,True,False,True,20
460,596270,5,6,A,d,DNA,True,False,False,False,20
460,596270,6,7,T,d,DNA,True,False,False,False,20
460,596270,7,8,A,d,DNA,True,False,False,False,20
460,596270,8,9,G,d,DNA,True,False,False,False,20
460,596270,9,10,A,d,DNA,True,False,False,False,20
460,596270,10,11,C,d,DNA,True,False,False,False,20
460,596270,11,12,A,d,DNA,True,False,False,False,20
460,596270,12,13,C,d,DNA,True,False,False,False,20
460,596270,13,14,A,d,DNA,True,False,False,False,20
460,596270,14,15,T,d,DNA,True,False,False,False,20
460,596270,15,16,C,M,MOE,False,True,False,True,20
460,596270,16,17,G,M,MOE,False,True,False,True,20
460,596270,17,18,G,M,MOE,False,True,False,True,20
460,596270,18,19,C,M,MOE,False,True,False,True,20
460,596270,19,20,C,M,MOE,False,True,False,True,20
461,596271,0,1,A,M,MOE,False,True,False,True,20
461,596271,1,2,T,M,MOE,False,True,False,True,20
461,596271,2,3,C,M,MOE,False,True,False,True,20
461,596271,3,4,T,M,MOE,False,True,False,True,20
461,596271,4,5,T,M,MOE,False,True,False,True,20
461,596271,5,6,C,d,DNA,True,False,False,False,20
461,596271,6,7,A,d,DNA,True,False,False,False,20
461,596271,7,8,A,d,DNA,True,False,False,False,20
461,596271,8,9,T,d,DNA,True,False,False,False,20
461,596271,9,10,A,d,DNA,True,False,False,False,20
461,596271,10,11,G,d,DNA,True,False,False,False,20
461,596271,11,12,A,d,DNA,True,False,False,False,20
461,596271,12,13,C,d,DNA,True,False,False,False,20
461,596271,13,14,A,d,DNA,True,False,False,False,20
461,596271,14,15,C,d,DNA,True,False,False,False,20
461,596271,15,16,A,M,MOE,False,True,False,True,20
461,596271,16,17,T,M,MOE,False,True,False,True,20
461,596271,17,18,C,M,MOE,False,True,False,True,20
461,596271,18,19,G,M,MOE,False,True,False,True,20
461,596271,19,20,G,M,MOE,False,True,False,True,20
462,596272,0,1,G,M,MOE,False,True,False,True,20
462,596272,1,2,A,M,MOE,False,True,False,True,20
462,596272,2,3,A,M,MOE,False,True,False,True,20
462,596272,3,4,T,M,MOE,False,True,False,True,20
462,596272,4,5,C,M,MOE,False,True,False,True,20
462,596272,5,6,T,d,DNA,True,False,False,False,20
462,596272,6,7,T,d,DNA,True,False,False,False,20
462,596272,7,8,C,d,DNA,True,False,False,False,20
462,596272,8,9,A,d,DNA,True,False,False,False,20
462,596272,9,10,A,d,DNA,True,False,False,False,20
462,596272,10,11,T,d,DNA,True,False,False,False,20
462,596272,11,12,A,d,DNA,True,False,False,False,20
462,596272,12,13,G,d,DNA,True,False,False,False,20
462,596272,13,14,A,d,DNA,True,False,False,False,20
462,596272,14,15,C,d,DNA,True,False,False,False,20
462,596272,15,16,A,M,MOE,False,True,False,True,20
462,596272,16,17,C,M,MOE,False,True,False,True,20
462,596272,17,18,A,M,MOE,False,True,False,True,20
462,596272,18,19,T,M,MOE,False,True,False,True,20
462,596272,19,20,C,M,MOE,False,True,False,True,20
463,596273,0,1,C,M,MOE,False,True,False,True,20
463,596273,1,2,A,M,MOE,False,True,False,True,20
463,596273,2,3,G,M,MOE,False,True,False,True,20
463,596273,3,4,A,M,MOE,False,True,False,True,20
463,596273,4,5,A,M,MOE,False,True,False,True,20
463,596273,5,6,T,d,DNA,True,False,False,False,20
463,596273,6,7,C,d,DNA,True,False,False,False,20
463,596273,7,8,T,d,DNA,True,False,False,False,20
463,596273,8,9,T,d,DNA,True,False,False,False,20
463,596273,9,10,C,d,DNA,True,False,False,False,20
463,596273,10,11,A,d,DNA,True,False,False,False,20
463,596273,11,12,A,d,DNA,True,False,False,False,20
463,596273,12,13,T,d,DNA,True,False,False,False,20
463,596273,13,14,A,d,DNA,True,False,False,False,20
463,596273,14,15,G,d,DNA,True,False,False,False,20
463,596273,15,16,A,M,MOE,False,True,False,True,20
463,596273,16,17,C,M,MOE,False,True,False,True,20
463,596273,17,18,A,M,MOE,False,True,False,True,20
463,596273,18,19,C,M,MOE,False,True,False,True,20
463,596273,19,20,A,M,MOE,False,True,False,True,20
464,596274,0,1,C,M,MOE,False,True,False,True,20
464,596274,1,2,A,M,MOE,False,True,False,True,20
464,596274,2,3,C,M,MOE,False,True,False,True,20
464,596274,3,4,A,M,MOE,False,True,False,True,20
464,596274,4,5,G,M,MOE,False,True,False,True,20
464,596274,5,6,A,d,DNA,True,False,False,False,20
464,596274,6,7,A,d,DNA,True,False,False,False,20
464,596274,7,8,T,d,DNA,True,False,False,False,20
464,596274,8,9,C,d,DNA,True,False,False,False,20
464,596274,9,10,T,d,DNA,True,False,False,False,20
464,596274,10,11,T,d,DNA,True,False,False,False,20
464,596274,11,12,C,d,DNA,True,False,False,False,20
464,596274,12,13,A,d,DNA,True,False,False,False,20
464,596274,13,14,A,d,DNA,True,False,False,False,20
464,596274,14,15,T,d,DNA,True,False,False,False,20
464,596274,15,16,A,M,MOE,False,True,False,True,20
464,596274,16,17,G,M,MOE,False,True,False,True,20
464,596274,17,18,A,M,MOE,False,True,False,True,20
464,596274,18,19,C,M,MOE,False,True,False,True,20
464,596274,19,20,A,M,MOE,False,True,False,True,20
465,596275,0,1,A,M,MOE,False,True,False,True,20
465,596275,1,2,T,M,MOE,False,True,False,True,20
465,596275,2,3,C,M,MOE,False,True,False,True,20
465,596275,3,4,A,M,MOE,False,True,False,True,20
465,596275,4,5,C,M,MOE,False,True,False,True,20
465,596275,5,6,A,d,DNA,True,False,False,False,20
465,596275,6,7,G,d,DNA,True,False,False,False,20
465,596275,7,8,A,d,DNA,True,False,False,False,20
465,596275,8,9,A,d,DNA,True,False,False,False,20
465,596275,9,10,T,d,DNA,True,False,False,False,20
465,596275,10,11,C,d,DNA,True,False,False,False,20
465,596275,11,12,T,d,DNA,True,False,False,False,20
465,596275,12,13,T,d,DNA,True,False,False,False,20
465,596275,13,14,C,d,DNA,True,False,False,False,20
465,596275,14,15,A,d,DNA,True,False,False,False,20
465,596275,15,16,A,M,MOE,False,True,False,True,20
465,596275,16,17,T,M,MOE,False,True,False,True,20
465,596275,17,18,A,M,MOE,False,True,False,True,20
465,596275,18,19,G,M,MOE,False,True,False,True,20
465,596275,19,20,A,M,MOE,False,True,False,True,20
466,596276,0,1,A,M,MOE,False,True,False,True,20
466,596276,1,2,G,M,MOE,False,True,False,True,20
466,596276,2,3,A,M,MOE,False,True,False,True,20
466,596276,3,4,T,M,MOE,False,True,False,True,20
466,596276,4,5,C,M,MOE,False,True,False,True,20
466,596276,5,6,A,d,DNA,True,False,False,False,20
466,596276,6,7,C,d,DNA,True,False,False,False,20
466,596276,7,8,A,d,DNA,True,False,False,False,20
466,596276,8,9,G,d,DNA,True,False,False,False,20
466,596276,9,10,A,d,DNA,True,False,False,False,20
466,596276,10,11,A,d,DNA,True,False,False,False,20
466,596276,11,12,T,d,DNA,True,False,False,False,20
466,596276,12,13,C,d,DNA,True,False,False,False,20
466,596276,13,14,T,d,DNA,True,False,False,False,20
466,596276,14,15,T,d,DNA,True,False,False,False,20
466,596276,15,16,C,M,MOE,False,True,False,True,20
466,596276,16,17,A,M,MOE,False,True,False,True,20
466,596276,17,18,A,M,MOE,False,True,False,True,20
466,596276,18,19,T,M,MOE,False,True,False,True,20
466,596276,19,20,A,M,MOE,False,True,False,True,20
467,596277,0,1,T,M,MOE,False,True,False,True,20
467,596277,1,2,G,M,MOE,False,True,False,True,20
467,596277,2,3,A,M,MOE,False,True,False,True,20
467,596277,3,4,G,M,MOE,False,True,False,True,20
467,596277,4,5,A,M,MOE,False,True,False,True,20
467,596277,5,6,T,d,DNA,True,False,False,False,20
467,596277,6,7,C,d,DNA,True,False,False,False,20
467,596277,7,8,A,d,DNA,True,False,False,False,20
467,596277,8,9,C,d,DNA,True,False,False,False,20
467,596277,9,10,A,d,DNA,True,False,False,False,20
467,596277,10,11,G,d,DNA,True,False,False,False,20
467,596277,11,12,A,d,DNA,True,False,False,False,20
467,596277,12,13,A,d,DNA,True,False,False,False,20
467,596277,13,14,T,d,DNA,True,False,False,False,20
467,596277,14,15,C,d,DNA,True,False,False,False,20
467,596277,15,16,T,M,MOE,False,True,False,True,20
467,596277,16,17,T,M,MOE,False,True,False,True,20
467,596277,17,18,C,M,MOE,False,True,False,True,20
467,596277,18,19,A,M,MOE,False,True,False,True,20
467,596277,19,20,A,M,MOE,False,True,False,True,20
468,596278,0,1,A,M,MOE,False,True,False,True,20
468,596278,1,2,G,M,MOE,False,True,False,True,20
468,596278,2,3,T,M,MOE,False,True,False,True,20
468,596278,3,4,G,M,MOE,False,True,False,True,20
468,596278,4,5,A,M,MOE,False,True,False,True,20
468,596278,5,6,G,d,DNA,True,False,False,False,20
468,596278,6,7,A,d,DNA,True,False,False,False,20
468,596278,7,8,T,d,DNA,True,False,False,False,20
468,596278,8,9,C,d,DNA,True,False,False,False,20
468,596278,9,10,A,d,DNA,True,False,False,False,20
468,596278,10,11,C,d,DNA,True,False,False,False,20
468,596278,11,12,A,d,DNA,True,False,False,False,20
468,596278,12,13,G,d,DNA,True,False,False,False,20
468,596278,13,14,A,d,DNA,True,False,False,False,20
468,596278,14,15,A,d,DNA,True,False,False,False,20
468,596278,15,16,T,M,MOE,False,True,False,True,20
468,596278,16,17,C,M,MOE,False,True,False,True,20
468,596278,17,18,T,M,MOE,False,True,False,True,20
468,596278,18,19,T,M,MOE,False,True,False,True,20
468,596278,19,20,C,M,MOE,False,True,False,True,20
469,596279,0,1,T,M,MOE,False,True,False,True,20
469,596279,1,2,G,M,MOE,False,True,False,True,20
469,596279,2,3,A,M,MOE,False,True,False,True,20
469,596279,3,4,G,M,MOE,False,True,False,True,20
469,596279,4,5,A,M,MOE,False,True,False,True,20
469,596279,5,6,G,d,DNA,True,False,False,False,20
469,596279,6,7,T,d,DNA,True,False,False,False,20
469,596279,7,8,G,d,DNA,True,False,False,False,20
469,596279,8,9,A,d,DNA,True,False,False,False,20
469,596279,9,10,G,d,DNA,True,False,False,False,20
469,596279,10,11,A,d,DNA,True,False,False,False,20
469,596279,11,12,T,d,DNA,True,False,False,False,20
469,596279,12,13,C,d,DNA,True,False,False,False,20
469,596279,13,14,A,d,DNA,True,False,False,False,20
469,596279,14,15,C,d,DNA,True,False,False,False,20
469,596279,15,16,A,M,MOE,False,True,False,True,20
469,596279,16,17,G,M,MOE,False,True,False,True,20
469,596279,17,18,A,M,MOE,False,True,False,True,20
469,596279,18,19,A,M,MOE,False,True,False,True,20
469,596279,19,20,T,M,MOE,False,True,False,True,20
470,596281,0,1,G,M,MOE,False,True,False,True,20
470,596281,1,2,T,M,MOE,False,True,False,True,20
470,596281,2,3,C,M,MOE,False,True,False,True,20
470,596281,3,4,T,M,MOE,False,True,False,True,20
470,596281,4,5,C,M,MOE,False,True,False,True,20
470,596281,5,6,C,d,DNA,True,False,False,False,20
470,596281,6,7,T,d,DNA,True,False,False,False,20
470,596281,7,8,G,d,DNA,True,False,False,False,20
470,596281,8,9,A,d,DNA,True,False,False,False,20
470,596281,9,10,G,d,DNA,True,False,False,False,20
470,596281,10,11,A,d,DNA,True,False,False,False,20
470,596281,11,12,G,d,DNA,True,False,False,False,20
470,596281,12,13,T,d,DNA,True,False,False,False,20
470,596281,13,14,G,d,DNA,True,False,False,False,20
470,596281,14,15,A,d,DNA,True,False,False,False,20
470,596281,15,16,G,M,MOE,False,True,False,True,20
470,596281,16,17,A,M,MOE,False,True,False,True,20
470,596281,17,18,T,M,MOE,False,True,False,True,20
470,596281,18,19,C,M,MOE,False,True,False,True,20
470,596281,19,20,A,M,MOE,False,True,False,True,20
471,596282,0,1,T,M,MOE,False,True,False,True,20
471,596282,1,2,G,M,MOE,False,True,False,True,20
471,596282,2,3,G,M,MOE,False,True,False,True,20
471,596282,3,4,T,M,MOE,False,True,False,True,20
471,596282,4,5,C,M,MOE,False,True,False,True,20
471,596282,5,6,T,d,DNA,True,False,False,False,20
471,596282,6,7,C,d,DNA,True,False,False,False,20
471,596282,7,8,C,d,DNA,True,False,False,False,20
471,596282,8,9,T,d,DNA,True,False,False,False,20
471,596282,9,10,G,d,DNA,True,False,False,False,20
471,596282,10,11,A,d,DNA,True,False,False,False,20
471,596282,11,12,G,d,DNA,True,False,False,False,20
471,596282,12,13,A,d,DNA,True,False,False,False,20
471,596282,13,14,G,d,DNA,True,False,False,False,20
471,596282,14,15,T,d,DNA,True,False,False,False,20
471,596282,15,16,G,M,MOE,False,True,False,True,20
471,596282,16,17,A,M,MOE,False,True,False,True,20
471,596282,17,18,G,M,MOE,False,True,False,True,20
471,596282,18,19,A,M,MOE,False,True,False,True,20
471,596282,19,20,T,M,MOE,False,True,False,True,20
472,596283,0,1,A,M,MOE,False,True,False,True,20
472,596283,1,2,A,M,MOE,False,True,False,True,20
472,596283,2,3,T,M,MOE,False,True,False,True,20
472,596283,3,4,G,M,MOE,False,True,False,True,20
472,596283,4,5,G,M,MOE,False,True,False,True,20
472,596283,5,6,T,d,DNA,True,False,False,False,20
472,596283,6,7,C,d,DNA,True,False,False,False,20
472,596283,7,8,T,d,DNA,True,False,False,False,20
472,596283,8,9,C,d,DNA,True,False,False,False,20
472,596283,9,10,C,d,DNA,True,False,False,False,20
472,596283,10,11,T,d,DNA,True,False,False,False,20
472,596283,11,12,G,d,DNA,True,False,False,False,20
472,596283,12,13,A,d,DNA,True,False,False,False,20
472,596283,13,14,G,d,DNA,True,False,False,False,20
472,596283,14,15,A,d,DNA,True,False,False,False,20
472,596283,15,16,G,M,MOE,False,True,False,True,20
472,596283,16,17,T,M,MOE,False,True,False,True,20
472,596283,17,18,G,M,MOE,False,True,False,True,20
472,596283,18,19,A,M,MOE,False,True,False,True,20
472,596283,19,20,G,M,MOE,False,True,False,True,20
473,596284,0,1,G,M,MOE,False,True,False,True,20
473,596284,1,2,C,M,MOE,False,True,False,True,20
473,596284,2,3,A,M,MOE,False,True,False,True,20
473,596284,3,4,A,M,MOE,False,True,False,True,20
473,596284,4,5,T,M,MOE,False,True,False,True,20
473,596284,5,6,G,d,DNA,True,False,False,False,20
473,596284,6,7,G,d,DNA,True,False,False,False,20
473,596284,7,8,T,d,DNA,True,False,False,False,20
473,596284,8,9,C,d,DNA,True,False,False,False,20
473,596284,9,10,T,d,DNA,True,False,False,False,20
473,596284,10,11,C,d,DNA,True,False,False,False,20
473,596284,11,12,C,d,DNA,True,False,False,False,20
473,596284,12,13,T,d,DNA,True,False,False,False,20
473,596284,13,14,G,d,DNA,True,False,False,False,20
473,596284,14,15,A,d,DNA,True,False,False,False,20
473,596284,15,16,G,M,MOE,False,True,False,True,20
473,596284,16,17,A,M,MOE,False,True,False,True,20
473,596284,17,18,G,M,MOE,False,True,False,True,20
473,596284,18,19,T,M,MOE,False,True,False,True,20
473,596284,19,20,G,M,MOE,False,True,False,True,20
474,596285,0,1,A,M,MOE,False,True,False,True,20
474,596285,1,2,T,M,MOE,False,True,False,True,20
474,596285,2,3,G,M,MOE,False,True,False,True,20
474,596285,3,4,C,M,MOE,False,True,False,True,20
474,596285,4,5,A,M,MOE,False,True,False,True,20
474,596285,5,6,A,d,DNA,True,False,False,False,20
474,596285,6,7,T,d,DNA,True,False,False,False,20
474,596285,7,8,G,d,DNA,True,False,False,False,20
474,596285,8,9,G,d,DNA,True,False,False,False,20
474,596285,9,10,T,d,DNA,True,False,False,False,20
474,596285,10,11,C,d,DNA,True,False,False,False,20
474,596285,11,12,T,d,DNA,True,False,False,False,20
474,596285,12,13,C,d,DNA,True,False,False,False,20
474,596285,13,14,C,d,DNA,True,False,False,False,20
474,596285,14,15,T,d,DNA,True,False,False,False,20
474,596285,15,16,G,M,MOE,False,True,False,True,20
474,596285,16,17,A,M,MOE,False,True,False,True,20
474,596285,17,18,G,M,MOE,False,True,False,True,20
474,596285,18,19,A,M,MOE,False,True,False,True,20
474,596285,19,20,G,M,MOE,False,True,False,True,20
475,596286,0,1,T,M,MOE,False,True,False,True,20
475,596286,1,2,G,M,MOE,False,True,False,True,20
475,596286,2,3,A,M,MOE,False,True,False,True,20
475,596286,3,4,T,M,MOE,False,True,False,True,20
475,596286,4,5,G,M,MOE,False,True,False,True,20
475,596286,5,6,C,d,DNA,True,False,False,False,20
475,596286,6,7,A,d,DNA,True,False,False,False,20
475,596286,7,8,A,d,DNA,True,False,False,False,20
475,596286,8,9,T,d,DNA,True,False,False,False,20
475,596286,9,10,G,d,DNA,True,False,False,False,20
475,596286,10,11,G,d,DNA,True,False,False,False,20
475,596286,11,12,T,d,DNA,True,False,False,False,20
475,596286,12,13,C,d,DNA,True,False,False,False,20
475,596286,13,14,T,d,DNA,True,False,False,False,20
475,596286,14,15,C,d,DNA,True,False,False,False,20
475,596286,15,16,C,M,MOE,False,True,False,True,20
475,596286,16,17,T,M,MOE,False,True,False,True,20
475,596286,17,18,G,M,MOE,False,True,False,True,20
475,596286,18,19,A,M,MOE,False,True,False,True,20
475,596286,19,20,G,M,MOE,False,True,False,True,20
476,596287,0,1,A,M,MOE,False,True,False,True,20
476,596287,1,2,A,M,MOE,False,True,False,True,20
476,596287,2,3,T,M,MOE,False,True,False,True,20
476,596287,3,4,G,M,MOE,False,True,False,True,20
476,596287,4,5,A,M,MOE,False,True,False,True,20
476,596287,5,6,T,d,DNA,True,False,False,False,20
476,596287,6,7,G,d,DNA,True,False,False,False,20
476,596287,7,8,C,d,DNA,True,False,False,False,20
476,596287,8,9,A,d,DNA,True,False,False,False,20
476,596287,9,10,A,d,DNA,True,False,False,False,20
476,596287,10,11,T,d,DNA,True,False,False,False,20
476,596287,11,12,G,d,DNA,True,False,False,False,20
476,596287,12,13,G,d,DNA,True,False,False,False,20
476,596287,13,14,T,d,DNA,True,False,False,False,20
476,596287,14,15,C,d,DNA,True,False,False,False,20
476,596287,15,16,T,M,MOE,False,True,False,True,20
476,596287,16,17,C,M,MOE,False,True,False,True,20
476,596287,17,18,C,M,MOE,False,True,False,True,20
476,596287,18,19,T,M,MOE,False,True,False,True,20
476,596287,19,20,G,M,MOE,False,True,False,True,20
477,596288,0,1,C,M,MOE,False,True,False,True,20
477,596288,1,2,C,M,MOE,False,True,False,True,20
477,596288,2,3,A,M,MOE,False,True,False,True,20
477,596288,3,4,A,M,MOE,False,True,False,True,20
477,596288,4,5,T,M,MOE,False,True,False,True,20
477,596288,5,6,G,d,DNA,True,False,False,False,20
477,596288,6,7,A,d,DNA,True,False,False,False,20
477,596288,7,8,T,d,DNA,True,False,False,False,20
477,596288,8,9,G,d,DNA,True,False,False,False,20
477,596288,9,10,C,d,DNA,True,False,False,False,20
477,596288,10,11,A,d,DNA,True,False,False,False,20
477,596288,11,12,A,d,DNA,True,False,False,False,20
477,596288,12,13,T,d,DNA,True,False,False,False,20
477,596288,13,14,G,d,DNA,True,False,False,False,20
477,596288,14,15,G,d,DNA,True,False,False,False,20
477,596288,15,16,T,M,MOE,False,True,False,True,20
477,596288,16,17,C,M,MOE,False,True,False,True,20
477,596288,17,18,T,M,MOE,False,True,False,True,20
477,596288,18,19,C,M,MOE,False,True,False,True,20
477,596288,19,20,C,M,MOE,False,True,False,True,20
478,596289,0,1,G,M,MOE,False,True,False,True,20
478,596289,1,2,G,M,MOE,False,True,False,True,20
478,596289,2,3,C,M,MOE,False,True,False,True,20
478,596289,3,4,C,M,MOE,False,True,False,True,20
478,596289,4,5,A,M,MOE,False,True,False,True,20
478,596289,5,6,A,d,DNA,True,False,False,False,20
478,596289,6,7,T,d,DNA,True,False,False,False,20
478,596289,7,8,G,d,DNA,True,False,False,False,20
478,596289,8,9,A,d,DNA,True,False,False,False,20
478,596289,9,10,T,d,DNA,True,False,False,False,20
478,596289,10,11,G,d,DNA,True,False,False,False,20
478,596289,11,12,C,d,DNA,True,False,False,False,20
478,596289,12,13,A,d,DNA,True,False,False,False,20
478,596289,13,14,A,d,DNA,True,False,False,False,20
478,596289,14,15,T,d,DNA,True,False,False,False,20
478,596289,15,16,G,M,MOE,False,True,False,True,20
478,596289,16,17,G,M,MOE,False,True,False,True,20
478,596289,17,18,T,M,MOE,False,True,False,True,20
478,596289,18,19,C,M,MOE,False,True,False,True,20
478,596289,19,20,T,M,MOE,False,True,False,True,20
479,596290,0,1,G,M,MOE,False,True,False,True,20
479,596290,1,2,C,M,MOE,False,True,False,True,20
479,596290,2,3,G,M,MOE,False,True,False,True,20
479,596290,3,4,G,M,MOE,False,True,False,True,20
479,596290,4,5,C,M,MOE,False,True,False,True,20
479,596290,5,6,C,d,DNA,True,False,False,False,20
479,596290,6,7,A,d,DNA,True,False,False,False,20
479,596290,7,8,A,d,DNA,True,False,False,False,20
479,596290,8,9,T,d,DNA,True,False,False,False,20
479,596290,9,10,G,d,DNA,True,False,False,False,20
479,596290,10,11,A,d,DNA,True,False,False,False,20
479,596290,11,12,T,d,DNA,True,False,False,False,20
479,596290,12,13,G,d,DNA,True,False,False,False,20
479,596290,13,14,C,d,DNA,True,False,False,False,20
479,596290,14,15,A,d,DNA,True,False,False,False,20
479,596290,15,16,A,M,MOE,False,True,False,True,20
479,596290,16,17,T,M,MOE,False,True,False,True,20
479,596290,17,18,G,M,MOE,False,True,False,True,20
479,596290,18,19,G,M,MOE,False,True,False,True,20
479,596290,19,20,T,M,MOE,False,True,False,True,20
480,596291,0,1,G,M,MOE,False,True,False,True,20
480,596291,1,2,T,M,MOE,False,True,False,True,20
480,596291,2,3,G,M,MOE,False,True,False,True,20
480,596291,3,4,C,M,MOE,False,True,False,True,20
480,596291,4,5,G,M,MOE,False,True,False,True,20
480,596291,5,6,G,d,DNA,True,False,False,False,20
480,596291,6,7,C,d,DNA,True,False,False,False,20
480,596291,7,8,C,d,DNA,True,False,False,False,20
480,596291,8,9,A,d,DNA,True,False,False,False,20
480,596291,9,10,A,d,DNA,True,False,False,False,20
480,596291,10,11,T,d,DNA,True,False,False,False,20
480,596291,11,12,G,d,DNA,True,False,False,False,20
480,596291,12,13,A,d,DNA,True,False,False,False,20
480,596291,13,14,T,d,DNA,True,False,False,False,20
480,596291,14,15,G,d,DNA,True,False,False,False,20
480,596291,15,16,C,M,MOE,False,True,False,True,20
480,596291,16,17,A,M,MOE,False,True,False,True,20
480,596291,17,18,A,M,MOE,False,True,False,True,20
480,596291,18,19,T,M,MOE,False,True,False,True,20
480,596291,19,20,G,M,MOE,False,True,False,True,20
481,596292,0,1,G,M,MOE,False,True,False,True,20
481,596292,1,2,T,M,MOE,False,True,False,True,20
481,596292,2,3,G,M,MOE,False,True,False,True,20
481,596292,3,4,T,M,MOE,False,True,False,True,20
481,596292,4,5,G,M,MOE,False,True,False,True,20
481,596292,5,6,C,d,DNA,True,False,False,False,20
481,596292,6,7,G,d,DNA,True,False,False,False,20
481,596292,7,8,G,d,DNA,True,False,False,False,20
481,596292,8,9,C,d,DNA,True,False,False,False,20
481,596292,9,10,C,d,DNA,True,False,False,False,20
481,596292,10,11,A,d,DNA,True,False,False,False,20
481,596292,11,12,A,d,DNA,True,False,False,False,20
481,596292,12,13,T,d,DNA,True,False,False,False,20
481,596292,13,14,G,d,DNA,True,False,False,False,20
481,596292,14,15,A,d,DNA,True,False,False,False,20
481,596292,15,16,T,M,MOE,False,True,False,True,20
481,596292,16,17,G,M,MOE,False,True,False,True,20
481,596292,17,18,C,M,MOE,False,True,False,True,20
481,596292,18,19,A,M,MOE,False,True,False,True,20
481,596292,19,20,A,M,MOE,False,True,False,True,20
482,596293,0,1,C,M,MOE,False,True,False,True,20
482,596293,1,2,A,M,MOE,False,True,False,True,20
482,596293,2,3,G,M,MOE,False,True,False,True,20
482,596293,3,4,T,M,MOE,False,True,False,True,20
482,596293,4,5,G,M,MOE,False,True,False,True,20
482,596293,5,6,T,d,DNA,True,False,False,False,20
482,596293,6,7,G,d,DNA,True,False,False,False,20
482,596293,7,8,C,d,DNA,True,False,False,False,20
482,596293,8,9,G,d,DNA,True,False,False,False,20
482,596293,9,10,G,d,DNA,True,False,False,False,20
482,596293,10,11,C,d,DNA,True,False,False,False,20
482,596293,11,12,C,d,DNA,True,False,False,False,20
482,596293,12,13,A,d,DNA,True,False,False,False,20
482,596293,13,14,A,d,DNA,True,False,False,False,20
482,596293,14,15,T,d,DNA,True,False,False,False,20
482,596293,15,16,G,M,MOE,False,True,False,True,20
482,596293,16,17,A,M,MOE,False,True,False,True,20
482,596293,17,18,T,M,MOE,False,True,False,True,20
482,596293,18,19,G,M,MOE,False,True,False,True,20
482,596293,19,20,C,M,MOE,False,True,False,True,20
483,596294,0,1,A,M,MOE,False,True,False,True,20
483,596294,1,2,C,M,MOE,False,True,False,True,20
483,596294,2,3,C,M,MOE,False,True,False,True,20
483,596294,3,4,A,M,MOE,False,True,False,True,20
483,596294,4,5,G,M,MOE,False,True,False,True,20
483,596294,5,6,T,d,DNA,True,False,False,False,20
483,596294,6,7,G,d,DNA,True,False,False,False,20
483,596294,7,8,T,d,DNA,True,False,False,False,20
483,596294,8,9,G,d,DNA,True,False,False,False,20
483,596294,9,10,C,d,DNA,True,False,False,False,20
483,596294,10,11,G,d,DNA,True,False,False,False,20
483,596294,11,12,G,d,DNA,True,False,False,False,20
483,596294,12,13,C,d,DNA,True,False,False,False,20
483,596294,13,14,C,d,DNA,True,False,False,False,20
483,596294,14,15,A,d,DNA,True,False,False,False,20
483,596294,15,16,A,M,MOE,False,True,False,True,20
483,596294,16,17,T,M,MOE,False,True,False,True,20
483,596294,17,18,G,M,MOE,False,True,False,True,20
483,596294,18,19,A,M,MOE,False,True,False,True,20
483,596294,19,20,T,M,MOE,False,True,False,True,20
484,596295,0,1,C,M,MOE,False,True,False,True,20
484,596295,1,2,C,M,MOE,False,True,False,True,20
484,596295,2,3,A,M,MOE,False,True,False,True,20
484,596295,3,4,C,M,MOE,False,True,False,True,20
484,596295,4,5,C,M,MOE,False,True,False,True,20
484,596295,5,6,A,d,DNA,True,False,False,False,20
484,596295,6,7,G,d,DNA,True,False,False,False,20
484,596295,7,8,T,d,DNA,True,False,False,False,20
484,596295,8,9,G,d,DNA,True,False,False,False,20
484,596295,9,10,T,d,DNA,True,False,False,False,20
484,596295,10,11,G,d,DNA,True,False,False,False,20
484,596295,11,12,C,d,DNA,True,False,False,False,20
484,596295,12,13,G,d,DNA,True,False,False,False,20
484,596295,13,14,G,d,DNA,True,False,False,False,20
484,596295,14,15,C,d,DNA,True,False,False,False,20
484,596295,15,16,C,M,MOE,False,True,False,True,20
484,596295,16,17,A,M,MOE,False,True,False,True,20
484,596295,17,18,A,M,MOE,False,True,False,True,20
484,596295,18,19,T,M,MOE,False,True,False,True,20
484,596295,19,20,G,M,MOE,False,True,False,True,20
485,596296,0,1,G,M,MOE,False,True,False,True,20
485,596296,1,2,A,M,MOE,False,True,False,True,20
485,596296,2,3,C,M,MOE,False,True,False,True,20
485,596296,3,4,C,M,MOE,False,True,False,True,20
485,596296,4,5,A,M,MOE,False,True,False,True,20
485,596296,5,6,C,d,DNA,True,False,False,False,20
485,596296,6,7,C,d,DNA,True,False,False,False,20
485,596296,7,8,A,d,DNA,True,False,False,False,20
485,596296,8,9,G,d,DNA,True,False,False,False,20
485,596296,9,10,T,d,DNA,True,False,False,False,20
485,596296,10,11,G,d,DNA,True,False,False,False,20
485,596296,11,12,T,d,DNA,True,False,False,False,20
485,596296,12,13,G,d,DNA,True,False,False,False,20
485,596296,13,14,C,d,DNA,True,False,False,False,20
485,596296,14,15,G,d,DNA,True,False,False,False,20
485,596296,15,16,G,M,MOE,False,True,False,True,20
485,596296,16,17,C,M,MOE,False,True,False,True,20
485,596296,17,18,C,M,MOE,False,True,False,True,20
485,596296,18,19,A,M,MOE,False,True,False,True,20
485,596296,19,20,A,M,MOE,False,True,False,True,20
486,596297,0,1,T,M,MOE,False,True,False,True,20
486,596297,1,2,G,M,MOE,False,True,False,True,20
486,596297,2,3,G,M,MOE,False,True,False,True,20
486,596297,3,4,A,M,MOE,False,True,False,True,20
486,596297,4,5,C,M,MOE,False,True,False,True,20
486,596297,5,6,C,d,DNA,True,False,False,False,20
486,596297,6,7,A,d,DNA,True,False,False,False,20
486,596297,7,8,C,d,DNA,True,False,False,False,20
486,596297,8,9,C,d,DNA,True,False,False,False,20
486,596297,9,10,A,d,DNA,True,False,False,False,20
486,596297,10,11,G,d,DNA,True,False,False,False,20
486,596297,11,12,T,d,DNA,True,False,False,False,20
486,596297,12,13,G,d,DNA,True,False,False,False,20
486,596297,13,14,T,d,DNA,True,False,False,False,20
486,596297,14,15,G,d,DNA,True,False,False,False,20
486,596297,15,16,C,M,MOE,False,True,False,True,20
486,596297,16,17,G,M,MOE,False,True,False,True,20
486,596297,17,18,G,M,MOE,False,True,False,True,20
486,596297,18,19,C,M,MOE,False,True,False,True,20
486,596297,19,20,C,M,MOE,False,True,False,True,20
487,596298,0,1,T,M,MOE,False,True,False,True,20
487,596298,1,2,T,M,MOE,False,True,False,True,20
487,596298,2,3,C,M,MOE,False,True,False,True,20
487,596298,3,4,A,M,MOE,False,True,False,True,20
487,596298,4,5,T,M,MOE,False,True,False,True,20
487,596298,5,6,G,d,DNA,True,False,False,False,20
487,596298,6,7,G,d,DNA,True,False,False,False,20
487,596298,7,8,A,d,DNA,True,False,False,False,20
487,596298,8,9,C,d,DNA,True,False,False,False,20
487,596298,9,10,C,d,DNA,True,False,False,False,20
487,596298,10,11,A,d,DNA,True,False,False,False,20
487,596298,11,12,C,d,DNA,True,False,False,False,20
487,596298,12,13,C,d,DNA,True,False,False,False,20
487,596298,13,14,A,d,DNA,True,False,False,False,20
487,596298,14,15,G,d,DNA,True,False,False,False,20
487,596298,15,16,T,M,MOE,False,True,False,True,20
487,596298,16,17,G,M,MOE,False,True,False,True,20
487,596298,17,18,T,M,MOE,False,True,False,True,20
487,596298,18,19,G,M,MOE,False,True,False,True,20
487,596298,19,20,C,M,MOE,False,True,False,True,20
488,596299,0,1,T,M,MOE,False,True,False,True,20
488,596299,1,2,T,M,MOE,False,True,False,True,20
488,596299,2,3,T,M,MOE,False,True,False,True,20
488,596299,3,4,T,M,MOE,False,True,False,True,20
488,596299,4,5,C,M,MOE,False,True,False,True,20
488,596299,5,6,A,d,DNA,True,False,False,False,20
488,596299,6,7,T,d,DNA,True,False,False,False,20
488,596299,7,8,G,d,DNA,True,False,False,False,20
488,596299,8,9,G,d,DNA,True,False,False,False,20
488,596299,9,10,A,d,DNA,True,False,False,False,20
488,596299,10,11,C,d,DNA,True,False,False,False,20
488,596299,11,12,C,d,DNA,True,False,False,False,20
488,596299,12,13,A,d,DNA,True,False,False,False,20
488,596299,13,14,C,d,DNA,True,False,False,False,20
488,596299,14,15,C,d,DNA,True,False,False,False,20
488,596299,15,16,A,M,MOE,False,True,False,True,20
488,596299,16,17,G,M,MOE,False,True,False,True,20
488,596299,17,18,T,M,MOE,False,True,False,True,20
488,596299,18,19,G,M,MOE,False,True,False,True,20
488,596299,19,20,T,M,MOE,False,True,False,True,20
489,596300,0,1,C,M,MOE,False,True,False,True,20
489,596300,1,2,T,M,MOE,False,True,False,True,20
489,596300,2,3,T,M,MOE,False,True,False,True,20
489,596300,3,4,T,M,MOE,False,True,False,True,20
489,596300,4,5,T,M,MOE,False,True,False,True,20
489,596300,5,6,T,d,DNA,True,False,False,False,20
489,596300,6,7,C,d,DNA,True,False,False,False,20
489,596300,7,8,A,d,DNA,True,False,False,False,20
489,596300,8,9,T,d,DNA,True,False,False,False,20
489,596300,9,10,G,d,DNA,True,False,False,False,20
489,596300,10,11,G,d,DNA,True,False,False,False,20
489,596300,11,12,A,d,DNA,True,False,False,False,20
489,596300,12,13,C,d,DNA,True,False,False,False,20
489,596300,13,14,C,d,DNA,True,False,False,False,20
489,596300,14,15,A,d,DNA,True,False,False,False,20
489,596300,15,16,C,M,MOE,False,True,False,True,20
489,596300,16,17,C,M,MOE,False,True,False,True,20
489,596300,17,18,A,M,MOE,False,True,False,True,20
489,596300,18,19,G,M,MOE,False,True,False,True,20
489,596300,19,20,T,M,MOE,False,True,False,True,20
490,596302,0,1,C,M,MOE,False,True,False,True,20
490,596302,1,2,A,M,MOE,False,True,False,True,20
490,596302,2,3,A,M,MOE,False,True,False,True,20
490,596302,3,4,G,M,MOE,False,True,False,True,20
490,596302,4,5,C,M,MOE,False,True,False,True,20
490,596302,5,6,C,d,DNA,True,False,False,False,20
490,596302,6,7,A,d,DNA,True,False,False,False,20
490,596302,7,8,A,d,DNA,True,False,False,False,20
490,596302,8,9,A,d,DNA,True,False,False,False,20
490,596302,9,10,C,d,DNA,True,False,False,False,20
490,596302,10,11,G,d,DNA,True,False,False,False,20
490,596302,11,12,A,d,DNA,True,False,False,False,20
490,596302,12,13,C,d,DNA,True,False,False,False,20
490,596302,13,14,T,d,DNA,True,False,False,False,20
490,596302,14,15,T,d,DNA,True,False,False,False,20
490,596302,15,16,C,M,MOE,False,True,False,True,20
490,596302,16,17,C,M,MOE,False,True,False,True,20
490,596302,17,18,A,M,MOE,False,True,False,True,20
490,596302,18,19,G,M,MOE,False,True,False,True,20
490,596302,19,20,C,M,MOE,False,True,False,True,20
491,596303,0,1,C,M,MOE,False,True,False,True,20
491,596303,1,2,A,M,MOE,False,True,False,True,20
491,596303,2,3,C,M,MOE,False,True,False,True,20
491,596303,3,4,A,M,MOE,False,True,False,True,20
491,596303,4,5,A,M,MOE,False,True,False,True,20
491,596303,5,6,G,d,DNA,True,False,False,False,20
491,596303,6,7,C,d,DNA,True,False,False,False,20
491,596303,7,8,C,d,DNA,True,False,False,False,20
491,596303,8,9,A,d,DNA,True,False,False,False,20
491,596303,9,10,A,d,DNA,True,False,False,False,20
491,596303,10,11,A,d,DNA,True,False,False,False,20
491,596303,11,12,C,d,DNA,True,False,False,False,20
491,596303,12,13,G,d,DNA,True,False,False,False,20
491,596303,13,14,A,d,DNA,True,False,False,False,20
491,596303,14,15,C,d,DNA,True,False,False,False,20
491,596303,15,16,T,M,MOE,False,True,False,True,20
491,596303,16,17,T,M,MOE,False,True,False,True,20
491,596303,17,18,C,M,MOE,False,True,False,True,20
491,596303,18,19,C,M,MOE,False,True,False,True,20
491,596303,19,20,A,M,MOE,False,True,False,True,20
492,596304,0,1,A,M,MOE,False,True,False,True,20
492,596304,1,2,C,M,MOE,False,True,False,True,20
492,596304,2,3,C,M,MOE,False,True,False,True,20
492,596304,3,4,A,M,MOE,False,True,False,True,20
492,596304,4,5,C,M,MOE,False,True,False,True,20
492,596304,5,6,A,d,DNA,True,False,False,False,20
492,596304,6,7,A,d,DNA,True,False,False,False,20
492,596304,7,8,G,d,DNA,True,False,False,False,20
492,596304,8,9,C,d,DNA,True,False,False,False,20
492,596304,9,10,C,d,DNA,True,False,False,False,20
492,596304,10,11,A,d,DNA,True,False,False,False,20
492,596304,11,12,A,d,DNA,True,False,False,False,20
492,596304,12,13,A,d,DNA,True,False,False,False,20
492,596304,13,14,C,d,DNA,True,False,False,False,20
492,596304,14,15,G,d,DNA,True,False,False,False,20
492,596304,15,16,A,M,MOE,False,True,False,True,20
492,596304,16,17,C,M,MOE,False,True,False,True,20
492,596304,17,18,T,M,MOE,False,True,False,True,20
492,596304,18,19,T,M,MOE,False,True,False,True,20
492,596304,19,20,C,M,MOE,False,True,False,True,20
493,596305,0,1,A,M,MOE,False,True,False,True,20
493,596305,1,2,C,M,MOE,False,True,False,True,20
493,596305,2,3,A,M,MOE,False,True,False,True,20
493,596305,3,4,C,M,MOE,False,True,False,True,20
493,596305,4,5,C,M,MOE,False,True,False,True,20
493,596305,5,6,A,d,DNA,True,False,False,False,20
493,596305,6,7,C,d,DNA,True,False,False,False,20
493,596305,7,8,A,d,DNA,True,False,False,False,20
493,596305,8,9,A,d,DNA,True,False,False,False,20
493,596305,9,10,G,d,DNA,True,False,False,False,20
493,596305,10,11,C,d,DNA,True,False,False,False,20
493,596305,11,12,C,d,DNA,True,False,False,False,20
493,596305,12,13,A,d,DNA,True,False,False,False,20
493,596305,13,14,A,d,DNA,True,False,False,False,20
493,596305,14,15,A,d,DNA,True,False,False,False,20
493,596305,15,16,C,M,MOE,False,True,False,True,20
493,596305,16,17,G,M,MOE,False,True,False,True,20
493,596305,17,18,A,M,MOE,False,True,False,True,20
493,596305,18,19,C,M,MOE,False,True,False,True,20
493,596305,19,20,T,M,MOE,False,True,False,True,20
494,596306,0,1,T,M,MOE,False,True,False,True,20
494,596306,1,2,T,M,MOE,False,True,False,True,20
494,596306,2,3,A,M,MOE,False,True,False,True,20
494,596306,3,4,C,M,MOE,False,True,False,True,20
494,596306,4,5,A,M,MOE,False,True,False,True,20
494,596306,5,6,C,d,DNA,True,False,False,False,20
494,596306,6,7,C,d,DNA,True,False,False,False,20
494,596306,7,8,A,d,DNA,True,False,False,False,20
494,596306,8,9,C,d,DNA,True,False,False,False,20
494,596306,9,10,A,d,DNA,True,False,False,False,20
494,596306,10,11,A,d,DNA,True,False,False,False,20
494,596306,11,12,G,d,DNA,True,False,False,False,20
494,596306,12,13,C,d,DNA,True,False,False,False,20
494,596306,13,14,C,d,DNA,True,False,False,False,20
494,596306,14,15,A,d,DNA,True,False,False,False,20
494,596306,15,16,A,M,MOE,False,True,False,True,20
494,596306,16,17,A,M,MOE,False,True,False,True,20
494,596306,17,18,C,M,MOE,False,True,False,True,20
494,596306,18,19,G,M,MOE,False,True,False,True,20
494,596306,19,20,A,M,MOE,False,True,False,True,20
495,596307,0,1,G,M,MOE,False,True,False,True,20
495,596307,1,2,G,M,MOE,False,True,False,True,20
495,596307,2,3,A,M,MOE,False,True,False,True,20
495,596307,3,4,T,M,MOE,False,True,False,True,20
495,596307,4,5,A,M,MOE,False,True,False,True,20
495,596307,5,6,A,d,DNA,True,False,False,False,20
495,596307,6,7,C,d,DNA,True,False,False,False,20
495,596307,7,8,A,d,DNA,True,False,False,False,20
495,596307,8,9,G,d,DNA,True,False,False,False,20
495,596307,9,10,A,d,DNA,True,False,False,False,20
495,596307,10,11,T,d,DNA,True,False,False,False,20
495,596307,11,12,G,d,DNA,True,False,False,False,20
495,596307,12,13,A,d,DNA,True,False,False,False,20
495,596307,13,14,G,d,DNA,True,False,False,False,20
495,596307,14,15,T,d,DNA,True,False,False,False,20
495,596307,15,16,T,M,MOE,False,True,False,True,20
495,596307,16,17,A,M,MOE,False,True,False,True,20
495,596307,17,18,A,M,MOE,False,True,False,True,20
495,596307,18,19,G,M,MOE,False,True,False,True,20
495,596307,19,20,G,M,MOE,False,True,False,True,20
496,596308,0,1,A,M,MOE,False,True,False,True,20
496,596308,1,2,G,M,MOE,False,True,False,True,20
496,596308,2,3,G,M,MOE,False,True,False,True,20
496,596308,3,4,A,M,MOE,False,True,False,True,20
496,596308,4,5,T,M,MOE,False,True,False,True,20
496,596308,5,6,A,d,DNA,True,False,False,False,20
496,596308,6,7,C,d,DNA,True,False,False,False,20
496,596308,7,8,A,d,DNA,True,False,False,False,20
496,596308,8,9,T,d,DNA,True,False,False,False,20
496,596308,9,10,T,d,DNA,True,False,False,False,20
496,596308,10,11,T,d,DNA,True,False,False,False,20
496,596308,11,12,C,d,DNA,True,False,False,False,20
496,596308,12,13,T,d,DNA,True,False,False,False,20
496,596308,13,14,A,d,DNA,True,False,False,False,20
496,596308,14,15,C,d,DNA,True,False,False,False,20
496,596308,15,16,A,M,MOE,False,True,False,True,20
496,596308,16,17,G,M,MOE,False,True,False,True,20
496,596308,17,18,C,M,MOE,False,True,False,True,20
496,596308,18,19,T,M,MOE,False,True,False,True,20
496,596308,19,20,A,M,MOE,False,True,False,True,20
497,596309,0,1,T,M,MOE,False,True,False,True,20
497,596309,1,2,C,M,MOE,False,True,False,True,20
497,596309,2,3,A,M,MOE,False,True,False,True,20
497,596309,3,4,G,M,MOE,False,True,False,True,20
497,596309,4,5,G,M,MOE,False,True,False,True,20
497,596309,5,6,A,d,DNA,True,False,False,False,20
497,596309,6,7,T,d,DNA,True,False,False,False,20
497,596309,7,8,A,d,DNA,True,False,False,False,20
497,596309,8,9,C,d,DNA,True,False,False,False,20
497,596309,9,10,A,d,DNA,True,False,False,False,20
497,596309,10,11,T,d,DNA,True,False,False,False,20
497,596309,11,12,T,d,DNA,True,False,False,False,20
497,596309,12,13,T,d,DNA,True,False,False,False,20
497,596309,13,14,C,d,DNA,True,False,False,False,20
497,596309,14,15,T,d,DNA,True,False,False,False,20
497,596309,15,16,A,M,MOE,False,True,False,True,20
497,596309,16,17,C,M,MOE,False,True,False,True,20
497,596309,17,18,A,M,MOE,False,True,False,True,20
497,596309,18,19,G,M,MOE,False,True,False,True,20
497,596309,19,20,C,M,MOE,False,True,False,True,20
498,596310,0,1,T,M,MOE,False,True,False,True,20
498,596310,1,2,A,M,MOE,False,True,False,True,20
498,596310,2,3,T,M,MOE,False,True,False,True,20
498,596310,3,4,C,M,MOE,False,True,False,True,20
498,596310,4,5,A,M,MOE,False,True,False,True,20
498,596310,5,6,G,d,DNA,True,False,False,False,20
498,596310,6,7,G,d,DNA,True,False,False,False,20
498,596310,7,8,A,d,DNA,True,False,False,False,20
498,596310,8,9,T,d,DNA,True,False,False,False,20
498,596310,9,10,A,d,DNA,True,False,False,False,20
498,596310,10,11,C,d,DNA,True,False,False,False,20
498,596310,11,12,A,d,DNA,True,False,False,False,20
498,596310,12,13,T,d,DNA,True,False,False,False,20
498,596310,13,14,T,d,DNA,True,False,False,False,20
498,596310,14,15,T,d,DNA,True,False,False,False,20
498,596310,15,16,C,M,MOE,False,True,False,True,20
498,596310,16,17,T,M,MOE,False,True,False,True,20
498,596310,17,18,A,M,MOE,False,True,False,True,20
498,596310,18,19,C,M,MOE,False,True,False,True,20
498,596310,19,20,A,M,MOE,False,True,False,True,20
499,596311,0,1,A,M,MOE,False,True,False,True,20
499,596311,1,2,A,M,MOE,False,True,False,True,20
499,596311,2,3,T,M,MOE,False,True,False,True,20
499,596311,3,4,G,M,MOE,False,True,False,True,20
499,596311,4,5,T,M,MOE,False,True,False,True,20
499,596311,5,6,T,d,DNA,True,False,False,False,20
499,596311,6,7,T,d,DNA,True,False,False,False,20
499,596311,7,8,A,d,DNA,True,False,False,False,20
499,596311,8,9,T,d,DNA,True,False,False,False,20
499,596311,9,10,C,d,DNA,True,False,False,False,20
499,596311,10,11,A,d,DNA,True,False,False,False,20
499,596311,11,12,G,d,DNA,True,False,False,False,20
499,596311,12,13,G,d,DNA,True,False,False,False,20
499,596311,13,14,A,d,DNA,True,False,False,False,20
499,596311,14,15,T,d,DNA,True,False,False,False,20
499,596311,15,16,A,M,MOE,False,True,False,True,20
499,596311,16,17,C,M,MOE,False,True,False,True,20
499,596311,17,18,A,M,MOE,False,True,False,True,20
499,596311,18,19,T,M,MOE,False,True,False,True,20
499,596311,19,20,T,M,MOE,False,True,False,True,20
500,596312,0,1,T,M,MOE,False,True,False,True,20
500,596312,1,2,T,M,MOE,False,True,False,True,20
500,596312,2,3,A,M,MOE,False,True,False,True,20
500,596312,3,4,A,M,MOE,False,True,False,True,20
500,596312,4,5,T,M,MOE,False,True,False,True,20
500,596312,5,6,G,d,DNA,True,False,False,False,20
500,596312,6,7,T,d,DNA,True,False,False,False,20
500,596312,7,8,T,d,DNA,True,False,False,False,20
500,596312,8,9,T,d,DNA,True,False,False,False,20
500,596312,9,10,A,d,DNA,True,False,False,False,20
500,596312,10,11,T,d,DNA,True,False,False,False,20
500,596312,11,12,C,d,DNA,True,False,False,False,20
500,596312,12,13,A,d,DNA,True,False,False,False,20
500,596312,13,14,G,d,DNA,True,False,False,False,20
500,596312,14,15,G,d,DNA,True,False,False,False,20
500,596312,15,16,A,M,MOE,False,True,False,True,20
500,596312,16,17,T,M,MOE,False,True,False,True,20
500,596312,17,18,A,M,MOE,False,True,False,True,20
500,596312,18,19,C,M,MOE,False,True,False,True,20
500,596312,19,20,A,M,MOE,False,True,False,True,20
501,596313,0,1,G,M,MOE,False,True,False,True,20
501,596313,1,2,T,M,MOE,False,True,False,True,20
501,596313,2,3,T,M,MOE,False,True,False,True,20
501,596313,3,4,T,M,MOE,False,True,False,True,20
501,596313,4,5,A,M,MOE,False,True,False,True,20
501,596313,5,6,A,d,DNA,True,False,False,False,20
501,596313,6,7,T,d,DNA,True,False,False,False,20
501,596313,7,8,G,d,DNA,True,False,False,False,20
501,596313,8,9,T,d,DNA,True,False,False,False,20
501,596313,9,10,T,d,DNA,True,False,False,False,20
501,596313,10,11,T,d,DNA,True,False,False,False,20
501,596313,11,12,A,d,DNA,True,False,False,False,20
501,596313,12,13,T,d,DNA,True,False,False,False,20
501,596313,13,14,C,d,DNA,True,False,False,False,20
501,596313,14,15,A,d,DNA,True,False,False,False,20
501,596313,15,16,G,M,MOE,False,True,False,True,20
501,596313,16,17,G,M,MOE,False,True,False,True,20
501,596313,17,18,A,M,MOE,False,True,False,True,20
501,596313,18,19,T,M,MOE,False,True,False,True,20
501,596313,19,20,A,M,MOE,False,True,False,True,20
502,596314,0,1,G,M,MOE,False,True,False,True,20
502,596314,1,2,T,M,MOE,False,True,False,True,20
502,596314,2,3,G,M,MOE,False,True,False,True,20
502,596314,3,4,T,M,MOE,False,True,False,True,20
502,596314,4,5,T,M,MOE,False,True,False,True,20
502,596314,5,6,T,d,DNA,True,False,False,False,20
502,596314,6,7,A,d,DNA,True,False,False,False,20
502,596314,7,8,A,d,DNA,True,False,False,False,20
502,596314,8,9,T,d,DNA,True,False,False,False,20
502,596314,9,10,G,d,DNA,True,False,False,False,20
502,596314,10,11,T,d,DNA,True,False,False,False,20
502,596314,11,12,T,d,DNA,True,False,False,False,20
502,596314,12,13,T,d,DNA,True,False,False,False,20
502,596314,13,14,A,d,DNA,True,False,False,False,20
502,596314,14,15,T,d,DNA,True,False,False,False,20
502,596314,15,16,C,M,MOE,False,True,False,True,20
502,596314,16,17,A,M,MOE,False,True,False,True,20
502,596314,17,18,G,M,MOE,False,True,False,True,20
502,596314,18,19,G,M,MOE,False,True,False,True,20
502,596314,19,20,A,M,MOE,False,True,False,True,20
503,596315,0,1,T,M,MOE,False,True,False,True,20
503,596315,1,2,T,M,MOE,False,True,False,True,20
503,596315,2,3,T,M,MOE,False,True,False,True,20
503,596315,3,4,T,M,MOE,False,True,False,True,20
503,596315,4,5,A,M,MOE,False,True,False,True,20
503,596315,5,6,A,d,DNA,True,False,False,False,20
503,596315,6,7,G,d,DNA,True,False,False,False,20
503,596315,7,8,A,d,DNA,True,False,False,False,20
503,596315,8,9,T,d,DNA,True,False,False,False,20
503,596315,9,10,T,d,DNA,True,False,False,False,20
503,596315,10,11,A,d,DNA,True,False,False,False,20
503,596315,11,12,C,d,DNA,True,False,False,False,20
503,596315,12,13,A,d,DNA,True,False,False,False,20
503,596315,13,14,G,d,DNA,True,False,False,False,20
503,596315,14,15,T,d,DNA,True,False,False,False,20
503,596315,15,16,G,M,MOE,False,True,False,True,20
503,596315,16,17,T,M,MOE,False,True,False,True,20
503,596315,17,18,T,M,MOE,False,True,False,True,20
503,596315,18,19,T,M,MOE,False,True,False,True,20
503,596315,19,20,A,M,MOE,False,True,False,True,20
504,596316,0,1,A,M,MOE,False,True,False,True,20
504,596316,1,2,C,M,MOE,False,True,False,True,20
504,596316,2,3,T,M,MOE,False,True,False,True,20
504,596316,3,4,T,M,MOE,False,True,False,True,20
504,596316,4,5,T,M,MOE,False,True,False,True,20
504,596316,5,6,T,d,DNA,True,False,False,False,20
504,596316,6,7,A,d,DNA,True,False,False,False,20
504,596316,7,8,A,d,DNA,True,False,False,False,20
504,596316,8,9,G,d,DNA,True,False,False,False,20
504,596316,9,10,A,d,DNA,True,False,False,False,20
504,596316,10,11,T,d,DNA,True,False,False,False,20
504,596316,11,12,T,d,DNA,True,False,False,False,20
504,596316,12,13,A,d,DNA,True,False,False,False,20
504,596316,13,14,C,d,DNA,True,False,False,False,20
504,596316,14,15,A,d,DNA,True,False,False,False,20
504,596316,15,16,G,M,MOE,False,True,False,True,20
504,596316,16,17,T,M,MOE,False,True,False,True,20
504,596316,17,18,G,M,MOE,False,True,False,True,20
504,596316,18,19,T,M,MOE,False,True,False,True,20
504,596316,19,20,T,M,MOE,False,True,False,True,20
505,596317,0,1,A,M,MOE,False,True,False,True,20
505,596317,1,2,C,M,MOE,False,True,False,True,20
505,596317,2,3,A,M,MOE,False,True,False,True,20
505,596317,3,4,C,M,MOE,False,True,False,True,20
505,596317,4,5,T,M,MOE,False,True,False,True,20
505,596317,5,6,T,d,DNA,True,False,False,False,20
505,596317,6,7,T,d,DNA,True,False,False,False,20
505,596317,7,8,T,d,DNA,True,False,False,False,20
505,596317,8,9,A,d,DNA,True,False,False,False,20
505,596317,9,10,A,d,DNA,True,False,False,False,20
505,596317,10,11,G,d,DNA,True,False,False,False,20
505,596317,11,12,A,d,DNA,True,False,False,False,20
505,596317,12,13,T,d,DNA,True,False,False,False,20
505,596317,13,14,T,d,DNA,True,False,False,False,20
505,596317,14,15,A,d,DNA,True,False,False,False,20
505,596317,15,16,C,M,MOE,False,True,False,True,20
505,596317,16,17,A,M,MOE,False,True,False,True,20
505,596317,17,18,G,M,MOE,False,True,False,True,20
505,596317,18,19,T,M,MOE,False,True,False,True,20
505,596317,19,20,G,M,MOE,False,True,False,True,20
506,596318,0,1,T,M,MOE,False,True,False,True,20
506,596318,1,2,T,M,MOE,False,True,False,True,20
506,596318,2,3,A,M,MOE,False,True,False,True,20
506,596318,3,4,C,M,MOE,False,True,False,True,20
506,596318,4,5,A,M,MOE,False,True,False,True,20
506,596318,5,6,C,d,DNA,True,False,False,False,20
506,596318,6,7,T,d,DNA,True,False,False,False,20
506,596318,7,8,T,d,DNA,True,False,False,False,20
506,596318,8,9,T,d,DNA,True,False,False,False,20
506,596318,9,10,T,d,DNA,True,False,False,False,20
506,596318,10,11,A,d,DNA,True,False,False,False,20
506,596318,11,12,A,d,DNA,True,False,False,False,20
506,596318,12,13,G,d,DNA,True,False,False,False,20
506,596318,13,14,A,d,DNA,True,False,False,False,20
506,596318,14,15,T,d,DNA,True,False,False,False,20
506,596318,15,16,T,M,MOE,False,True,False,True,20
506,596318,16,17,A,M,MOE,False,True,False,True,20
506,596318,17,18,C,M,MOE,False,True,False,True,20
506,596318,18,19,A,M,MOE,False,True,False,True,20
506,596318,19,20,G,M,MOE,False,True,False,True,20
507,596319,0,1,A,M,MOE,False,True,False,True,20
507,596319,1,2,A,M,MOE,False,True,False,True,20
507,596319,2,3,T,M,MOE,False,True,False,True,20
507,596319,3,4,T,M,MOE,False,True,False,True,20
507,596319,4,5,A,M,MOE,False,True,False,True,20
507,596319,5,6,C,d,DNA,True,False,False,False,20
507,596319,6,7,A,d,DNA,True,False,False,False,20
507,596319,7,8,C,d,DNA,True,False,False,False,20
507,596319,8,9,T,d,DNA,True,False,False,False,20
507,596319,9,10,T,d,DNA,True,False,False,False,20
507,596319,10,11,T,d,DNA,True,False,False,False,20
507,596319,11,12,T,d,DNA,True,False,False,False,20
507,596319,12,13,A,d,DNA,True,False,False,False,20
507,596319,13,14,A,d,DNA,True,False,False,False,20
507,596319,14,15,G,d,DNA,True,False,False,False,20
507,596319,15,16,A,M,MOE,False,True,False,True,20
507,596319,16,17,T,M,MOE,False,True,False,True,20
507,596319,17,18,T,M,MOE,False,True,False,True,20
507,596319,18,19,A,M,MOE,False,True,False,True,20
507,596319,19,20,C,M,MOE,False,True,False,True,20
508,596320,0,1,A,M,MOE,False,True,False,True,20
508,596320,1,2,C,M,MOE,False,True,False,True,20
508,596320,2,3,A,M,MOE,False,True,False,True,20
508,596320,3,4,C,M,MOE,False,True,False,True,20
508,596320,4,5,A,M,MOE,False,True,False,True,20
508,596320,5,6,A,d,DNA,True,False,False,False,20
508,596320,6,7,T,d,DNA,True,False,False,False,20
508,596320,7,8,T,d,DNA,True,False,False,False,20
508,596320,8,9,A,d,DNA,True,False,False,False,20
508,596320,9,10,C,d,DNA,True,False,False,False,20
508,596320,10,11,A,d,DNA,True,False,False,False,20
508,596320,11,12,C,d,DNA,True,False,False,False,20
508,596320,12,13,T,d,DNA,True,False,False,False,20
508,596320,13,14,T,d,DNA,True,False,False,False,20
508,596320,14,15,T,d,DNA,True,False,False,False,20
508,596320,15,16,T,M,MOE,False,True,False,True,20
508,596320,16,17,A,M,MOE,False,True,False,True,20
508,596320,17,18,A,M,MOE,False,True,False,True,20
508,596320,18,19,G,M,MOE,False,True,False,True,20
508,596320,19,20,A,M,MOE,False,True,False,True,20
509,596321,0,1,T,M,MOE,False,True,False,True,20
509,596321,1,2,C,M,MOE,False,True,False,True,20
509,596321,2,3,A,M,MOE,False,True,False,True,20
509,596321,3,4,C,M,MOE,False,True,False,True,20
509,596321,4,5,A,M,MOE,False,True,False,True,20
509,596321,5,6,C,d,DNA,True,False,False,False,20
509,596321,6,7,A,d,DNA,True,False,False,False,20
509,596321,7,8,A,d,DNA,True,False,False,False,20
509,596321,8,9,T,d,DNA,True,False,False,False,20
509,596321,9,10,T,d,DNA,True,False,False,False,20
509,596321,10,11,A,d,DNA,True,False,False,False,20
509,596321,11,12,C,d,DNA,True,False,False,False,20
509,596321,12,13,A,d,DNA,True,False,False,False,20
509,596321,13,14,C,d,DNA,True,False,False,False,20
509,596321,14,15,T,d,DNA,True,False,False,False,20
509,596321,15,16,T,M,MOE,False,True,False,True,20
509,596321,16,17,T,M,MOE,False,True,False,True,20
509,596321,17,18,T,M,MOE,False,True,False,True,20
509,596321,18,19,A,M,MOE,False,True,False,True,20
509,596321,19,20,A,M,MOE,False,True,False,True,20
510,596322,0,1,A,M,MOE,False,True,False,True,20
510,596322,1,2,A,M,MOE,False,True,False,True,20
510,596322,2,3,A,M,MOE,False,True,False,True,20
510,596322,3,4,G,M,MOE,False,True,False,True,20
510,596322,4,5,T,M,MOE,False,True,False,True,20
510,596322,5,6,C,d,DNA,True,False,False,False,20
510,596322,6,7,A,d,DNA,True,False,False,False,20
510,596322,7,8,C,d,DNA,True,False,False,False,20
510,596322,8,9,A,d,DNA,True,False,False,False,20
510,596322,9,10,C,d,DNA,True,False,False,False,20
510,596322,10,11,A,d,DNA,True,False,False,False,20
510,596322,11,12,A,d,DNA,True,False,False,False,20
510,596322,12,13,T,d,DNA,True,False,False,False,20
510,596322,13,14,T,d,DNA,True,False,False,False,20
510,596322,14,15,A,d,DNA,True,False,False,False,20
510,596322,15,16,C,M,MOE,False,True,False,True,20
510,596322,16,17,A,M,MOE,False,True,False,True,20
510,596322,17,18,C,M,MOE,False,True,False,True,20
510,596322,18,19,T,M,MOE,False,True,False,True,20
510,596322,19,20,T,M,MOE,False,True,False,True,20
511,596323,0,1,T,M,MOE,False,True,False,True,20
511,596323,1,2,G,M,MOE,False,True,False,True,20
511,596323,2,3,A,M,MOE,False,True,False,True,20
511,596323,3,4,A,M,MOE,False,True,False,True,20
511,596323,4,5,A,M,MOE,False,True,False,True,20
511,596323,5,6,A,d,DNA,True,False,False,False,20
511,596323,6,7,A,d,DNA,True,False,False,False,20
511,596323,7,8,G,d,DNA,True,False,False,False,20
511,596323,8,9,T,d,DNA,True,False,False,False,20
511,596323,9,10,C,d,DNA,True,False,False,False,20
511,596323,10,11,A,d,DNA,True,False,False,False,20
511,596323,11,12,C,d,DNA,True,False,False,False,20
511,596323,12,13,A,d,DNA,True,False,False,False,20
511,596323,13,14,C,d,DNA,True,False,False,False,20
511,596323,14,15,A,d,DNA,True,False,False,False,20
511,596323,15,16,A,M,MOE,False,True,False,True,20
511,596323,16,17,T,M,MOE,False,True,False,True,20
511,596323,17,18,T,M,MOE,False,True,False,True,20
511,596323,18,19,A,M,MOE,False,True,False,True,20
511,596323,19,20,C,M,MOE,False,True,False,True,20
512,596324,0,1,T,M,MOE,False,True,False,True,20
512,596324,1,2,C,M,MOE,False,True,False,True,20
512,596324,2,3,T,M,MOE,False,True,False,True,20
512,596324,3,4,G,M,MOE,False,True,False,True,20
512,596324,4,5,A,M,MOE,False,True,False,True,20
512,596324,5,6,A,d,DNA,True,False,False,False,20
512,596324,6,7,A,d,DNA,True,False,False,False,20
512,596324,7,8,A,d,DNA,True,False,False,False,20
512,596324,8,9,A,d,DNA,True,False,False,False,20
512,596324,9,10,G,d,DNA,True,False,False,False,20
512,596324,10,11,T,d,DNA,True,False,False,False,20
512,596324,11,12,C,d,DNA,True,False,False,False,20
512,596324,12,13,A,d,DNA,True,False,False,False,20
512,596324,13,14,C,d,DNA,True,False,False,False,20
512,596324,14,15,A,d,DNA,True,False,False,False,20
512,596324,15,16,C,M,MOE,False,True,False,True,20
512,596324,16,17,A,M,MOE,False,True,False,True,20
512,596324,17,18,A,M,MOE,False,True,False,True,20
512,596324,18,19,T,M,MOE,False,True,False,True,20
512,596324,19,20,T,M,MOE,False,True,False,True,20
513,596325,0,1,A,M,MOE,False,True,False,True,20
513,596325,1,2,C,M,MOE,False,True,False,True,20
513,596325,2,3,T,M,MOE,False,True,False,True,20
513,596325,3,4,C,M,MOE,False,True,False,True,20
513,596325,4,5,T,M,MOE,False,True,False,True,20
513,596325,5,6,G,d,DNA,True,False,False,False,20
513,596325,6,7,A,d,DNA,True,False,False,False,20
513,596325,7,8,A,d,DNA,True,False,False,False,20
513,596325,8,9,A,d,DNA,True,False,False,False,20
513,596325,9,10,A,d,DNA,True,False,False,False,20
513,596325,10,11,A,d,DNA,True,False,False,False,20
513,596325,11,12,G,d,DNA,True,False,False,False,20
513,596325,12,13,T,d,DNA,True,False,False,False,20
513,596325,13,14,C,d,DNA,True,False,False,False,20
513,596325,14,15,A,d,DNA,True,False,False,False,20
513,596325,15,16,C,M,MOE,False,True,False,True,20
513,596325,16,17,A,M,MOE,False,True,False,True,20
513,596325,17,18,C,M,MOE,False,True,False,True,20
513,596325,18,19,A,M,MOE,False,True,False,True,20
513,596325,19,20,A,M,MOE,False,True,False,True,20
514,596326,0,1,A,M,MOE,False,True,False,True,20
514,596326,1,2,G,M,MOE,False,True,False,True,20
514,596326,2,3,C,M,MOE,False,True,False,True,20
514,596326,3,4,A,M,MOE,False,True,False,True,20
514,596326,4,5,A,M,MOE,False,True,False,True,20
514,596326,5,6,C,d,DNA,True,False,False,False,20
514,596326,6,7,T,d,DNA,True,False,False,False,20
514,596326,7,8,C,d,DNA,True,False,False,False,20
514,596326,8,9,T,d,DNA,True,False,False,False,20
514,596326,9,10,G,d,DNA,True,False,False,False,20
514,596326,10,11,A,d,DNA,True,False,False,False,20
514,596326,11,12,A,d,DNA,True,False,False,False,20
514,596326,12,13,A,d,DNA,True,False,False,False,20
514,596326,13,14,A,d,DNA,True,False,False,False,20
514,596326,14,15,A,d,DNA,True,False,False,False,20
514,596326,15,16,G,M,MOE,False,True,False,True,20
514,596326,16,17,T,M,MOE,False,True,False,True,20
514,596326,17,18,C,M,MOE,False,True,False,True,20
514,596326,18,19,A,M,MOE,False,True,False,True,20
514,596326,19,20,C,M,MOE,False,True,False,True,20
515,596327,0,1,A,M,MOE,False,True,False,True,20
515,596327,1,2,C,M,MOE,False,True,False,True,20
515,596327,2,3,T,M,MOE,False,True,False,True,20
515,596327,3,4,T,M,MOE,False,True,False,True,20
515,596327,4,5,T,M,MOE,False,True,False,True,20
515,596327,5,6,A,d,DNA,True,False,False,False,20
515,596327,6,7,A,d,DNA,True,False,False,False,20
515,596327,7,8,A,d,DNA,True,False,False,False,20
515,596327,8,9,G,d,DNA,True,False,False,False,20
515,596327,9,10,C,d,DNA,True,False,False,False,20
515,596327,10,11,A,d,DNA,True,False,False,False,20
515,596327,11,12,A,d,DNA,True,False,False,False,20
515,596327,12,13,C,d,DNA,True,False,False,False,20
515,596327,13,14,T,d,DNA,True,False,False,False,20
515,596327,14,15,C,d,DNA,True,False,False,False,20
515,596327,15,16,T,M,MOE,False,True,False,True,20
515,596327,16,17,G,M,MOE,False,True,False,True,20
515,596327,17,18,A,M,MOE,False,True,False,True,20
515,596327,18,19,A,M,MOE,False,True,False,True,20
515,596327,19,20,A,M,MOE,False,True,False,True,20
516,596328,0,1,A,M,MOE,False,True,False,True,20
516,596328,1,2,G,M,MOE,False,True,False,True,20
516,596328,2,3,G,M,MOE,False,True,False,True,20
516,596328,3,4,T,M,MOE,False,True,False,True,20
516,596328,4,5,A,M,MOE,False,True,False,True,20
516,596328,5,6,C,d,DNA,True,False,False,False,20
516,596328,6,7,T,d,DNA,True,False,False,False,20
516,596328,7,8,T,d,DNA,True,False,False,False,20
516,596328,8,9,T,d,DNA,True,False,False,False,20
516,596328,9,10,A,d,DNA,True,False,False,False,20
516,596328,10,11,A,d,DNA,True,False,False,False,20
516,596328,11,12,A,d,DNA,True,False,False,False,20
516,596328,12,13,G,d,DNA,True,False,False,False,20
516,596328,13,14,C,d,DNA,True,False,False,False,20
516,596328,14,15,A,d,DNA,True,False,False,False,20
516,596328,15,16,A,M,MOE,False,True,False,True,20
516,596328,16,17,C,M,MOE,False,True,False,True,20
516,596328,17,18,T,M,MOE,False,True,False,True,20
516,596328,18,19,C,M,MOE,False,True,False,True,20
516,596328,19,20,T,M,MOE,False,True,False,True,20
517,596329,0,1,C,M,MOE,False,True,False,True,20
517,596329,1,2,A,M,MOE,False,True,False,True,20
517,596329,2,3,C,M,MOE,False,True,False,True,20
517,596329,3,4,T,M,MOE,False,True,False,True,20
517,596329,4,5,A,M,MOE,False,True,False,True,20
517,596329,5,6,C,d,DNA,True,False,False,False,20
517,596329,6,7,A,d,DNA,True,False,False,False,20
517,596329,7,8,G,d,DNA,True,False,False,False,20
517,596329,8,9,G,d,DNA,True,False,False,False,20
517,596329,9,10,T,d,DNA,True,False,False,False,20
517,596329,10,11,A,d,DNA,True,False,False,False,20
517,596329,11,12,C,d,DNA,True,False,False,False,20
517,596329,12,13,T,d,DNA,True,False,False,False,20
517,596329,13,14,T,d,DNA,True,False,False,False,20
517,596329,14,15,T,d,DNA,True,False,False,False,20
517,596329,15,16,A,M,MOE,False,True,False,True,20
517,596329,16,17,A,M,MOE,False,True,False,True,20
517,596329,17,18,A,M,MOE,False,True,False,True,20
517,596329,18,19,G,M,MOE,False,True,False,True,20
517,596329,19,20,C,M,MOE,False,True,False,True,20
518,596330,0,1,T,M,MOE,False,True,False,True,20
518,596330,1,2,T,M,MOE,False,True,False,True,20
518,596330,2,3,C,M,MOE,False,True,False,True,20
518,596330,3,4,T,M,MOE,False,True,False,True,20
518,596330,4,5,C,M,MOE,False,True,False,True,20
518,596330,5,6,A,d,DNA,True,False,False,False,20
518,596330,6,7,C,d,DNA,True,False,False,False,20
518,596330,7,8,T,d,DNA,True,False,False,False,20
518,596330,8,9,A,d,DNA,True,False,False,False,20
518,596330,9,10,C,d,DNA,True,False,False,False,20
518,596330,10,11,A,d,DNA,True,False,False,False,20
518,596330,11,12,G,d,DNA,True,False,False,False,20
518,596330,12,13,G,d,DNA,True,False,False,False,20
518,596330,13,14,T,d,DNA,True,False,False,False,20
518,596330,14,15,A,d,DNA,True,False,False,False,20
518,596330,15,16,C,M,MOE,False,True,False,True,20
518,596330,16,17,T,M,MOE,False,True,False,True,20
518,596330,17,18,T,M,MOE,False,True,False,True,20
518,596330,18,19,T,M,MOE,False,True,False,True,20
518,596330,19,20,A,M,MOE,False,True,False,True,20
519,596331,0,1,G,M,MOE,False,True,False,True,20
519,596331,1,2,T,M,MOE,False,True,False,True,20
519,596331,2,3,T,M,MOE,False,True,False,True,20
519,596331,3,4,T,M,MOE,False,True,False,True,20
519,596331,4,5,C,M,MOE,False,True,False,True,20
519,596331,5,6,T,d,DNA,True,False,False,False,20
519,596331,6,7,C,d,DNA,True,False,False,False,20
519,596331,7,8,A,d,DNA,True,False,False,False,20
519,596331,8,9,C,d,DNA,True,False,False,False,20
519,596331,9,10,T,d,DNA,True,False,False,False,20
519,596331,10,11,A,d,DNA,True,False,False,False,20
519,596331,11,12,C,d,DNA,True,False,False,False,20
519,596331,12,13,A,d,DNA,True,False,False,False,20
519,596331,13,14,G,d,DNA,True,False,False,False,20
519,596331,14,15,G,d,DNA,True,False,False,False,20
519,596331,15,16,T,M,MOE,False,True,False,True,20
519,596331,16,17,A,M,MOE,False,True,False,True,20
519,596331,17,18,C,M,MOE,False,True,False,True,20
519,596331,18,19,T,M,MOE,False,True,False,True,20
519,596331,19,20,T,M,MOE,False,True,False,True,20
520,596332,0,1,C,M,MOE,False,True,False,True,20
520,596332,1,2,A,M,MOE,False,True,False,True,20
520,596332,2,3,G,M,MOE,False,True,False,True,20
520,596332,3,4,T,M,MOE,False,True,False,True,20
520,596332,4,5,T,M,MOE,False,True,False,True,20
520,596332,5,6,T,d,DNA,True,False,False,False,20
520,596332,6,7,C,d,DNA,True,False,False,False,20
520,596332,7,8,T,d,DNA,True,False,False,False,20
520,596332,8,9,C,d,DNA,True,False,False,False,20
520,596332,9,10,A,d,DNA,True,False,False,False,20
520,596332,10,11,C,d,DNA,True,False,False,False,20
520,596332,11,12,T,d,DNA,True,False,False,False,20
520,596332,12,13,A,d,DNA,True,False,False,False,20
520,596332,13,14,C,d,DNA,True,False,False,False,20
520,596332,14,15,A,d,DNA,True,False,False,False,20
520,596332,15,16,G,M,MOE,False,True,False,True,20
520,596332,16,17,G,M,MOE,False,True,False,True,20
520,596332,17,18,T,M,MOE,False,True,False,True,20
520,596332,18,19,A,M,MOE,False,True,False,True,20
520,596332,19,20,C,M,MOE,False,True,False,True,20
521,596333,0,1,A,M,MOE,False,True,False,True,20
521,596333,1,2,T,M,MOE,False,True,False,True,20
521,596333,2,3,C,M,MOE,False,True,False,True,20
521,596333,3,4,A,M,MOE,False,True,False,True,20
521,596333,4,5,G,M,MOE,False,True,False,True,20
521,596333,5,6,T,d,DNA,True,False,False,False,20
521,596333,6,7,T,d,DNA,True,False,False,False,20
521,596333,7,8,T,d,DNA,True,False,False,False,20
521,596333,8,9,C,d,DNA,True,False,False,False,20
521,596333,9,10,T,d,DNA,True,False,False,False,20
521,596333,10,11,C,d,DNA,True,False,False,False,20
521,596333,11,12,A,d,DNA,True,False,False,False,20
521,596333,12,13,C,d,DNA,True,False,False,False,20
521,596333,13,14,T,d,DNA,True,False,False,False,20
521,596333,14,15,A,d,DNA,True,False,False,False,20
521,596333,15,16,C,M,MOE,False,True,False,True,20
521,596333,16,17,A,M,MOE,False,True,False,True,20
521,596333,17,18,G,M,MOE,False,True,False,True,20
521,596333,18,19,G,M,MOE,False,True,False,True,20
521,596333,19,20,T,M,MOE,False,True,False,True,20
522,596334,0,1,T,M,MOE,False,True,False,True,20
522,596334,1,2,C,M,MOE,False,True,False,True,20
522,596334,2,3,A,M,MOE,False,True,False,True,20
522,596334,3,4,T,M,MOE,False,True,False,True,20
522,596334,4,5,A,M,MOE,False,True,False,True,20
522,596334,5,6,A,d,DNA,True,False,False,False,20
522,596334,6,7,A,d,DNA,True,False,False,False,20
522,596334,7,8,T,d,DNA,True,False,False,False,20
522,596334,8,9,C,d,DNA,True,False,False,False,20
522,596334,9,10,A,d,DNA,True,False,False,False,20
522,596334,10,11,G,d,DNA,True,False,False,False,20
522,596334,11,12,T,d,DNA,True,False,False,False,20
522,596334,12,13,T,d,DNA,True,False,False,False,20
522,596334,13,14,T,d,DNA,True,False,False,False,20
522,596334,14,15,C,d,DNA,True,False,False,False,20
522,596334,15,16,T,M,MOE,False,True,False,True,20
522,596334,16,17,C,M,MOE,False,True,False,True,20
522,596334,17,18,A,M,MOE,False,True,False,True,20
522,596334,18,19,C,M,MOE,False,True,False,True,20
522,596334,19,20,T,M,MOE,False,True,False,True,20
523,596335,0,1,G,M,MOE,False,True,False,True,20
523,596335,1,2,T,M,MOE,False,True,False,True,20
523,596335,2,3,G,M,MOE,False,True,False,True,20
523,596335,3,4,A,M,MOE,False,True,False,True,20
523,596335,4,5,T,M,MOE,False,True,False,True,20
523,596335,5,6,C,d,DNA,True,False,False,False,20
523,596335,6,7,A,d,DNA,True,False,False,False,20
523,596335,7,8,T,d,DNA,True,False,False,False,20
523,596335,8,9,A,d,DNA,True,False,False,False,20
523,596335,9,10,A,d,DNA,True,False,False,False,20
523,596335,10,11,A,d,DNA,True,False,False,False,20
523,596335,11,12,T,d,DNA,True,False,False,False,20
523,596335,12,13,C,d,DNA,True,False,False,False,20
523,596335,13,14,A,d,DNA,True,False,False,False,20
523,596335,14,15,G,d,DNA,True,False,False,False,20
523,596335,15,16,T,M,MOE,False,True,False,True,20
523,596335,16,17,T,M,MOE,False,True,False,True,20
523,596335,17,18,T,M,MOE,False,True,False,True,20
523,596335,18,19,C,M,MOE,False,True,False,True,20
523,596335,19,20,T,M,MOE,False,True,False,True,20
524,596336,0,1,C,M,MOE,False,True,False,True,20
524,596336,1,2,C,M,MOE,False,True,False,True,20
524,596336,2,3,A,M,MOE,False,True,False,True,20
524,596336,3,4,A,M,MOE,False,True,False,True,20
524,596336,4,5,G,M,MOE,False,True,False,True,20
524,596336,5,6,T,d,DNA,True,False,False,False,20
524,596336,6,7,G,d,DNA,True,False,False,False,20
524,596336,7,8,A,d,DNA,True,False,False,False,20
524,596336,8,9,T,d,DNA,True,False,False,False,20
524,596336,9,10,C,d,DNA,True,False,False,False,20
524,596336,10,11,A,d,DNA,True,False,False,False,20
524,596336,11,12,T,d,DNA,True,False,False,False,20
524,596336,12,13,A,d,DNA,True,False,False,False,20
524,596336,13,14,A,d,DNA,True,False,False,False,20
524,596336,14,15,A,d,DNA,True,False,False,False,20
524,596336,15,16,T,M,MOE,False,True,False,True,20
524,596336,16,17,C,M,MOE,False,True,False,True,20
524,596336,17,18,A,M,MOE,False,True,False,True,20
524,596336,18,19,G,M,MOE,False,True,False,True,20
524,596336,19,20,T,M,MOE,False,True,False,True,20
525,596337,0,1,T,M,MOE,False,True,False,True,20
525,596337,1,2,C,M,MOE,False,True,False,True,20
525,596337,2,3,T,M,MOE,False,True,False,True,20
525,596337,3,4,T,M,MOE,False,True,False,True,20
525,596337,4,5,C,M,MOE,False,True,False,True,20
525,596337,5,6,C,d,DNA,True,False,False,False,20
525,596337,6,7,A,d,DNA,True,False,False,False,20
525,596337,7,8,A,d,DNA,True,False,False,False,20
525,596337,8,9,G,d,DNA,True,False,False,False,20
525,596337,9,10,T,d,DNA,True,False,False,False,20
525,596337,10,11,G,d,DNA,True,False,False,False,20
525,596337,11,12,A,d,DNA,True,False,False,False,20
525,596337,12,13,T,d,DNA,True,False,False,False,20
525,596337,13,14,C,d,DNA,True,False,False,False,20
525,596337,14,15,A,d,DNA,True,False,False,False,20
525,596337,15,16,T,M,MOE,False,True,False,True,20
525,596337,16,17,A,M,MOE,False,True,False,True,20
525,596337,17,18,A,M,MOE,False,True,False,True,20
525,596337,18,19,A,M,MOE,False,True,False,True,20
525,596337,19,20,T,M,MOE,False,True,False,True,20
526,596338,0,1,T,M,MOE,False,True,False,True,20
526,596338,1,2,A,M,MOE,False,True,False,True,20
526,596338,2,3,A,M,MOE,False,True,False,True,20
526,596338,3,4,C,M,MOE,False,True,False,True,20
526,596338,4,5,T,M,MOE,False,True,False,True,20
526,596338,5,6,G,d,DNA,True,False,False,False,20
526,596338,6,7,A,d,DNA,True,False,False,False,20
526,596338,7,8,G,d,DNA,True,False,False,False,20
526,596338,8,9,T,d,DNA,True,False,False,False,20
526,596338,9,10,T,d,DNA,True,False,False,False,20
526,596338,10,11,T,d,DNA,True,False,False,False,20
526,596338,11,12,T,d,DNA,True,False,False,False,20
526,596338,12,13,A,d,DNA,True,False,False,False,20
526,596338,13,14,T,d,DNA,True,False,False,False,20
526,596338,14,15,A,d,DNA,True,False,False,False,20
526,596338,15,16,A,M,MOE,False,True,False,True,20
526,596338,16,17,A,M,MOE,False,True,False,True,20
526,596338,17,18,A,M,MOE,False,True,False,True,20
526,596338,18,19,C,M,MOE,False,True,False,True,20
526,596338,19,20,T,M,MOE,False,True,False,True,20
527,596339,0,1,A,M,MOE,False,True,False,True,20
527,596339,1,2,A,M,MOE,False,True,False,True,20
527,596339,2,3,A,M,MOE,False,True,False,True,20
527,596339,3,4,C,M,MOE,False,True,False,True,20
527,596339,4,5,A,M,MOE,False,True,False,True,20
527,596339,5,6,G,d,DNA,True,False,False,False,20
527,596339,6,7,A,d,DNA,True,False,False,False,20
527,596339,7,8,C,d,DNA,True,False,False,False,20
527,596339,8,9,A,d,DNA,True,False,False,False,20
527,596339,9,10,T,d,DNA,True,False,False,False,20
527,596339,10,11,T,d,DNA,True,False,False,False,20
527,596339,11,12,T,d,DNA,True,False,False,False,20
527,596339,12,13,T,d,DNA,True,False,False,False,20
527,596339,13,14,A,d,DNA,True,False,False,False,20
527,596339,14,15,A,d,DNA,True,False,False,False,20
527,596339,15,16,C,M,MOE,False,True,False,True,20
527,596339,16,17,T,M,MOE,False,True,False,True,20
527,596339,17,18,G,M,MOE,False,True,False,True,20
527,596339,18,19,A,M,MOE,False,True,False,True,20
527,596339,19,20,G,M,MOE,False,True,False,True,20
528,596340,0,1,T,M,MOE,False,True,False,True,20
528,596340,1,2,G,M,MOE,False,True,False,True,20
528,596340,2,3,A,M,MOE,False,True,False,True,20
528,596340,3,4,A,M,MOE,False,True,False,True,20
528,596340,4,5,A,M,MOE,False,True,False,True,20
528,596340,5,6,C,d,DNA,True,False,False,False,20
528,596340,6,7,A,d,DNA,True,False,False,False,20
528,596340,7,8,G,d,DNA,True,False,False,False,20
528,596340,8,9,A,d,DNA,True,False,False,False,20
528,596340,9,10,C,d,DNA,True,False,False,False,20
528,596340,10,11,A,d,DNA,True,False,False,False,20
528,596340,11,12,T,d,DNA,True,False,False,False,20
528,596340,12,13,T,d,DNA,True,False,False,False,20
528,596340,13,14,T,d,DNA,True,False,False,False,20
528,596340,14,15,T,d,DNA,True,False,False,False,20
528,596340,15,16,A,M,MOE,False,True,False,True,20
528,596340,16,17,A,M,MOE,False,True,False,True,20
528,596340,17,18,C,M,MOE,False,True,False,True,20
528,596340,18,19,T,M,MOE,False,True,False,True,20
528,596340,19,20,G,M,MOE,False,True,False,True,20
529,596341,0,1,A,M,MOE,False,True,False,True,20
529,596341,1,2,T,M,MOE,False,True,False,True,20
529,596341,2,3,T,M,MOE,False,True,False,True,20
529,596341,3,4,T,M,MOE,False,True,False,True,20
529,596341,4,5,A,M,MOE,False,True,False,True,20
529,596341,5,6,A,d,DNA,True,False,False,False,20
529,596341,6,7,G,d,DNA,True,False,False,False,20
529,596341,7,8,T,d,DNA,True,False,False,False,20
529,596341,8,9,C,d,DNA,True,False,False,False,20
529,596341,9,10,T,d,DNA,True,False,False,False,20
529,596341,10,11,G,d,DNA,True,False,False,False,20
529,596341,11,12,G,d,DNA,True,False,False,False,20
529,596341,12,13,C,d,DNA,True,False,False,False,20
529,596341,13,14,A,d,DNA,True,False,False,False,20
529,596341,14,15,A,d,DNA,True,False,False,False,20
529,596341,15,16,A,M,MOE,False,True,False,True,20
529,596341,16,17,A,M,MOE,False,True,False,True,20
529,596341,17,18,T,M,MOE,False,True,False,True,20
529,596341,18,19,A,M,MOE,False,True,False,True,20
529,596341,19,20,C,M,MOE,False,True,False,True,20
530,596342,0,1,T,M,MOE,False,True,False,True,20
530,596342,1,2,G,M,MOE,False,True,False,True,20
530,596342,2,3,T,M,MOE,False,True,False,True,20
530,596342,3,4,G,M,MOE,False,True,False,True,20
530,596342,4,5,A,M,MOE,False,True,False,True,20
530,596342,5,6,T,d,DNA,True,False,False,False,20
530,596342,6,7,T,d,DNA,True,False,False,False,20
530,596342,7,8,T,d,DNA,True,False,False,False,20
530,596342,8,9,A,d,DNA,True,False,False,False,20
530,596342,9,10,A,d,DNA,True,False,False,False,20
530,596342,10,11,G,d,DNA,True,False,False,False,20
530,596342,11,12,T,d,DNA,True,False,False,False,20
530,596342,12,13,C,d,DNA,True,False,False,False,20
530,596342,13,14,T,d,DNA,True,False,False,False,20
530,596342,14,15,G,d,DNA,True,False,False,False,20
530,596342,15,16,G,M,MOE,False,True,False,True,20
530,596342,16,17,C,M,MOE,False,True,False,True,20
530,596342,17,18,A,M,MOE,False,True,False,True,20
530,596342,18,19,A,M,MOE,False,True,False,True,20
530,596342,19,20,A,M,MOE,False,True,False,True,20
531,596343,0,1,C,M,MOE,False,True,False,True,20
531,596343,1,2,A,M,MOE,False,True,False,True,20
531,596343,2,3,T,M,MOE,False,True,False,True,20
531,596343,3,4,C,M,MOE,False,True,False,True,20
531,596343,4,5,T,M,MOE,False,True,False,True,20
531,596343,5,6,G,d,DNA,True,False,False,False,20
531,596343,6,7,T,d,DNA,True,False,False,False,20
531,596343,7,8,G,d,DNA,True,False,False,False,20
531,596343,8,9,A,d,DNA,True,False,False,False,20
531,596343,9,10,T,d,DNA,True,False,False,False,20
531,596343,10,11,T,d,DNA,True,False,False,False,20
531,596343,11,12,T,d,DNA,True,False,False,False,20
531,596343,12,13,A,d,DNA,True,False,False,False,20
531,596343,13,14,A,d,DNA,True,False,False,False,20
531,596343,14,15,G,d,DNA,True,False,False,False,20
531,596343,15,16,T,M,MOE,False,True,False,True,20
531,596343,16,17,C,M,MOE,False,True,False,True,20
531,596343,17,18,T,M,MOE,False,True,False,True,20
531,596343,18,19,G,M,MOE,False,True,False,True,20
531,596343,19,20,G,M,MOE,False,True,False,True,20
532,596344,0,1,C,M,MOE,False,True,False,True,20
532,596344,1,2,C,M,MOE,False,True,False,True,20
532,596344,2,3,C,M,MOE,False,True,False,True,20
532,596344,3,4,A,M,MOE,False,True,False,True,20
532,596344,4,5,T,M,MOE,False,True,False,True,20
532,596344,5,6,C,d,DNA,True,False,False,False,20
532,596344,6,7,T,d,DNA,True,False,False,False,20
532,596344,7,8,G,d,DNA,True,False,False,False,20
532,596344,8,9,T,d,DNA,True,False,False,False,20
532,596344,9,10,G,d,DNA,True,False,False,False,20
532,596344,10,11,A,d,DNA,True,False,False,False,20
532,596344,11,12,T,d,DNA,True,False,False,False,20
532,596344,12,13,T,d,DNA,True,False,False,False,20
532,596344,13,14,T,d,DNA,True,False,False,False,20
532,596344,14,15,A,d,DNA,True,False,False,False,20
532,596344,15,16,A,M,MOE,False,True,False,True,20
532,596344,16,17,G,M,MOE,False,True,False,True,20
532,596344,17,18,T,M,MOE,False,True,False,True,20
532,596344,18,19,C,M,MOE,False,True,False,True,20
532,596344,19,20,T,M,MOE,False,True,False,True,20
533,596345,0,1,T,M,MOE,False,True,False,True,20
533,596345,1,2,A,M,MOE,False,True,False,True,20
533,596345,2,3,C,M,MOE,False,True,False,True,20
533,596345,3,4,C,M,MOE,False,True,False,True,20
533,596345,4,5,C,M,MOE,False,True,False,True,20
533,596345,5,6,A,d,DNA,True,False,False,False,20
533,596345,6,7,T,d,DNA,True,False,False,False,20
533,596345,7,8,C,d,DNA,True,False,False,False,20
533,596345,8,9,T,d,DNA,True,False,False,False,20
533,596345,9,10,G,d,DNA,True,False,False,False,20
533,596345,10,11,T,d,DNA,True,False,False,False,20
533,596345,11,12,G,d,DNA,True,False,False,False,20
533,596345,12,13,A,d,DNA,True,False,False,False,20
533,596345,13,14,T,d,DNA,True,False,False,False,20
533,596345,14,15,T,d,DNA,True,False,False,False,20
533,596345,15,16,T,M,MOE,False,True,False,True,20
533,596345,16,17,A,M,MOE,False,True,False,True,20
533,596345,17,18,A,M,MOE,False,True,False,True,20
533,596345,18,19,G,M,MOE,False,True,False,True,20
533,596345,19,20,T,M,MOE,False,True,False,True,20
534,596346,0,1,A,M,MOE,False,True,False,True,20
534,596346,1,2,A,M,MOE,False,True,False,True,20
534,596346,2,3,T,M,MOE,False,True,False,True,20
534,596346,3,4,A,M,MOE,False,True,False,True,20
534,596346,4,5,C,M,MOE,False,True,False,True,20
534,596346,5,6,C,d,DNA,True,False,False,False,20
534,596346,6,7,C,d,DNA,True,False,False,False,20
534,596346,7,8,A,d,DNA,True,False,False,False,20
534,596346,8,9,T,d,DNA,True,False,False,False,20
534,596346,9,10,C,d,DNA,True,False,False,False,20
534,596346,10,11,T,d,DNA,True,False,False,False,20
534,596346,11,12,G,d,DNA,True,False,False,False,20
534,596346,12,13,T,d,DNA,True,False,False,False,20
534,596346,13,14,G,d,DNA,True,False,False,False,20
534,596346,14,15,A,d,DNA,True,False,False,False,20
534,596346,15,16,T,M,MOE,False,True,False,True,20
534,596346,16,17,T,M,MOE,False,True,False,True,20
534,596346,17,18,T,M,MOE,False,True,False,True,20
534,596346,18,19,A,M,MOE,False,True,False,True,20
534,596346,19,20,A,M,MOE,False,True,False,True,20
535,596347,0,1,G,M,MOE,False,True,False,True,20
535,596347,1,2,A,M,MOE,False,True,False,True,20
535,596347,2,3,C,M,MOE,False,True,False,True,20
535,596347,3,4,A,M,MOE,False,True,False,True,20
535,596347,4,5,A,M,MOE,False,True,False,True,20
535,596347,5,6,A,d,DNA,True,False,False,False,20
535,596347,6,7,G,d,DNA,True,False,False,False,20
535,596347,7,8,A,d,DNA,True,False,False,False,20
535,596347,8,9,A,d,DNA,True,False,False,False,20
535,596347,9,10,A,d,DNA,True,False,False,False,20
535,596347,10,11,T,d,DNA,True,False,False,False,20
535,596347,11,12,T,d,DNA,True,False,False,False,20
535,596347,12,13,C,d,DNA,True,False,False,False,20
535,596347,13,14,T,d,DNA,True,False,False,False,20
535,596347,14,15,G,d,DNA,True,False,False,False,20
535,596347,15,16,A,M,MOE,False,True,False,True,20
535,596347,16,17,C,M,MOE,False,True,False,True,20
535,596347,17,18,A,M,MOE,False,True,False,True,20
535,596347,18,19,A,M,MOE,False,True,False,True,20
535,596347,19,20,G,M,MOE,False,True,False,True,20
536,596348,0,1,G,M,MOE,False,True,False,True,20
536,596348,1,2,A,M,MOE,False,True,False,True,20
536,596348,2,3,A,M,MOE,False,True,False,True,20
536,596348,3,4,T,M,MOE,False,True,False,True,20
536,596348,4,5,G,M,MOE,False,True,False,True,20
536,596348,5,6,A,d,DNA,True,False,False,False,20
536,596348,6,7,C,d,DNA,True,False,False,False,20
536,596348,7,8,A,d,DNA,True,False,False,False,20
536,596348,8,9,A,d,DNA,True,False,False,False,20
536,596348,9,10,A,d,DNA,True,False,False,False,20
536,596348,10,11,G,d,DNA,True,False,False,False,20
536,596348,11,12,A,d,DNA,True,False,False,False,20
536,596348,12,13,A,d,DNA,True,False,False,False,20
536,596348,13,14,A,d,DNA,True,False,False,False,20
536,596348,14,15,T,d,DNA,True,False,False,False,20
536,596348,15,16,T,M,MOE,False,True,False,True,20
536,596348,16,17,C,M,MOE,False,True,False,True,20
536,596348,17,18,T,M,MOE,False,True,False,True,20
536,596348,18,19,G,M,MOE,False,True,False,True,20
536,596348,19,20,A,M,MOE,False,True,False,True,20
537,596349,0,1,A,M,MOE,False,True,False,True,20
537,596349,1,2,G,M,MOE,False,True,False,True,20
537,596349,2,3,G,M,MOE,False,True,False,True,20
537,596349,3,4,C,M,MOE,False,True,False,True,20
537,596349,4,5,T,M,MOE,False,True,False,True,20
537,596349,5,6,T,d,DNA,True,False,False,False,20
537,596349,6,7,G,d,DNA,True,False,False,False,20
537,596349,7,8,A,d,DNA,True,False,False,False,20
537,596349,8,9,A,d,DNA,True,False,False,False,20
537,596349,9,10,T,d,DNA,True,False,False,False,20
537,596349,10,11,G,d,DNA,True,False,False,False,20
537,596349,11,12,A,d,DNA,True,False,False,False,20
537,596349,12,13,C,d,DNA,True,False,False,False,20
537,596349,13,14,A,d,DNA,True,False,False,False,20
537,596349,14,15,A,d,DNA,True,False,False,False,20
537,596349,15,16,A,M,MOE,False,True,False,True,20
537,596349,16,17,G,M,MOE,False,True,False,True,20
537,596349,17,18,A,M,MOE,False,True,False,True,20
537,596349,18,19,A,M,MOE,False,True,False,True,20
537,596349,19,20,A,M,MOE,False,True,False,True,20
538,596350,0,1,T,M,MOE,False,True,False,True,20
538,596350,1,2,A,M,MOE,False,True,False,True,20
538,596350,2,3,A,M,MOE,False,True,False,True,20
538,596350,3,4,G,M,MOE,False,True,False,True,20
538,596350,4,5,T,M,MOE,False,True,False,True,20
538,596350,5,6,G,d,DNA,True,False,False,False,20
538,596350,6,7,C,d,DNA,True,False,False,False,20
538,596350,7,8,C,d,DNA,True,False,False,False,20
538,596350,8,9,A,d,DNA,True,False,False,False,20
538,596350,9,10,T,d,DNA,True,False,False,False,20
538,596350,10,11,A,d,DNA,True,False,False,False,20
538,596350,11,12,C,d,DNA,True,False,False,False,20
538,596350,12,13,A,d,DNA,True,False,False,False,20
538,596350,13,14,G,d,DNA,True,False,False,False,20
538,596350,14,15,G,d,DNA,True,False,False,False,20
538,596350,15,16,G,M,MOE,False,True,False,True,20
538,596350,16,17,T,M,MOE,False,True,False,True,20
538,596350,17,18,T,M,MOE,False,True,False,True,20
538,596350,18,19,T,M,MOE,False,True,False,True,20
538,596350,19,20,T,M,MOE,False,True,False,True,20
539,596351,0,1,A,M,MOE,False,True,False,True,20
539,596351,1,2,T,M,MOE,False,True,False,True,20
539,596351,2,3,A,M,MOE,False,True,False,True,20
539,596351,3,4,A,M,MOE,False,True,False,True,20
539,596351,4,5,T,M,MOE,False,True,False,True,20
539,596351,5,6,A,d,DNA,True,False,False,False,20
539,596351,6,7,A,d,DNA,True,False,False,False,20
539,596351,7,8,G,d,DNA,True,False,False,False,20
539,596351,8,9,T,d,DNA,True,False,False,False,20
539,596351,9,10,G,d,DNA,True,False,False,False,20
539,596351,10,11,C,d,DNA,True,False,False,False,20
539,596351,11,12,C,d,DNA,True,False,False,False,20
539,596351,12,13,A,d,DNA,True,False,False,False,20
539,596351,13,14,T,d,DNA,True,False,False,False,20
539,596351,14,15,A,d,DNA,True,False,False,False,20
539,596351,15,16,C,M,MOE,False,True,False,True,20
539,596351,16,17,A,M,MOE,False,True,False,True,20
539,596351,17,18,G,M,MOE,False,True,False,True,20
539,596351,18,19,G,M,MOE,False,True,False,True,20
539,596351,19,20,G,M,MOE,False,True,False,True,20
540,596352,0,1,C,M,MOE,False,True,False,True,20
540,596352,1,2,C,M,MOE,False,True,False,True,20
540,596352,2,3,T,M,MOE,False,True,False,True,20
540,596352,3,4,C,M,MOE,False,True,False,True,20
540,596352,4,5,A,M,MOE,False,True,False,True,20
540,596352,5,6,T,d,DNA,True,False,False,False,20
540,596352,6,7,A,d,DNA,True,False,False,False,20
540,596352,7,8,A,d,DNA,True,False,False,False,20
540,596352,8,9,T,d,DNA,True,False,False,False,20
540,596352,9,10,A,d,DNA,True,False,False,False,20
540,596352,10,11,A,d,DNA,True,False,False,False,20
540,596352,11,12,G,d,DNA,True,False,False,False,20
540,596352,12,13,T,d,DNA,True,False,False,False,20
540,596352,13,14,G,d,DNA,True,False,False,False,20
540,596352,14,15,C,d,DNA,True,False,False,False,20
540,596352,15,16,C,M,MOE,False,True,False,True,20
540,596352,16,17,A,M,MOE,False,True,False,True,20
540,596352,17,18,T,M,MOE,False,True,False,True,20
540,596352,18,19,A,M,MOE,False,True,False,True,20
540,596352,19,20,C,M,MOE,False,True,False,True,20
541,596353,0,1,A,M,MOE,False,True,False,True,20
541,596353,1,2,G,M,MOE,False,True,False,True,20
541,596353,2,3,C,M,MOE,False,True,False,True,20
541,596353,3,4,C,M,MOE,False,True,False,True,20
541,596353,4,5,T,M,MOE,False,True,False,True,20
541,596353,5,6,C,d,DNA,True,False,False,False,20
541,596353,6,7,A,d,DNA,True,False,False,False,20
541,596353,7,8,T,d,DNA,True,False,False,False,20
541,596353,8,9,A,d,DNA,True,False,False,False,20
541,596353,9,10,A,d,DNA,True,False,False,False,20
541,596353,10,11,T,d,DNA,True,False,False,False,20
541,596353,11,12,A,d,DNA,True,False,False,False,20
541,596353,12,13,A,d,DNA,True,False,False,False,20
541,596353,13,14,G,d,DNA,True,False,False,False,20
541,596353,14,15,T,d,DNA,True,False,False,False,20
541,596353,15,16,G,M,MOE,False,True,False,True,20
541,596353,16,17,C,M,MOE,False,True,False,True,20
541,596353,17,18,C,M,MOE,False,True,False,True,20
541,596353,18,19,A,M,MOE,False,True,False,True,20
541,596353,19,20,T,M,MOE,False,True,False,True,20
542,596354,0,1,A,M,MOE,False,True,False,True,20
542,596354,1,2,T,M,MOE,False,True,False,True,20
542,596354,2,3,A,M,MOE,False,True,False,True,20
542,596354,3,4,G,M,MOE,False,True,False,True,20
542,596354,4,5,C,M,MOE,False,True,False,True,20
542,596354,5,6,C,d,DNA,True,False,False,False,20
542,596354,6,7,T,d,DNA,True,False,False,False,20
542,596354,7,8,C,d,DNA,True,False,False,False,20
542,596354,8,9,A,d,DNA,True,False,False,False,20
542,596354,9,10,T,d,DNA,True,False,False,False,20
542,596354,10,11,A,d,DNA,True,False,False,False,20
542,596354,11,12,A,d,DNA,True,False,False,False,20
542,596354,12,13,T,d,DNA,True,False,False,False,20
542,596354,13,14,A,d,DNA,True,False,False,False,20
542,596354,14,15,A,d,DNA,True,False,False,False,20
542,596354,15,16,G,M,MOE,False,True,False,True,20
542,596354,16,17,T,M,MOE,False,True,False,True,20
542,596354,17,18,G,M,MOE,False,True,False,True,20
542,596354,18,19,C,M,MOE,False,True,False,True,20
542,596354,19,20,C,M,MOE,False,True,False,True,20
543,596355,0,1,C,M,MOE,False,True,False,True,20
543,596355,1,2,T,M,MOE,False,True,False,True,20
543,596355,2,3,T,M,MOE,False,True,False,True,20
543,596355,3,4,T,M,MOE,False,True,False,True,20
543,596355,4,5,T,M,MOE,False,True,False,True,20
543,596355,5,6,A,d,DNA,True,False,False,False,20
543,596355,6,7,A,d,DNA,True,False,False,False,20
543,596355,7,8,T,d,DNA,True,False,False,False,20
543,596355,8,9,A,d,DNA,True,False,False,False,20
543,596355,9,10,G,d,DNA,True,False,False,False,20
543,596355,10,11,C,d,DNA,True,False,False,False,20
543,596355,11,12,C,d,DNA,True,False,False,False,20
543,596355,12,13,T,d,DNA,True,False,False,False,20
543,596355,13,14,C,d,DNA,True,False,False,False,20
543,596355,14,15,A,d,DNA,True,False,False,False,20
543,596355,15,16,T,M,MOE,False,True,False,True,20
543,596355,16,17,A,M,MOE,False,True,False,True,20
543,596355,17,18,A,M,MOE,False,True,False,True,20
543,596355,18,19,T,M,MOE,False,True,False,True,20
543,596355,19,20,A,M,MOE,False,True,False,True,20
544,596356,0,1,T,M,MOE,False,True,False,True,20
544,596356,1,2,T,M,MOE,False,True,False,True,20
544,596356,2,3,C,M,MOE,False,True,False,True,20
544,596356,3,4,T,M,MOE,False,True,False,True,20
544,596356,4,5,T,M,MOE,False,True,False,True,20
544,596356,5,6,T,d,DNA,True,False,False,False,20
544,596356,6,7,T,d,DNA,True,False,False,False,20
544,596356,7,8,A,d,DNA,True,False,False,False,20
544,596356,8,9,A,d,DNA,True,False,False,False,20
544,596356,9,10,T,d,DNA,True,False,False,False,20
544,596356,10,11,A,d,DNA,True,False,False,False,20
544,596356,11,12,G,d,DNA,True,False,False,False,20
544,596356,12,13,C,d,DNA,True,False,False,False,20
544,596356,13,14,C,d,DNA,True,False,False,False,20
544,596356,14,15,T,d,DNA,True,False,False,False,20
544,596356,15,16,C,M,MOE,False,True,False,True,20
544,596356,16,17,A,M,MOE,False,True,False,True,20
544,596356,17,18,T,M,MOE,False,True,False,True,20
544,596356,18,19,A,M,MOE,False,True,False,True,20
544,596356,19,20,A,M,MOE,False,True,False,True,20
545,596357,0,1,G,M,MOE,False,True,False,True,20
545,596357,1,2,A,M,MOE,False,True,False,True,20
545,596357,2,3,T,M,MOE,False,True,False,True,20
545,596357,3,4,T,M,MOE,False,True,False,True,20
545,596357,4,5,C,M,MOE,False,True,False,True,20
545,596357,5,6,T,d,DNA,True,False,False,False,20
545,596357,6,7,T,d,DNA,True,False,False,False,20
545,596357,7,8,T,d,DNA,True,False,False,False,20
545,596357,8,9,T,d,DNA,True,False,False,False,20
545,596357,9,10,A,d,DNA,True,False,False,False,20
545,596357,10,11,A,d,DNA,True,False,False,False,20
545,596357,11,12,T,d,DNA,True,False,False,False,20
545,596357,12,13,A,d,DNA,True,False,False,False,20
545,596357,13,14,G,d,DNA,True,False,False,False,20
545,596357,14,15,C,d,DNA,True,False,False,False,20
545,596357,15,16,C,M,MOE,False,True,False,True,20
545,596357,16,17,T,M,MOE,False,True,False,True,20
545,596357,17,18,C,M,MOE,False,True,False,True,20
545,596357,18,19,A,M,MOE,False,True,False,True,20
545,596357,19,20,T,M,MOE,False,True,False,True,20
546,596358,0,1,T,M,MOE,False,True,False,True,20
546,596358,1,2,G,M,MOE,False,True,False,True,20
546,596358,2,3,G,M,MOE,False,True,False,True,20
546,596358,3,4,A,M,MOE,False,True,False,True,20
546,596358,4,5,T,M,MOE,False,True,False,True,20
546,596358,5,6,T,d,DNA,True,False,False,False,20
546,596358,6,7,C,d,DNA,True,False,False,False,20
546,596358,7,8,T,d,DNA,True,False,False,False,20
546,596358,8,9,T,d,DNA,True,False,False,False,20
546,596358,9,10,T,d,DNA,True,False,False,False,20
546,596358,10,11,T,d,DNA,True,False,False,False,20
546,596358,11,12,A,d,DNA,True,False,False,False,20
546,596358,12,13,A,d,DNA,True,False,False,False,20
546,596358,13,14,T,d,DNA,True,False,False,False,20
546,596358,14,15,A,d,DNA,True,False,False,False,20
546,596358,15,16,G,M,MOE,False,True,False,True,20
546,596358,16,17,C,M,MOE,False,True,False,True,20
546,596358,17,18,C,M,MOE,False,True,False,True,20
546,596358,18,19,T,M,MOE,False,True,False,True,20
546,596358,19,20,C,M,MOE,False,True,False,True,20
547,596359,0,1,T,M,MOE,False,True,False,True,20
547,596359,1,2,T,M,MOE,False,True,False,True,20
547,596359,2,3,T,M,MOE,False,True,False,True,20
547,596359,3,4,G,M,MOE,False,True,False,True,20
547,596359,4,5,G,M,MOE,False,True,False,True,20
547,596359,5,6,A,d,DNA,True,False,False,False,20
547,596359,6,7,T,d,DNA,True,False,False,False,20
547,596359,7,8,T,d,DNA,True,False,False,False,20
547,596359,8,9,C,d,DNA,True,False,False,False,20
547,596359,9,10,T,d,DNA,True,False,False,False,20
547,596359,10,11,T,d,DNA,True,False,False,False,20
547,596359,11,12,T,d,DNA,True,False,False,False,20
547,596359,12,13,T,d,DNA,True,False,False,False,20
547,596359,13,14,A,d,DNA,True,False,False,False,20
547,596359,14,15,A,d,DNA,True,False,False,False,20
547,596359,15,16,T,M,MOE,False,True,False,True,20
547,596359,16,17,A,M,MOE,False,True,False,True,20
547,596359,17,18,G,M,MOE,False,True,False,True,20
547,596359,18,19,C,M,MOE,False,True,False,True,20
547,596359,19,20,C,M,MOE,False,True,False,True,20
548,596360,0,1,A,M,MOE,False,True,False,True,20
548,596360,1,2,A,M,MOE,False,True,False,True,20
548,596360,2,3,T,M,MOE,False,True,False,True,20
548,596360,3,4,T,M,MOE,False,True,False,True,20
548,596360,4,5,T,M,MOE,False,True,False,True,20
548,596360,5,6,G,d,DNA,True,False,False,False,20
548,596360,6,7,G,d,DNA,True,False,False,False,20
548,596360,7,8,A,d,DNA,True,False,False,False,20
548,596360,8,9,T,d,DNA,True,False,False,False,20
548,596360,9,10,T,d,DNA,True,False,False,False,20
548,596360,10,11,C,d,DNA,True,False,False,False,20
548,596360,11,12,T,d,DNA,True,False,False,False,20
548,596360,12,13,T,d,DNA,True,False,False,False,20
548,596360,13,14,T,d,DNA,True,False,False,False,20
548,596360,14,15,T,d,DNA,True,False,False,False,20
548,596360,15,16,A,M,MOE,False,True,False,True,20
548,596360,16,17,A,M,MOE,False,True,False,True,20
548,596360,17,18,T,M,MOE,False,True,False,True,20
548,596360,18,19,A,M,MOE,False,True,False,True,20
548,596360,19,20,G,M,MOE,False,True,False,True,20
549,596361,0,1,T,M,MOE,False,True,False,True,20
549,596361,1,2,G,M,MOE,False,True,False,True,20
549,596361,2,3,A,M,MOE,False,True,False,True,20
549,596361,3,4,A,M,MOE,False,True,False,True,20
549,596361,4,5,T,M,MOE,False,True,False,True,20
549,596361,5,6,T,d,DNA,True,False,False,False,20
549,596361,6,7,T,d,DNA,True,False,False,False,20
549,596361,7,8,G,d,DNA,True,False,False,False,20
549,596361,8,9,G,d,DNA,True,False,False,False,20
549,596361,9,10,A,d,DNA,True,False,False,False,20
549,596361,10,11,T,d,DNA,True,False,False,False,20
549,596361,11,12,T,d,DNA,True,False,False,False,20
549,596361,12,13,C,d,DNA,True,False,False,False,20
549,596361,13,14,T,d,DNA,True,False,False,False,20
549,596361,14,15,T,d,DNA,True,False,False,False,20
549,596361,15,16,T,M,MOE,False,True,False,True,20
549,596361,16,17,T,M,MOE,False,True,False,True,20
549,596361,17,18,A,M,MOE,False,True,False,True,20
549,596361,18,19,A,M,MOE,False,True,False,True,20
549,596361,19,20,T,M,MOE,False,True,False,True,20
550,596362,0,1,T,M,MOE,False,True,False,True,20
550,596362,1,2,T,M,MOE,False,True,False,True,20
550,596362,2,3,A,M,MOE,False,True,False,True,20
550,596362,3,4,G,M,MOE,False,True,False,True,20
550,596362,4,5,T,M,MOE,False,True,False,True,20
550,596362,5,6,T,d,DNA,True,False,False,False,20
550,596362,6,7,T,d,DNA,True,False,False,False,20
550,596362,7,8,G,d,DNA,True,False,False,False,20
550,596362,8,9,A,d,DNA,True,False,False,False,20
550,596362,9,10,A,d,DNA,True,False,False,False,20
550,596362,10,11,T,d,DNA,True,False,False,False,20
550,596362,11,12,T,d,DNA,True,False,False,False,20
550,596362,12,13,T,d,DNA,True,False,False,False,20
550,596362,13,14,G,d,DNA,True,False,False,False,20
550,596362,14,15,G,d,DNA,True,False,False,False,20
550,596362,15,16,A,M,MOE,False,True,False,True,20
550,596362,16,17,T,M,MOE,False,True,False,True,20
550,596362,17,18,T,M,MOE,False,True,False,True,20
550,596362,18,19,C,M,MOE,False,True,False,True,20
550,596362,19,20,T,M,MOE,False,True,False,True,20
551,596363,0,1,T,M,MOE,False,True,False,True,20
551,596363,1,2,T,M,MOE,False,True,False,True,20
551,596363,2,3,T,M,MOE,False,True,False,True,20
551,596363,3,4,T,M,MOE,False,True,False,True,20
551,596363,4,5,A,M,MOE,False,True,False,True,20
551,596363,5,6,G,d,DNA,True,False,False,False,20
551,596363,6,7,T,d,DNA,True,False,False,False,20
551,596363,7,8,T,d,DNA,True,False,False,False,20
551,596363,8,9,T,d,DNA,True,False,False,False,20
551,596363,9,10,G,d,DNA,True,False,False,False,20
551,596363,10,11,A,d,DNA,True,False,False,False,20
551,596363,11,12,A,d,DNA,True,False,False,False,20
551,596363,12,13,T,d,DNA,True,False,False,False,20
551,596363,13,14,T,d,DNA,True,False,False,False,20
551,596363,14,15,T,d,DNA,True,False,False,False,20
551,596363,15,16,G,M,MOE,False,True,False,True,20
551,596363,16,17,G,M,MOE,False,True,False,True,20
551,596363,17,18,A,M,MOE,False,True,False,True,20
551,596363,18,19,T,M,MOE,False,True,False,True,20
551,596363,19,20,T,M,MOE,False,True,False,True,20
552,596364,0,1,T,M,MOE,False,True,False,True,20
552,596364,1,2,T,M,MOE,False,True,False,True,20
552,596364,2,3,T,M,MOE,False,True,False,True,20
552,596364,3,4,T,M,MOE,False,True,False,True,20
552,596364,4,5,T,M,MOE,False,True,False,True,20
552,596364,5,6,T,d,DNA,True,False,False,False,20
552,596364,6,7,A,d,DNA,True,False,False,False,20
552,596364,7,8,G,d,DNA,True,False,False,False,20
552,596364,8,9,T,d,DNA,True,False,False,False,20
552,596364,9,10,T,d,DNA,True,False,False,False,20
552,596364,10,11,T,d,DNA,True,False,False,False,20
552,596364,11,12,G,d,DNA,True,False,False,False,20
552,596364,12,13,A,d,DNA,True,False,False,False,20
552,596364,13,14,A,d,DNA,True,False,False,False,20
552,596364,14,15,T,d,DNA,True,False,False,False,20
552,596364,15,16,T,M,MOE,False,True,False,True,20
552,596364,16,17,T,M,MOE,False,True,False,True,20
552,596364,17,18,G,M,MOE,False,True,False,True,20
552,596364,18,19,G,M,MOE,False,True,False,True,20
552,596364,19,20,A,M,MOE,False,True,False,True,20
553,596530,0,1,C,M,MOE,False,True,False,True,17
553,596530,1,2,C,M,MOE,False,True,False,True,17
553,596530,2,3,C,C,cEt,False,False,True,True,17
553,596530,3,4,T,C,cEt,False,False,True,True,17
553,596530,4,5,T,d,DNA,True,False,False,False,17
553,596530,5,6,C,d,DNA,True,False,False,False,17
553,596530,6,7,A,d,DNA,True,False,False,False,17
553,596530,7,8,G,d,DNA,True,False,False,False,17
553,596530,8,9,C,d,DNA,True,False,False,False,17
553,596530,9,10,A,d,DNA,True,False,False,False,17
553,596530,10,11,C,d,DNA,True,False,False,False,17
553,596530,11,12,G,d,DNA,True,False,False,False,17
553,596530,12,13,C,C,cEt,False,False,True,True,17
553,596530,13,14,A,C,cEt,False,False,True,True,17
553,596530,14,15,C,M,MOE,False,True,False,True,17
553,596530,15,16,A,M,MOE,False,True,False,True,17
553,596530,16,17,C,M,MOE,False,True,False,True,17
554,596531,0,1,G,M,MOE,False,True,False,True,17
554,596531,1,2,C,M,MOE,False,True,False,True,17
554,596531,2,3,C,C,cEt,False,False,True,True,17
554,596531,3,4,C,C,cEt,False,False,True,True,17
554,596531,4,5,T,d,DNA,True,False,False,False,17
554,596531,5,6,T,d,DNA,True,False,False,False,17
554,596531,6,7,C,d,DNA,True,False,False,False,17
554,596531,7,8,A,d,DNA,True,False,False,False,17
554,596531,8,9,G,d,DNA,True,False,False,False,17
554,596531,9,10,C,d,DNA,True,False,False,False,17
554,596531,10,11,A,d,DNA,True,False,False,False,17
554,596531,11,12,C,d,DNA,True,False,False,False,17
554,596531,12,13,G,C,cEt,False,False,True,True,17
554,596531,13,14,C,C,cEt,False,False,True,True,17
554,596531,14,15,A,M,MOE,False,True,False,True,17
554,596531,15,16,C,M,MOE,False,True,False,True,17
554,596531,16,17,A,M,MOE,False,True,False,True,17
555,596532,0,1,C,M,MOE,False,True,False,True,17
555,596532,1,2,G,M,MOE,False,True,False,True,17
555,596532,2,3,C,C,cEt,False,False,True,True,17
555,596532,3,4,C,C,cEt,False,False,True,True,17
555,596532,4,5,C,d,DNA,True,False,False,False,17
555,596532,5,6,T,d,DNA,True,False,False,False,17
555,596532,6,7,T,d,DNA,True,False,False,False,17
555,596532,7,8,C,d,DNA,True,False,False,False,17
555,596532,8,9,A,d,DNA,True,False,False,False,17
555,596532,9,10,G,d,DNA,True,False,False,False,17
555,596532,10,11,C,d,DNA,True,False,False,False,17
555,596532,11,12,A,d,DNA,True,False,False,False,17
555,596532,12,13,C,C,cEt,False,False,True,True,17
555,596532,13,14,G,C,cEt,False,False,True,True,17
555,596532,14,15,C,M,MOE,False,True,False,True,17
555,596532,15,16,A,M,MOE,False,True,False,True,17
555,596532,16,17,C,M,MOE,False,True,False,True,17
556,596533,0,1,G,M,MOE,False,True,False,True,17
556,596533,1,2,T,M,MOE,False,True,False,True,17
556,596533,2,3,C,C,cEt,False,False,True,True,17
556,596533,3,4,G,C,cEt,False,False,True,True,17
556,596533,4,5,C,d,DNA,True,False,False,False,17
556,596533,5,6,C,d,DNA,True,False,False,False,17
556,596533,6,7,C,d,DNA,True,False,False,False,17
556,596533,7,8,T,d,DNA,True,False,False,False,17
556,596533,8,9,T,d,DNA,True,False,False,False,17
556,596533,9,10,C,d,DNA,True,False,False,False,17
556,596533,10,11,A,d,DNA,True,False,False,False,17
556,596533,11,12,G,d,DNA,True,False,False,False,17
556,596533,12,13,C,C,cEt,False,False,True,True,17
556,596533,13,14,A,C,cEt,False,False,True,True,17
556,596533,14,15,C,M,MOE,False,True,False,True,17
556,596533,15,16,G,M,MOE,False,True,False,True,17
556,596533,16,17,C,M,MOE,False,True,False,True,17
557,596534,0,1,C,M,MOE,False,True,False,True,17
557,596534,1,2,G,M,MOE,False,True,False,True,17
557,596534,2,3,T,C,cEt,False,False,True,True,17
557,596534,3,4,C,C,cEt,False,False,True,True,17
557,596534,4,5,G,d,DNA,True,False,False,False,17
557,596534,5,6,C,d,DNA,True,False,False,False,17
557,596534,6,7,C,d,DNA,True,False,False,False,17
557,596534,7,8,C,d,DNA,True,False,False,False,17
557,596534,8,9,T,d,DNA,True,False,False,False,17
557,596534,9,10,T,d,DNA,True,False,False,False,17
557,596534,10,11,C,d,DNA,True,False,False,False,17
557,596534,11,12,A,d,DNA,True,False,False,False,17
557,596534,12,13,G,C,cEt,False,False,True,True,17
557,596534,13,14,C,C,cEt,False,False,True,True,17
557,596534,14,15,A,M,MOE,False,True,False,True,17
557,596534,15,16,C,M,MOE,False,True,False,True,17
557,596534,16,17,G,M,MOE,False,True,False,True,17
558,596535,0,1,C,M,MOE,False,True,False,True,17
558,596535,1,2,C,M,MOE,False,True,False,True,17
558,596535,2,3,G,C,cEt,False,False,True,True,17
558,596535,3,4,T,C,cEt,False,False,True,True,17
558,596535,4,5,C,d,DNA,True,False,False,False,17
558,596535,5,6,G,d,DNA,True,False,False,False,17
558,596535,6,7,C,d,DNA,True,False,False,False,17
558,596535,7,8,C,d,DNA,True,False,False,False,17
558,596535,8,9,C,d,DNA,True,False,False,False,17
558,596535,9,10,T,d,DNA,True,False,False,False,17
558,596535,10,11,T,d,DNA,True,False,False,False,17
558,596535,11,12,C,d,DNA,True,False,False,False,17
558,596535,12,13,A,C,cEt,False,False,True,True,17
558,596535,13,14,G,C,cEt,False,False,True,True,17
558,596535,14,15,C,M,MOE,False,True,False,True,17
558,596535,15,16,A,M,MOE,False,True,False,True,17
558,596535,16,17,C,M,MOE,False,True,False,True,17
559,596536,0,1,G,M,MOE,False,True,False,True,17
559,596536,1,2,C,M,MOE,False,True,False,True,17
559,596536,2,3,C,C,cEt,False,False,True,True,17
559,596536,3,4,G,C,cEt,False,False,True,True,17
559,596536,4,5,T,d,DNA,True,False,False,False,17
559,596536,5,6,C,d,DNA,True,False,False,False,17
559,596536,6,7,G,d,DNA,True,False,False,False,17
559,596536,7,8,C,d,DNA,True,False,False,False,17
559,596536,8,9,C,d,DNA,True,False,False,False,17
559,596536,9,10,C,d,DNA,True,False,False,False,17
559,596536,10,11,T,d,DNA,True,False,False,False,17
559,596536,11,12,T,d,DNA,True,False,False,False,17
559,596536,12,13,C,C,cEt,False,False,True,True,17
559,596536,13,14,A,C,cEt,False,False,True,True,17
559,596536,14,15,G,M,MOE,False,True,False,True,17
559,596536,15,16,C,M,MOE,False,True,False,True,17
559,596536,16,17,A,M,MOE,False,True,False,True,17
560,596537,0,1,C,M,MOE,False,True,False,True,17
560,596537,1,2,A,M,MOE,False,True,False,True,17
560,596537,2,3,C,C,cEt,False,False,True,True,17
560,596537,3,4,C,C,cEt,False,False,True,True,17
560,596537,4,5,A,d,DNA,True,False,False,False,17
560,596537,5,6,C,d,DNA,True,False,False,False,17
560,596537,6,7,A,d,DNA,True,False,False,False,17
560,596537,7,8,A,d,DNA,True,False,False,False,17
560,596537,8,9,G,d,DNA,True,False,False,False,17
560,596537,9,10,C,d,DNA,True,False,False,False,17
560,596537,10,11,C,d,DNA,True,False,False,False,17
560,596537,11,12,A,d,DNA,True,False,False,False,17
560,596537,12,13,A,C,cEt,False,False,True,True,17
560,596537,13,14,A,C,cEt,False,False,True,True,17
560,596537,14,15,C,M,MOE,False,True,False,True,17
560,596537,15,16,G,M,MOE,False,True,False,True,17
560,596537,16,17,A,M,MOE,False,True,False,True,17
561,596538,0,1,A,M,MOE,False,True,False,True,17
561,596538,1,2,C,M,MOE,False,True,False,True,17
561,596538,2,3,A,C,cEt,False,False,True,True,17
561,596538,3,4,C,C,cEt,False,False,True,True,17
561,596538,4,5,C,d,DNA,True,False,False,False,17
561,596538,5,6,A,d,DNA,True,False,False,False,17
561,596538,6,7,C,d,DNA,True,False,False,False,17
561,596538,7,8,A,d,DNA,True,False,False,False,17
561,596538,8,9,A,d,DNA,True,False,False,False,17
561,596538,9,10,G,d,DNA,True,False,False,False,17
561,596538,10,11,C,d,DNA,True,False,False,False,17
561,596538,11,12,C,d,DNA,True,False,False,False,17
561,596538,12,13,A,C,cEt,False,False,True,True,17
561,596538,13,14,A,C,cEt,False,False,True,True,17
561,596538,14,15,A,M,MOE,False,True,False,True,17
561,596538,15,16,C,M,MOE,False,True,False,True,17
561,596538,16,17,G,M,MOE,False,True,False,True,17
562,596539,0,1,T,M,MOE,False,True,False,True,17
562,596539,1,2,A,M,MOE,False,True,False,True,17
562,596539,2,3,C,C,cEt,False,False,True,True,17
562,596539,3,4,A,C,cEt,False,False,True,True,17
562,596539,4,5,C,d,DNA,True,False,False,False,17
562,596539,5,6,C,d,DNA,True,False,False,False,17
562,596539,6,7,A,d,DNA,True,False,False,False,17
562,596539,7,8,C,d,DNA,True,False,False,False,17
562,596539,8,9,A,d,DNA,True,False,False,False,17
562,596539,9,10,A,d,DNA,True,False,False,False,17
562,596539,10,11,G,d,DNA,True,False,False,False,17
562,596539,11,12,C,d,DNA,True,False,False,False,17
562,596539,12,13,C,C,cEt,False,False,True,True,17
562,596539,13,14,A,C,cEt,False,False,True,True,17
562,596539,14,15,A,M,MOE,False,True,False,True,17
562,596539,15,16,A,M,MOE,False,True,False,True,17
562,596539,16,17,C,M,MOE,False,True,False,True,17
563,596540,0,1,T,M,MOE,False,True,False,True,17
563,596540,1,2,T,M,MOE,False,True,False,True,17
563,596540,2,3,A,C,cEt,False,False,True,True,17
563,596540,3,4,C,C,cEt,False,False,True,True,17
563,596540,4,5,A,d,DNA,True,False,False,False,17
563,596540,5,6,C,d,DNA,True,False,False,False,17
563,596540,6,7,C,d,DNA,True,False,False,False,17
563,596540,7,8,A,d,DNA,True,False,False,False,17
563,596540,8,9,C,d,DNA,True,False,False,False,17
563,596540,9,10,A,d,DNA,True,False,False,False,17
563,596540,10,11,A,d,DNA,True,False,False,False,17
563,596540,11,12,G,d,DNA,True,False,False,False,17
563,596540,12,13,C,C,cEt,False,False,True,True,17
563,596540,13,14,C,C,cEt,False,False,True,True,17
563,596540,14,15,A,M,MOE,False,True,False,True,17
563,596540,15,16,A,M,MOE,False,True,False,True,17
563,596540,16,17,A,M,MOE,False,True,False,True,17
564,596541,0,1,A,M,MOE,False,True,False,True,17
564,596541,1,2,T,M,MOE,False,True,False,True,17
564,596541,2,3,T,C,cEt,False,False,True,True,17
564,596541,3,4,A,C,cEt,False,False,True,True,17
564,596541,4,5,C,d,DNA,True,False,False,False,17
564,596541,5,6,A,d,DNA,True,False,False,False,17
564,596541,6,7,C,d,DNA,True,False,False,False,17
564,596541,7,8,C,d,DNA,True,False,False,False,17
564,596541,8,9,A,d,DNA,True,False,False,False,17
564,596541,9,10,C,d,DNA,True,False,False,False,17
564,596541,10,11,A,d,DNA,True,False,False,False,17
564,596541,11,12,A,d,DNA,True,False,False,False,17
564,596541,12,13,G,C,cEt,False,False,True,True,17
564,596541,13,14,C,C,cEt,False,False,True,True,17
564,596541,14,15,C,M,MOE,False,True,False,True,17
564,596541,15,16,A,M,MOE,False,True,False,True,17
564,596541,16,17,A,M,MOE,False,True,False,True,17
565,596542,0,1,A,M,MOE,False,True,False,True,17
565,596542,1,2,A,M,MOE,False,True,False,True,17
565,596542,2,3,T,C,cEt,False,False,True,True,17
565,596542,3,4,T,C,cEt,False,False,True,True,17
565,596542,4,5,A,d,DNA,True,False,False,False,17
565,596542,5,6,C,d,DNA,True,False,False,False,17
565,596542,6,7,A,d,DNA,True,False,False,False,17
565,596542,7,8,C,d,DNA,True,False,False,False,17
565,596542,8,9,C,d,DNA,True,False,False,False,17
565,596542,9,10,A,d,DNA,True,False,False,False,17
565,596542,10,11,C,d,DNA,True,False,False,False,17
565,596542,11,12,A,d,DNA,True,False,False,False,17
565,596542,12,13,A,C,cEt,False,False,True,True,17
565,596542,13,14,G,C,cEt,False,False,True,True,17
565,596542,14,15,C,M,MOE,False,True,False,True,17
565,596542,15,16,C,M,MOE,False,True,False,True,17
565,596542,16,17,A,M,MOE,False,True,False,True,17
566,596543,0,1,C,M,MOE,False,True,False,True,17
566,596543,1,2,A,M,MOE,False,True,False,True,17
566,596543,2,3,A,C,cEt,False,False,True,True,17
566,596543,3,4,T,C,cEt,False,False,True,True,17
566,596543,4,5,T,d,DNA,True,False,False,False,17
566,596543,5,6,A,d,DNA,True,False,False,False,17
566,596543,6,7,C,d,DNA,True,False,False,False,17
566,596543,7,8,A,d,DNA,True,False,False,False,17
566,596543,8,9,C,d,DNA,True,False,False,False,17
566,596543,9,10,C,d,DNA,True,False,False,False,17
566,596543,10,11,A,d,DNA,True,False,False,False,17
566,596543,11,12,C,d,DNA,True,False,False,False,17
566,596543,12,13,A,C,cEt,False,False,True,True,17
566,596543,13,14,A,C,cEt,False,False,True,True,17
566,596543,14,15,G,M,MOE,False,True,False,True,17
566,596543,15,16,C,M,MOE,False,True,False,True,17
566,596543,16,17,C,M,MOE,False,True,False,True,17
567,596544,0,1,C,M,MOE,False,True,False,True,17
567,596544,1,2,C,M,MOE,False,True,False,True,17
567,596544,2,3,A,C,cEt,False,False,True,True,17
567,596544,3,4,A,C,cEt,False,False,True,True,17
567,596544,4,5,T,d,DNA,True,False,False,False,17
567,596544,5,6,T,d,DNA,True,False,False,False,17
567,596544,6,7,A,d,DNA,True,False,False,False,17
567,596544,7,8,C,d,DNA,True,False,False,False,17
567,596544,8,9,A,d,DNA,True,False,False,False,17
567,596544,9,10,C,d,DNA,True,False,False,False,17
567,596544,10,11,C,d,DNA,True,False,False,False,17
567,596544,11,12,A,d,DNA,True,False,False,False,17
567,596544,12,13,C,C,cEt,False,False,True,True,17
567,596544,13,14,A,C,cEt,False,False,True,True,17
567,596544,14,15,A,M,MOE,False,True,False,True,17
567,596544,15,16,G,M,MOE,False,True,False,True,17
567,596544,16,17,C,M,MOE,False,True,False,True,17
568,596545,0,1,C,M,MOE,False,True,False,True,17
568,596545,1,2,C,M,MOE,False,True,False,True,17
568,596545,2,3,C,C,cEt,False,False,True,True,17
568,596545,3,4,A,C,cEt,False,False,True,True,17
568,596545,4,5,A,d,DNA,True,False,False,False,17
568,596545,5,6,T,d,DNA,True,False,False,False,17
568,596545,6,7,T,d,DNA,True,False,False,False,17
568,596545,7,8,A,d,DNA,True,False,False,False,17
568,596545,8,9,C,d,DNA,True,False,False,False,17
568,596545,9,10,A,d,DNA,True,False,False,False,17
568,596545,10,11,C,d,DNA,True,False,False,False,17
568,596545,11,12,C,d,DNA,True,False,False,False,17
568,596545,12,13,A,C,cEt,False,False,True,True,17
568,596545,13,14,C,C,cEt,False,False,True,True,17
568,596545,14,15,A,M,MOE,False,True,False,True,17
568,596545,15,16,A,M,MOE,False,True,False,True,17
568,596545,16,17,G,M,MOE,False,True,False,True,17
569,596546,0,1,G,M,MOE,False,True,False,True,17
569,596546,1,2,A,M,MOE,False,True,False,True,17
569,596546,2,3,T,C,cEt,False,False,True,True,17
569,596546,3,4,C,C,cEt,False,False,True,True,17
569,596546,4,5,C,d,DNA,True,False,False,False,17
569,596546,5,6,C,d,DNA,True,False,False,False,17
569,596546,6,7,A,d,DNA,True,False,False,False,17
569,596546,7,8,A,d,DNA,True,False,False,False,17
569,596546,8,9,T,d,DNA,True,False,False,False,17
569,596546,9,10,T,d,DNA,True,False,False,False,17
569,596546,10,11,A,d,DNA,True,False,False,False,17
569,596546,11,12,C,d,DNA,True,False,False,False,17
569,596546,12,13,A,C,cEt,False,False,True,True,17
569,596546,13,14,C,C,cEt,False,False,True,True,17
569,596546,14,15,C,M,MOE,False,True,False,True,17
569,596546,15,16,A,M,MOE,False,True,False,True,17
569,596546,16,17,C,M,MOE,False,True,False,True,17
570,596547,0,1,C,M,MOE,False,True,False,True,17
570,596547,1,2,G,M,MOE,False,True,False,True,17
570,596547,2,3,A,C,cEt,False,False,True,True,17
570,596547,3,4,T,C,cEt,False,False,True,True,17
570,596547,4,5,C,d,DNA,True,False,False,False,17
570,596547,5,6,C,d,DNA,True,False,False,False,17
570,596547,6,7,C,d,DNA,True,False,False,False,17
570,596547,7,8,A,d,DNA,True,False,False,False,17
570,596547,8,9,A,d,DNA,True,False,False,False,17
570,596547,9,10,T,d,DNA,True,False,False,False,17
570,596547,10,11,T,d,DNA,True,False,False,False,17
570,596547,11,12,A,d,DNA,True,False,False,False,17
570,596547,12,13,C,C,cEt,False,False,True,True,17
570,596547,13,14,A,C,cEt,False,False,True,True,17
570,596547,14,15,C,M,MOE,False,True,False,True,17
570,596547,15,16,C,M,MOE,False,True,False,True,17
570,596547,16,17,A,M,MOE,False,True,False,True,17
571,596548,0,1,G,M,MOE,False,True,False,True,17
571,596548,1,2,C,M,MOE,False,True,False,True,17
571,596548,2,3,G,C,cEt,False,False,True,True,17
571,596548,3,4,A,C,cEt,False,False,True,True,17
571,596548,4,5,T,d,DNA,True,False,False,False,17
571,596548,5,6,C,d,DNA,True,False,False,False,17
571,596548,6,7,C,d,DNA,True,False,False,False,17
571,596548,7,8,C,d,DNA,True,False,False,False,17
571,596548,8,9,A,d,DNA,True,False,False,False,17
571,596548,9,10,A,d,DNA,True,False,False,False,17
571,596548,10,11,T,d,DNA,True,False,False,False,17
571,596548,11,12,T,d,DNA,True,False,False,False,17
571,596548,12,13,A,C,cEt,False,False,True,True,17
571,596548,13,14,C,C,cEt,False,False,True,True,17
571,596548,14,15,A,M,MOE,False,True,False,True,17
571,596548,15,16,C,M,MOE,False,True,False,True,17
571,596548,16,17,C,M,MOE,False,True,False,True,17
572,596549,0,1,G,M,MOE,False,True,False,True,17
572,596549,1,2,G,M,MOE,False,True,False,True,17
572,596549,2,3,C,C,cEt,False,False,True,True,17
572,596549,3,4,G,C,cEt,False,False,True,True,17
572,596549,4,5,A,d,DNA,True,False,False,False,17
572,596549,5,6,T,d,DNA,True,False,False,False,17
572,596549,6,7,C,d,DNA,True,False,False,False,17
572,596549,7,8,C,d,DNA,True,False,False,False,17
572,596549,8,9,C,d,DNA,True,False,False,False,17
572,596549,9,10,A,d,DNA,True,False,False,False,17
572,596549,10,11,A,d,DNA,True,False,False,False,17
572,596549,11,12,T,d,DNA,True,False,False,False,17
572,596549,12,13,T,C,cEt,False,False,True,True,17
572,596549,13,14,A,C,cEt,False,False,True,True,17
572,596549,14,15,C,M,MOE,False,True,False,True,17
572,596549,15,16,A,M,MOE,False,True,False,True,17
572,596549,16,17,C,M,MOE,False,True,False,True,17
573,596550,0,1,G,M,MOE,False,True,False,True,17
573,596550,1,2,G,M,MOE,False,True,False,True,17
573,596550,2,3,G,C,cEt,False,False,True,True,17
573,596550,3,4,C,C,cEt,False,False,True,True,17
573,596550,4,5,G,d,DNA,True,False,False,False,17
573,596550,5,6,A,d,DNA,True,False,False,False,17
573,596550,6,7,T,d,DNA,True,False,False,False,17
573,596550,7,8,C,d,DNA,True,False,False,False,17
573,596550,8,9,C,d,DNA,True,False,False,False,17
573,596550,9,10,C,d,DNA,True,False,False,False,17
573,596550,10,11,A,d,DNA,True,False,False,False,17
573,596550,11,12,A,d,DNA,True,False,False,False,17
573,596550,12,13,T,C,cEt,False,False,True,True,17
573,596550,13,14,T,C,cEt,False,False,True,True,17
573,596550,14,15,A,M,MOE,False,True,False,True,17
573,596550,15,16,C,M,MOE,False,True,False,True,17
573,596550,16,17,A,M,MOE,False,True,False,True,17
574,596551,0,1,T,M,MOE,False,True,False,True,17
574,596551,1,2,G,M,MOE,False,True,False,True,17
574,596551,2,3,G,C,cEt,False,False,True,True,17
574,596551,3,4,G,C,cEt,False,False,True,True,17
574,596551,4,5,C,d,DNA,True,False,False,False,17
574,596551,5,6,G,d,DNA,True,False,False,False,17
574,596551,6,7,A,d,DNA,True,False,False,False,17
574,596551,7,8,T,d,DNA,True,False,False,False,17
574,596551,8,9,C,d,DNA,True,False,False,False,17
574,596551,9,10,C,d,DNA,True,False,False,False,17
574,596551,10,11,C,d,DNA,True,False,False,False,17
574,596551,11,12,A,d,DNA,True,False,False,False,17
574,596551,12,13,A,C,cEt,False,False,True,True,17
574,596551,13,14,T,C,cEt,False,False,True,True,17
574,596551,14,15,T,M,MOE,False,True,False,True,17
574,596551,15,16,A,M,MOE,False,True,False,True,17
574,596551,16,17,C,M,MOE,False,True,False,True,17
575,596552,0,1,T,M,MOE,False,True,False,True,17
575,596552,1,2,T,M,MOE,False,True,False,True,17
575,596552,2,3,G,C,cEt,False,False,True,True,17
575,596552,3,4,G,C,cEt,False,False,True,True,17
575,596552,4,5,G,d,DNA,True,False,False,False,17
575,596552,5,6,C,d,DNA,True,False,False,False,17
575,596552,6,7,G,d,DNA,True,False,False,False,17
575,596552,7,8,A,d,DNA,True,False,False,False,17
575,596552,8,9,T,d,DNA,True,False,False,False,17
575,596552,9,10,C,d,DNA,True,False,False,False,17
575,596552,10,11,C,d,DNA,True,False,False,False,17
575,596552,11,12,C,d,DNA,True,False,False,False,17
575,596552,12,13,A,C,cEt,False,False,True,True,17
575,596552,13,14,A,C,cEt,False,False,True,True,17
575,596552,14,15,T,M,MOE,False,True,False,True,17
575,596552,15,16,T,M,MOE,False,True,False,True,17
575,596552,16,17,A,M,MOE,False,True,False,True,17
576,596553,0,1,A,M,MOE,False,True,False,True,17
576,596553,1,2,T,M,MOE,False,True,False,True,17
576,596553,2,3,T,C,cEt,False,False,True,True,17
576,596553,3,4,G,C,cEt,False,False,True,True,17
576,596553,4,5,G,d,DNA,True,False,False,False,17
576,596553,5,6,G,d,DNA,True,False,False,False,17
576,596553,6,7,C,d,DNA,True,False,False,False,17
576,596553,7,8,G,d,DNA,True,False,False,False,17
576,596553,8,9,A,d,DNA,True,False,False,False,17
576,596553,9,10,T,d,DNA,True,False,False,False,17
576,596553,10,11,C,d,DNA,True,False,False,False,17
576,596553,11,12,C,d,DNA,True,False,False,False,17
576,596553,12,13,C,C,cEt,False,False,True,True,17
576,596553,13,14,A,C,cEt,False,False,True,True,17
576,596553,14,15,A,M,MOE,False,True,False,True,17
576,596553,15,16,T,M,MOE,False,True,False,True,17
576,596553,16,17,T,M,MOE,False,True,False,True,17
577,596554,0,1,T,M,MOE,False,True,False,True,17
577,596554,1,2,A,M,MOE,False,True,False,True,17
577,596554,2,3,T,C,cEt,False,False,True,True,17
577,596554,3,4,T,C,cEt,False,False,True,True,17
577,596554,4,5,G,d,DNA,True,False,False,False,17
577,596554,5,6,G,d,DNA,True,False,False,False,17
577,596554,6,7,G,d,DNA,True,False,False,False,17
577,596554,7,8,C,d,DNA,True,False,False,False,17
577,596554,8,9,G,d,DNA,True,False,False,False,17
577,596554,9,10,A,d,DNA,True,False,False,False,17
577,596554,10,11,T,d,DNA,True,False,False,False,17
577,596554,11,12,C,d,DNA,True,False,False,False,17
577,596554,12,13,C,C,cEt,False,False,True,True,17
577,596554,13,14,C,C,cEt,False,False,True,True,17
577,596554,14,15,A,M,MOE,False,True,False,True,17
577,596554,15,16,A,M,MOE,False,True,False,True,17
577,596554,16,17,T,M,MOE,False,True,False,True,17
578,596555,0,1,T,M,MOE,False,True,False,True,17
578,596555,1,2,T,M,MOE,False,True,False,True,17
578,596555,2,3,A,C,cEt,False,False,True,True,17
578,596555,3,4,T,C,cEt,False,False,True,True,17
578,596555,4,5,T,d,DNA,True,False,False,False,17
578,596555,5,6,G,d,DNA,True,False,False,False,17
578,596555,6,7,G,d,DNA,True,False,False,False,17
578,596555,7,8,G,d,DNA,True,False,False,False,17
578,596555,8,9,C,d,DNA,True,False,False,False,17
578,596555,9,10,G,d,DNA,True,False,False,False,17
578,596555,10,11,A,d,DNA,True,False,False,False,17
578,596555,11,12,T,d,DNA,True,False,False,False,17
578,596555,12,13,C,C,cEt,False,False,True,True,17
578,596555,13,14,C,C,cEt,False,False,True,True,17
578,596555,14,15,C,M,MOE,False,True,False,True,17
578,596555,15,16,A,M,MOE,False,True,False,True,17
578,596555,16,17,A,M,MOE,False,True,False,True,17
579,596556,0,1,T,M,MOE,False,True,False,True,17
579,596556,1,2,T,M,MOE,False,True,False,True,17
579,596556,2,3,T,C,cEt,False,False,True,True,17
579,596556,3,4,A,C,cEt,False,False,True,True,17
579,596556,4,5,T,d,DNA,True,False,False,False,17
579,596556,5,6,T,d,DNA,True,False,False,False,17
579,596556,6,7,G,d,DNA,True,False,False,False,17
579,596556,7,8,G,d,DNA,True,False,False,False,17
579,596556,8,9,G,d,DNA,True,False,False,False,17
579,596556,9,10,C,d,DNA,True,False,False,False,17
579,596556,10,11,G,d,DNA,True,False,False,False,17
579,596556,11,12,A,d,DNA,True,False,False,False,17
579,596556,12,13,T,C,cEt,False,False,True,True,17
579,596556,13,14,C,C,cEt,False,False,True,True,17
579,596556,14,15,C,M,MOE,False,True,False,True,17
579,596556,15,16,C,M,MOE,False,True,False,True,17
579,596556,16,17,A,M,MOE,False,True,False,True,17
580,596557,0,1,G,M,MOE,False,True,False,True,17
580,596557,1,2,T,M,MOE,False,True,False,True,17
580,596557,2,3,T,C,cEt,False,False,True,True,17
580,596557,3,4,T,C,cEt,False,False,True,True,17
580,596557,4,5,A,d,DNA,True,False,False,False,17
580,596557,5,6,T,d,DNA,True,False,False,False,17
580,596557,6,7,T,d,DNA,True,False,False,False,17
580,596557,7,8,G,d,DNA,True,False,False,False,17
580,596557,8,9,G,d,DNA,True,False,False,False,17
580,596557,9,10,G,d,DNA,True,False,False,False,17
580,596557,10,11,C,d,DNA,True,False,False,False,17
580,596557,11,12,G,d,DNA,True,False,False,False,17
580,596557,12,13,A,C,cEt,False,False,True,True,17
580,596557,13,14,T,C,cEt,False,False,True,True,17
580,596557,14,15,C,M,MOE,False,True,False,True,17
580,596557,15,16,C,M,MOE,False,True,False,True,17
580,596557,16,17,C,M,MOE,False,True,False,True,17
581,596558,0,1,T,M,MOE,False,True,False,True,17
581,596558,1,2,G,M,MOE,False,True,False,True,17
581,596558,2,3,T,C,cEt,False,False,True,True,17
581,596558,3,4,T,C,cEt,False,False,True,True,17
581,596558,4,5,T,d,DNA,True,False,False,False,17
581,596558,5,6,A,d,DNA,True,False,False,False,17
581,596558,6,7,T,d,DNA,True,False,False,False,17
581,596558,7,8,T,d,DNA,True,False,False,False,17
581,596558,8,9,G,d,DNA,True,False,False,False,17
581,596558,9,10,G,d,DNA,True,False,False,False,17
581,596558,10,11,G,d,DNA,True,False,False,False,17
581,596558,11,12,C,d,DNA,True,False,False,False,17
581,596558,12,13,G,C,cEt,False,False,True,True,17
581,596558,13,14,A,C,cEt,False,False,True,True,17
581,596558,14,15,T,M,MOE,False,True,False,True,17
581,596558,15,16,C,M,MOE,False,True,False,True,17
581,596558,16,17,C,M,MOE,False,True,False,True,17
582,596559,0,1,A,M,MOE,False,True,False,True,17
582,596559,1,2,T,M,MOE,False,True,False,True,17
582,596559,2,3,G,C,cEt,False,False,True,True,17
582,596559,3,4,T,C,cEt,False,False,True,True,17
582,596559,4,5,T,d,DNA,True,False,False,False,17
582,596559,5,6,T,d,DNA,True,False,False,False,17
582,596559,6,7,A,d,DNA,True,False,False,False,17
582,596559,7,8,T,d,DNA,True,False,False,False,17
582,596559,8,9,T,d,DNA,True,False,False,False,17
582,596559,9,10,G,d,DNA,True,False,False,False,17
582,596559,10,11,G,d,DNA,True,False,False,False,17
582,596559,11,12,G,d,DNA,True,False,False,False,17
582,596559,12,13,C,C,cEt,False,False,True,True,17
582,596559,13,14,G,C,cEt,False,False,True,True,17
582,596559,14,15,A,M,MOE,False,True,False,True,17
582,596559,15,16,T,M,MOE,False,True,False,True,17
582,596559,16,17,C,M,MOE,False,True,False,True,17
583,596560,0,1,A,M,MOE,False,True,False,True,17
583,596560,1,2,A,M,MOE,False,True,False,True,17
583,596560,2,3,T,C,cEt,False,False,True,True,17
583,596560,3,4,G,C,cEt,False,False,True,True,17
583,596560,4,5,T,d,DNA,True,False,False,False,17
583,596560,5,6,T,d,DNA,True,False,False,False,17
583,596560,6,7,T,d,DNA,True,False,False,False,17
583,596560,7,8,A,d,DNA,True,False,False,False,17
583,596560,8,9,T,d,DNA,True,False,False,False,17
583,596560,9,10,T,d,DNA,True,False,False,False,17
583,596560,10,11,G,d,DNA,True,False,False,False,17
583,596560,11,12,G,d,DNA,True,False,False,False,17
583,596560,12,13,G,C,cEt,False,False,True,True,17
583,596560,13,14,C,C,cEt,False,False,True,True,17
583,596560,14,15,G,M,MOE,False,True,False,True,17
583,596560,15,16,A,M,MOE,False,True,False,True,17
583,596560,16,17,T,M,MOE,False,True,False,True,17
584,596561,0,1,G,M,MOE,False,True,False,True,17
584,596561,1,2,A,M,MOE,False,True,False,True,17
584,596561,2,3,A,C,cEt,False,False,True,True,17
584,596561,3,4,T,C,cEt,False,False,True,True,17
584,596561,4,5,G,d,DNA,True,False,False,False,17
584,596561,5,6,T,d,DNA,True,False,False,False,17
584,596561,6,7,T,d,DNA,True,False,False,False,17
584,596561,7,8,T,d,DNA,True,False,False,False,17
584,596561,8,9,A,d,DNA,True,False,False,False,17
584,596561,9,10,T,d,DNA,True,False,False,False,17
584,596561,10,11,T,d,DNA,True,False,False,False,17
584,596561,11,12,G,d,DNA,True,False,False,False,17
584,596561,12,13,G,C,cEt,False,False,True,True,17
584,596561,13,14,G,C,cEt,False,False,True,True,17
584,596561,14,15,C,M,MOE,False,True,False,True,17
584,596561,15,16,G,M,MOE,False,True,False,True,17
584,596561,16,17,A,M,MOE,False,True,False,True,17
585,596562,0,1,G,M,MOE,False,True,False,True,17
585,596562,1,2,G,M,MOE,False,True,False,True,17
585,596562,2,3,A,C,cEt,False,False,True,True,17
585,596562,3,4,A,C,cEt,False,False,True,True,17
585,596562,4,5,T,d,DNA,True,False,False,False,17
585,596562,5,6,G,d,DNA,True,False,False,False,17
585,596562,6,7,T,d,DNA,True,False,False,False,17
585,596562,7,8,T,d,DNA,True,False,False,False,17
585,596562,8,9,T,d,DNA,True,False,False,False,17
585,596562,9,10,A,d,DNA,True,False,False,False,17
585,596562,10,11,T,d,DNA,True,False,False,False,17
585,596562,11,12,T,d,DNA,True,False,False,False,17
585,596562,12,13,G,C,cEt,False,False,True,True,17
585,596562,13,14,G,C,cEt,False,False,True,True,17
585,596562,14,15,G,M,MOE,False,True,False,True,17
585,596562,15,16,C,M,MOE,False,True,False,True,17
585,596562,16,17,G,M,MOE,False,True,False,True,17
586,596563,0,1,C,M,MOE,False,True,False,True,17
586,596563,1,2,A,M,MOE,False,True,False,True,17
586,596563,2,3,A,C,cEt,False,False,True,True,17
586,596563,3,4,G,C,cEt,False,False,True,True,17
586,596563,4,5,G,d,DNA,True,False,False,False,17
586,596563,5,6,G,d,DNA,True,False,False,False,17
586,596563,6,7,A,d,DNA,True,False,False,False,17
586,596563,7,8,A,d,DNA,True,False,False,False,17
586,596563,8,9,T,d,DNA,True,False,False,False,17
586,596563,9,10,G,d,DNA,True,False,False,False,17
586,596563,10,11,T,d,DNA,True,False,False,False,17
586,596563,11,12,T,d,DNA,True,False,False,False,17
586,596563,12,13,T,C,cEt,False,False,True,True,17
586,596563,13,14,A,C,cEt,False,False,True,True,17
586,596563,14,15,T,M,MOE,False,True,False,True,17
586,596563,15,16,T,M,MOE,False,True,False,True,17
586,596563,16,17,G,M,MOE,False,True,False,True,17
587,596564,0,1,C,M,MOE,False,True,False,True,17
587,596564,1,2,C,M,MOE,False,True,False,True,17
587,596564,2,3,A,C,cEt,False,False,True,True,17
587,596564,3,4,A,C,cEt,False,False,True,True,17
587,596564,4,5,G,d,DNA,True,False,False,False,17
587,596564,5,6,G,d,DNA,True,False,False,False,17
587,596564,6,7,G,d,DNA,True,False,False,False,17
587,596564,7,8,A,d,DNA,True,False,False,False,17
587,596564,8,9,A,d,DNA,True,False,False,False,17
587,596564,9,10,T,d,DNA,True,False,False,False,17
587,596564,10,11,G,d,DNA,True,False,False,False,17
587,596564,11,12,T,d,DNA,True,False,False,False,17
587,596564,12,13,T,C,cEt,False,False,True,True,17
587,596564,13,14,T,C,cEt,False,False,True,True,17
587,596564,14,15,A,M,MOE,False,True,False,True,17
587,596564,15,16,T,M,MOE,False,True,False,True,17
587,596564,16,17,T,M,MOE,False,True,False,True,17
588,596565,0,1,T,M,MOE,False,True,False,True,17
588,596565,1,2,C,M,MOE,False,True,False,True,17
588,596565,2,3,C,C,cEt,False,False,True,True,17
588,596565,3,4,A,C,cEt,False,False,True,True,17
588,596565,4,5,A,d,DNA,True,False,False,False,17
588,596565,5,6,G,d,DNA,True,False,False,False,17
588,596565,6,7,G,d,DNA,True,False,False,False,17
588,596565,7,8,G,d,DNA,True,False,False,False,17
588,596565,8,9,A,d,DNA,True,False,False,False,17
588,596565,9,10,A,d,DNA,True,False,False,False,17
588,596565,10,11,T,d,DNA,True,False,False,False,17
588,596565,11,12,G,d,DNA,True,False,False,False,17
588,596565,12,13,T,C,cEt,False,False,True,True,17
588,596565,13,14,T,C,cEt,False,False,True,True,17
588,596565,14,15,T,M,MOE,False,True,False,True,17
588,596565,15,16,A,M,MOE,False,True,False,True,17
588,596565,16,17,T,M,MOE,False,True,False,True,17
589,596566,0,1,A,M,MOE,False,True,False,True,17
589,596566,1,2,T,M,MOE,False,True,False,True,17
589,596566,2,3,C,C,cEt,False,False,True,True,17
589,596566,3,4,C,C,cEt,False,False,True,True,17
589,596566,4,5,A,d,DNA,True,False,False,False,17
589,596566,5,6,A,d,DNA,True,False,False,False,17
589,596566,6,7,G,d,DNA,True,False,False,False,17
589,596566,7,8,G,d,DNA,True,False,False,False,17
589,596566,8,9,G,d,DNA,True,False,False,False,17
589,596566,9,10,A,d,DNA,True,False,False,False,17
589,596566,10,11,A,d,DNA,True,False,False,False,17
589,596566,11,12,T,d,DNA,True,False,False,False,17
589,596566,12,13,G,C,cEt,False,False,True,True,17
589,596566,13,14,T,C,cEt,False,False,True,True,17
589,596566,14,15,T,M,MOE,False,True,False,True,17
589,596566,15,16,T,M,MOE,False,True,False,True,17
589,596566,16,17,A,M,MOE,False,True,False,True,17
590,596567,0,1,A,M,MOE,False,True,False,True,17
590,596567,1,2,C,M,MOE,False,True,False,True,17
590,596567,2,3,T,C,cEt,False,False,True,True,17
590,596567,3,4,A,C,cEt,False,False,True,True,17
590,596567,4,5,C,d,DNA,True,False,False,False,17
590,596567,5,6,A,d,DNA,True,False,False,False,17
590,596567,6,7,T,d,DNA,True,False,False,False,17
590,596567,7,8,C,d,DNA,True,False,False,False,17
590,596567,8,9,C,d,DNA,True,False,False,False,17
590,596567,9,10,A,d,DNA,True,False,False,False,17
590,596567,10,11,A,d,DNA,True,False,False,False,17
590,596567,11,12,G,d,DNA,True,False,False,False,17
590,596567,12,13,G,C,cEt,False,False,True,True,17
590,596567,13,14,G,C,cEt,False,False,True,True,17
590,596567,14,15,A,M,MOE,False,True,False,True,17
590,596567,15,16,A,M,MOE,False,True,False,True,17
590,596567,16,17,T,M,MOE,False,True,False,True,17
591,596568,0,1,G,M,MOE,False,True,False,True,17
591,596568,1,2,A,M,MOE,False,True,False,True,17
591,596568,2,3,C,C,cEt,False,False,True,True,17
591,596568,3,4,T,C,cEt,False,False,True,True,17
591,596568,4,5,A,d,DNA,True,False,False,False,17
591,596568,5,6,C,d,DNA,True,False,False,False,17
591,596568,6,7,A,d,DNA,True,False,False,False,17
591,596568,7,8,T,d,DNA,True,False,False,False,17
591,596568,8,9,C,d,DNA,True,False,False,False,17
591,596568,9,10,C,d,DNA,True,False,False,False,17
591,596568,10,11,A,d,DNA,True,False,False,False,17
591,596568,11,12,A,d,DNA,True,False,False,False,17
591,596568,12,13,G,C,cEt,False,False,True,True,17
591,596568,13,14,G,C,cEt,False,False,True,True,17
591,596568,14,15,G,M,MOE,False,True,False,True,17
591,596568,15,16,A,M,MOE,False,True,False,True,17
591,596568,16,17,A,M,MOE,False,True,False,True,17
592,596569,0,1,A,M,MOE,False,True,False,True,17
592,596569,1,2,G,M,MOE,False,True,False,True,17
592,596569,2,3,A,C,cEt,False,False,True,True,17
592,596569,3,4,C,C,cEt,False,False,True,True,17
592,596569,4,5,T,d,DNA,True,False,False,False,17
592,596569,5,6,A,d,DNA,True,False,False,False,17
592,596569,6,7,C,d,DNA,True,False,False,False,17
592,596569,7,8,A,d,DNA,True,False,False,False,17
592,596569,8,9,T,d,DNA,True,False,False,False,17
592,596569,9,10,C,d,DNA,True,False,False,False,17
592,596569,10,11,C,d,DNA,True,False,False,False,17
592,596569,11,12,A,d,DNA,True,False,False,False,17
592,596569,12,13,A,C,cEt,False,False,True,True,17
592,596569,13,14,G,C,cEt,False,False,True,True,17
592,596569,14,15,G,M,MOE,False,True,False,True,17
592,596569,15,16,G,M,MOE,False,True,False,True,17
592,596569,16,17,A,M,MOE,False,True,False,True,17
593,596570,0,1,C,M,MOE,False,True,False,True,17
593,596570,1,2,A,M,MOE,False,True,False,True,17
593,596570,2,3,G,C,cEt,False,False,True,True,17
593,596570,3,4,A,C,cEt,False,False,True,True,17
593,596570,4,5,C,d,DNA,True,False,False,False,17
593,596570,5,6,T,d,DNA,True,False,False,False,17
593,596570,6,7,A,d,DNA,True,False,False,False,17
593,596570,7,8,C,d,DNA,True,False,False,False,17
593,596570,8,9,A,d,DNA,True,False,False,False,17
593,596570,9,10,T,d,DNA,True,False,False,False,17
593,596570,10,11,C,d,DNA,True,False,False,False,17
593,596570,11,12,C,d,DNA,True,False,False,False,17
593,596570,12,13,A,C,cEt,False,False,True,True,17
593,596570,13,14,A,C,cEt,False,False,True,True,17
593,596570,14,15,G,M,MOE,False,True,False,True,17
593,596570,15,16,G,M,MOE,False,True,False,True,17
593,596570,16,17,G,M,MOE,False,True,False,True,17
594,596571,0,1,T,M,MOE,False,True,False,True,17
594,596571,1,2,C,M,MOE,False,True,False,True,17
594,596571,2,3,A,C,cEt,False,False,True,True,17
594,596571,3,4,G,C,cEt,False,False,True,True,17
594,596571,4,5,A,d,DNA,True,False,False,False,17
594,596571,5,6,C,d,DNA,True,False,False,False,17
594,596571,6,7,T,d,DNA,True,False,False,False,17
594,596571,7,8,A,d,DNA,True,False,False,False,17
594,596571,8,9,C,d,DNA,True,False,False,False,17
594,596571,9,10,A,d,DNA,True,False,False,False,17
594,596571,10,11,T,d,DNA,True,False,False,False,17
594,596571,11,12,C,d,DNA,True,False,False,False,17
594,596571,12,13,C,C,cEt,False,False,True,True,17
594,596571,13,14,A,C,cEt,False,False,True,True,17
594,596571,14,15,A,M,MOE,False,True,False,True,17
594,596571,15,16,G,M,MOE,False,True,False,True,17
594,596571,16,17,G,M,MOE,False,True,False,True,17
595,596572,0,1,C,M,MOE,False,True,False,True,17
595,596572,1,2,T,M,MOE,False,True,False,True,17
595,596572,2,3,C,C,cEt,False,False,True,True,17
595,596572,3,4,A,C,cEt,False,False,True,True,17
595,596572,4,5,G,d,DNA,True,False,False,False,17
595,596572,5,6,A,d,DNA,True,False,False,False,17
595,596572,6,7,C,d,DNA,True,False,False,False,17
595,596572,7,8,T,d,DNA,True,False,False,False,17
595,596572,8,9,A,d,DNA,True,False,False,False,17
595,596572,9,10,C,d,DNA,True,False,False,False,17
595,596572,10,11,A,d,DNA,True,False,False,False,17
595,596572,11,12,T,d,DNA,True,False,False,False,17
595,596572,12,13,C,C,cEt,False,False,True,True,17
595,596572,13,14,C,C,cEt,False,False,True,True,17
595,596572,14,15,A,M,MOE,False,True,False,True,17
595,596572,15,16,A,M,MOE,False,True,False,True,17
595,596572,16,17,G,M,MOE,False,True,False,True,17
596,596573,0,1,C,M,MOE,False,True,False,True,17
596,596573,1,2,C,M,MOE,False,True,False,True,17
596,596573,2,3,T,C,cEt,False,False,True,True,17
596,596573,3,4,C,C,cEt,False,False,True,True,17
596,596573,4,5,A,d,DNA,True,False,False,False,17
596,596573,5,6,G,d,DNA,True,False,False,False,17
596,596573,6,7,A,d,DNA,True,False,False,False,17
596,596573,7,8,C,d,DNA,True,False,False,False,17
596,596573,8,9,T,d,DNA,True,False,False,False,17
596,596573,9,10,A,d,DNA,True,False,False,False,17
596,596573,10,11,C,d,DNA,True,False,False,False,17
596,596573,11,12,A,d,DNA,True,False,False,False,17
596,596573,12,13,T,C,cEt,False,False,True,True,17
596,596573,13,14,C,C,cEt,False,False,True,True,17
596,596573,14,15,C,M,MOE,False,True,False,True,17
596,596573,15,16,A,M,MOE,False,True,False,True,17
596,596573,16,17,A,M,MOE,False,True,False,True,17
597,596574,0,1,G,M,MOE,False,True,False,True,17
597,596574,1,2,C,M,MOE,False,True,False,True,17
597,596574,2,3,C,C,cEt,False,False,True,True,17
597,596574,3,4,T,C,cEt,False,False,True,True,17
597,596574,4,5,C,d,DNA,True,False,False,False,17
597,596574,5,6,A,d,DNA,True,False,False,False,17
597,596574,6,7,G,d,DNA,True,False,False,False,17
597,596574,7,8,A,d,DNA,True,False,False,False,17
597,596574,8,9,C,d,DNA,True,False,False,False,17
597,596574,9,10,T,d,DNA,True,False,False,False,17
597,596574,10,11,A,d,DNA,True,False,False,False,17
597,596574,11,12,C,d,DNA,True,False,False,False,17
597,596574,12,13,A,C,cEt,False,False,True,True,17
597,596574,13,14,T,C,cEt,False,False,True,True,17
597,596574,14,15,C,M,MOE,False,True,False,True,17
597,596574,15,16,C,M,MOE,False,True,False,True,17
597,596574,16,17,A,M,MOE,False,True,False,True,17
598,596575,0,1,G,M,MOE,False,True,False,True,17
598,596575,1,2,G,M,MOE,False,True,False,True,17
598,596575,2,3,C,C,cEt,False,False,True,True,17
598,596575,3,4,C,C,cEt,False,False,True,True,17
598,596575,4,5,T,d,DNA,True,False,False,False,17
598,596575,5,6,C,d,DNA,True,False,False,False,17
598,596575,6,7,A,d,DNA,True,False,False,False,17
598,596575,7,8,G,d,DNA,True,False,False,False,17
598,596575,8,9,A,d,DNA,True,False,False,False,17
598,596575,9,10,C,d,DNA,True,False,False,False,17
598,596575,10,11,T,d,DNA,True,False,False,False,17
598,596575,11,12,A,d,DNA,True,False,False,False,17
598,596575,12,13,C,C,cEt,False,False,True,True,17
598,596575,13,14,A,C,cEt,False,False,True,True,17
598,596575,14,15,T,M,MOE,False,True,False,True,17
598,596575,15,16,C,M,MOE,False,True,False,True,17
598,596575,16,17,C,M,MOE,False,True,False,True,17
599,596576,0,1,G,M,MOE,False,True,False,True,17
599,596576,1,2,G,M,MOE,False,True,False,True,17
599,596576,2,3,G,C,cEt,False,False,True,True,17
599,596576,3,4,C,C,cEt,False,False,True,True,17
599,596576,4,5,C,d,DNA,True,False,False,False,17
599,596576,5,6,T,d,DNA,True,False,False,False,17
599,596576,6,7,C,d,DNA,True,False,False,False,17
599,596576,7,8,A,d,DNA,True,False,False,False,17
599,596576,8,9,G,d,DNA,True,False,False,False,17
599,596576,9,10,A,d,DNA,True,False,False,False,17
599,596576,10,11,C,d,DNA,True,False,False,False,17
599,596576,11,12,T,d,DNA,True,False,False,False,17
599,596576,12,13,A,C,cEt,False,False,True,True,17
599,596576,13,14,C,C,cEt,False,False,True,True,17
599,596576,14,15,A,M,MOE,False,True,False,True,17
599,596576,15,16,T,M,MOE,False,True,False,True,17
599,596576,16,17,C,M,MOE,False,True,False,True,17
600,596577,0,1,A,M,MOE,False,True,False,True,17
600,596577,1,2,A,M,MOE,False,True,False,True,17
600,596577,2,3,C,C,cEt,False,False,True,True,17
600,596577,3,4,A,C,cEt,False,False,True,True,17
600,596577,4,5,G,d,DNA,True,False,False,False,17
600,596577,5,6,A,d,DNA,True,False,False,False,17
600,596577,6,7,T,d,DNA,True,False,False,False,17
600,596577,7,8,G,d,DNA,True,False,False,False,17
600,596577,8,9,A,d,DNA,True,False,False,False,17
600,596577,9,10,G,d,DNA,True,False,False,False,17
600,596577,10,11,T,d,DNA,True,False,False,False,17
600,596577,11,12,T,d,DNA,True,False,False,False,17
600,596577,12,13,A,C,cEt,False,False,True,True,17
600,596577,13,14,A,C,cEt,False,False,True,True,17
600,596577,14,15,G,M,MOE,False,True,False,True,17
600,596577,15,16,G,M,MOE,False,True,False,True,17
600,596577,16,17,G,M,MOE,False,True,False,True,17
601,596578,0,1,T,M,MOE,False,True,False,True,17
601,596578,1,2,A,M,MOE,False,True,False,True,17
601,596578,2,3,A,C,cEt,False,False,True,True,17
601,596578,3,4,C,C,cEt,False,False,True,True,17
601,596578,4,5,A,d,DNA,True,False,False,False,17
601,596578,5,6,G,d,DNA,True,False,False,False,17
601,596578,6,7,A,d,DNA,True,False,False,False,17
601,596578,7,8,T,d,DNA,True,False,False,False,17
601,596578,8,9,G,d,DNA,True,False,False,False,17
601,596578,9,10,A,d,DNA,True,False,False,False,17
601,596578,10,11,G,d,DNA,True,False,False,False,17
601,596578,11,12,T,d,DNA,True,False,False,False,17
601,596578,12,13,T,C,cEt,False,False,True,True,17
601,596578,13,14,A,C,cEt,False,False,True,True,17
601,596578,14,15,A,M,MOE,False,True,False,True,17
601,596578,15,16,G,M,MOE,False,True,False,True,17
601,596578,16,17,G,M,MOE,False,True,False,True,17
602,596579,0,1,A,M,MOE,False,True,False,True,17
602,596579,1,2,T,M,MOE,False,True,False,True,17
602,596579,2,3,A,C,cEt,False,False,True,True,17
602,596579,3,4,A,C,cEt,False,False,True,True,17
602,596579,4,5,C,d,DNA,True,False,False,False,17
602,596579,5,6,A,d,DNA,True,False,False,False,17
602,596579,6,7,G,d,DNA,True,False,False,False,17
602,596579,7,8,A,d,DNA,True,False,False,False,17
602,596579,8,9,T,d,DNA,True,False,False,False,17
602,596579,9,10,G,d,DNA,True,False,False,False,17
602,596579,10,11,A,d,DNA,True,False,False,False,17
602,596579,11,12,G,d,DNA,True,False,False,False,17
602,596579,12,13,T,C,cEt,False,False,True,True,17
602,596579,13,14,T,C,cEt,False,False,True,True,17
602,596579,14,15,A,M,MOE,False,True,False,True,17
602,596579,15,16,A,M,MOE,False,True,False,True,17
602,596579,16,17,G,M,MOE,False,True,False,True,17
603,596580,0,1,G,M,MOE,False,True,False,True,17
603,596580,1,2,A,M,MOE,False,True,False,True,17
603,596580,2,3,T,C,cEt,False,False,True,True,17
603,596580,3,4,A,C,cEt,False,False,True,True,17
603,596580,4,5,A,d,DNA,True,False,False,False,17
603,596580,5,6,C,d,DNA,True,False,False,False,17
603,596580,6,7,A,d,DNA,True,False,False,False,17
603,596580,7,8,G,d,DNA,True,False,False,False,17
603,596580,8,9,A,d,DNA,True,False,False,False,17
603,596580,9,10,T,d,DNA,True,False,False,False,17
603,596580,10,11,G,d,DNA,True,False,False,False,17
603,596580,11,12,A,d,DNA,True,False,False,False,17
603,596580,12,13,G,C,cEt,False,False,True,True,17
603,596580,13,14,T,C,cEt,False,False,True,True,17
603,596580,14,15,T,M,MOE,False,True,False,True,17
603,596580,15,16,A,M,MOE,False,True,False,True,17
603,596580,16,17,A,M,MOE,False,True,False,True,17
604,596581,0,1,G,M,MOE,False,True,False,True,17
604,596581,1,2,G,M,MOE,False,True,False,True,17
604,596581,2,3,A,C,cEt,False,False,True,True,17
604,596581,3,4,T,C,cEt,False,False,True,True,17
604,596581,4,5,A,d,DNA,True,False,False,False,17
604,596581,5,6,A,d,DNA,True,False,False,False,17
604,596581,6,7,C,d,DNA,True,False,False,False,17
604,596581,7,8,A,d,DNA,True,False,False,False,17
604,596581,8,9,G,d,DNA,True,False,False,False,17
604,596581,9,10,A,d,DNA,True,False,False,False,17
604,596581,10,11,T,d,DNA,True,False,False,False,17
604,596581,11,12,G,d,DNA,True,False,False,False,17
604,596581,12,13,A,C,cEt,False,False,True,True,17
604,596581,13,14,G,C,cEt,False,False,True,True,17
604,596581,14,15,T,M,MOE,False,True,False,True,17
604,596581,15,16,T,M,MOE,False,True,False,True,17
604,596581,16,17,A,M,MOE,False,True,False,True,17
605,596582,0,1,A,M,MOE,False,True,False,True,17
605,596582,1,2,G,M,MOE,False,True,False,True,17
605,596582,2,3,G,C,cEt,False,False,True,True,17
605,596582,3,4,A,C,cEt,False,False,True,True,17
605,596582,4,5,T,d,DNA,True,False,False,False,17
605,596582,5,6,A,d,DNA,True,False,False,False,17
605,596582,6,7,A,d,DNA,True,False,False,False,17
605,596582,7,8,C,d,DNA,True,False,False,False,17
605,596582,8,9,A,d,DNA,True,False,False,False,17
605,596582,9,10,G,d,DNA,True,False,False,False,17
605,596582,10,11,A,d,DNA,True,False,False,False,17
605,596582,11,12,T,d,DNA,True,False,False,False,17
605,596582,12,13,G,C,cEt,False,False,True,True,17
605,596582,13,14,A,C,cEt,False,False,True,True,17
605,596582,14,15,G,M,MOE,False,True,False,True,17
605,596582,15,16,T,M,MOE,False,True,False,True,17
605,596582,16,17,T,M,MOE,False,True,False,True,17
606,596583,0,1,C,M,MOE,False,True,False,True,17
606,596583,1,2,A,M,MOE,False,True,False,True,17
606,596583,2,3,G,C,cEt,False,False,True,True,17
606,596583,3,4,G,C,cEt,False,False,True,True,17
606,596583,4,5,A,d,DNA,True,False,False,False,17
606,596583,5,6,T,d,DNA,True,False,False,False,17
606,596583,6,7,A,d,DNA,True,False,False,False,17
606,596583,7,8,A,d,DNA,True,False,False,False,17
606,596583,8,9,C,d,DNA,True,False,False,False,17
606,596583,9,10,A,d,DNA,True,False,False,False,17
606,596583,10,11,G,d,DNA,True,False,False,False,17
606,596583,11,12,A,d,DNA,True,False,False,False,17
606,596583,12,13,T,C,cEt,False,False,True,True,17
606,596583,13,14,G,C,cEt,False,False,True,True,17
606,596583,14,15,A,M,MOE,False,True,False,True,17
606,596583,15,16,G,M,MOE,False,True,False,True,17
606,596583,16,17,T,M,MOE,False,True,False,True,17
607,596584,0,1,G,M,MOE,False,True,False,True,17
607,596584,1,2,C,M,MOE,False,True,False,True,17
607,596584,2,3,A,C,cEt,False,False,True,True,17
607,596584,3,4,G,C,cEt,False,False,True,True,17
607,596584,4,5,G,d,DNA,True,False,False,False,17
607,596584,5,6,A,d,DNA,True,False,False,False,17
607,596584,6,7,T,d,DNA,True,False,False,False,17
607,596584,7,8,A,d,DNA,True,False,False,False,17
607,596584,8,9,A,d,DNA,True,False,False,False,17
607,596584,9,10,C,d,DNA,True,False,False,False,17
607,596584,10,11,A,d,DNA,True,False,False,False,17
607,596584,11,12,G,d,DNA,True,False,False,False,17
607,596584,12,13,A,C,cEt,False,False,True,True,17
607,596584,13,14,T,C,cEt,False,False,True,True,17
607,596584,14,15,G,M,MOE,False,True,False,True,17
607,596584,15,16,A,M,MOE,False,True,False,True,17
607,596584,16,17,G,M,MOE,False,True,False,True,17
608,596585,0,1,G,M,MOE,False,True,False,True,17
608,596585,1,2,C,M,MOE,False,True,False,True,17
608,596585,2,3,T,C,cEt,False,False,True,True,17
608,596585,3,4,A,C,cEt,False,False,True,True,17
608,596585,4,5,G,d,DNA,True,False,False,False,17
608,596585,5,6,C,d,DNA,True,False,False,False,17
608,596585,6,7,A,d,DNA,True,False,False,False,17
608,596585,7,8,G,d,DNA,True,False,False,False,17
608,596585,8,9,G,d,DNA,True,False,False,False,17
608,596585,9,10,A,d,DNA,True,False,False,False,17
608,596585,10,11,T,d,DNA,True,False,False,False,17
608,596585,11,12,A,d,DNA,True,False,False,False,17
608,596585,12,13,A,C,cEt,False,False,True,True,17
608,596585,13,14,C,C,cEt,False,False,True,True,17
608,596585,14,15,A,M,MOE,False,True,False,True,17
608,596585,15,16,G,M,MOE,False,True,False,True,17
608,596585,16,17,A,M,MOE,False,True,False,True,17
609,596586,0,1,A,M,MOE,False,True,False,True,17
609,596586,1,2,G,M,MOE,False,True,False,True,17
609,596586,2,3,C,C,cEt,False,False,True,True,17
609,596586,3,4,T,C,cEt,False,False,True,True,17
609,596586,4,5,A,d,DNA,True,False,False,False,17
609,596586,5,6,G,d,DNA,True,False,False,False,17
609,596586,6,7,C,d,DNA,True,False,False,False,17
609,596586,7,8,A,d,DNA,True,False,False,False,17
609,596586,8,9,G,d,DNA,True,False,False,False,17
609,596586,9,10,G,d,DNA,True,False,False,False,17
609,596586,10,11,A,d,DNA,True,False,False,False,17
609,596586,11,12,T,d,DNA,True,False,False,False,17
609,596586,12,13,A,C,cEt,False,False,True,True,17
609,596586,13,14,A,C,cEt,False,False,True,True,17
609,596586,14,15,C,M,MOE,False,True,False,True,17
609,596586,15,16,A,M,MOE,False,True,False,True,17
609,596586,16,17,G,M,MOE,False,True,False,True,17
610,596587,0,1,C,M,MOE,False,True,False,True,17
610,596587,1,2,A,M,MOE,False,True,False,True,17
610,596587,2,3,G,C,cEt,False,False,True,True,17
610,596587,3,4,C,C,cEt,False,False,True,True,17
610,596587,4,5,T,d,DNA,True,False,False,False,17
610,596587,5,6,A,d,DNA,True,False,False,False,17
610,596587,6,7,G,d,DNA,True,False,False,False,17
610,596587,7,8,C,d,DNA,True,False,False,False,17
610,596587,8,9,A,d,DNA,True,False,False,False,17
610,596587,9,10,G,d,DNA,True,False,False,False,17
610,596587,10,11,G,d,DNA,True,False,False,False,17
610,596587,11,12,A,d,DNA,True,False,False,False,17
610,596587,12,13,T,C,cEt,False,False,True,True,17
610,596587,13,14,A,C,cEt,False,False,True,True,17
610,596587,14,15,A,M,MOE,False,True,False,True,17
610,596587,15,16,C,M,MOE,False,True,False,True,17
610,596587,16,17,A,M,MOE,False,True,False,True,17
611,596588,0,1,A,M,MOE,False,True,False,True,17
611,596588,1,2,C,M,MOE,False,True,False,True,17
611,596588,2,3,A,C,cEt,False,False,True,True,17
611,596588,3,4,G,C,cEt,False,False,True,True,17
611,596588,4,5,C,d,DNA,True,False,False,False,17
611,596588,5,6,T,d,DNA,True,False,False,False,17
611,596588,6,7,A,d,DNA,True,False,False,False,17
611,596588,7,8,G,d,DNA,True,False,False,False,17
611,596588,8,9,C,d,DNA,True,False,False,False,17
611,596588,9,10,A,d,DNA,True,False,False,False,17
611,596588,10,11,G,d,DNA,True,False,False,False,17
611,596588,11,12,G,d,DNA,True,False,False,False,17
611,596588,12,13,A,C,cEt,False,False,True,True,17
611,596588,13,14,T,C,cEt,False,False,True,True,17
611,596588,14,15,A,M,MOE,False,True,False,True,17
611,596588,15,16,A,M,MOE,False,True,False,True,17
611,596588,16,17,C,M,MOE,False,True,False,True,17
612,596589,0,1,T,M,MOE,False,True,False,True,17
612,596589,1,2,A,M,MOE,False,True,False,True,17
612,596589,2,3,C,C,cEt,False,False,True,True,17
612,596589,3,4,A,C,cEt,False,False,True,True,17
612,596589,4,5,G,d,DNA,True,False,False,False,17
612,596589,5,6,C,d,DNA,True,False,False,False,17
612,596589,6,7,T,d,DNA,True,False,False,False,17
612,596589,7,8,A,d,DNA,True,False,False,False,17
612,596589,8,9,G,d,DNA,True,False,False,False,17
612,596589,9,10,C,d,DNA,True,False,False,False,17
612,596589,10,11,A,d,DNA,True,False,False,False,17
612,596589,11,12,G,d,DNA,True,False,False,False,17
612,596589,12,13,G,C,cEt,False,False,True,True,17
612,596589,13,14,A,C,cEt,False,False,True,True,17
612,596589,14,15,T,M,MOE,False,True,False,True,17
612,596589,15,16,A,M,MOE,False,True,False,True,17
612,596589,16,17,A,M,MOE,False,True,False,True,17
613,596590,0,1,C,M,MOE,False,True,False,True,17
613,596590,1,2,T,M,MOE,False,True,False,True,17
613,596590,2,3,A,C,cEt,False,False,True,True,17
613,596590,3,4,C,C,cEt,False,False,True,True,17
613,596590,4,5,A,d,DNA,True,False,False,False,17
613,596590,5,6,G,d,DNA,True,False,False,False,17
613,596590,6,7,C,d,DNA,True,False,False,False,17
613,596590,7,8,T,d,DNA,True,False,False,False,17
613,596590,8,9,A,d,DNA,True,False,False,False,17
613,596590,9,10,G,d,DNA,True,False,False,False,17
613,596590,10,11,C,d,DNA,True,False,False,False,17
613,596590,11,12,A,d,DNA,True,False,False,False,17
613,596590,12,13,G,C,cEt,False,False,True,True,17
613,596590,13,14,G,C,cEt,False,False,True,True,17
613,596590,14,15,A,M,MOE,False,True,False,True,17
613,596590,15,16,T,M,MOE,False,True,False,True,17
613,596590,16,17,A,M,MOE,False,True,False,True,17
614,596591,0,1,T,M,MOE,False,True,False,True,17
614,596591,1,2,C,M,MOE,False,True,False,True,17
614,596591,2,3,T,C,cEt,False,False,True,True,17
614,596591,3,4,A,C,cEt,False,False,True,True,17
614,596591,4,5,C,d,DNA,True,False,False,False,17
614,596591,5,6,A,d,DNA,True,False,False,False,17
614,596591,6,7,G,d,DNA,True,False,False,False,17
614,596591,7,8,C,d,DNA,True,False,False,False,17
614,596591,8,9,T,d,DNA,True,False,False,False,17
614,596591,9,10,A,d,DNA,True,False,False,False,17
614,596591,10,11,G,d,DNA,True,False,False,False,17
614,596591,11,12,C,d,DNA,True,False,False,False,17
614,596591,12,13,A,C,cEt,False,False,True,True,17
614,596591,13,14,G,C,cEt,False,False,True,True,17
614,596591,14,15,G,M,MOE,False,True,False,True,17
614,596591,15,16,A,M,MOE,False,True,False,True,17
614,596591,16,17,T,M,MOE,False,True,False,True,17
615,596592,0,1,T,M,MOE,False,True,False,True,17
615,596592,1,2,T,M,MOE,False,True,False,True,17
615,596592,2,3,C,C,cEt,False,False,True,True,17
615,596592,3,4,T,C,cEt,False,False,True,True,17
615,596592,4,5,A,d,DNA,True,False,False,False,17
615,596592,5,6,C,d,DNA,True,False,False,False,17
615,596592,6,7,A,d,DNA,True,False,False,False,17
615,596592,7,8,G,d,DNA,True,False,False,False,17
615,596592,8,9,C,d,DNA,True,False,False,False,17
615,596592,9,10,T,d,DNA,True,False,False,False,17
615,596592,10,11,A,d,DNA,True,False,False,False,17
615,596592,11,12,G,d,DNA,True,False,False,False,17
615,596592,12,13,C,C,cEt,False,False,True,True,17
615,596592,13,14,A,C,cEt,False,False,True,True,17
615,596592,14,15,G,M,MOE,False,True,False,True,17
615,596592,15,16,G,M,MOE,False,True,False,True,17
615,596592,16,17,A,M,MOE,False,True,False,True,17
616,596593,0,1,T,M,MOE,False,True,False,True,17
616,596593,1,2,T,M,MOE,False,True,False,True,17
616,596593,2,3,T,C,cEt,False,False,True,True,17
616,596593,3,4,C,C,cEt,False,False,True,True,17
616,596593,4,5,T,d,DNA,True,False,False,False,17
616,596593,5,6,A,d,DNA,True,False,False,False,17
616,596593,6,7,C,d,DNA,True,False,False,False,17
616,596593,7,8,A,d,DNA,True,False,False,False,17
616,596593,8,9,G,d,DNA,True,False,False,False,17
616,596593,9,10,C,d,DNA,True,False,False,False,17
616,596593,10,11,T,d,DNA,True,False,False,False,17
616,596593,11,12,A,d,DNA,True,False,False,False,17
616,596593,12,13,G,C,cEt,False,False,True,True,17
616,596593,13,14,C,C,cEt,False,False,True,True,17
616,596593,14,15,A,M,MOE,False,True,False,True,17
616,596593,15,16,G,M,MOE,False,True,False,True,17
616,596593,16,17,G,M,MOE,False,True,False,True,17
617,596594,0,1,A,M,MOE,False,True,False,True,17
617,596594,1,2,T,M,MOE,False,True,False,True,17
617,596594,2,3,T,C,cEt,False,False,True,True,17
617,596594,3,4,T,C,cEt,False,False,True,True,17
617,596594,4,5,C,d,DNA,True,False,False,False,17
617,596594,5,6,T,d,DNA,True,False,False,False,17
617,596594,6,7,A,d,DNA,True,False,False,False,17
617,596594,7,8,C,d,DNA,True,False,False,False,17
617,596594,8,9,A,d,DNA,True,False,False,False,17
617,596594,9,10,G,d,DNA,True,False,False,False,17
617,596594,10,11,C,d,DNA,True,False,False,False,17
617,596594,11,12,T,d,DNA,True,False,False,False,17
617,596594,12,13,A,C,cEt,False,False,True,True,17
617,596594,13,14,G,C,cEt,False,False,True,True,17
617,596594,14,15,C,M,MOE,False,True,False,True,17
617,596594,15,16,A,M,MOE,False,True,False,True,17
617,596594,16,17,G,M,MOE,False,True,False,True,17
618,596595,0,1,G,M,MOE,False,True,False,True,17
618,596595,1,2,A,M,MOE,False,True,False,True,17
618,596595,2,3,T,C,cEt,False,False,True,True,17
618,596595,3,4,A,C,cEt,False,False,True,True,17
618,596595,4,5,C,d,DNA,True,False,False,False,17
618,596595,5,6,A,d,DNA,True,False,False,False,17
618,596595,6,7,T,d,DNA,True,False,False,False,17
618,596595,7,8,T,d,DNA,True,False,False,False,17
618,596595,8,9,T,d,DNA,True,False,False,False,17
618,596595,9,10,C,d,DNA,True,False,False,False,17
618,596595,10,11,T,d,DNA,True,False,False,False,17
618,596595,11,12,A,d,DNA,True,False,False,False,17
618,596595,12,13,C,C,cEt,False,False,True,True,17
618,596595,13,14,A,C,cEt,False,False,True,True,17
618,596595,14,15,G,M,MOE,False,True,False,True,17
618,596595,15,16,C,M,MOE,False,True,False,True,17
618,596595,16,17,T,M,MOE,False,True,False,True,17
619,596596,0,1,G,M,MOE,False,True,False,True,17
619,596596,1,2,G,M,MOE,False,True,False,True,17
619,596596,2,3,A,C,cEt,False,False,True,True,17
619,596596,3,4,T,C,cEt,False,False,True,True,17
619,596596,4,5,A,d,DNA,True,False,False,False,17
619,596596,5,6,C,d,DNA,True,False,False,False,17
619,596596,6,7,A,d,DNA,True,False,False,False,17
619,596596,7,8,T,d,DNA,True,False,False,False,17
619,596596,8,9,T,d,DNA,True,False,False,False,17
619,596596,9,10,T,d,DNA,True,False,False,False,17
619,596596,10,11,C,d,DNA,True,False,False,False,17
619,596596,11,12,T,d,DNA,True,False,False,False,17
619,596596,12,13,A,C,cEt,False,False,True,True,17
619,596596,13,14,C,C,cEt,False,False,True,True,17
619,596596,14,15,A,M,MOE,False,True,False,True,17
619,596596,15,16,G,M,MOE,False,True,False,True,17
619,596596,16,17,C,M,MOE,False,True,False,True,17
620,596597,0,1,A,M,MOE,False,True,False,True,17
620,596597,1,2,G,M,MOE,False,True,False,True,17
620,596597,2,3,G,C,cEt,False,False,True,True,17
620,596597,3,4,A,C,cEt,False,False,True,True,17
620,596597,4,5,T,d,DNA,True,False,False,False,17
620,596597,5,6,A,d,DNA,True,False,False,False,17
620,596597,6,7,C,d,DNA,True,False,False,False,17
620,596597,7,8,A,d,DNA,True,False,False,False,17
620,596597,8,9,T,d,DNA,True,False,False,False,17
620,596597,9,10,T,d,DNA,True,False,False,False,17
620,596597,10,11,T,d,DNA,True,False,False,False,17
620,596597,11,12,C,d,DNA,True,False,False,False,17
620,596597,12,13,T,C,cEt,False,False,True,True,17
620,596597,13,14,A,C,cEt,False,False,True,True,17
620,596597,14,15,C,M,MOE,False,True,False,True,17
620,596597,15,16,A,M,MOE,False,True,False,True,17
620,596597,16,17,G,M,MOE,False,True,False,True,17
621,596598,0,1,C,M,MOE,False,True,False,True,17
621,596598,1,2,A,M,MOE,False,True,False,True,17
621,596598,2,3,G,C,cEt,False,False,True,True,17
621,596598,3,4,G,C,cEt,False,False,True,True,17
621,596598,4,5,A,d,DNA,True,False,False,False,17
621,596598,5,6,T,d,DNA,True,False,False,False,17
621,596598,6,7,A,d,DNA,True,False,False,False,17
621,596598,7,8,C,d,DNA,True,False,False,False,17
621,596598,8,9,A,d,DNA,True,False,False,False,17
621,596598,9,10,T,d,DNA,True,False,False,False,17
621,596598,10,11,T,d,DNA,True,False,False,False,17
621,596598,11,12,T,d,DNA,True,False,False,False,17
621,596598,12,13,C,C,cEt,False,False,True,True,17
621,596598,13,14,T,C,cEt,False,False,True,True,17
621,596598,14,15,A,M,MOE,False,True,False,True,17
621,596598,15,16,C,M,MOE,False,True,False,True,17
621,596598,16,17,A,M,MOE,False,True,False,True,17
622,596599,0,1,T,M,MOE,False,True,False,True,17
622,596599,1,2,T,M,MOE,False,True,False,True,17
622,596599,2,3,A,C,cEt,False,False,True,True,17
622,596599,3,4,T,C,cEt,False,False,True,True,17
622,596599,4,5,C,d,DNA,True,False,False,False,17
622,596599,5,6,A,d,DNA,True,False,False,False,17
622,596599,6,7,G,d,DNA,True,False,False,False,17
622,596599,7,8,G,d,DNA,True,False,False,False,17
622,596599,8,9,A,d,DNA,True,False,False,False,17
622,596599,9,10,T,d,DNA,True,False,False,False,17
622,596599,10,11,A,d,DNA,True,False,False,False,17
622,596599,11,12,C,d,DNA,True,False,False,False,17
622,596599,12,13,A,C,cEt,False,False,True,True,17
622,596599,13,14,T,C,cEt,False,False,True,True,17
622,596599,14,15,T,M,MOE,False,True,False,True,17
622,596599,15,16,T,M,MOE,False,True,False,True,17
622,596599,16,17,C,M,MOE,False,True,False,True,17
623,596600,0,1,G,M,MOE,False,True,False,True,17
623,596600,1,2,T,M,MOE,False,True,False,True,17
623,596600,2,3,T,C,cEt,False,False,True,True,17
623,596600,3,4,T,C,cEt,False,False,True,True,17
623,596600,4,5,A,d,DNA,True,False,False,False,17
623,596600,5,6,T,d,DNA,True,False,False,False,17
623,596600,6,7,C,d,DNA,True,False,False,False,17
623,596600,7,8,A,d,DNA,True,False,False,False,17
623,596600,8,9,G,d,DNA,True,False,False,False,17
623,596600,9,10,G,d,DNA,True,False,False,False,17
623,596600,10,11,A,d,DNA,True,False,False,False,17
623,596600,11,12,T,d,DNA,True,False,False,False,17
623,596600,12,13,A,C,cEt,False,False,True,True,17
623,596600,13,14,C,C,cEt,False,False,True,True,17
623,596600,14,15,A,M,MOE,False,True,False,True,17
623,596600,15,16,T,M,MOE,False,True,False,True,17
623,596600,16,17,T,M,MOE,False,True,False,True,17
624,596601,0,1,T,M,MOE,False,True,False,True,17
624,596601,1,2,G,M,MOE,False,True,False,True,17
624,596601,2,3,T,C,cEt,False,False,True,True,17
624,596601,3,4,T,C,cEt,False,False,True,True,17
624,596601,4,5,T,d,DNA,True,False,False,False,17
624,596601,5,6,A,d,DNA,True,False,False,False,17
624,596601,6,7,T,d,DNA,True,False,False,False,17
624,596601,7,8,C,d,DNA,True,False,False,False,17
624,596601,8,9,A,d,DNA,True,False,False,False,17
624,596601,9,10,G,d,DNA,True,False,False,False,17
624,596601,10,11,G,d,DNA,True,False,False,False,17
624,596601,11,12,A,d,DNA,True,False,False,False,17
624,596601,12,13,T,C,cEt,False,False,True,True,17
624,596601,13,14,A,C,cEt,False,False,True,True,17
624,596601,14,15,C,M,MOE,False,True,False,True,17
624,596601,15,16,A,M,MOE,False,True,False,True,17
624,596601,16,17,T,M,MOE,False,True,False,True,17
625,596602,0,1,A,M,MOE,False,True,False,True,17
625,596602,1,2,T,M,MOE,False,True,False,True,17
625,596602,2,3,G,C,cEt,False,False,True,True,17
625,596602,3,4,T,C,cEt,False,False,True,True,17
625,596602,4,5,T,d,DNA,True,False,False,False,17
625,596602,5,6,T,d,DNA,True,False,False,False,17
625,596602,6,7,A,d,DNA,True,False,False,False,17
625,596602,7,8,T,d,DNA,True,False,False,False,17
625,596602,8,9,C,d,DNA,True,False,False,False,17
625,596602,9,10,A,d,DNA,True,False,False,False,17
625,596602,10,11,G,d,DNA,True,False,False,False,17
625,596602,11,12,G,d,DNA,True,False,False,False,17
625,596602,12,13,A,C,cEt,False,False,True,True,17
625,596602,13,14,T,C,cEt,False,False,True,True,17
625,596602,14,15,A,M,MOE,False,True,False,True,17
625,596602,15,16,C,M,MOE,False,True,False,True,17
625,596602,16,17,A,M,MOE,False,True,False,True,17
626,596603,0,1,A,M,MOE,False,True,False,True,17
626,596603,1,2,A,M,MOE,False,True,False,True,17
626,596603,2,3,T,C,cEt,False,False,True,True,17
626,596603,3,4,G,C,cEt,False,False,True,True,17
626,596603,4,5,T,d,DNA,True,False,False,False,17
626,596603,5,6,T,d,DNA,True,False,False,False,17
626,596603,6,7,T,d,DNA,True,False,False,False,17
626,596603,7,8,A,d,DNA,True,False,False,False,17
626,596603,8,9,T,d,DNA,True,False,False,False,17
626,596603,9,10,C,d,DNA,True,False,False,False,17
626,596603,10,11,A,d,DNA,True,False,False,False,17
626,596603,11,12,G,d,DNA,True,False,False,False,17
626,596603,12,13,G,C,cEt,False,False,True,True,17
626,596603,13,14,A,C,cEt,False,False,True,True,17
626,596603,14,15,T,M,MOE,False,True,False,True,17
626,596603,15,16,A,M,MOE,False,True,False,True,17
626,596603,16,17,C,M,MOE,False,True,False,True,17
627,596604,0,1,T,M,MOE,False,True,False,True,17
627,596604,1,2,A,M,MOE,False,True,False,True,17
627,596604,2,3,A,C,cEt,False,False,True,True,17
627,596604,3,4,T,C,cEt,False,False,True,True,17
627,596604,4,5,G,d,DNA,True,False,False,False,17
627,596604,5,6,T,d,DNA,True,False,False,False,17
627,596604,6,7,T,d,DNA,True,False,False,False,17
627,596604,7,8,T,d,DNA,True,False,False,False,17
627,596604,8,9,A,d,DNA,True,False,False,False,17
627,596604,9,10,T,d,DNA,True,False,False,False,17
627,596604,10,11,C,d,DNA,True,False,False,False,17
627,596604,11,12,A,d,DNA,True,False,False,False,17
627,596604,12,13,G,C,cEt,False,False,True,True,17
627,596604,13,14,G,C,cEt,False,False,True,True,17
627,596604,14,15,A,M,MOE,False,True,False,True,17
627,596604,15,16,T,M,MOE,False,True,False,True,17
627,596604,16,17,A,M,MOE,False,True,False,True,17
628,596605,0,1,T,M,MOE,False,True,False,True,17
628,596605,1,2,T,M,MOE,False,True,False,True,17
628,596605,2,3,A,C,cEt,False,False,True,True,17
628,596605,3,4,A,C,cEt,False,False,True,True,17
628,596605,4,5,T,d,DNA,True,False,False,False,17
628,596605,5,6,G,d,DNA,True,False,False,False,17
628,596605,6,7,T,d,DNA,True,False,False,False,17
628,596605,7,8,T,d,DNA,True,False,False,False,17
628,596605,8,9,T,d,DNA,True,False,False,False,17
628,596605,9,10,A,d,DNA,True,False,False,False,17
628,596605,10,11,T,d,DNA,True,False,False,False,17
628,596605,11,12,C,d,DNA,True,False,False,False,17
628,596605,12,13,A,C,cEt,False,False,True,True,17
628,596605,13,14,G,C,cEt,False,False,True,True,17
628,596605,14,15,G,M,MOE,False,True,False,True,17
628,596605,15,16,A,M,MOE,False,True,False,True,17
628,596605,16,17,T,M,MOE,False,True,False,True,17
629,596606,0,1,G,M,MOE,False,True,False,True,17
629,596606,1,2,T,M,MOE,False,True,False,True,17
629,596606,2,3,T,C,cEt,False,False,True,True,17
629,596606,3,4,T,C,cEt,False,False,True,True,17
629,596606,4,5,A,d,DNA,True,False,False,False,17
629,596606,5,6,A,d,DNA,True,False,False,False,17
629,596606,6,7,T,d,DNA,True,False,False,False,17
629,596606,7,8,G,d,DNA,True,False,False,False,17
629,596606,8,9,T,d,DNA,True,False,False,False,17
629,596606,9,10,T,d,DNA,True,False,False,False,17
629,596606,10,11,T,d,DNA,True,False,False,False,17
629,596606,11,12,A,d,DNA,True,False,False,False,17
629,596606,12,13,T,C,cEt,False,False,True,True,17
629,596606,13,14,C,C,cEt,False,False,True,True,17
629,596606,14,15,A,M,MOE,False,True,False,True,17
629,596606,15,16,G,M,MOE,False,True,False,True,17
629,596606,16,17,G,M,MOE,False,True,False,True,17
630,596607,0,1,G,M,MOE,False,True,False,True,17
630,596607,1,2,T,M,MOE,False,True,False,True,17
630,596607,2,3,G,C,cEt,False,False,True,True,17
630,596607,3,4,T,C,cEt,False,False,True,True,17
630,596607,4,5,T,d,DNA,True,False,False,False,17
630,596607,5,6,T,d,DNA,True,False,False,False,17
630,596607,6,7,A,d,DNA,True,False,False,False,17
630,596607,7,8,A,d,DNA,True,False,False,False,17
630,596607,8,9,T,d,DNA,True,False,False,False,17
630,596607,9,10,G,d,DNA,True,False,False,False,17
630,596607,10,11,T,d,DNA,True,False,False,False,17
630,596607,11,12,T,d,DNA,True,False,False,False,17
630,596607,12,13,T,C,cEt,False,False,True,True,17
630,596607,13,14,A,C,cEt,False,False,True,True,17
630,596607,14,15,T,M,MOE,False,True,False,True,17
630,596607,15,16,C,M,MOE,False,True,False,True,17
630,596607,16,17,A,M,MOE,False,True,False,True,17
631,596608,0,1,A,M,MOE,False,True,False,True,17
631,596608,1,2,G,M,MOE,False,True,False,True,17
631,596608,2,3,T,C,cEt,False,False,True,True,17
631,596608,3,4,G,C,cEt,False,False,True,True,17
631,596608,4,5,T,d,DNA,True,False,False,False,17
631,596608,5,6,T,d,DNA,True,False,False,False,17
631,596608,6,7,T,d,DNA,True,False,False,False,17
631,596608,7,8,A,d,DNA,True,False,False,False,17
631,596608,8,9,A,d,DNA,True,False,False,False,17
631,596608,9,10,T,d,DNA,True,False,False,False,17
631,596608,10,11,G,d,DNA,True,False,False,False,17
631,596608,11,12,T,d,DNA,True,False,False,False,17
631,596608,12,13,T,C,cEt,False,False,True,True,17
631,596608,13,14,T,C,cEt,False,False,True,True,17
631,596608,14,15,A,M,MOE,False,True,False,True,17
631,596608,15,16,T,M,MOE,False,True,False,True,17
631,596608,16,17,C,M,MOE,False,True,False,True,17
632,596609,0,1,C,M,MOE,False,True,False,True,17
632,596609,1,2,A,M,MOE,False,True,False,True,17
632,596609,2,3,G,C,cEt,False,False,True,True,17
632,596609,3,4,T,C,cEt,False,False,True,True,17
632,596609,4,5,G,d,DNA,True,False,False,False,17
632,596609,5,6,T,d,DNA,True,False,False,False,17
632,596609,6,7,T,d,DNA,True,False,False,False,17
632,596609,7,8,T,d,DNA,True,False,False,False,17
632,596609,8,9,A,d,DNA,True,False,False,False,17
632,596609,9,10,A,d,DNA,True,False,False,False,17
632,596609,10,11,T,d,DNA,True,False,False,False,17
632,596609,11,12,G,d,DNA,True,False,False,False,17
632,596609,12,13,T,C,cEt,False,False,True,True,17
632,596609,13,14,T,C,cEt,False,False,True,True,17
632,596609,14,15,T,M,MOE,False,True,False,True,17
632,596609,15,16,A,M,MOE,False,True,False,True,17
632,596609,16,17,T,M,MOE,False,True,False,True,17
633,596610,0,1,A,M,MOE,False,True,False,True,17
633,596610,1,2,C,M,MOE,False,True,False,True,17
633,596610,2,3,A,C,cEt,False,False,True,True,17
633,596610,3,4,G,C,cEt,False,False,True,True,17
633,596610,4,5,T,d,DNA,True,False,False,False,17
633,596610,5,6,G,d,DNA,True,False,False,False,17
633,596610,6,7,T,d,DNA,True,False,False,False,17
633,596610,7,8,T,d,DNA,True,False,False,False,17
633,596610,8,9,T,d,DNA,True,False,False,False,17
633,596610,9,10,A,d,DNA,True,False,False,False,17
633,596610,10,11,A,d,DNA,True,False,False,False,17
633,596610,11,12,T,d,DNA,True,False,False,False,17
633,596610,12,13,G,C,cEt,False,False,True,True,17
633,596610,13,14,T,C,cEt,False,False,True,True,17
633,596610,14,15,T,M,MOE,False,True,False,True,17
633,596610,15,16,T,M,MOE,False,True,False,True,17
633,596610,16,17,A,M,MOE,False,True,False,True,17
634,596611,0,1,G,M,MOE,False,True,False,True,17
634,596611,1,2,A,M,MOE,False,True,False,True,17
634,596611,2,3,T,C,cEt,False,False,True,True,17
634,596611,3,4,T,C,cEt,False,False,True,True,17
634,596611,4,5,A,d,DNA,True,False,False,False,17
634,596611,5,6,C,d,DNA,True,False,False,False,17
634,596611,6,7,A,d,DNA,True,False,False,False,17
634,596611,7,8,G,d,DNA,True,False,False,False,17
634,596611,8,9,T,d,DNA,True,False,False,False,17
634,596611,9,10,G,d,DNA,True,False,False,False,17
634,596611,10,11,T,d,DNA,True,False,False,False,17
634,596611,11,12,T,d,DNA,True,False,False,False,17
634,596611,12,13,T,C,cEt,False,False,True,True,17
634,596611,13,14,A,C,cEt,False,False,True,True,17
634,596611,14,15,A,M,MOE,False,True,False,True,17
634,596611,15,16,T,M,MOE,False,True,False,True,17
634,596611,16,17,G,M,MOE,False,True,False,True,17
635,596612,0,1,A,M,MOE,False,True,False,True,17
635,596612,1,2,G,M,MOE,False,True,False,True,17
635,596612,2,3,A,C,cEt,False,False,True,True,17
635,596612,3,4,T,C,cEt,False,False,True,True,17
635,596612,4,5,T,d,DNA,True,False,False,False,17
635,596612,5,6,A,d,DNA,True,False,False,False,17
635,596612,6,7,C,d,DNA,True,False,False,False,17
635,596612,7,8,A,d,DNA,True,False,False,False,17
635,596612,8,9,G,d,DNA,True,False,False,False,17
635,596612,9,10,T,d,DNA,True,False,False,False,17
635,596612,10,11,G,d,DNA,True,False,False,False,17
635,596612,11,12,T,d,DNA,True,False,False,False,17
635,596612,12,13,T,C,cEt,False,False,True,True,17
635,596612,13,14,T,C,cEt,False,False,True,True,17
635,596612,14,15,A,M,MOE,False,True,False,True,17
635,596612,15,16,A,M,MOE,False,True,False,True,17
635,596612,16,17,T,M,MOE,False,True,False,True,17
636,596613,0,1,C,M,MOE,False,True,False,True,17
636,596613,1,2,T,M,MOE,False,True,False,True,17
636,596613,2,3,T,C,cEt,False,False,True,True,17
636,596613,3,4,T,C,cEt,False,False,True,True,17
636,596613,4,5,T,d,DNA,True,False,False,False,17
636,596613,5,6,A,d,DNA,True,False,False,False,17
636,596613,6,7,A,d,DNA,True,False,False,False,17
636,596613,7,8,G,d,DNA,True,False,False,False,17
636,596613,8,9,A,d,DNA,True,False,False,False,17
636,596613,9,10,T,d,DNA,True,False,False,False,17
636,596613,10,11,T,d,DNA,True,False,False,False,17
636,596613,11,12,A,d,DNA,True,False,False,False,17
636,596613,12,13,C,C,cEt,False,False,True,True,17
636,596613,13,14,A,C,cEt,False,False,True,True,17
636,596613,14,15,G,M,MOE,False,True,False,True,17
636,596613,15,16,T,M,MOE,False,True,False,True,17
636,596613,16,17,G,M,MOE,False,True,False,True,17
637,596614,0,1,C,M,MOE,False,True,False,True,17
637,596614,1,2,A,M,MOE,False,True,False,True,17
637,596614,2,3,C,C,cEt,False,False,True,True,17
637,596614,3,4,T,C,cEt,False,False,True,True,17
637,596614,4,5,T,d,DNA,True,False,False,False,17
637,596614,5,6,T,d,DNA,True,False,False,False,17
637,596614,6,7,T,d,DNA,True,False,False,False,17
637,596614,7,8,A,d,DNA,True,False,False,False,17
637,596614,8,9,A,d,DNA,True,False,False,False,17
637,596614,9,10,G,d,DNA,True,False,False,False,17
637,596614,10,11,A,d,DNA,True,False,False,False,17
637,596614,11,12,T,d,DNA,True,False,False,False,17
637,596614,12,13,T,C,cEt,False,False,True,True,17
637,596614,13,14,A,C,cEt,False,False,True,True,17
637,596614,14,15,C,M,MOE,False,True,False,True,17
637,596614,15,16,A,M,MOE,False,True,False,True,17
637,596614,16,17,G,M,MOE,False,True,False,True,17
638,596615,0,1,T,M,MOE,False,True,False,True,17
638,596615,1,2,C,M,MOE,False,True,False,True,17
638,596615,2,3,A,C,cEt,False,False,True,True,17
638,596615,3,4,C,C,cEt,False,False,True,True,17
638,596615,4,5,A,d,DNA,True,False,False,False,17
638,596615,5,6,C,d,DNA,True,False,False,False,17
638,596615,6,7,A,d,DNA,True,False,False,False,17
638,596615,7,8,A,d,DNA,True,False,False,False,17
638,596615,8,9,T,d,DNA,True,False,False,False,17
638,596615,9,10,T,d,DNA,True,False,False,False,17
638,596615,10,11,A,d,DNA,True,False,False,False,17
638,596615,11,12,C,d,DNA,True,False,False,False,17
638,596615,12,13,A,C,cEt,False,False,True,True,17
638,596615,13,14,C,C,cEt,False,False,True,True,17
638,596615,14,15,T,M,MOE,False,True,False,True,17
638,596615,15,16,T,M,MOE,False,True,False,True,17
638,596615,16,17,T,M,MOE,False,True,False,True,17
639,596616,0,1,G,M,MOE,False,True,False,True,17
639,596616,1,2,T,M,MOE,False,True,False,True,17
639,596616,2,3,C,C,cEt,False,False,True,True,17
639,596616,3,4,A,C,cEt,False,False,True,True,17
639,596616,4,5,C,d,DNA,True,False,False,False,17
639,596616,5,6,A,d,DNA,True,False,False,False,17
639,596616,6,7,C,d,DNA,True,False,False,False,17
639,596616,7,8,A,d,DNA,True,False,False,False,17
639,596616,8,9,A,d,DNA,True,False,False,False,17
639,596616,9,10,T,d,DNA,True,False,False,False,17
639,596616,10,11,T,d,DNA,True,False,False,False,17
639,596616,11,12,A,d,DNA,True,False,False,False,17
639,596616,12,13,C,C,cEt,False,False,True,True,17
639,596616,13,14,A,C,cEt,False,False,True,True,17
639,596616,14,15,C,M,MOE,False,True,False,True,17
639,596616,15,16,T,M,MOE,False,True,False,True,17
639,596616,16,17,T,M,MOE,False,True,False,True,17
640,596617,0,1,A,M,MOE,False,True,False,True,17
640,596617,1,2,A,M,MOE,False,True,False,True,17
640,596617,2,3,G,C,cEt,False,False,True,True,17
640,596617,3,4,T,C,cEt,False,False,True,True,17
640,596617,4,5,C,d,DNA,True,False,False,False,17
640,596617,5,6,A,d,DNA,True,False,False,False,17
640,596617,6,7,C,d,DNA,True,False,False,False,17
640,596617,7,8,A,d,DNA,True,False,False,False,17
640,596617,8,9,C,d,DNA,True,False,False,False,17
640,596617,9,10,A,d,DNA,True,False,False,False,17
640,596617,10,11,A,d,DNA,True,False,False,False,17
640,596617,11,12,T,d,DNA,True,False,False,False,17
640,596617,12,13,T,C,cEt,False,False,True,True,17
640,596617,13,14,A,C,cEt,False,False,True,True,17
640,596617,14,15,C,M,MOE,False,True,False,True,17
640,596617,15,16,A,M,MOE,False,True,False,True,17
640,596617,16,17,C,M,MOE,False,True,False,True,17
641,596618,0,1,A,M,MOE,False,True,False,True,17
641,596618,1,2,G,M,MOE,False,True,False,True,17
641,596618,2,3,G,C,cEt,False,False,True,True,17
641,596618,3,4,T,C,cEt,False,False,True,True,17
641,596618,4,5,A,d,DNA,True,False,False,False,17
641,596618,5,6,C,d,DNA,True,False,False,False,17
641,596618,6,7,T,d,DNA,True,False,False,False,17
641,596618,7,8,T,d,DNA,True,False,False,False,17
641,596618,8,9,T,d,DNA,True,False,False,False,17
641,596618,9,10,A,d,DNA,True,False,False,False,17
641,596618,10,11,A,d,DNA,True,False,False,False,17
641,596618,11,12,A,d,DNA,True,False,False,False,17
641,596618,12,13,G,C,cEt,False,False,True,True,17
641,596618,13,14,C,C,cEt,False,False,True,True,17
641,596618,14,15,A,M,MOE,False,True,False,True,17
641,596618,15,16,A,M,MOE,False,True,False,True,17
641,596618,16,17,C,M,MOE,False,True,False,True,17
642,596619,0,1,A,M,MOE,False,True,False,True,17
642,596619,1,2,C,M,MOE,False,True,False,True,17
642,596619,2,3,A,C,cEt,False,False,True,True,17
642,596619,3,4,G,C,cEt,False,False,True,True,17
642,596619,4,5,G,d,DNA,True,False,False,False,17
642,596619,5,6,T,d,DNA,True,False,False,False,17
642,596619,6,7,A,d,DNA,True,False,False,False,17
642,596619,7,8,C,d,DNA,True,False,False,False,17
642,596619,8,9,T,d,DNA,True,False,False,False,17
642,596619,9,10,T,d,DNA,True,False,False,False,17
642,596619,10,11,T,d,DNA,True,False,False,False,17
642,596619,11,12,A,d,DNA,True,False,False,False,17
642,596619,12,13,A,C,cEt,False,False,True,True,17
642,596619,13,14,A,C,cEt,False,False,True,True,17
642,596619,14,15,G,M,MOE,False,True,False,True,17
642,596619,15,16,C,M,MOE,False,True,False,True,17
642,596619,16,17,A,M,MOE,False,True,False,True,17
643,596620,0,1,T,M,MOE,False,True,False,True,17
643,596620,1,2,A,M,MOE,False,True,False,True,17
643,596620,2,3,C,C,cEt,False,False,True,True,17
643,596620,3,4,A,C,cEt,False,False,True,True,17
643,596620,4,5,G,d,DNA,True,False,False,False,17
643,596620,5,6,G,d,DNA,True,False,False,False,17
643,596620,6,7,T,d,DNA,True,False,False,False,17
643,596620,7,8,A,d,DNA,True,False,False,False,17
643,596620,8,9,C,d,DNA,True,False,False,False,17
643,596620,9,10,T,d,DNA,True,False,False,False,17
643,596620,10,11,T,d,DNA,True,False,False,False,17
643,596620,11,12,T,d,DNA,True,False,False,False,17
643,596620,12,13,A,C,cEt,False,False,True,True,17
643,596620,13,14,A,C,cEt,False,False,True,True,17
643,596620,14,15,A,M,MOE,False,True,False,True,17
643,596620,15,16,G,M,MOE,False,True,False,True,17
643,596620,16,17,C,M,MOE,False,True,False,True,17
644,596621,0,1,C,M,MOE,False,True,False,True,17
644,596621,1,2,T,M,MOE,False,True,False,True,17
644,596621,2,3,A,C,cEt,False,False,True,True,17
644,596621,3,4,C,C,cEt,False,False,True,True,17
644,596621,4,5,A,d,DNA,True,False,False,False,17
644,596621,5,6,G,d,DNA,True,False,False,False,17
644,596621,6,7,G,d,DNA,True,False,False,False,17
644,596621,7,8,T,d,DNA,True,False,False,False,17
644,596621,8,9,A,d,DNA,True,False,False,False,17
644,596621,9,10,C,d,DNA,True,False,False,False,17
644,596621,10,11,T,d,DNA,True,False,False,False,17
644,596621,11,12,T,d,DNA,True,False,False,False,17
644,596621,12,13,T,C,cEt,False,False,True,True,17
644,596621,13,14,A,C,cEt,False,False,True,True,17
644,596621,14,15,A,M,MOE,False,True,False,True,17
644,596621,15,16,A,M,MOE,False,True,False,True,17
644,596621,16,17,G,M,MOE,False,True,False,True,17
645,596622,0,1,C,M,MOE,False,True,False,True,17
645,596622,1,2,A,M,MOE,False,True,False,True,17
645,596622,2,3,C,C,cEt,False,False,True,True,17
645,596622,3,4,T,C,cEt,False,False,True,True,17
645,596622,4,5,A,d,DNA,True,False,False,False,17
645,596622,5,6,C,d,DNA,True,False,False,False,17
645,596622,6,7,A,d,DNA,True,False,False,False,17
645,596622,7,8,G,d,DNA,True,False,False,False,17
645,596622,8,9,G,d,DNA,True,False,False,False,17
645,596622,9,10,T,d,DNA,True,False,False,False,17
645,596622,10,11,A,d,DNA,True,False,False,False,17
645,596622,11,12,C,d,DNA,True,False,False,False,17
645,596622,12,13,T,C,cEt,False,False,True,True,17
645,596622,13,14,T,C,cEt,False,False,True,True,17
645,596622,14,15,T,M,MOE,False,True,False,True,17
645,596622,15,16,A,M,MOE,False,True,False,True,17
645,596622,16,17,A,M,MOE,False,True,False,True,17
646,596623,0,1,T,M,MOE,False,True,False,True,17
646,596623,1,2,C,M,MOE,False,True,False,True,17
646,596623,2,3,A,C,cEt,False,False,True,True,17
646,596623,3,4,C,C,cEt,False,False,True,True,17
646,596623,4,5,T,d,DNA,True,False,False,False,17
646,596623,5,6,A,d,DNA,True,False,False,False,17
646,596623,6,7,C,d,DNA,True,False,False,False,17
646,596623,7,8,A,d,DNA,True,False,False,False,17
646,596623,8,9,G,d,DNA,True,False,False,False,17
646,596623,9,10,G,d,DNA,True,False,False,False,17
646,596623,10,11,T,d,DNA,True,False,False,False,17
646,596623,11,12,A,d,DNA,True,False,False,False,17
646,596623,12,13,C,C,cEt,False,False,True,True,17
646,596623,13,14,T,C,cEt,False,False,True,True,17
646,596623,14,15,T,M,MOE,False,True,False,True,17
646,596623,15,16,T,M,MOE,False,True,False,True,17
646,596623,16,17,A,M,MOE,False,True,False,True,17
647,596624,0,1,C,M,MOE,False,True,False,True,17
647,596624,1,2,T,M,MOE,False,True,False,True,17
647,596624,2,3,C,C,cEt,False,False,True,True,17
647,596624,3,4,A,C,cEt,False,False,True,True,17
647,596624,4,5,C,d,DNA,True,False,False,False,17
647,596624,5,6,T,d,DNA,True,False,False,False,17
647,596624,6,7,A,d,DNA,True,False,False,False,17
647,596624,7,8,C,d,DNA,True,False,False,False,17
647,596624,8,9,A,d,DNA,True,False,False,False,17
647,596624,9,10,G,d,DNA,True,False,False,False,17
647,596624,10,11,G,d,DNA,True,False,False,False,17
647,596624,11,12,T,d,DNA,True,False,False,False,17
647,596624,12,13,A,C,cEt,False,False,True,True,17
647,596624,13,14,C,C,cEt,False,False,True,True,17
647,596624,14,15,T,M,MOE,False,True,False,True,17
647,596624,15,16,T,M,MOE,False,True,False,True,17
647,596624,16,17,T,M,MOE,False,True,False,True,17
648,596625,0,1,T,M,MOE,False,True,False,True,17
648,596625,1,2,C,M,MOE,False,True,False,True,17
648,596625,2,3,T,C,cEt,False,False,True,True,17
648,596625,3,4,C,C,cEt,False,False,True,True,17
648,596625,4,5,A,d,DNA,True,False,False,False,17
648,596625,5,6,C,d,DNA,True,False,False,False,17
648,596625,6,7,T,d,DNA,True,False,False,False,17
648,596625,7,8,A,d,DNA,True,False,False,False,17
648,596625,8,9,C,d,DNA,True,False,False,False,17
648,596625,9,10,A,d,DNA,True,False,False,False,17
648,596625,10,11,G,d,DNA,True,False,False,False,17
648,596625,11,12,G,d,DNA,True,False,False,False,17
648,596625,12,13,T,C,cEt,False,False,True,True,17
648,596625,13,14,A,C,cEt,False,False,True,True,17
648,596625,14,15,C,M,MOE,False,True,False,True,17
648,596625,15,16,T,M,MOE,False,True,False,True,17
648,596625,16,17,T,M,MOE,False,True,False,True,17
649,596626,0,1,T,M,MOE,False,True,False,True,17
649,596626,1,2,T,M,MOE,False,True,False,True,17
649,596626,2,3,C,C,cEt,False,False,True,True,17
649,596626,3,4,T,C,cEt,False,False,True,True,17
649,596626,4,5,C,d,DNA,True,False,False,False,17
649,596626,5,6,A,d,DNA,True,False,False,False,17
649,596626,6,7,C,d,DNA,True,False,False,False,17
649,596626,7,8,T,d,DNA,True,False,False,False,17
649,596626,8,9,A,d,DNA,True,False,False,False,17
649,596626,9,10,C,d,DNA,True,False,False,False,17
649,596626,10,11,A,d,DNA,True,False,False,False,17
649,596626,11,12,G,d,DNA,True,False,False,False,17
649,596626,12,13,G,C,cEt,False,False,True,True,17
649,596626,13,14,T,C,cEt,False,False,True,True,17
649,596626,14,15,A,M,MOE,False,True,False,True,17
649,596626,15,16,C,M,MOE,False,True,False,True,17
649,596626,16,17,T,M,MOE,False,True,False,True,17
650,596627,0,1,T,M,MOE,False,True,False,True,17
650,596627,1,2,T,M,MOE,False,True,False,True,17
650,596627,2,3,T,C,cEt,False,False,True,True,17
650,596627,3,4,C,C,cEt,False,False,True,True,17
650,596627,4,5,T,d,DNA,True,False,False,False,17
650,596627,5,6,C,d,DNA,True,False,False,False,17
650,596627,6,7,A,d,DNA,True,False,False,False,17
650,596627,7,8,C,d,DNA,True,False,False,False,17
650,596627,8,9,T,d,DNA,True,False,False,False,17
650,596627,9,10,A,d,DNA,True,False,False,False,17
650,596627,10,11,C,d,DNA,True,False,False,False,17
650,596627,11,12,A,d,DNA,True,False,False,False,17
650,596627,12,13,G,C,cEt,False,False,True,True,17
650,596627,13,14,G,C,cEt,False,False,True,True,17
650,596627,14,15,T,M,MOE,False,True,False,True,17
650,596627,15,16,A,M,MOE,False,True,False,True,17
650,596627,16,17,C,M,MOE,False,True,False,True,17
651,596628,0,1,G,M,MOE,False,True,False,True,17
651,596628,1,2,T,M,MOE,False,True,False,True,17
651,596628,2,3,T,C,cEt,False,False,True,True,17
651,596628,3,4,T,C,cEt,False,False,True,True,17
651,596628,4,5,C,d,DNA,True,False,False,False,17
651,596628,5,6,T,d,DNA,True,False,False,False,17
651,596628,6,7,C,d,DNA,True,False,False,False,17
651,596628,7,8,A,d,DNA,True,False,False,False,17
651,596628,8,9,C,d,DNA,True,False,False,False,17
651,596628,9,10,T,d,DNA,True,False,False,False,17
651,596628,10,11,A,d,DNA,True,False,False,False,17
651,596628,11,12,C,d,DNA,True,False,False,False,17
651,596628,12,13,A,C,cEt,False,False,True,True,17
651,596628,13,14,G,C,cEt,False,False,True,True,17
651,596628,14,15,G,M,MOE,False,True,False,True,17
651,596628,15,16,T,M,MOE,False,True,False,True,17
651,596628,16,17,A,M,MOE,False,True,False,True,17
652,596629,0,1,A,M,MOE,False,True,False,True,17
652,596629,1,2,G,M,MOE,False,True,False,True,17
652,596629,2,3,T,C,cEt,False,False,True,True,17
652,596629,3,4,T,C,cEt,False,False,True,True,17
652,596629,4,5,T,d,DNA,True,False,False,False,17
652,596629,5,6,C,d,DNA,True,False,False,False,17
652,596629,6,7,T,d,DNA,True,False,False,False,17
652,596629,7,8,C,d,DNA,True,False,False,False,17
652,596629,8,9,A,d,DNA,True,False,False,False,17
652,596629,9,10,C,d,DNA,True,False,False,False,17
652,596629,10,11,T,d,DNA,True,False,False,False,17
652,596629,11,12,A,d,DNA,True,False,False,False,17
652,596629,12,13,C,C,cEt,False,False,True,True,17
652,596629,13,14,A,C,cEt,False,False,True,True,17
652,596629,14,15,G,M,MOE,False,True,False,True,17
652,596629,15,16,G,M,MOE,False,True,False,True,17
652,596629,16,17,T,M,MOE,False,True,False,True,17
653,596630,0,1,C,M,MOE,False,True,False,True,17
653,596630,1,2,A,M,MOE,False,True,False,True,17
653,596630,2,3,G,C,cEt,False,False,True,True,17
653,596630,3,4,T,C,cEt,False,False,True,True,17
653,596630,4,5,T,d,DNA,True,False,False,False,17
653,596630,5,6,T,d,DNA,True,False,False,False,17
653,596630,6,7,C,d,DNA,True,False,False,False,17
653,596630,7,8,T,d,DNA,True,False,False,False,17
653,596630,8,9,C,d,DNA,True,False,False,False,17
653,596630,9,10,A,d,DNA,True,False,False,False,17
653,596630,10,11,C,d,DNA,True,False,False,False,17
653,596630,11,12,T,d,DNA,True,False,False,False,17
653,596630,12,13,A,C,cEt,False,False,True,True,17
653,596630,13,14,C,C,cEt,False,False,True,True,17
653,596630,14,15,A,M,MOE,False,True,False,True,17
653,596630,15,16,G,M,MOE,False,True,False,True,17
653,596630,16,17,G,M,MOE,False,True,False,True,17
654,596631,0,1,T,M,MOE,False,True,False,True,17
654,596631,1,2,C,M,MOE,False,True,False,True,17
654,596631,2,3,A,C,cEt,False,False,True,True,17
654,596631,3,4,G,C,cEt,False,False,True,True,17
654,596631,4,5,T,d,DNA,True,False,False,False,17
654,596631,5,6,T,d,DNA,True,False,False,False,17
654,596631,6,7,T,d,DNA,True,False,False,False,17
654,596631,7,8,C,d,DNA,True,False,False,False,17
654,596631,8,9,T,d,DNA,True,False,False,False,17
654,596631,9,10,C,d,DNA,True,False,False,False,17
654,596631,10,11,A,d,DNA,True,False,False,False,17
654,596631,11,12,C,d,DNA,True,False,False,False,17
654,596631,12,13,T,C,cEt,False,False,True,True,17
654,596631,13,14,A,C,cEt,False,False,True,True,17
654,596631,14,15,C,M,MOE,False,True,False,True,17
654,596631,15,16,A,M,MOE,False,True,False,True,17
654,596631,16,17,G,M,MOE,False,True,False,True,17
655,596632,0,1,A,M,MOE,False,True,False,True,17
655,596632,1,2,T,M,MOE,False,True,False,True,17
655,596632,2,3,C,C,cEt,False,False,True,True,17
655,596632,3,4,A,C,cEt,False,False,True,True,17
655,596632,4,5,G,d,DNA,True,False,False,False,17
655,596632,5,6,T,d,DNA,True,False,False,False,17
655,596632,6,7,T,d,DNA,True,False,False,False,17
655,596632,7,8,T,d,DNA,True,False,False,False,17
655,596632,8,9,C,d,DNA,True,False,False,False,17
655,596632,9,10,T,d,DNA,True,False,False,False,17
655,596632,10,11,C,d,DNA,True,False,False,False,17
655,596632,11,12,A,d,DNA,True,False,False,False,17
655,596632,12,13,C,C,cEt,False,False,True,True,17
655,596632,13,14,T,C,cEt,False,False,True,True,17
655,596632,14,15,A,M,MOE,False,True,False,True,17
655,596632,15,16,C,M,MOE,False,True,False,True,17
655,596632,16,17,A,M,MOE,False,True,False,True,17
656,596633,0,1,A,M,MOE,False,True,False,True,17
656,596633,1,2,A,M,MOE,False,True,False,True,17
656,596633,2,3,T,C,cEt,False,False,True,True,17
656,596633,3,4,C,C,cEt,False,False,True,True,17
656,596633,4,5,A,d,DNA,True,False,False,False,17
656,596633,5,6,G,d,DNA,True,False,False,False,17
656,596633,6,7,T,d,DNA,True,False,False,False,17
656,596633,7,8,T,d,DNA,True,False,False,False,17
656,596633,8,9,T,d,DNA,True,False,False,False,17
656,596633,9,10,C,d,DNA,True,False,False,False,17
656,596633,10,11,T,d,DNA,True,False,False,False,17
656,596633,11,12,C,d,DNA,True,False,False,False,17
656,596633,12,13,A,C,cEt,False,False,True,True,17
656,596633,13,14,C,C,cEt,False,False,True,True,17
656,596633,14,15,T,M,MOE,False,True,False,True,17
656,596633,15,16,A,M,MOE,False,True,False,True,17
656,596633,16,17,C,M,MOE,False,True,False,True,17
657,596634,0,1,G,M,MOE,False,True,False,True,17
657,596634,1,2,A,M,MOE,False,True,False,True,17
657,596634,2,3,T,C,cEt,False,False,True,True,17
657,596634,3,4,C,C,cEt,False,False,True,True,17
657,596634,4,5,A,d,DNA,True,False,False,False,17
657,596634,5,6,T,d,DNA,True,False,False,False,17
657,596634,6,7,A,d,DNA,True,False,False,False,17
657,596634,7,8,A,d,DNA,True,False,False,False,17
657,596634,8,9,A,d,DNA,True,False,False,False,17
657,596634,9,10,T,d,DNA,True,False,False,False,17
657,596634,10,11,C,d,DNA,True,False,False,False,17
657,596634,11,12,A,d,DNA,True,False,False,False,17
657,596634,12,13,G,C,cEt,False,False,True,True,17
657,596634,13,14,T,C,cEt,False,False,True,True,17
657,596634,14,15,T,M,MOE,False,True,False,True,17
657,596634,15,16,T,M,MOE,False,True,False,True,17
657,596634,16,17,C,M,MOE,False,True,False,True,17
658,596635,0,1,T,M,MOE,False,True,False,True,17
658,596635,1,2,G,M,MOE,False,True,False,True,17
658,596635,2,3,A,C,cEt,False,False,True,True,17
658,596635,3,4,T,C,cEt,False,False,True,True,17
658,596635,4,5,C,d,DNA,True,False,False,False,17
658,596635,5,6,A,d,DNA,True,False,False,False,17
658,596635,6,7,T,d,DNA,True,False,False,False,17
658,596635,7,8,A,d,DNA,True,False,False,False,17
658,596635,8,9,A,d,DNA,True,False,False,False,17
658,596635,9,10,A,d,DNA,True,False,False,False,17
658,596635,10,11,T,d,DNA,True,False,False,False,17
658,596635,11,12,C,d,DNA,True,False,False,False,17
658,596635,12,13,A,C,cEt,False,False,True,True,17
658,596635,13,14,G,C,cEt,False,False,True,True,17
658,596635,14,15,T,M,MOE,False,True,False,True,17
658,596635,15,16,T,M,MOE,False,True,False,True,17
658,596635,16,17,T,M,MOE,False,True,False,True,17
659,596636,0,1,G,M,MOE,False,True,False,True,17
659,596636,1,2,T,M,MOE,False,True,False,True,17
659,596636,2,3,G,C,cEt,False,False,True,True,17
659,596636,3,4,A,C,cEt,False,False,True,True,17
659,596636,4,5,T,d,DNA,True,False,False,False,17
659,596636,5,6,C,d,DNA,True,False,False,False,17
659,596636,6,7,A,d,DNA,True,False,False,False,17
659,596636,7,8,T,d,DNA,True,False,False,False,17
659,596636,8,9,A,d,DNA,True,False,False,False,17
659,596636,9,10,A,d,DNA,True,False,False,False,17
659,596636,10,11,A,d,DNA,True,False,False,False,17
659,596636,11,12,T,d,DNA,True,False,False,False,17
659,596636,12,13,C,C,cEt,False,False,True,True,17
659,596636,13,14,A,C,cEt,False,False,True,True,17
659,596636,14,15,G,M,MOE,False,True,False,True,17
659,596636,15,16,T,M,MOE,False,True,False,True,17
659,596636,16,17,T,M,MOE,False,True,False,True,17
660,596637,0,1,A,M,MOE,False,True,False,True,17
660,596637,1,2,G,M,MOE,False,True,False,True,17
660,596637,2,3,T,C,cEt,False,False,True,True,17
660,596637,3,4,G,C,cEt,False,False,True,True,17
660,596637,4,5,A,d,DNA,True,False,False,False,17
660,596637,5,6,T,d,DNA,True,False,False,False,17
660,596637,6,7,C,d,DNA,True,False,False,False,17
660,596637,7,8,A,d,DNA,True,False,False,False,17
660,596637,8,9,T,d,DNA,True,False,False,False,17
660,596637,9,10,A,d,DNA,True,False,False,False,17
660,596637,10,11,A,d,DNA,True,False,False,False,17
660,596637,11,12,A,d,DNA,True,False,False,False,17
660,596637,12,13,T,C,cEt,False,False,True,True,17
660,596637,13,14,C,C,cEt,False,False,True,True,17
660,596637,14,15,A,M,MOE,False,True,False,True,17
660,596637,15,16,G,M,MOE,False,True,False,True,17
660,596637,16,17,T,M,MOE,False,True,False,True,17
661,596638,0,1,C,M,MOE,False,True,False,True,17
661,596638,1,2,A,M,MOE,False,True,False,True,17
661,596638,2,3,A,C,cEt,False,False,True,True,17
661,596638,3,4,G,C,cEt,False,False,True,True,17
661,596638,4,5,T,d,DNA,True,False,False,False,17
661,596638,5,6,G,d,DNA,True,False,False,False,17
661,596638,6,7,A,d,DNA,True,False,False,False,17
661,596638,7,8,T,d,DNA,True,False,False,False,17
661,596638,8,9,C,d,DNA,True,False,False,False,17
661,596638,9,10,A,d,DNA,True,False,False,False,17
661,596638,10,11,T,d,DNA,True,False,False,False,17
661,596638,11,12,A,d,DNA,True,False,False,False,17
661,596638,12,13,A,C,cEt,False,False,True,True,17
661,596638,13,14,A,C,cEt,False,False,True,True,17
661,596638,14,15,T,M,MOE,False,True,False,True,17
661,596638,15,16,C,M,MOE,False,True,False,True,17
661,596638,16,17,A,M,MOE,False,True,False,True,17
662,596639,0,1,C,M,MOE,False,True,False,True,17
662,596639,1,2,C,M,MOE,False,True,False,True,17
662,596639,2,3,A,C,cEt,False,False,True,True,17
662,596639,3,4,A,C,cEt,False,False,True,True,17
662,596639,4,5,G,d,DNA,True,False,False,False,17
662,596639,5,6,T,d,DNA,True,False,False,False,17
662,596639,6,7,G,d,DNA,True,False,False,False,17
662,596639,7,8,A,d,DNA,True,False,False,False,17
662,596639,8,9,T,d,DNA,True,False,False,False,17
662,596639,9,10,C,d,DNA,True,False,False,False,17
662,596639,10,11,A,d,DNA,True,False,False,False,17
662,596639,11,12,T,d,DNA,True,False,False,False,17
662,596639,12,13,A,C,cEt,False,False,True,True,17
662,596639,13,14,A,C,cEt,False,False,True,True,17
662,596639,14,15,A,M,MOE,False,True,False,True,17
662,596639,15,16,T,M,MOE,False,True,False,True,17
662,596639,16,17,C,M,MOE,False,True,False,True,17
663,596640,0,1,T,M,MOE,False,True,False,True,17
663,596640,1,2,C,M,MOE,False,True,False,True,17
663,596640,2,3,C,C,cEt,False,False,True,True,17
663,596640,3,4,A,C,cEt,False,False,True,True,17
663,596640,4,5,A,d,DNA,True,False,False,False,17
663,596640,5,6,G,d,DNA,True,False,False,False,17
663,596640,6,7,T,d,DNA,True,False,False,False,17
663,596640,7,8,G,d,DNA,True,False,False,False,17
663,596640,8,9,A,d,DNA,True,False,False,False,17
663,596640,9,10,T,d,DNA,True,False,False,False,17
663,596640,10,11,C,d,DNA,True,False,False,False,17
663,596640,11,12,A,d,DNA,True,False,False,False,17
663,596640,12,13,T,C,cEt,False,False,True,True,17
663,596640,13,14,A,C,cEt,False,False,True,True,17
663,596640,14,15,A,M,MOE,False,True,False,True,17
663,596640,15,16,A,M,MOE,False,True,False,True,17
663,596640,16,17,T,M,MOE,False,True,False,True,17
664,596641,0,1,C,M,MOE,False,True,False,True,17
664,596641,1,2,T,M,MOE,False,True,False,True,17
664,596641,2,3,T,C,cEt,False,False,True,True,17
664,596641,3,4,C,C,cEt,False,False,True,True,17
664,596641,4,5,C,d,DNA,True,False,False,False,17
664,596641,5,6,A,d,DNA,True,False,False,False,17
664,596641,6,7,A,d,DNA,True,False,False,False,17
664,596641,7,8,G,d,DNA,True,False,False,False,17
664,596641,8,9,T,d,DNA,True,False,False,False,17
664,596641,9,10,G,d,DNA,True,False,False,False,17
664,596641,10,11,A,d,DNA,True,False,False,False,17
664,596641,11,12,T,d,DNA,True,False,False,False,17
664,596641,12,13,C,C,cEt,False,False,True,True,17
664,596641,13,14,A,C,cEt,False,False,True,True,17
664,596641,14,15,T,M,MOE,False,True,False,True,17
664,596641,15,16,A,M,MOE,False,True,False,True,17
664,596641,16,17,A,M,MOE,False,True,False,True,17
665,596642,0,1,T,M,MOE,False,True,False,True,17
665,596642,1,2,C,M,MOE,False,True,False,True,17
665,596642,2,3,T,C,cEt,False,False,True,True,17
665,596642,3,4,T,C,cEt,False,False,True,True,17
665,596642,4,5,C,d,DNA,True,False,False,False,17
665,596642,5,6,C,d,DNA,True,False,False,False,17
665,596642,6,7,A,d,DNA,True,False,False,False,17
665,596642,7,8,A,d,DNA,True,False,False,False,17
665,596642,8,9,G,d,DNA,True,False,False,False,17
665,596642,9,10,T,d,DNA,True,False,False,False,17
665,596642,10,11,G,d,DNA,True,False,False,False,17
665,596642,11,12,A,d,DNA,True,False,False,False,17
665,596642,12,13,T,C,cEt,False,False,True,True,17
665,596642,13,14,C,C,cEt,False,False,True,True,17
665,596642,14,15,A,M,MOE,False,True,False,True,17
665,596642,15,16,T,M,MOE,False,True,False,True,17
665,596642,16,17,A,M,MOE,False,True,False,True,17
666,596643,0,1,A,M,MOE,False,True,False,True,17
666,596643,1,2,T,M,MOE,False,True,False,True,17
666,596643,2,3,C,C,cEt,False,False,True,True,17
666,596643,3,4,T,C,cEt,False,False,True,True,17
666,596643,4,5,T,d,DNA,True,False,False,False,17
666,596643,5,6,C,d,DNA,True,False,False,False,17
666,596643,6,7,C,d,DNA,True,False,False,False,17
666,596643,7,8,A,d,DNA,True,False,False,False,17
666,596643,8,9,A,d,DNA,True,False,False,False,17
666,596643,9,10,G,d,DNA,True,False,False,False,17
666,596643,10,11,T,d,DNA,True,False,False,False,17
666,596643,11,12,G,d,DNA,True,False,False,False,17
666,596643,12,13,A,C,cEt,False,False,True,True,17
666,596643,13,14,T,C,cEt,False,False,True,True,17
666,596643,14,15,C,M,MOE,False,True,False,True,17
666,596643,15,16,A,M,MOE,False,True,False,True,17
666,596643,16,17,T,M,MOE,False,True,False,True,17
667,596644,0,1,A,M,MOE,False,True,False,True,17
667,596644,1,2,A,M,MOE,False,True,False,True,17
667,596644,2,3,T,C,cEt,False,False,True,True,17
667,596644,3,4,C,C,cEt,False,False,True,True,17
667,596644,4,5,T,d,DNA,True,False,False,False,17
667,596644,5,6,T,d,DNA,True,False,False,False,17
667,596644,6,7,C,d,DNA,True,False,False,False,17
667,596644,7,8,C,d,DNA,True,False,False,False,17
667,596644,8,9,A,d,DNA,True,False,False,False,17
667,596644,9,10,A,d,DNA,True,False,False,False,17
667,596644,10,11,G,d,DNA,True,False,False,False,17
667,596644,11,12,T,d,DNA,True,False,False,False,17
667,596644,12,13,G,C,cEt,False,False,True,True,17
667,596644,13,14,A,C,cEt,False,False,True,True,17
667,596644,14,15,T,M,MOE,False,True,False,True,17
667,596644,15,16,C,M,MOE,False,True,False,True,17
667,596644,16,17,A,M,MOE,False,True,False,True,17
668,596645,0,1,A,M,MOE,False,True,False,True,17
668,596645,1,2,A,M,MOE,False,True,False,True,17
668,596645,2,3,A,C,cEt,False,False,True,True,17
668,596645,3,4,T,C,cEt,False,False,True,True,17
668,596645,4,5,C,d,DNA,True,False,False,False,17
668,596645,5,6,T,d,DNA,True,False,False,False,17
668,596645,6,7,T,d,DNA,True,False,False,False,17
668,596645,7,8,C,d,DNA,True,False,False,False,17
668,596645,8,9,C,d,DNA,True,False,False,False,17
668,596645,9,10,A,d,DNA,True,False,False,False,17
668,596645,10,11,A,d,DNA,True,False,False,False,17
668,596645,11,12,G,d,DNA,True,False,False,False,17
668,596645,12,13,T,C,cEt,False,False,True,True,17
668,596645,13,14,G,C,cEt,False,False,True,True,17
668,596645,14,15,A,M,MOE,False,True,False,True,17
668,596645,15,16,T,M,MOE,False,True,False,True,17
668,596645,16,17,C,M,MOE,False,True,False,True,17
669,596646,0,1,A,M,MOE,False,True,False,True,17
669,596646,1,2,A,M,MOE,False,True,False,True,17
669,596646,2,3,C,C,cEt,False,False,True,True,17
669,596646,3,4,T,C,cEt,False,False,True,True,17
669,596646,4,5,A,d,DNA,True,False,False,False,17
669,596646,5,6,T,d,DNA,True,False,False,False,17
669,596646,6,7,A,d,DNA,True,False,False,False,17
669,596646,7,8,C,d,DNA,True,False,False,False,17
669,596646,8,9,A,d,DNA,True,False,False,False,17
669,596646,9,10,A,d,DNA,True,False,False,False,17
669,596646,10,11,A,d,DNA,True,False,False,False,17
669,596646,11,12,T,d,DNA,True,False,False,False,17
669,596646,12,13,C,C,cEt,False,False,True,True,17
669,596646,13,14,T,C,cEt,False,False,True,True,17
669,596646,14,15,T,M,MOE,False,True,False,True,17
669,596646,15,16,C,M,MOE,False,True,False,True,17
669,596646,16,17,C,M,MOE,False,True,False,True,17
670,596647,0,1,A,M,MOE,False,True,False,True,17
670,596647,1,2,A,M,MOE,False,True,False,True,17
670,596647,2,3,A,C,cEt,False,False,True,True,17
670,596647,3,4,C,C,cEt,False,False,True,True,17
670,596647,4,5,T,d,DNA,True,False,False,False,17
670,596647,5,6,A,d,DNA,True,False,False,False,17
670,596647,6,7,T,d,DNA,True,False,False,False,17
670,596647,7,8,A,d,DNA,True,False,False,False,17
670,596647,8,9,C,d,DNA,True,False,False,False,17
670,596647,9,10,A,d,DNA,True,False,False,False,17
670,596647,10,11,A,d,DNA,True,False,False,False,17
670,596647,11,12,A,d,DNA,True,False,False,False,17
670,596647,12,13,T,C,cEt,False,False,True,True,17
670,596647,13,14,C,C,cEt,False,False,True,True,17
670,596647,14,15,T,M,MOE,False,True,False,True,17
670,596647,15,16,T,M,MOE,False,True,False,True,17
670,596647,16,17,C,M,MOE,False,True,False,True,17
671,596648,0,1,A,M,MOE,False,True,False,True,17
671,596648,1,2,G,M,MOE,False,True,False,True,17
671,596648,2,3,A,C,cEt,False,False,True,True,17
671,596648,3,4,C,C,cEt,False,False,True,True,17
671,596648,4,5,A,d,DNA,True,False,False,False,17
671,596648,5,6,T,d,DNA,True,False,False,False,17
671,596648,6,7,T,d,DNA,True,False,False,False,17
671,596648,7,8,T,d,DNA,True,False,False,False,17
671,596648,8,9,T,d,DNA,True,False,False,False,17
671,596648,9,10,A,d,DNA,True,False,False,False,17
671,596648,10,11,A,d,DNA,True,False,False,False,17
671,596648,11,12,C,d,DNA,True,False,False,False,17
671,596648,12,13,T,C,cEt,False,False,True,True,17
671,596648,13,14,G,C,cEt,False,False,True,True,17
671,596648,14,15,A,M,MOE,False,True,False,True,17
671,596648,15,16,G,M,MOE,False,True,False,True,17
671,596648,16,17,T,M,MOE,False,True,False,True,17
672,596649,0,1,G,M,MOE,False,True,False,True,17
672,596649,1,2,T,M,MOE,False,True,False,True,17
672,596649,2,3,C,C,cEt,False,False,True,True,17
672,596649,3,4,A,C,cEt,False,False,True,True,17
672,596649,4,5,T,d,DNA,True,False,False,False,17
672,596649,5,6,T,d,DNA,True,False,False,False,17
672,596649,6,7,G,d,DNA,True,False,False,False,17
672,596649,7,8,A,d,DNA,True,False,False,False,17
672,596649,8,9,A,d,DNA,True,False,False,False,17
672,596649,9,10,A,d,DNA,True,False,False,False,17
672,596649,10,11,C,d,DNA,True,False,False,False,17
672,596649,11,12,A,d,DNA,True,False,False,False,17
672,596649,12,13,G,C,cEt,False,False,True,True,17
672,596649,13,14,A,C,cEt,False,False,True,True,17
672,596649,14,15,C,M,MOE,False,True,False,True,17
672,596649,15,16,A,M,MOE,False,True,False,True,17
672,596649,16,17,T,M,MOE,False,True,False,True,17
673,596650,0,1,A,M,MOE,False,True,False,True,17
673,596650,1,2,G,M,MOE,False,True,False,True,17
673,596650,2,3,G,C,cEt,False,False,True,True,17
673,596650,3,4,T,C,cEt,False,False,True,True,17
673,596650,4,5,C,d,DNA,True,False,False,False,17
673,596650,5,6,A,d,DNA,True,False,False,False,17
673,596650,6,7,T,d,DNA,True,False,False,False,17
673,596650,7,8,T,d,DNA,True,False,False,False,17
673,596650,8,9,G,d,DNA,True,False,False,False,17
673,596650,9,10,A,d,DNA,True,False,False,False,17
673,596650,10,11,A,d,DNA,True,False,False,False,17
673,596650,11,12,A,d,DNA,True,False,False,False,17
673,596650,12,13,C,C,cEt,False,False,True,True,17
673,596650,13,14,A,C,cEt,False,False,True,True,17
673,596650,14,15,G,M,MOE,False,True,False,True,17
673,596650,15,16,A,M,MOE,False,True,False,True,17
673,596650,16,17,C,M,MOE,False,True,False,True,17
674,596651,0,1,T,M,MOE,False,True,False,True,17
674,596651,1,2,A,M,MOE,False,True,False,True,17
674,596651,2,3,C,C,cEt,False,False,True,True,17
674,596651,3,4,A,C,cEt,False,False,True,True,17
674,596651,4,5,G,d,DNA,True,False,False,False,17
674,596651,5,6,G,d,DNA,True,False,False,False,17
674,596651,6,7,T,d,DNA,True,False,False,False,17
674,596651,7,8,C,d,DNA,True,False,False,False,17
674,596651,8,9,A,d,DNA,True,False,False,False,17
674,596651,9,10,T,d,DNA,True,False,False,False,17
674,596651,10,11,T,d,DNA,True,False,False,False,17
674,596651,11,12,G,d,DNA,True,False,False,False,17
674,596651,12,13,A,C,cEt,False,False,True,True,17
674,596651,13,14,A,C,cEt,False,False,True,True,17
674,596651,14,15,A,M,MOE,False,True,False,True,17
674,596651,15,16,C,M,MOE,False,True,False,True,17
674,596651,16,17,A,M,MOE,False,True,False,True,17
675,596652,0,1,A,M,MOE,False,True,False,True,17
675,596652,1,2,T,M,MOE,False,True,False,True,17
675,596652,2,3,A,C,cEt,False,False,True,True,17
675,596652,3,4,C,C,cEt,False,False,True,True,17
675,596652,4,5,A,d,DNA,True,False,False,False,17
675,596652,5,6,G,d,DNA,True,False,False,False,17
675,596652,6,7,G,d,DNA,True,False,False,False,17
675,596652,7,8,T,d,DNA,True,False,False,False,17
675,596652,8,9,C,d,DNA,True,False,False,False,17
675,596652,9,10,A,d,DNA,True,False,False,False,17
675,596652,10,11,T,d,DNA,True,False,False,False,17
675,596652,11,12,T,d,DNA,True,False,False,False,17
675,596652,12,13,G,C,cEt,False,False,True,True,17
675,596652,13,14,A,C,cEt,False,False,True,True,17
675,596652,14,15,A,M,MOE,False,True,False,True,17
675,596652,15,16,A,M,MOE,False,True,False,True,17
675,596652,16,17,C,M,MOE,False,True,False,True,17
676,596653,0,1,A,M,MOE,False,True,False,True,17
676,596653,1,2,A,M,MOE,False,True,False,True,17
676,596653,2,3,A,C,cEt,False,False,True,True,17
676,596653,3,4,T,C,cEt,False,False,True,True,17
676,596653,4,5,A,d,DNA,True,False,False,False,17
676,596653,5,6,C,d,DNA,True,False,False,False,17
676,596653,6,7,A,d,DNA,True,False,False,False,17
676,596653,7,8,G,d,DNA,True,False,False,False,17
676,596653,8,9,G,d,DNA,True,False,False,False,17
676,596653,9,10,T,d,DNA,True,False,False,False,17
676,596653,10,11,C,d,DNA,True,False,False,False,17
676,596653,11,12,A,d,DNA,True,False,False,False,17
676,596653,12,13,T,C,cEt,False,False,True,True,17
676,596653,13,14,T,C,cEt,False,False,True,True,17
676,596653,14,15,G,M,MOE,False,True,False,True,17
676,596653,15,16,A,M,MOE,False,True,False,True,17
676,596653,16,17,A,M,MOE,False,True,False,True,17
677,596654,0,1,C,M,MOE,False,True,False,True,17
677,596654,1,2,A,M,MOE,False,True,False,True,17
677,596654,2,3,A,C,cEt,False,False,True,True,17
677,596654,3,4,A,C,cEt,False,False,True,True,17
677,596654,4,5,A,d,DNA,True,False,False,False,17
677,596654,5,6,T,d,DNA,True,False,False,False,17
677,596654,6,7,A,d,DNA,True,False,False,False,17
677,596654,7,8,C,d,DNA,True,False,False,False,17
677,596654,8,9,A,d,DNA,True,False,False,False,17
677,596654,9,10,G,d,DNA,True,False,False,False,17
677,596654,10,11,G,d,DNA,True,False,False,False,17
677,596654,11,12,T,d,DNA,True,False,False,False,17
677,596654,12,13,C,C,cEt,False,False,True,True,17
677,596654,13,14,A,C,cEt,False,False,True,True,17
677,596654,14,15,T,M,MOE,False,True,False,True,17
677,596654,15,16,T,M,MOE,False,True,False,True,17
677,596654,16,17,G,M,MOE,False,True,False,True,17
678,596655,0,1,T,M,MOE,False,True,False,True,17
678,596655,1,2,G,M,MOE,False,True,False,True,17
678,596655,2,3,G,C,cEt,False,False,True,True,17
678,596655,3,4,C,C,cEt,False,False,True,True,17
678,596655,4,5,A,d,DNA,True,False,False,False,17
678,596655,5,6,A,d,DNA,True,False,False,False,17
678,596655,6,7,A,d,DNA,True,False,False,False,17
678,596655,7,8,A,d,DNA,True,False,False,False,17
678,596655,8,9,T,d,DNA,True,False,False,False,17
678,596655,9,10,A,d,DNA,True,False,False,False,17
678,596655,10,11,C,d,DNA,True,False,False,False,17
678,596655,11,12,A,d,DNA,True,False,False,False,17
678,596655,12,13,G,C,cEt,False,False,True,True,17
678,596655,13,14,G,C,cEt,False,False,True,True,17
678,596655,14,15,T,M,MOE,False,True,False,True,17
678,596655,15,16,C,M,MOE,False,True,False,True,17
678,596655,16,17,A,M,MOE,False,True,False,True,17
679,596656,0,1,C,M,MOE,False,True,False,True,17
679,596656,1,2,T,M,MOE,False,True,False,True,17
679,596656,2,3,G,C,cEt,False,False,True,True,17
679,596656,3,4,G,C,cEt,False,False,True,True,17
679,596656,4,5,C,d,DNA,True,False,False,False,17
679,596656,5,6,A,d,DNA,True,False,False,False,17
679,596656,6,7,A,d,DNA,True,False,False,False,17
679,596656,7,8,A,d,DNA,True,False,False,False,17
679,596656,8,9,A,d,DNA,True,False,False,False,17
679,596656,9,10,T,d,DNA,True,False,False,False,17
679,596656,10,11,A,d,DNA,True,False,False,False,17
679,596656,11,12,C,d,DNA,True,False,False,False,17
679,596656,12,13,A,C,cEt,False,False,True,True,17
679,596656,13,14,G,C,cEt,False,False,True,True,17
679,596656,14,15,G,M,MOE,False,True,False,True,17
679,596656,15,16,T,M,MOE,False,True,False,True,17
679,596656,16,17,C,M,MOE,False,True,False,True,17
680,596657,0,1,G,M,MOE,False,True,False,True,17
680,596657,1,2,T,M,MOE,False,True,False,True,17
680,596657,2,3,C,C,cEt,False,False,True,True,17
680,596657,3,4,T,C,cEt,False,False,True,True,17
680,596657,4,5,G,d,DNA,True,False,False,False,17
680,596657,5,6,G,d,DNA,True,False,False,False,17
680,596657,6,7,C,d,DNA,True,False,False,False,17
680,596657,7,8,A,d,DNA,True,False,False,False,17
680,596657,8,9,A,d,DNA,True,False,False,False,17
680,596657,9,10,A,d,DNA,True,False,False,False,17
680,596657,10,11,A,d,DNA,True,False,False,False,17
680,596657,11,12,T,d,DNA,True,False,False,False,17
680,596657,12,13,A,C,cEt,False,False,True,True,17
680,596657,13,14,C,C,cEt,False,False,True,True,17
680,596657,14,15,A,M,MOE,False,True,False,True,17
680,596657,15,16,G,M,MOE,False,True,False,True,17
680,596657,16,17,G,M,MOE,False,True,False,True,17
681,596658,0,1,T,M,MOE,False,True,False,True,17
681,596658,1,2,A,M,MOE,False,True,False,True,17
681,596658,2,3,A,C,cEt,False,False,True,True,17
681,596658,3,4,G,C,cEt,False,False,True,True,17
681,596658,4,5,T,d,DNA,True,False,False,False,17
681,596658,5,6,C,d,DNA,True,False,False,False,17
681,596658,6,7,T,d,DNA,True,False,False,False,17
681,596658,7,8,G,d,DNA,True,False,False,False,17
681,596658,8,9,G,d,DNA,True,False,False,False,17
681,596658,9,10,C,d,DNA,True,False,False,False,17
681,596658,10,11,A,d,DNA,True,False,False,False,17
681,596658,11,12,A,d,DNA,True,False,False,False,17
681,596658,12,13,A,C,cEt,False,False,True,True,17
681,596658,13,14,A,C,cEt,False,False,True,True,17
681,596658,14,15,T,M,MOE,False,True,False,True,17
681,596658,15,16,A,M,MOE,False,True,False,True,17
681,596658,16,17,C,M,MOE,False,True,False,True,17
682,596659,0,1,T,M,MOE,False,True,False,True,17
682,596659,1,2,T,M,MOE,False,True,False,True,17
682,596659,2,3,A,C,cEt,False,False,True,True,17
682,596659,3,4,A,C,cEt,False,False,True,True,17
682,596659,4,5,G,d,DNA,True,False,False,False,17
682,596659,5,6,T,d,DNA,True,False,False,False,17
682,596659,6,7,C,d,DNA,True,False,False,False,17
682,596659,7,8,T,d,DNA,True,False,False,False,17
682,596659,8,9,G,d,DNA,True,False,False,False,17
682,596659,9,10,G,d,DNA,True,False,False,False,17
682,596659,10,11,C,d,DNA,True,False,False,False,17
682,596659,11,12,A,d,DNA,True,False,False,False,17
682,596659,12,13,A,C,cEt,False,False,True,True,17
682,596659,13,14,A,C,cEt,False,False,True,True,17
682,596659,14,15,A,M,MOE,False,True,False,True,17
682,596659,15,16,T,M,MOE,False,True,False,True,17
682,596659,16,17,A,M,MOE,False,True,False,True,17
683,596660,0,1,G,M,MOE,False,True,False,True,17
683,596660,1,2,A,M,MOE,False,True,False,True,17
683,596660,2,3,T,C,cEt,False,False,True,True,17
683,596660,3,4,T,C,cEt,False,False,True,True,17
683,596660,4,5,T,d,DNA,True,False,False,False,17
683,596660,5,6,A,d,DNA,True,False,False,False,17
683,596660,6,7,A,d,DNA,True,False,False,False,17
683,596660,7,8,G,d,DNA,True,False,False,False,17
683,596660,8,9,T,d,DNA,True,False,False,False,17
683,596660,9,10,C,d,DNA,True,False,False,False,17
683,596660,10,11,T,d,DNA,True,False,False,False,17
683,596660,11,12,G,d,DNA,True,False,False,False,17
683,596660,12,13,G,C,cEt,False,False,True,True,17
683,596660,13,14,C,C,cEt,False,False,True,True,17
683,596660,14,15,A,M,MOE,False,True,False,True,17
683,596660,15,16,A,M,MOE,False,True,False,True,17
683,596660,16,17,A,M,MOE,False,True,False,True,17
684,596661,0,1,T,M,MOE,False,True,False,True,17
684,596661,1,2,G,M,MOE,False,True,False,True,17
684,596661,2,3,A,C,cEt,False,False,True,True,17
684,596661,3,4,T,C,cEt,False,False,True,True,17
684,596661,4,5,T,d,DNA,True,False,False,False,17
684,596661,5,6,T,d,DNA,True,False,False,False,17
684,596661,6,7,A,d,DNA,True,False,False,False,17
684,596661,7,8,A,d,DNA,True,False,False,False,17
684,596661,8,9,G,d,DNA,True,False,False,False,17
684,596661,9,10,T,d,DNA,True,False,False,False,17
684,596661,10,11,C,d,DNA,True,False,False,False,17
684,596661,11,12,T,d,DNA,True,False,False,False,17
684,596661,12,13,G,C,cEt,False,False,True,True,17
684,596661,13,14,G,C,cEt,False,False,True,True,17
684,596661,14,15,C,M,MOE,False,True,False,True,17
684,596661,15,16,A,M,MOE,False,True,False,True,17
684,596661,16,17,A,M,MOE,False,True,False,True,17
685,596662,0,1,G,M,MOE,False,True,False,True,17
685,596662,1,2,T,M,MOE,False,True,False,True,17
685,596662,2,3,G,C,cEt,False,False,True,True,17
685,596662,3,4,A,C,cEt,False,False,True,True,17
685,596662,4,5,T,d,DNA,True,False,False,False,17
685,596662,5,6,T,d,DNA,True,False,False,False,17
685,596662,6,7,T,d,DNA,True,False,False,False,17
685,596662,7,8,A,d,DNA,True,False,False,False,17
685,596662,8,9,A,d,DNA,True,False,False,False,17
685,596662,9,10,G,d,DNA,True,False,False,False,17
685,596662,10,11,T,d,DNA,True,False,False,False,17
685,596662,11,12,C,d,DNA,True,False,False,False,17
685,596662,12,13,T,C,cEt,False,False,True,True,17
685,596662,13,14,G,C,cEt,False,False,True,True,17
685,596662,14,15,G,M,MOE,False,True,False,True,17
685,596662,15,16,C,M,MOE,False,True,False,True,17
685,596662,16,17,A,M,MOE,False,True,False,True,17
686,596663,0,1,T,M,MOE,False,True,False,True,17
686,596663,1,2,G,M,MOE,False,True,False,True,17
686,596663,2,3,T,C,cEt,False,False,True,True,17
686,596663,3,4,G,C,cEt,False,False,True,True,17
686,596663,4,5,A,d,DNA,True,False,False,False,17
686,596663,5,6,T,d,DNA,True,False,False,False,17
686,596663,6,7,T,d,DNA,True,False,False,False,17
686,596663,7,8,T,d,DNA,True,False,False,False,17
686,596663,8,9,A,d,DNA,True,False,False,False,17
686,596663,9,10,A,d,DNA,True,False,False,False,17
686,596663,10,11,G,d,DNA,True,False,False,False,17
686,596663,11,12,T,d,DNA,True,False,False,False,17
686,596663,12,13,C,C,cEt,False,False,True,True,17
686,596663,13,14,T,C,cEt,False,False,True,True,17
686,596663,14,15,G,M,MOE,False,True,False,True,17
686,596663,15,16,G,M,MOE,False,True,False,True,17
686,596663,16,17,C,M,MOE,False,True,False,True,17
687,596665,0,1,T,M,MOE,False,True,False,True,17
687,596665,1,2,C,M,MOE,False,True,False,True,17
687,596665,2,3,T,C,cEt,False,False,True,True,17
687,596665,3,4,G,C,cEt,False,False,True,True,17
687,596665,4,5,T,d,DNA,True,False,False,False,17
687,596665,5,6,G,d,DNA,True,False,False,False,17
687,596665,6,7,A,d,DNA,True,False,False,False,17
687,596665,7,8,T,d,DNA,True,False,False,False,17
687,596665,8,9,T,d,DNA,True,False,False,False,17
687,596665,9,10,T,d,DNA,True,False,False,False,17
687,596665,10,11,A,d,DNA,True,False,False,False,17
687,596665,11,12,A,d,DNA,True,False,False,False,17
687,596665,12,13,G,C,cEt,False,False,True,True,17
687,596665,13,14,T,C,cEt,False,False,True,True,17
687,596665,14,15,C,M,MOE,False,True,False,True,17
687,596665,15,16,T,M,MOE,False,True,False,True,17
687,596665,16,17,G,M,MOE,False,True,False,True,17
688,596666,0,1,A,M,MOE,False,True,False,True,17
688,596666,1,2,T,M,MOE,False,True,False,True,17
688,596666,2,3,C,C,cEt,False,False,True,True,17
688,596666,3,4,T,C,cEt,False,False,True,True,17
688,596666,4,5,G,d,DNA,True,False,False,False,17
688,596666,5,6,T,d,DNA,True,False,False,False,17
688,596666,6,7,G,d,DNA,True,False,False,False,17
688,596666,7,8,A,d,DNA,True,False,False,False,17
688,596666,8,9,T,d,DNA,True,False,False,False,17
688,596666,9,10,T,d,DNA,True,False,False,False,17
688,596666,10,11,T,d,DNA,True,False,False,False,17
688,596666,11,12,A,d,DNA,True,False,False,False,17
688,596666,12,13,A,C,cEt,False,False,True,True,17
688,596666,13,14,G,C,cEt,False,False,True,True,17
688,596666,14,15,T,M,MOE,False,True,False,True,17
688,596666,15,16,C,M,MOE,False,True,False,True,17
688,596666,16,17,T,M,MOE,False,True,False,True,17
689,596667,0,1,C,M,MOE,False,True,False,True,17
689,596667,1,2,A,M,MOE,False,True,False,True,17
689,596667,2,3,T,C,cEt,False,False,True,True,17
689,596667,3,4,C,C,cEt,False,False,True,True,17
689,596667,4,5,T,d,DNA,True,False,False,False,17
689,596667,5,6,G,d,DNA,True,False,False,False,17
689,596667,6,7,T,d,DNA,True,False,False,False,17
689,596667,7,8,G,d,DNA,True,False,False,False,17
689,596667,8,9,A,d,DNA,True,False,False,False,17
689,596667,9,10,T,d,DNA,True,False,False,False,17
689,596667,10,11,T,d,DNA,True,False,False,False,17
689,596667,11,12,T,d,DNA,True,False,False,False,17
689,596667,12,13,A,C,cEt,False,False,True,True,17
689,596667,13,14,A,C,cEt,False,False,True,True,17
689,596667,14,15,G,M,MOE,False,True,False,True,17
689,596667,15,16,T,M,MOE,False,True,False,True,17
689,596667,16,17,C,M,MOE,False,True,False,True,17
690,596668,0,1,C,M,MOE,False,True,False,True,17
690,596668,1,2,C,M,MOE,False,True,False,True,17
690,596668,2,3,A,C,cEt,False,False,True,True,17
690,596668,3,4,T,C,cEt,False,False,True,True,17
690,596668,4,5,C,d,DNA,True,False,False,False,17
690,596668,5,6,T,d,DNA,True,False,False,False,17
690,596668,6,7,G,d,DNA,True,False,False,False,17
690,596668,7,8,T,d,DNA,True,False,False,False,17
690,596668,8,9,G,d,DNA,True,False,False,False,17
690,596668,9,10,A,d,DNA,True,False,False,False,17
690,596668,10,11,T,d,DNA,True,False,False,False,17
690,596668,11,12,T,d,DNA,True,False,False,False,17
690,596668,12,13,T,C,cEt,False,False,True,True,17
690,596668,13,14,A,C,cEt,False,False,True,True,17
690,596668,14,15,A,M,MOE,False,True,False,True,17
690,596668,15,16,G,M,MOE,False,True,False,True,17
690,596668,16,17,T,M,MOE,False,True,False,True,17
691,596669,0,1,C,M,MOE,False,True,False,True,17
691,596669,1,2,C,M,MOE,False,True,False,True,17
691,596669,2,3,C,C,cEt,False,False,True,True,17
691,596669,3,4,A,C,cEt,False,False,True,True,17
691,596669,4,5,T,d,DNA,True,False,False,False,17
691,596669,5,6,C,d,DNA,True,False,False,False,17
691,596669,6,7,T,d,DNA,True,False,False,False,17
691,596669,7,8,G,d,DNA,True,False,False,False,17
691,596669,8,9,T,d,DNA,True,False,False,False,17
691,596669,9,10,G,d,DNA,True,False,False,False,17
691,596669,10,11,A,d,DNA,True,False,False,False,17
691,596669,11,12,T,d,DNA,True,False,False,False,17
691,596669,12,13,T,C,cEt,False,False,True,True,17
691,596669,13,14,T,C,cEt,False,False,True,True,17
691,596669,14,15,A,M,MOE,False,True,False,True,17
691,596669,15,16,A,M,MOE,False,True,False,True,17
691,596669,16,17,G,M,MOE,False,True,False,True,17
692,596670,0,1,A,M,MOE,False,True,False,True,17
692,596670,1,2,C,M,MOE,False,True,False,True,17
692,596670,2,3,C,C,cEt,False,False,True,True,17
692,596670,3,4,C,C,cEt,False,False,True,True,17
692,596670,4,5,A,d,DNA,True,False,False,False,17
692,596670,5,6,T,d,DNA,True,False,False,False,17
692,596670,6,7,C,d,DNA,True,False,False,False,17
692,596670,7,8,T,d,DNA,True,False,False,False,17
692,596670,8,9,G,d,DNA,True,False,False,False,17
692,596670,9,10,T,d,DNA,True,False,False,False,17
692,596670,10,11,G,d,DNA,True,False,False,False,17
692,596670,11,12,A,d,DNA,True,False,False,False,17
692,596670,12,13,T,C,cEt,False,False,True,True,17
692,596670,13,14,T,C,cEt,False,False,True,True,17
692,596670,14,15,T,M,MOE,False,True,False,True,17
692,596670,15,16,A,M,MOE,False,True,False,True,17
692,596670,16,17,A,M,MOE,False,True,False,True,17
693,596671,0,1,T,M,MOE,False,True,False,True,17
693,596671,1,2,A,M,MOE,False,True,False,True,17
693,596671,2,3,C,C,cEt,False,False,True,True,17
693,596671,3,4,C,C,cEt,False,False,True,True,17
693,596671,4,5,C,d,DNA,True,False,False,False,17
693,596671,5,6,A,d,DNA,True,False,False,False,17
693,596671,6,7,T,d,DNA,True,False,False,False,17
693,596671,7,8,C,d,DNA,True,False,False,False,17
693,596671,8,9,T,d,DNA,True,False,False,False,17
693,596671,9,10,G,d,DNA,True,False,False,False,17
693,596671,10,11,T,d,DNA,True,False,False,False,17
693,596671,11,12,G,d,DNA,True,False,False,False,17
693,596671,12,13,A,C,cEt,False,False,True,True,17
693,596671,13,14,T,C,cEt,False,False,True,True,17
693,596671,14,15,T,M,MOE,False,True,False,True,17
693,596671,15,16,T,M,MOE,False,True,False,True,17
693,596671,16,17,A,M,MOE,False,True,False,True,17
694,596672,0,1,T,M,MOE,False,True,False,True,17
694,596672,1,2,A,M,MOE,False,True,False,True,17
694,596672,2,3,A,C,cEt,False,False,True,True,17
694,596672,3,4,T,C,cEt,False,False,True,True,17
694,596672,4,5,A,d,DNA,True,False,False,False,17
694,596672,5,6,C,d,DNA,True,False,False,False,17
694,596672,6,7,C,d,DNA,True,False,False,False,17
694,596672,7,8,C,d,DNA,True,False,False,False,17
694,596672,8,9,A,d,DNA,True,False,False,False,17
694,596672,9,10,T,d,DNA,True,False,False,False,17
694,596672,10,11,C,d,DNA,True,False,False,False,17
694,596672,11,12,T,d,DNA,True,False,False,False,17
694,596672,12,13,G,C,cEt,False,False,True,True,17
694,596672,13,14,T,C,cEt,False,False,True,True,17
694,596672,14,15,G,M,MOE,False,True,False,True,17
694,596672,15,16,A,M,MOE,False,True,False,True,17
694,596672,16,17,T,M,MOE,False,True,False,True,17
695,596673,0,1,T,M,MOE,False,True,False,True,17
695,596673,1,2,T,M,MOE,False,True,False,True,17
695,596673,2,3,A,C,cEt,False,False,True,True,17
695,596673,3,4,A,C,cEt,False,False,True,True,17
695,596673,4,5,T,d,DNA,True,False,False,False,17
695,596673,5,6,A,d,DNA,True,False,False,False,17
695,596673,6,7,C,d,DNA,True,False,False,False,17
695,596673,7,8,C,d,DNA,True,False,False,False,17
695,596673,8,9,C,d,DNA,True,False,False,False,17
695,596673,9,10,A,d,DNA,True,False,False,False,17
695,596673,10,11,T,d,DNA,True,False,False,False,17
695,596673,11,12,C,d,DNA,True,False,False,False,17
695,596673,12,13,T,C,cEt,False,False,True,True,17
695,596673,13,14,G,C,cEt,False,False,True,True,17
695,596673,14,15,T,M,MOE,False,True,False,True,17
695,596673,15,16,G,M,MOE,False,True,False,True,17
695,596673,16,17,A,M,MOE,False,True,False,True,17
696,596674,0,1,A,M,MOE,False,True,False,True,17
696,596674,1,2,G,M,MOE,False,True,False,True,17
696,596674,2,3,T,C,cEt,False,False,True,True,17
696,596674,3,4,T,C,cEt,False,False,True,True,17
696,596674,4,5,T,d,DNA,True,False,False,False,17
696,596674,5,6,A,d,DNA,True,False,False,False,17
696,596674,6,7,A,d,DNA,True,False,False,False,17
696,596674,7,8,T,d,DNA,True,False,False,False,17
696,596674,8,9,A,d,DNA,True,False,False,False,17
696,596674,9,10,C,d,DNA,True,False,False,False,17
696,596674,10,11,C,d,DNA,True,False,False,False,17
696,596674,11,12,C,d,DNA,True,False,False,False,17
696,596674,12,13,A,C,cEt,False,False,True,True,17
696,596674,13,14,T,C,cEt,False,False,True,True,17
696,596674,14,15,C,M,MOE,False,True,False,True,17
696,596674,15,16,T,M,MOE,False,True,False,True,17
696,596674,16,17,G,M,MOE,False,True,False,True,17
697,596675,0,1,A,M,MOE,False,True,False,True,17
697,596675,1,2,A,M,MOE,False,True,False,True,17
697,596675,2,3,G,C,cEt,False,False,True,True,17
697,596675,3,4,T,C,cEt,False,False,True,True,17
697,596675,4,5,T,d,DNA,True,False,False,False,17
697,596675,5,6,T,d,DNA,True,False,False,False,17
697,596675,6,7,A,d,DNA,True,False,False,False,17
697,596675,7,8,A,d,DNA,True,False,False,False,17
697,596675,8,9,T,d,DNA,True,False,False,False,17
697,596675,9,10,A,d,DNA,True,False,False,False,17
697,596675,10,11,C,d,DNA,True,False,False,False,17
697,596675,11,12,C,d,DNA,True,False,False,False,17
697,596675,12,13,C,C,cEt,False,False,True,True,17
697,596675,13,14,A,C,cEt,False,False,True,True,17
697,596675,14,15,T,M,MOE,False,True,False,True,17
697,596675,15,16,C,M,MOE,False,True,False,True,17
697,596675,16,17,T,M,MOE,False,True,False,True,17
698,596676,0,1,C,M,MOE,False,True,False,True,17
698,596676,1,2,A,M,MOE,False,True,False,True,17
698,596676,2,3,A,C,cEt,False,False,True,True,17
698,596676,3,4,G,C,cEt,False,False,True,True,17
698,596676,4,5,T,d,DNA,True,False,False,False,17
698,596676,5,6,T,d,DNA,True,False,False,False,17
698,596676,6,7,T,d,DNA,True,False,False,False,17
698,596676,7,8,A,d,DNA,True,False,False,False,17
698,596676,8,9,A,d,DNA,True,False,False,False,17
698,596676,9,10,T,d,DNA,True,False,False,False,17
698,596676,10,11,A,d,DNA,True,False,False,False,17
698,596676,11,12,C,d,DNA,True,False,False,False,17
698,596676,12,13,C,C,cEt,False,False,True,True,17
698,596676,13,14,C,C,cEt,False,False,True,True,17
698,596676,14,15,A,M,MOE,False,True,False,True,17
698,596676,15,16,T,M,MOE,False,True,False,True,17
698,596676,16,17,C,M,MOE,False,True,False,True,17
699,596677,0,1,A,M,MOE,False,True,False,True,17
699,596677,1,2,C,M,MOE,False,True,False,True,17
699,596677,2,3,A,C,cEt,False,False,True,True,17
699,596677,3,4,A,C,cEt,False,False,True,True,17
699,596677,4,5,G,d,DNA,True,False,False,False,17
699,596677,5,6,T,d,DNA,True,False,False,False,17
699,596677,6,7,T,d,DNA,True,False,False,False,17
699,596677,7,8,T,d,DNA,True,False,False,False,17
699,596677,8,9,A,d,DNA,True,False,False,False,17
699,596677,9,10,A,d,DNA,True,False,False,False,17
699,596677,10,11,T,d,DNA,True,False,False,False,17
699,596677,11,12,A,d,DNA,True,False,False,False,17
699,596677,12,13,C,C,cEt,False,False,True,True,17
699,596677,13,14,C,C,cEt,False,False,True,True,17
699,596677,14,15,C,M,MOE,False,True,False,True,17
699,596677,15,16,A,M,MOE,False,True,False,True,17
699,596677,16,17,T,M,MOE,False,True,False,True,17
700,596678,0,1,G,M,MOE,False,True,False,True,17
700,596678,1,2,A,M,MOE,False,True,False,True,17
700,596678,2,3,C,C,cEt,False,False,True,True,17
700,596678,3,4,A,C,cEt,False,False,True,True,17
700,596678,4,5,A,d,DNA,True,False,False,False,17
700,596678,5,6,G,d,DNA,True,False,False,False,17
700,596678,6,7,T,d,DNA,True,False,False,False,17
700,596678,7,8,T,d,DNA,True,False,False,False,17
700,596678,8,9,T,d,DNA,True,False,False,False,17
700,596678,9,10,A,d,DNA,True,False,False,False,17
700,596678,10,11,A,d,DNA,True,False,False,False,17
700,596678,11,12,T,d,DNA,True,False,False,False,17
700,596678,12,13,A,C,cEt,False,False,True,True,17
700,596678,13,14,C,C,cEt,False,False,True,True,17
700,596678,14,15,C,M,MOE,False,True,False,True,17
700,596678,15,16,C,M,MOE,False,True,False,True,17
700,596678,16,17,A,M,MOE,False,True,False,True,17
701,596679,0,1,T,M,MOE,False,True,False,True,17
701,596679,1,2,G,M,MOE,False,True,False,True,17
701,596679,2,3,A,C,cEt,False,False,True,True,17
701,596679,3,4,C,C,cEt,False,False,True,True,17
701,596679,4,5,A,d,DNA,True,False,False,False,17
701,596679,5,6,A,d,DNA,True,False,False,False,17
701,596679,6,7,G,d,DNA,True,False,False,False,17
701,596679,7,8,T,d,DNA,True,False,False,False,17
701,596679,8,9,T,d,DNA,True,False,False,False,17
701,596679,9,10,T,d,DNA,True,False,False,False,17
701,596679,10,11,A,d,DNA,True,False,False,False,17
701,596679,11,12,A,d,DNA,True,False,False,False,17
701,596679,12,13,T,C,cEt,False,False,True,True,17
701,596679,13,14,A,C,cEt,False,False,True,True,17
701,596679,14,15,C,M,MOE,False,True,False,True,17
701,596679,15,16,C,M,MOE,False,True,False,True,17
701,596679,16,17,C,M,MOE,False,True,False,True,17
702,596680,0,1,C,M,MOE,False,True,False,True,17
702,596680,1,2,T,M,MOE,False,True,False,True,17
702,596680,2,3,G,C,cEt,False,False,True,True,17
702,596680,3,4,A,C,cEt,False,False,True,True,17
702,596680,4,5,C,d,DNA,True,False,False,False,17
702,596680,5,6,A,d,DNA,True,False,False,False,17
702,596680,6,7,A,d,DNA,True,False,False,False,17
702,596680,7,8,G,d,DNA,True,False,False,False,17
702,596680,8,9,T,d,DNA,True,False,False,False,17
702,596680,9,10,T,d,DNA,True,False,False,False,17
702,596680,10,11,T,d,DNA,True,False,False,False,17
702,596680,11,12,A,d,DNA,True,False,False,False,17
702,596680,12,13,A,C,cEt,False,False,True,True,17
702,596680,13,14,T,C,cEt,False,False,True,True,17
702,596680,14,15,A,M,MOE,False,True,False,True,17
702,596680,15,16,C,M,MOE,False,True,False,True,17
702,596680,16,17,C,M,MOE,False,True,False,True,17
703,596681,0,1,T,M,MOE,False,True,False,True,17
703,596681,1,2,C,M,MOE,False,True,False,True,17
703,596681,2,3,T,C,cEt,False,False,True,True,17
703,596681,3,4,G,C,cEt,False,False,True,True,17
703,596681,4,5,A,d,DNA,True,False,False,False,17
703,596681,5,6,C,d,DNA,True,False,False,False,17
703,596681,6,7,A,d,DNA,True,False,False,False,17
703,596681,7,8,A,d,DNA,True,False,False,False,17
703,596681,8,9,G,d,DNA,True,False,False,False,17
703,596681,9,10,T,d,DNA,True,False,False,False,17
703,596681,10,11,T,d,DNA,True,False,False,False,17
703,596681,11,12,T,d,DNA,True,False,False,False,17
703,596681,12,13,A,C,cEt,False,False,True,True,17
703,596681,13,14,A,C,cEt,False,False,True,True,17
703,596681,14,15,T,M,MOE,False,True,False,True,17
703,596681,15,16,A,M,MOE,False,True,False,True,17
703,596681,16,17,C,M,MOE,False,True,False,True,17
704,596682,0,1,G,M,MOE,False,True,False,True,17
704,596682,1,2,C,M,MOE,False,True,False,True,17
704,596682,2,3,T,C,cEt,False,False,True,True,17
704,596682,3,4,T,C,cEt,False,False,True,True,17
704,596682,4,5,G,d,DNA,True,False,False,False,17
704,596682,5,6,A,d,DNA,True,False,False,False,17
704,596682,6,7,A,d,DNA,True,False,False,False,17
704,596682,7,8,T,d,DNA,True,False,False,False,17
704,596682,8,9,G,d,DNA,True,False,False,False,17
704,596682,9,10,A,d,DNA,True,False,False,False,17
704,596682,10,11,C,d,DNA,True,False,False,False,17
704,596682,11,12,A,d,DNA,True,False,False,False,17
704,596682,12,13,A,C,cEt,False,False,True,True,17
704,596682,13,14,A,C,cEt,False,False,True,True,17
704,596682,14,15,G,M,MOE,False,True,False,True,17
704,596682,15,16,A,M,MOE,False,True,False,True,17
704,596682,16,17,A,M,MOE,False,True,False,True,17
705,596683,0,1,G,M,MOE,False,True,False,True,17
705,596683,1,2,G,M,MOE,False,True,False,True,17
705,596683,2,3,C,C,cEt,False,False,True,True,17
705,596683,3,4,T,C,cEt,False,False,True,True,17
705,596683,4,5,T,d,DNA,True,False,False,False,17
705,596683,5,6,G,d,DNA,True,False,False,False,17
705,596683,6,7,A,d,DNA,True,False,False,False,17
705,596683,7,8,A,d,DNA,True,False,False,False,17
705,596683,8,9,T,d,DNA,True,False,False,False,17
705,596683,9,10,G,d,DNA,True,False,False,False,17
705,596683,10,11,A,d,DNA,True,False,False,False,17
705,596683,11,12,C,d,DNA,True,False,False,False,17
705,596683,12,13,A,C,cEt,False,False,True,True,17
705,596683,13,14,A,C,cEt,False,False,True,True,17
705,596683,14,15,A,M,MOE,False,True,False,True,17
705,596683,15,16,G,M,MOE,False,True,False,True,17
705,596683,16,17,A,M,MOE,False,True,False,True,17
706,596684,0,1,C,M,MOE,False,True,False,True,17
706,596684,1,2,A,M,MOE,False,True,False,True,17
706,596684,2,3,C,C,cEt,False,False,True,True,17
706,596684,3,4,A,C,cEt,False,False,True,True,17
706,596684,4,5,G,d,DNA,True,False,False,False,17
706,596684,5,6,G,d,DNA,True,False,False,False,17
706,596684,6,7,C,d,DNA,True,False,False,False,17
706,596684,7,8,T,d,DNA,True,False,False,False,17
706,596684,8,9,T,d,DNA,True,False,False,False,17
706,596684,9,10,G,d,DNA,True,False,False,False,17
706,596684,10,11,A,d,DNA,True,False,False,False,17
706,596684,11,12,A,d,DNA,True,False,False,False,17
706,596684,12,13,T,C,cEt,False,False,True,True,17
706,596684,13,14,G,C,cEt,False,False,True,True,17
706,596684,14,15,A,M,MOE,False,True,False,True,17
706,596684,15,16,C,M,MOE,False,True,False,True,17
706,596684,16,17,A,M,MOE,False,True,False,True,17
707,596685,0,1,T,M,MOE,False,True,False,True,17
707,596685,1,2,C,M,MOE,False,True,False,True,17
707,596685,2,3,A,C,cEt,False,False,True,True,17
707,596685,3,4,C,C,cEt,False,False,True,True,17
707,596685,4,5,A,d,DNA,True,False,False,False,17
707,596685,5,6,G,d,DNA,True,False,False,False,17
707,596685,6,7,G,d,DNA,True,False,False,False,17
707,596685,7,8,C,d,DNA,True,False,False,False,17
707,596685,8,9,T,d,DNA,True,False,False,False,17
707,596685,9,10,T,d,DNA,True,False,False,False,17
707,596685,10,11,G,d,DNA,True,False,False,False,17
707,596685,11,12,A,d,DNA,True,False,False,False,17
707,596685,12,13,A,C,cEt,False,False,True,True,17
707,596685,13,14,T,C,cEt,False,False,True,True,17
707,596685,14,15,G,M,MOE,False,True,False,True,17
707,596685,15,16,A,M,MOE,False,True,False,True,17
707,596685,16,17,C,M,MOE,False,True,False,True,17
708,596686,0,1,T,M,MOE,False,True,False,True,17
708,596686,1,2,T,M,MOE,False,True,False,True,17
708,596686,2,3,C,C,cEt,False,False,True,True,17
708,596686,3,4,A,C,cEt,False,False,True,True,17
708,596686,4,5,C,d,DNA,True,False,False,False,17
708,596686,5,6,A,d,DNA,True,False,False,False,17
708,596686,6,7,G,d,DNA,True,False,False,False,17
708,596686,7,8,G,d,DNA,True,False,False,False,17
708,596686,8,9,C,d,DNA,True,False,False,False,17
708,596686,9,10,T,d,DNA,True,False,False,False,17
708,596686,10,11,T,d,DNA,True,False,False,False,17
708,596686,11,12,G,d,DNA,True,False,False,False,17
708,596686,12,13,A,C,cEt,False,False,True,True,17
708,596686,13,14,A,C,cEt,False,False,True,True,17
708,596686,14,15,T,M,MOE,False,True,False,True,17
708,596686,15,16,G,M,MOE,False,True,False,True,17
708,596686,16,17,A,M,MOE,False,True,False,True,17
709,596687,0,1,A,M,MOE,False,True,False,True,17
709,596687,1,2,T,M,MOE,False,True,False,True,17
709,596687,2,3,T,C,cEt,False,False,True,True,17
709,596687,3,4,C,C,cEt,False,False,True,True,17
709,596687,4,5,A,d,DNA,True,False,False,False,17
709,596687,5,6,C,d,DNA,True,False,False,False,17
709,596687,6,7,A,d,DNA,True,False,False,False,17
709,596687,7,8,G,d,DNA,True,False,False,False,17
709,596687,8,9,G,d,DNA,True,False,False,False,17
709,596687,9,10,C,d,DNA,True,False,False,False,17
709,596687,10,11,T,d,DNA,True,False,False,False,17
709,596687,11,12,T,d,DNA,True,False,False,False,17
709,596687,12,13,G,C,cEt,False,False,True,True,17
709,596687,13,14,A,C,cEt,False,False,True,True,17
709,596687,14,15,A,M,MOE,False,True,False,True,17
709,596687,15,16,T,M,MOE,False,True,False,True,17
709,596687,16,17,G,M,MOE,False,True,False,True,17
710,596688,0,1,T,M,MOE,False,True,False,True,17
710,596688,1,2,A,M,MOE,False,True,False,True,17
710,596688,2,3,T,C,cEt,False,False,True,True,17
710,596688,3,4,T,C,cEt,False,False,True,True,17
710,596688,4,5,C,d,DNA,True,False,False,False,17
710,596688,5,6,A,d,DNA,True,False,False,False,17
710,596688,6,7,C,d,DNA,True,False,False,False,17
710,596688,7,8,A,d,DNA,True,False,False,False,17
710,596688,8,9,G,d,DNA,True,False,False,False,17
710,596688,9,10,G,d,DNA,True,False,False,False,17
710,596688,10,11,C,d,DNA,True,False,False,False,17
710,596688,11,12,T,d,DNA,True,False,False,False,17
710,596688,12,13,T,C,cEt,False,False,True,True,17
710,596688,13,14,G,C,cEt,False,False,True,True,17
710,596688,14,15,A,M,MOE,False,True,False,True,17
710,596688,15,16,A,M,MOE,False,True,False,True,17
710,596688,16,17,T,M,MOE,False,True,False,True,17
711,596689,0,1,T,M,MOE,False,True,False,True,17
711,596689,1,2,T,M,MOE,False,True,False,True,17
711,596689,2,3,A,C,cEt,False,False,True,True,17
711,596689,3,4,T,C,cEt,False,False,True,True,17
711,596689,4,5,T,d,DNA,True,False,False,False,17
711,596689,5,6,C,d,DNA,True,False,False,False,17
711,596689,6,7,A,d,DNA,True,False,False,False,17
711,596689,7,8,C,d,DNA,True,False,False,False,17
711,596689,8,9,A,d,DNA,True,False,False,False,17
711,596689,9,10,G,d,DNA,True,False,False,False,17
711,596689,10,11,G,d,DNA,True,False,False,False,17
711,596689,11,12,C,d,DNA,True,False,False,False,17
711,596689,12,13,T,C,cEt,False,False,True,True,17
711,596689,13,14,T,C,cEt,False,False,True,True,17
711,596689,14,15,G,M,MOE,False,True,False,True,17
711,596689,15,16,A,M,MOE,False,True,False,True,17
711,596689,16,17,A,M,MOE,False,True,False,True,17
712,596690,0,1,T,M,MOE,False,True,False,True,17
712,596690,1,2,T,M,MOE,False,True,False,True,17
712,596690,2,3,T,C,cEt,False,False,True,True,17
712,596690,3,4,A,C,cEt,False,False,True,True,17
712,596690,4,5,T,d,DNA,True,False,False,False,17
712,596690,5,6,T,d,DNA,True,False,False,False,17
712,596690,6,7,C,d,DNA,True,False,False,False,17
712,596690,7,8,A,d,DNA,True,False,False,False,17
712,596690,8,9,C,d,DNA,True,False,False,False,17
712,596690,9,10,A,d,DNA,True,False,False,False,17
712,596690,10,11,G,d,DNA,True,False,False,False,17
712,596690,11,12,G,d,DNA,True,False,False,False,17
712,596690,12,13,C,C,cEt,False,False,True,True,17
712,596690,13,14,T,C,cEt,False,False,True,True,17
712,596690,14,15,T,M,MOE,False,True,False,True,17
712,596690,15,16,G,M,MOE,False,True,False,True,17
712,596690,16,17,A,M,MOE,False,True,False,True,17
713,596691,0,1,T,M,MOE,False,True,False,True,17
713,596691,1,2,T,M,MOE,False,True,False,True,17
713,596691,2,3,T,C,cEt,False,False,True,True,17
713,596691,3,4,T,C,cEt,False,False,True,True,17
713,596691,4,5,A,d,DNA,True,False,False,False,17
713,596691,5,6,T,d,DNA,True,False,False,False,17
713,596691,6,7,T,d,DNA,True,False,False,False,17
713,596691,7,8,C,d,DNA,True,False,False,False,17
713,596691,8,9,A,d,DNA,True,False,False,False,17
713,596691,9,10,C,d,DNA,True,False,False,False,17
713,596691,10,11,A,d,DNA,True,False,False,False,17
713,596691,11,12,G,d,DNA,True,False,False,False,17
713,596691,12,13,G,C,cEt,False,False,True,True,17
713,596691,13,14,C,C,cEt,False,False,True,True,17
713,596691,14,15,T,M,MOE,False,True,False,True,17
713,596691,15,16,T,M,MOE,False,True,False,True,17
713,596691,16,17,G,M,MOE,False,True,False,True,17
714,596692,0,1,G,M,MOE,False,True,False,True,17
714,596692,1,2,G,M,MOE,False,True,False,True,17
714,596692,2,3,T,C,cEt,False,False,True,True,17
714,596692,3,4,T,C,cEt,False,False,True,True,17
714,596692,4,5,T,d,DNA,True,False,False,False,17
714,596692,5,6,T,d,DNA,True,False,False,False,17
714,596692,6,7,T,d,DNA,True,False,False,False,17
714,596692,7,8,A,d,DNA,True,False,False,False,17
714,596692,8,9,T,d,DNA,True,False,False,False,17
714,596692,9,10,T,d,DNA,True,False,False,False,17
714,596692,10,11,C,d,DNA,True,False,False,False,17
714,596692,11,12,A,d,DNA,True,False,False,False,17
714,596692,12,13,C,C,cEt,False,False,True,True,17
714,596692,13,14,A,C,cEt,False,False,True,True,17
714,596692,14,15,G,M,MOE,False,True,False,True,17
714,596692,15,16,G,M,MOE,False,True,False,True,17
714,596692,16,17,C,M,MOE,False,True,False,True,17
715,596693,0,1,A,M,MOE,False,True,False,True,17
715,596693,1,2,C,M,MOE,False,True,False,True,17
715,596693,2,3,A,C,cEt,False,False,True,True,17
715,596693,3,4,G,C,cEt,False,False,True,True,17
715,596693,4,5,G,d,DNA,True,False,False,False,17
715,596693,5,6,G,d,DNA,True,False,False,False,17
715,596693,6,7,T,d,DNA,True,False,False,False,17
715,596693,7,8,T,d,DNA,True,False,False,False,17
715,596693,8,9,T,d,DNA,True,False,False,False,17
715,596693,9,10,T,d,DNA,True,False,False,False,17
715,596693,10,11,T,d,DNA,True,False,False,False,17
715,596693,11,12,A,d,DNA,True,False,False,False,17
715,596693,12,13,T,C,cEt,False,False,True,True,17
715,596693,13,14,T,C,cEt,False,False,True,True,17
715,596693,14,15,C,M,MOE,False,True,False,True,17
715,596693,15,16,A,M,MOE,False,True,False,True,17
715,596693,16,17,C,M,MOE,False,True,False,True,17
716,596694,0,1,T,M,MOE,False,True,False,True,17
716,596694,1,2,A,M,MOE,False,True,False,True,17
716,596694,2,3,C,C,cEt,False,False,True,True,17
716,596694,3,4,A,C,cEt,False,False,True,True,17
716,596694,4,5,G,d,DNA,True,False,False,False,17
716,596694,5,6,G,d,DNA,True,False,False,False,17
716,596694,6,7,G,d,DNA,True,False,False,False,17
716,596694,7,8,T,d,DNA,True,False,False,False,17
716,596694,8,9,T,d,DNA,True,False,False,False,17
716,596694,9,10,T,d,DNA,True,False,False,False,17
716,596694,10,11,T,d,DNA,True,False,False,False,17
716,596694,11,12,T,d,DNA,True,False,False,False,17
716,596694,12,13,A,C,cEt,False,False,True,True,17
716,596694,13,14,T,C,cEt,False,False,True,True,17
716,596694,14,15,T,M,MOE,False,True,False,True,17
716,596694,15,16,C,M,MOE,False,True,False,True,17
716,596694,16,17,A,M,MOE,False,True,False,True,17
717,596695,0,1,C,M,MOE,False,True,False,True,17
717,596695,1,2,C,M,MOE,False,True,False,True,17
717,596695,2,3,A,C,cEt,False,False,True,True,17
717,596695,3,4,T,C,cEt,False,False,True,True,17
717,596695,4,5,A,d,DNA,True,False,False,False,17
717,596695,5,6,C,d,DNA,True,False,False,False,17
717,596695,6,7,A,d,DNA,True,False,False,False,17
717,596695,7,8,G,d,DNA,True,False,False,False,17
717,596695,8,9,G,d,DNA,True,False,False,False,17
717,596695,9,10,G,d,DNA,True,False,False,False,17
717,596695,10,11,T,d,DNA,True,False,False,False,17
717,596695,11,12,T,d,DNA,True,False,False,False,17
717,596695,12,13,T,C,cEt,False,False,True,True,17
717,596695,13,14,T,C,cEt,False,False,True,True,17
717,596695,14,15,T,M,MOE,False,True,False,True,17
717,596695,15,16,A,M,MOE,False,True,False,True,17
717,596695,16,17,T,M,MOE,False,True,False,True,17
718,596696,0,1,G,M,MOE,False,True,False,True,17
718,596696,1,2,C,M,MOE,False,True,False,True,17
718,596696,2,3,C,C,cEt,False,False,True,True,17
718,596696,3,4,A,C,cEt,False,False,True,True,17
718,596696,4,5,T,d,DNA,True,False,False,False,17
718,596696,5,6,A,d,DNA,True,False,False,False,17
718,596696,6,7,C,d,DNA,True,False,False,False,17
718,596696,7,8,A,d,DNA,True,False,False,False,17
718,596696,8,9,G,d,DNA,True,False,False,False,17
718,596696,9,10,G,d,DNA,True,False,False,False,17
718,596696,10,11,G,d,DNA,True,False,False,False,17
718,596696,11,12,T,d,DNA,True,False,False,False,17
718,596696,12,13,T,C,cEt,False,False,True,True,17
718,596696,13,14,T,C,cEt,False,False,True,True,17
718,596696,14,15,T,M,MOE,False,True,False,True,17
718,596696,15,16,T,M,MOE,False,True,False,True,17
718,596696,16,17,A,M,MOE,False,True,False,True,17
719,596697,0,1,T,M,MOE,False,True,False,True,17
719,596697,1,2,G,M,MOE,False,True,False,True,17
719,596697,2,3,C,C,cEt,False,False,True,True,17
719,596697,3,4,C,C,cEt,False,False,True,True,17
719,596697,4,5,A,d,DNA,True,False,False,False,17
719,596697,5,6,T,d,DNA,True,False,False,False,17
719,596697,6,7,A,d,DNA,True,False,False,False,17
719,596697,7,8,C,d,DNA,True,False,False,False,17
719,596697,8,9,A,d,DNA,True,False,False,False,17
719,596697,9,10,G,d,DNA,True,False,False,False,17
719,596697,10,11,G,d,DNA,True,False,False,False,17
719,596697,11,12,G,d,DNA,True,False,False,False,17
719,596697,12,13,T,C,cEt,False,False,True,True,17
719,596697,13,14,T,C,cEt,False,False,True,True,17
719,596697,14,15,T,M,MOE,False,True,False,True,17
719,596697,15,16,T,M,MOE,False,True,False,True,17
719,596697,16,17,T,M,MOE,False,True,False,True,17
720,596698,0,1,G,M,MOE,False,True,False,True,17
720,596698,1,2,T,M,MOE,False,True,False,True,17
720,596698,2,3,G,C,cEt,False,False,True,True,17
720,596698,3,4,C,C,cEt,False,False,True,True,17
720,596698,4,5,C,d,DNA,True,False,False,False,17
720,596698,5,6,A,d,DNA,True,False,False,False,17
720,596698,6,7,T,d,DNA,True,False,False,False,17
720,596698,7,8,A,d,DNA,True,False,False,False,17
720,596698,8,9,C,d,DNA,True,False,False,False,17
720,596698,9,10,A,d,DNA,True,False,False,False,17
720,596698,10,11,G,d,DNA,True,False,False,False,17
720,596698,11,12,G,d,DNA,True,False,False,False,17
720,596698,12,13,G,C,cEt,False,False,True,True,17
720,596698,13,14,T,C,cEt,False,False,True,True,17
720,596698,14,15,T,M,MOE,False,True,False,True,17
720,596698,15,16,T,M,MOE,False,True,False,True,17
720,596698,16,17,T,M,MOE,False,True,False,True,17
721,596699,0,1,A,M,MOE,False,True,False,True,17
721,596699,1,2,G,M,MOE,False,True,False,True,17
721,596699,2,3,T,C,cEt,False,False,True,True,17
721,596699,3,4,G,C,cEt,False,False,True,True,17
721,596699,4,5,C,d,DNA,True,False,False,False,17
721,596699,5,6,C,d,DNA,True,False,False,False,17
721,596699,6,7,A,d,DNA,True,False,False,False,17
721,596699,7,8,T,d,DNA,True,False,False,False,17
721,596699,8,9,A,d,DNA,True,False,False,False,17
721,596699,9,10,C,d,DNA,True,False,False,False,17
721,596699,10,11,A,d,DNA,True,False,False,False,17
721,596699,11,12,G,d,DNA,True,False,False,False,17
721,596699,12,13,G,C,cEt,False,False,True,True,17
721,596699,13,14,G,C,cEt,False,False,True,True,17
721,596699,14,15,T,M,MOE,False,True,False,True,17
721,596699,15,16,T,M,MOE,False,True,False,True,17
721,596699,16,17,T,M,MOE,False,True,False,True,17
722,596700,0,1,A,M,MOE,False,True,False,True,17
722,596700,1,2,A,M,MOE,False,True,False,True,17
722,596700,2,3,G,C,cEt,False,False,True,True,17
722,596700,3,4,T,C,cEt,False,False,True,True,17
722,596700,4,5,G,d,DNA,True,False,False,False,17
722,596700,5,6,C,d,DNA,True,False,False,False,17
722,596700,6,7,C,d,DNA,True,False,False,False,17
722,596700,7,8,A,d,DNA,True,False,False,False,17
722,596700,8,9,T,d,DNA,True,False,False,False,17
722,596700,9,10,A,d,DNA,True,False,False,False,17
722,596700,10,11,C,d,DNA,True,False,False,False,17
722,596700,11,12,A,d,DNA,True,False,False,False,17
722,596700,12,13,G,C,cEt,False,False,True,True,17
722,596700,13,14,G,C,cEt,False,False,True,True,17
722,596700,14,15,G,M,MOE,False,True,False,True,17
722,596700,15,16,T,M,MOE,False,True,False,True,17
722,596700,16,17,T,M,MOE,False,True,False,True,17
723,596701,0,1,T,M,MOE,False,True,False,True,17
723,596701,1,2,A,M,MOE,False,True,False,True,17
723,596701,2,3,A,C,cEt,False,False,True,True,17
723,596701,3,4,G,C,cEt,False,False,True,True,17
723,596701,4,5,T,d,DNA,True,False,False,False,17
723,596701,5,6,G,d,DNA,True,False,False,False,17
723,596701,6,7,C,d,DNA,True,False,False,False,17
723,596701,7,8,C,d,DNA,True,False,False,False,17
723,596701,8,9,A,d,DNA,True,False,False,False,17
723,596701,9,10,T,d,DNA,True,False,False,False,17
723,596701,10,11,A,d,DNA,True,False,False,False,17
723,596701,11,12,C,d,DNA,True,False,False,False,17
723,596701,12,13,A,C,cEt,False,False,True,True,17
723,596701,13,14,G,C,cEt,False,False,True,True,17
723,596701,14,15,G,M,MOE,False,True,False,True,17
723,596701,15,16,G,M,MOE,False,True,False,True,17
723,596701,16,17,T,M,MOE,False,True,False,True,17
724,596702,0,1,A,M,MOE,False,True,False,True,17
724,596702,1,2,T,M,MOE,False,True,False,True,17
724,596702,2,3,A,C,cEt,False,False,True,True,17
724,596702,3,4,A,C,cEt,False,False,True,True,17
724,596702,4,5,G,d,DNA,True,False,False,False,17
724,596702,5,6,T,d,DNA,True,False,False,False,17
724,596702,6,7,G,d,DNA,True,False,False,False,17
724,596702,7,8,C,d,DNA,True,False,False,False,17
724,596702,8,9,C,d,DNA,True,False,False,False,17
724,596702,9,10,A,d,DNA,True,False,False,False,17
724,596702,10,11,T,d,DNA,True,False,False,False,17
724,596702,11,12,A,d,DNA,True,False,False,False,17
724,596702,12,13,C,C,cEt,False,False,True,True,17
724,596702,13,14,A,C,cEt,False,False,True,True,17
724,596702,14,15,G,M,MOE,False,True,False,True,17
724,596702,15,16,G,M,MOE,False,True,False,True,17
724,596702,16,17,G,M,MOE,False,True,False,True,17
725,596703,0,1,A,M,MOE,False,True,False,True,17
725,596703,1,2,A,M,MOE,False,True,False,True,17
725,596703,2,3,T,C,cEt,False,False,True,True,17
725,596703,3,4,A,C,cEt,False,False,True,True,17
725,596703,4,5,A,d,DNA,True,False,False,False,17
725,596703,5,6,G,d,DNA,True,False,False,False,17
725,596703,6,7,T,d,DNA,True,False,False,False,17
725,596703,7,8,G,d,DNA,True,False,False,False,17
725,596703,8,9,C,d,DNA,True,False,False,False,17
725,596703,9,10,C,d,DNA,True,False,False,False,17
725,596703,10,11,A,d,DNA,True,False,False,False,17
725,596703,11,12,T,d,DNA,True,False,False,False,17
725,596703,12,13,A,C,cEt,False,False,True,True,17
725,596703,13,14,C,C,cEt,False,False,True,True,17
725,596703,14,15,A,M,MOE,False,True,False,True,17
725,596703,15,16,G,M,MOE,False,True,False,True,17
725,596703,16,17,G,M,MOE,False,True,False,True,17
726,596704,0,1,T,M,MOE,False,True,False,True,17
726,596704,1,2,A,M,MOE,False,True,False,True,17
726,596704,2,3,A,C,cEt,False,False,True,True,17
726,596704,3,4,T,C,cEt,False,False,True,True,17
726,596704,4,5,A,d,DNA,True,False,False,False,17
726,596704,5,6,A,d,DNA,True,False,False,False,17
726,596704,6,7,G,d,DNA,True,False,False,False,17
726,596704,7,8,T,d,DNA,True,False,False,False,17
726,596704,8,9,G,d,DNA,True,False,False,False,17
726,596704,9,10,C,d,DNA,True,False,False,False,17
726,596704,10,11,C,d,DNA,True,False,False,False,17
726,596704,11,12,A,d,DNA,True,False,False,False,17
726,596704,12,13,T,C,cEt,False,False,True,True,17
726,596704,13,14,A,C,cEt,False,False,True,True,17
726,596704,14,15,C,M,MOE,False,True,False,True,17
726,596704,15,16,A,M,MOE,False,True,False,True,17
726,596704,16,17,G,M,MOE,False,True,False,True,17
727,596705,0,1,A,M,MOE,False,True,False,True,17
727,596705,1,2,T,M,MOE,False,True,False,True,17
727,596705,2,3,A,C,cEt,False,False,True,True,17
727,596705,3,4,A,C,cEt,False,False,True,True,17
727,596705,4,5,T,d,DNA,True,False,False,False,17
727,596705,5,6,A,d,DNA,True,False,False,False,17
727,596705,6,7,A,d,DNA,True,False,False,False,17
727,596705,7,8,G,d,DNA,True,False,False,False,17
727,596705,8,9,T,d,DNA,True,False,False,False,17
727,596705,9,10,G,d,DNA,True,False,False,False,17
727,596705,10,11,C,d,DNA,True,False,False,False,17
727,596705,11,12,C,d,DNA,True,False,False,False,17
727,596705,12,13,A,C,cEt,False,False,True,True,17
727,596705,13,14,T,C,cEt,False,False,True,True,17
727,596705,14,15,A,M,MOE,False,True,False,True,17
727,596705,15,16,C,M,MOE,False,True,False,True,17
727,596705,16,17,A,M,MOE,False,True,False,True,17
728,596706,0,1,C,M,MOE,False,True,False,True,17
728,596706,1,2,A,M,MOE,False,True,False,True,17
728,596706,2,3,T,C,cEt,False,False,True,True,17
728,596706,3,4,A,C,cEt,False,False,True,True,17
728,596706,4,5,A,d,DNA,True,False,False,False,17
728,596706,5,6,T,d,DNA,True,False,False,False,17
728,596706,6,7,A,d,DNA,True,False,False,False,17
728,596706,7,8,A,d,DNA,True,False,False,False,17
728,596706,8,9,G,d,DNA,True,False,False,False,17
728,596706,9,10,T,d,DNA,True,False,False,False,17
728,596706,10,11,G,d,DNA,True,False,False,False,17
728,596706,11,12,C,d,DNA,True,False,False,False,17
728,596706,12,13,C,C,cEt,False,False,True,True,17
728,596706,13,14,A,C,cEt,False,False,True,True,17
728,596706,14,15,T,M,MOE,False,True,False,True,17
728,596706,15,16,A,M,MOE,False,True,False,True,17
728,596706,16,17,C,M,MOE,False,True,False,True,17
729,596707,0,1,T,M,MOE,False,True,False,True,17
729,596707,1,2,C,M,MOE,False,True,False,True,17
729,596707,2,3,A,C,cEt,False,False,True,True,17
729,596707,3,4,T,C,cEt,False,False,True,True,17
729,596707,4,5,A,d,DNA,True,False,False,False,17
729,596707,5,6,A,d,DNA,True,False,False,False,17
729,596707,6,7,T,d,DNA,True,False,False,False,17
729,596707,7,8,A,d,DNA,True,False,False,False,17
729,596707,8,9,A,d,DNA,True,False,False,False,17
729,596707,9,10,G,d,DNA,True,False,False,False,17
729,596707,10,11,T,d,DNA,True,False,False,False,17
729,596707,11,12,G,d,DNA,True,False,False,False,17
729,596707,12,13,C,C,cEt,False,False,True,True,17
729,596707,13,14,C,C,cEt,False,False,True,True,17
729,596707,14,15,A,M,MOE,False,True,False,True,17
729,596707,15,16,T,M,MOE,False,True,False,True,17
729,596707,16,17,A,M,MOE,False,True,False,True,17
730,596708,0,1,C,M,MOE,False,True,False,True,17
730,596708,1,2,T,M,MOE,False,True,False,True,17
730,596708,2,3,C,C,cEt,False,False,True,True,17
730,596708,3,4,A,C,cEt,False,False,True,True,17
730,596708,4,5,T,d,DNA,True,False,False,False,17
730,596708,5,6,A,d,DNA,True,False,False,False,17
730,596708,6,7,A,d,DNA,True,False,False,False,17
730,596708,7,8,T,d,DNA,True,False,False,False,17
730,596708,8,9,A,d,DNA,True,False,False,False,17
730,596708,9,10,A,d,DNA,True,False,False,False,17
730,596708,10,11,G,d,DNA,True,False,False,False,17
730,596708,11,12,T,d,DNA,True,False,False,False,17
730,596708,12,13,G,C,cEt,False,False,True,True,17
730,596708,13,14,C,C,cEt,False,False,True,True,17
730,596708,14,15,C,M,MOE,False,True,False,True,17
730,596708,15,16,A,M,MOE,False,True,False,True,17
730,596708,16,17,T,M,MOE,False,True,False,True,17
731,596709,0,1,C,M,MOE,False,True,False,True,17
731,596709,1,2,C,M,MOE,False,True,False,True,17
731,596709,2,3,T,C,cEt,False,False,True,True,17
731,596709,3,4,C,C,cEt,False,False,True,True,17
731,596709,4,5,A,d,DNA,True,False,False,False,17
731,596709,5,6,T,d,DNA,True,False,False,False,17
731,596709,6,7,A,d,DNA,True,False,False,False,17
731,596709,7,8,A,d,DNA,True,False,False,False,17
731,596709,8,9,T,d,DNA,True,False,False,False,17
731,596709,9,10,A,d,DNA,True,False,False,False,17
731,596709,10,11,A,d,DNA,True,False,False,False,17
731,596709,11,12,G,d,DNA,True,False,False,False,17
731,596709,12,13,T,C,cEt,False,False,True,True,17
731,596709,13,14,G,C,cEt,False,False,True,True,17
731,596709,14,15,C,M,MOE,False,True,False,True,17
731,596709,15,16,C,M,MOE,False,True,False,True,17
731,596709,16,17,A,M,MOE,False,True,False,True,17
732,596710,0,1,G,M,MOE,False,True,False,True,17
732,596710,1,2,C,M,MOE,False,True,False,True,17
732,596710,2,3,C,C,cEt,False,False,True,True,17
732,596710,3,4,T,C,cEt,False,False,True,True,17
732,596710,4,5,C,d,DNA,True,False,False,False,17
732,596710,5,6,A,d,DNA,True,False,False,False,17
732,596710,6,7,T,d,DNA,True,False,False,False,17
732,596710,7,8,A,d,DNA,True,False,False,False,17
732,596710,8,9,A,d,DNA,True,False,False,False,17
732,596710,9,10,T,d,DNA,True,False,False,False,17
732,596710,10,11,A,d,DNA,True,False,False,False,17
732,596710,11,12,A,d,DNA,True,False,False,False,17
732,596710,12,13,G,C,cEt,False,False,True,True,17
732,596710,13,14,T,C,cEt,False,False,True,True,17
732,596710,14,15,G,M,MOE,False,True,False,True,17
732,596710,15,16,C,M,MOE,False,True,False,True,17
732,596710,16,17,C,M,MOE,False,True,False,True,17
733,596711,0,1,A,M,MOE,False,True,False,True,17
733,596711,1,2,G,M,MOE,False,True,False,True,17
733,596711,2,3,C,C,cEt,False,False,True,True,17
733,596711,3,4,C,C,cEt,False,False,True,True,17
733,596711,4,5,T,d,DNA,True,False,False,False,17
733,596711,5,6,C,d,DNA,True,False,False,False,17
733,596711,6,7,A,d,DNA,True,False,False,False,17
733,596711,7,8,T,d,DNA,True,False,False,False,17
733,596711,8,9,A,d,DNA,True,False,False,False,17
733,596711,9,10,A,d,DNA,True,False,False,False,17
733,596711,10,11,T,d,DNA,True,False,False,False,17
733,596711,11,12,A,d,DNA,True,False,False,False,17
733,596711,12,13,A,C,cEt,False,False,True,True,17
733,596711,13,14,G,C,cEt,False,False,True,True,17
733,596711,14,15,T,M,MOE,False,True,False,True,17
733,596711,15,16,G,M,MOE,False,True,False,True,17
733,596711,16,17,C,M,MOE,False,True,False,True,17
734,596712,0,1,T,M,MOE,False,True,False,True,17
734,596712,1,2,A,M,MOE,False,True,False,True,17
734,596712,2,3,G,C,cEt,False,False,True,True,17
734,596712,3,4,C,C,cEt,False,False,True,True,17
734,596712,4,5,C,d,DNA,True,False,False,False,17
734,596712,5,6,T,d,DNA,True,False,False,False,17
734,596712,6,7,C,d,DNA,True,False,False,False,17
734,596712,7,8,A,d,DNA,True,False,False,False,17
734,596712,8,9,T,d,DNA,True,False,False,False,17
734,596712,9,10,A,d,DNA,True,False,False,False,17
734,596712,10,11,A,d,DNA,True,False,False,False,17
734,596712,11,12,T,d,DNA,True,False,False,False,17
734,596712,12,13,A,C,cEt,False,False,True,True,17
734,596712,13,14,A,C,cEt,False,False,True,True,17
734,596712,14,15,G,M,MOE,False,True,False,True,17
734,596712,15,16,T,M,MOE,False,True,False,True,17
734,596712,16,17,G,M,MOE,False,True,False,True,17
735,596713,0,1,A,M,MOE,False,True,False,True,17
735,596713,1,2,T,M,MOE,False,True,False,True,17
735,596713,2,3,A,C,cEt,False,False,True,True,17
735,596713,3,4,G,C,cEt,False,False,True,True,17
735,596713,4,5,C,d,DNA,True,False,False,False,17
735,596713,5,6,C,d,DNA,True,False,False,False,17
735,596713,6,7,T,d,DNA,True,False,False,False,17
735,596713,7,8,C,d,DNA,True,False,False,False,17
735,596713,8,9,A,d,DNA,True,False,False,False,17
735,596713,9,10,T,d,DNA,True,False,False,False,17
735,596713,10,11,A,d,DNA,True,False,False,False,17
735,596713,11,12,A,d,DNA,True,False,False,False,17
735,596713,12,13,T,C,cEt,False,False,True,True,17
735,596713,13,14,A,C,cEt,False,False,True,True,17
735,596713,14,15,A,M,MOE,False,True,False,True,17
735,596713,15,16,G,M,MOE,False,True,False,True,17
735,596713,16,17,T,M,MOE,False,True,False,True,17
736,596714,0,1,A,M,MOE,False,True,False,True,17
736,596714,1,2,A,M,MOE,False,True,False,True,17
736,596714,2,3,T,C,cEt,False,False,True,True,17
736,596714,3,4,A,C,cEt,False,False,True,True,17
736,596714,4,5,G,d,DNA,True,False,False,False,17
736,596714,5,6,C,d,DNA,True,False,False,False,17
736,596714,6,7,C,d,DNA,True,False,False,False,17
736,596714,7,8,T,d,DNA,True,False,False,False,17
736,596714,8,9,C,d,DNA,True,False,False,False,17
736,596714,9,10,A,d,DNA,True,False,False,False,17
736,596714,10,11,T,d,DNA,True,False,False,False,17
736,596714,11,12,A,d,DNA,True,False,False,False,17
736,596714,12,13,A,C,cEt,False,False,True,True,17
736,596714,13,14,T,C,cEt,False,False,True,True,17
736,596714,14,15,A,M,MOE,False,True,False,True,17
736,596714,15,16,A,M,MOE,False,True,False,True,17
736,596714,16,17,G,M,MOE,False,True,False,True,17
737,596715,0,1,C,M,MOE,False,True,False,True,17
737,596715,1,2,T,M,MOE,False,True,False,True,17
737,596715,2,3,T,C,cEt,False,False,True,True,17
737,596715,3,4,T,C,cEt,False,False,True,True,17
737,596715,4,5,T,d,DNA,True,False,False,False,17
737,596715,5,6,A,d,DNA,True,False,False,False,17
737,596715,6,7,A,d,DNA,True,False,False,False,17
737,596715,7,8,T,d,DNA,True,False,False,False,17
737,596715,8,9,A,d,DNA,True,False,False,False,17
737,596715,9,10,G,d,DNA,True,False,False,False,17
737,596715,10,11,C,d,DNA,True,False,False,False,17
737,596715,11,12,C,d,DNA,True,False,False,False,17
737,596715,12,13,T,C,cEt,False,False,True,True,17
737,596715,13,14,C,C,cEt,False,False,True,True,17
737,596715,14,15,A,M,MOE,False,True,False,True,17
737,596715,15,16,T,M,MOE,False,True,False,True,17
737,596715,16,17,A,M,MOE,False,True,False,True,17
738,596716,0,1,T,M,MOE,False,True,False,True,17
738,596716,1,2,C,M,MOE,False,True,False,True,17
738,596716,2,3,T,C,cEt,False,False,True,True,17
738,596716,3,4,T,C,cEt,False,False,True,True,17
738,596716,4,5,T,d,DNA,True,False,False,False,17
738,596716,5,6,T,d,DNA,True,False,False,False,17
738,596716,6,7,A,d,DNA,True,False,False,False,17
738,596716,7,8,A,d,DNA,True,False,False,False,17
738,596716,8,9,T,d,DNA,True,False,False,False,17
738,596716,9,10,A,d,DNA,True,False,False,False,17
738,596716,10,11,G,d,DNA,True,False,False,False,17
738,596716,11,12,C,d,DNA,True,False,False,False,17
738,596716,12,13,C,C,cEt,False,False,True,True,17
738,596716,13,14,T,C,cEt,False,False,True,True,17
738,596716,14,15,C,M,MOE,False,True,False,True,17
738,596716,15,16,A,M,MOE,False,True,False,True,17
738,596716,16,17,T,M,MOE,False,True,False,True,17
739,596717,0,1,G,M,MOE,False,True,False,True,17
739,596717,1,2,G,M,MOE,False,True,False,True,17
739,596717,2,3,A,C,cEt,False,False,True,True,17
739,596717,3,4,T,C,cEt,False,False,True,True,17
739,596717,4,5,T,d,DNA,True,False,False,False,17
739,596717,5,6,C,d,DNA,True,False,False,False,17
739,596717,6,7,T,d,DNA,True,False,False,False,17
739,596717,7,8,T,d,DNA,True,False,False,False,17
739,596717,8,9,T,d,DNA,True,False,False,False,17
739,596717,9,10,T,d,DNA,True,False,False,False,17
739,596717,10,11,A,d,DNA,True,False,False,False,17
739,596717,11,12,A,d,DNA,True,False,False,False,17
739,596717,12,13,T,C,cEt,False,False,True,True,17
739,596717,13,14,A,C,cEt,False,False,True,True,17
739,596717,14,15,G,M,MOE,False,True,False,True,17
739,596717,15,16,C,M,MOE,False,True,False,True,17
739,596717,16,17,C,M,MOE,False,True,False,True,17
740,596718,0,1,T,M,MOE,False,True,False,True,17
740,596718,1,2,T,M,MOE,False,True,False,True,17
740,596718,2,3,G,C,cEt,False,False,True,True,17
740,596718,3,4,G,C,cEt,False,False,True,True,17
740,596718,4,5,A,d,DNA,True,False,False,False,17
740,596718,5,6,T,d,DNA,True,False,False,False,17
740,596718,6,7,T,d,DNA,True,False,False,False,17
740,596718,7,8,C,d,DNA,True,False,False,False,17
740,596718,8,9,T,d,DNA,True,False,False,False,17
740,596718,9,10,T,d,DNA,True,False,False,False,17
740,596718,10,11,T,d,DNA,True,False,False,False,17
740,596718,11,12,T,d,DNA,True,False,False,False,17
740,596718,12,13,A,C,cEt,False,False,True,True,17
740,596718,13,14,A,C,cEt,False,False,True,True,17
740,596718,14,15,T,M,MOE,False,True,False,True,17
740,596718,15,16,A,M,MOE,False,True,False,True,17
740,596718,16,17,G,M,MOE,False,True,False,True,17
741,596719,0,1,T,M,MOE,False,True,False,True,17
741,596719,1,2,T,M,MOE,False,True,False,True,17
741,596719,2,3,A,C,cEt,False,False,True,True,17
741,596719,3,4,G,C,cEt,False,False,True,True,17
741,596719,4,5,T,d,DNA,True,False,False,False,17
741,596719,5,6,T,d,DNA,True,False,False,False,17
741,596719,6,7,T,d,DNA,True,False,False,False,17
741,596719,7,8,G,d,DNA,True,False,False,False,17
741,596719,8,9,A,d,DNA,True,False,False,False,17
741,596719,9,10,A,d,DNA,True,False,False,False,17
741,596719,10,11,T,d,DNA,True,False,False,False,17
741,596719,11,12,T,d,DNA,True,False,False,False,17
741,596719,12,13,T,C,cEt,False,False,True,True,17
741,596719,13,14,G,C,cEt,False,False,True,True,17
741,596719,14,15,G,M,MOE,False,True,False,True,17
741,596719,15,16,A,M,MOE,False,True,False,True,17
741,596719,16,17,T,M,MOE,False,True,False,True,17
742,596720,0,1,T,M,MOE,False,True,False,True,17
742,596720,1,2,C,M,MOE,False,True,False,True,17
742,596720,2,3,G,C,cEt,False,False,True,True,17
742,596720,3,4,C,C,cEt,False,False,True,True,17
742,596720,4,5,C,d,DNA,True,False,False,False,17
742,596720,5,6,C,d,DNA,True,False,False,False,17
742,596720,6,7,T,d,DNA,True,False,False,False,17
742,596720,7,8,T,d,DNA,True,False,False,False,17
742,596720,8,9,C,d,DNA,True,False,False,False,17
742,596720,9,10,A,d,DNA,True,False,False,False,17
742,596720,10,11,G,d,DNA,True,False,False,False,17
742,596720,11,12,C,d,DNA,True,False,False,False,17
742,596720,12,13,A,C,cEt,False,False,True,True,17
742,596720,13,14,C,C,cEt,False,False,True,True,17
742,596720,14,15,G,M,MOE,False,True,False,True,17
742,596720,15,16,C,M,MOE,False,True,False,True,17
742,596720,16,17,A,M,MOE,False,True,False,True,17
743,596721,0,1,C,M,MOE,False,True,False,True,17
743,596721,1,2,C,M,MOE,False,True,False,True,17
743,596721,2,3,C,C,cEt,False,False,True,True,17
743,596721,3,4,T,C,cEt,False,False,True,True,17
743,596721,4,5,T,d,DNA,True,False,False,False,17
743,596721,5,6,C,d,DNA,True,False,False,False,17
743,596721,6,7,A,d,DNA,True,False,False,False,17
743,596721,7,8,G,d,DNA,True,False,False,False,17
743,596721,8,9,C,d,DNA,True,False,False,False,17
743,596721,9,10,A,d,DNA,True,False,False,False,17
743,596721,10,11,C,d,DNA,True,False,False,False,17
743,596721,11,12,G,d,DNA,True,False,False,False,17
743,596721,12,13,C,d,DNA,True,False,False,False,17
743,596721,13,14,A,C,cEt,False,False,True,True,17
743,596721,14,15,C,C,cEt,False,False,True,True,17
743,596721,15,16,A,M,MOE,False,True,False,True,17
743,596721,16,17,C,M,MOE,False,True,False,True,17
744,596722,0,1,G,M,MOE,False,True,False,True,17
744,596722,1,2,C,M,MOE,False,True,False,True,17
744,596722,2,3,C,C,cEt,False,False,True,True,17
744,596722,3,4,C,C,cEt,False,False,True,True,17
744,596722,4,5,T,d,DNA,True,False,False,False,17
744,596722,5,6,T,d,DNA,True,False,False,False,17
744,596722,6,7,C,d,DNA,True,False,False,False,17
744,596722,7,8,A,d,DNA,True,False,False,False,17
744,596722,8,9,G,d,DNA,True,False,False,False,17
744,596722,9,10,C,d,DNA,True,False,False,False,17
744,596722,10,11,A,d,DNA,True,False,False,False,17
744,596722,11,12,C,d,DNA,True,False,False,False,17
744,596722,12,13,G,d,DNA,True,False,False,False,17
744,596722,13,14,C,C,cEt,False,False,True,True,17
744,596722,14,15,A,C,cEt,False,False,True,True,17
744,596722,15,16,C,M,MOE,False,True,False,True,17
744,596722,16,17,A,M,MOE,False,True,False,True,17
745,596723,0,1,C,M,MOE,False,True,False,True,17
745,596723,1,2,G,M,MOE,False,True,False,True,17
745,596723,2,3,C,C,cEt,False,False,True,True,17
745,596723,3,4,C,C,cEt,False,False,True,True,17
745,596723,4,5,C,d,DNA,True,False,False,False,17
745,596723,5,6,T,d,DNA,True,False,False,False,17
745,596723,6,7,T,d,DNA,True,False,False,False,17
745,596723,7,8,C,d,DNA,True,False,False,False,17
745,596723,8,9,A,d,DNA,True,False,False,False,17
745,596723,9,10,G,d,DNA,True,False,False,False,17
745,596723,10,11,C,d,DNA,True,False,False,False,17
745,596723,11,12,A,d,DNA,True,False,False,False,17
745,596723,12,13,C,d,DNA,True,False,False,False,17
745,596723,13,14,G,C,cEt,False,False,True,True,17
745,596723,14,15,C,C,cEt,False,False,True,True,17
745,596723,15,16,A,M,MOE,False,True,False,True,17
745,596723,16,17,C,M,MOE,False,True,False,True,17
746,596724,0,1,G,M,MOE,False,True,False,True,17
746,596724,1,2,T,M,MOE,False,True,False,True,17
746,596724,2,3,C,C,cEt,False,False,True,True,17
746,596724,3,4,G,C,cEt,False,False,True,True,17
746,596724,4,5,C,d,DNA,True,False,False,False,17
746,596724,5,6,C,d,DNA,True,False,False,False,17
746,596724,6,7,C,d,DNA,True,False,False,False,17
746,596724,7,8,T,d,DNA,True,False,False,False,17
746,596724,8,9,T,d,DNA,True,False,False,False,17
746,596724,9,10,C,d,DNA,True,False,False,False,17
746,596724,10,11,A,d,DNA,True,False,False,False,17
746,596724,11,12,G,d,DNA,True,False,False,False,17
746,596724,12,13,C,d,DNA,True,False,False,False,17
746,596724,13,14,A,C,cEt,False,False,True,True,17
746,596724,14,15,C,C,cEt,False,False,True,True,17
746,596724,15,16,G,M,MOE,False,True,False,True,17
746,596724,16,17,C,M,MOE,False,True,False,True,17
747,596725,0,1,C,M,MOE,False,True,False,True,17
747,596725,1,2,G,M,MOE,False,True,False,True,17
747,596725,2,3,T,C,cEt,False,False,True,True,17
747,596725,3,4,C,C,cEt,False,False,True,True,17
747,596725,4,5,G,d,DNA,True,False,False,False,17
747,596725,5,6,C,d,DNA,True,False,False,False,17
747,596725,6,7,C,d,DNA,True,False,False,False,17
747,596725,7,8,C,d,DNA,True,False,False,False,17
747,596725,8,9,T,d,DNA,True,False,False,False,17
747,596725,9,10,T,d,DNA,True,False,False,False,17
747,596725,10,11,C,d,DNA,True,False,False,False,17
747,596725,11,12,A,d,DNA,True,False,False,False,17
747,596725,12,13,G,d,DNA,True,False,False,False,17
747,596725,13,14,C,C,cEt,False,False,True,True,17
747,596725,14,15,A,C,cEt,False,False,True,True,17
747,596725,15,16,C,M,MOE,False,True,False,True,17
747,596725,16,17,G,M,MOE,False,True,False,True,17
748,596726,0,1,C,M,MOE,False,True,False,True,17
748,596726,1,2,C,M,MOE,False,True,False,True,17
748,596726,2,3,G,C,cEt,False,False,True,True,17
748,596726,3,4,T,C,cEt,False,False,True,True,17
748,596726,4,5,C,d,DNA,True,False,False,False,17
748,596726,5,6,G,d,DNA,True,False,False,False,17
748,596726,6,7,C,d,DNA,True,False,False,False,17
748,596726,7,8,C,d,DNA,True,False,False,False,17
748,596726,8,9,C,d,DNA,True,False,False,False,17
748,596726,9,10,T,d,DNA,True,False,False,False,17
748,596726,10,11,T,d,DNA,True,False,False,False,17
748,596726,11,12,C,d,DNA,True,False,False,False,17
748,596726,12,13,A,d,DNA,True,False,False,False,17
748,596726,13,14,G,C,cEt,False,False,True,True,17
748,596726,14,15,C,C,cEt,False,False,True,True,17
748,596726,15,16,A,M,MOE,False,True,False,True,17
748,596726,16,17,C,M,MOE,False,True,False,True,17
749,596727,0,1,G,M,MOE,False,True,False,True,17
749,596727,1,2,C,M,MOE,False,True,False,True,17
749,596727,2,3,C,C,cEt,False,False,True,True,17
749,596727,3,4,G,C,cEt,False,False,True,True,17
749,596727,4,5,T,d,DNA,True,False,False,False,17
749,596727,5,6,C,d,DNA,True,False,False,False,17
749,596727,6,7,G,d,DNA,True,False,False,False,17
749,596727,7,8,C,d,DNA,True,False,False,False,17
749,596727,8,9,C,d,DNA,True,False,False,False,17
749,596727,9,10,C,d,DNA,True,False,False,False,17
749,596727,10,11,T,d,DNA,True,False,False,False,17
749,596727,11,12,T,d,DNA,True,False,False,False,17
749,596727,12,13,C,d,DNA,True,False,False,False,17
749,596727,13,14,A,C,cEt,False,False,True,True,17
749,596727,14,15,G,C,cEt,False,False,True,True,17
749,596727,15,16,C,M,MOE,False,True,False,True,17
749,596727,16,17,A,M,MOE,False,True,False,True,17
750,596728,0,1,C,M,MOE,False,True,False,True,17
750,596728,1,2,A,M,MOE,False,True,False,True,17
750,596728,2,3,C,C,cEt,False,False,True,True,17
750,596728,3,4,C,C,cEt,False,False,True,True,17
750,596728,4,5,A,d,DNA,True,False,False,False,17
750,596728,5,6,C,d,DNA,True,False,False,False,17
750,596728,6,7,A,d,DNA,True,False,False,False,17
750,596728,7,8,A,d,DNA,True,False,False,False,17
750,596728,8,9,G,d,DNA,True,False,False,False,17
750,596728,9,10,C,d,DNA,True,False,False,False,17
750,596728,10,11,C,d,DNA,True,False,False,False,17
750,596728,11,12,A,d,DNA,True,False,False,False,17
750,596728,12,13,A,d,DNA,True,False,False,False,17
750,596728,13,14,A,C,cEt,False,False,True,True,17
750,596728,14,15,C,C,cEt,False,False,True,True,17
750,596728,15,16,G,M,MOE,False,True,False,True,17
750,596728,16,17,A,M,MOE,False,True,False,True,17
751,596729,0,1,A,M,MOE,False,True,False,True,17
751,596729,1,2,C,M,MOE,False,True,False,True,17
751,596729,2,3,A,C,cEt,False,False,True,True,17
751,596729,3,4,C,C,cEt,False,False,True,True,17
751,596729,4,5,C,d,DNA,True,False,False,False,17
751,596729,5,6,A,d,DNA,True,False,False,False,17
751,596729,6,7,C,d,DNA,True,False,False,False,17
751,596729,7,8,A,d,DNA,True,False,False,False,17
751,596729,8,9,A,d,DNA,True,False,False,False,17
751,596729,9,10,G,d,DNA,True,False,False,False,17
751,596729,10,11,C,d,DNA,True,False,False,False,17
751,596729,11,12,C,d,DNA,True,False,False,False,17
751,596729,12,13,A,d,DNA,True,False,False,False,17
751,596729,13,14,A,C,cEt,False,False,True,True,17
751,596729,14,15,A,C,cEt,False,False,True,True,17
751,596729,15,16,C,M,MOE,False,True,False,True,17
751,596729,16,17,G,M,MOE,False,True,False,True,17
752,596730,0,1,T,M,MOE,False,True,False,True,17
752,596730,1,2,A,M,MOE,False,True,False,True,17
752,596730,2,3,C,C,cEt,False,False,True,True,17
752,596730,3,4,A,C,cEt,False,False,True,True,17
752,596730,4,5,C,d,DNA,True,False,False,False,17
752,596730,5,6,C,d,DNA,True,False,False,False,17
752,596730,6,7,A,d,DNA,True,False,False,False,17
752,596730,7,8,C,d,DNA,True,False,False,False,17
752,596730,8,9,A,d,DNA,True,False,False,False,17
752,596730,9,10,A,d,DNA,True,False,False,False,17
752,596730,10,11,G,d,DNA,True,False,False,False,17
752,596730,11,12,C,d,DNA,True,False,False,False,17
752,596730,12,13,C,d,DNA,True,False,False,False,17
752,596730,13,14,A,C,cEt,False,False,True,True,17
752,596730,14,15,A,C,cEt,False,False,True,True,17
752,596730,15,16,A,M,MOE,False,True,False,True,17
752,596730,16,17,C,M,MOE,False,True,False,True,17
753,596731,0,1,T,M,MOE,False,True,False,True,17
753,596731,1,2,T,M,MOE,False,True,False,True,17
753,596731,2,3,A,C,cEt,False,False,True,True,17
753,596731,3,4,C,C,cEt,False,False,True,True,17
753,596731,4,5,A,d,DNA,True,False,False,False,17
753,596731,5,6,C,d,DNA,True,False,False,False,17
753,596731,6,7,C,d,DNA,True,False,False,False,17
753,596731,7,8,A,d,DNA,True,False,False,False,17
753,596731,8,9,C,d,DNA,True,False,False,False,17
753,596731,9,10,A,d,DNA,True,False,False,False,17
753,596731,10,11,A,d,DNA,True,False,False,False,17
753,596731,11,12,G,d,DNA,True,False,False,False,17
753,596731,12,13,C,d,DNA,True,False,False,False,17
753,596731,13,14,C,C,cEt,False,False,True,True,17
753,596731,14,15,A,C,cEt,False,False,True,True,17
753,596731,15,16,A,M,MOE,False,True,False,True,17
753,596731,16,17,A,M,MOE,False,True,False,True,17
754,596732,0,1,A,M,MOE,False,True,False,True,17
754,596732,1,2,T,M,MOE,False,True,False,True,17
754,596732,2,3,T,C,cEt,False,False,True,True,17
754,596732,3,4,A,C,cEt,False,False,True,True,17
754,596732,4,5,C,d,DNA,True,False,False,False,17
754,596732,5,6,A,d,DNA,True,False,False,False,17
754,596732,6,7,C,d,DNA,True,False,False,False,17
754,596732,7,8,C,d,DNA,True,False,False,False,17
754,596732,8,9,A,d,DNA,True,False,False,False,17
754,596732,9,10,C,d,DNA,True,False,False,False,17
754,596732,10,11,A,d,DNA,True,False,False,False,17
754,596732,11,12,A,d,DNA,True,False,False,False,17
754,596732,12,13,G,d,DNA,True,False,False,False,17
754,596732,13,14,C,C,cEt,False,False,True,True,17
754,596732,14,15,C,C,cEt,False,False,True,True,17
754,596732,15,16,A,M,MOE,False,True,False,True,17
754,596732,16,17,A,M,MOE,False,True,False,True,17
755,596733,0,1,A,M,MOE,False,True,False,True,17
755,596733,1,2,A,M,MOE,False,True,False,True,17
755,596733,2,3,T,C,cEt,False,False,True,True,17
755,596733,3,4,T,C,cEt,False,False,True,True,17
755,596733,4,5,A,d,DNA,True,False,False,False,17
755,596733,5,6,C,d,DNA,True,False,False,False,17
755,596733,6,7,A,d,DNA,True,False,False,False,17
755,596733,7,8,C,d,DNA,True,False,False,False,17
755,596733,8,9,C,d,DNA,True,False,False,False,17
755,596733,9,10,A,d,DNA,True,False,False,False,17
755,596733,10,11,C,d,DNA,True,False,False,False,17
755,596733,11,12,A,d,DNA,True,False,False,False,17
755,596733,12,13,A,d,DNA,True,False,False,False,17
755,596733,13,14,G,C,cEt,False,False,True,True,17
755,596733,14,15,C,C,cEt,False,False,True,True,17
755,596733,15,16,C,M,MOE,False,True,False,True,17
755,596733,16,17,A,M,MOE,False,True,False,True,17
756,596734,0,1,C,M,MOE,False,True,False,True,17
756,596734,1,2,A,M,MOE,False,True,False,True,17
756,596734,2,3,A,C,cEt,False,False,True,True,17
756,596734,3,4,T,C,cEt,False,False,True,True,17
756,596734,4,5,T,d,DNA,True,False,False,False,17
756,596734,5,6,A,d,DNA,True,False,False,False,17
756,596734,6,7,C,d,DNA,True,False,False,False,17
756,596734,7,8,A,d,DNA,True,False,False,False,17
756,596734,8,9,C,d,DNA,True,False,False,False,17
756,596734,9,10,C,d,DNA,True,False,False,False,17
756,596734,10,11,A,d,DNA,True,False,False,False,17
756,596734,11,12,C,d,DNA,True,False,False,False,17
756,596734,12,13,A,d,DNA,True,False,False,False,17
756,596734,13,14,A,C,cEt,False,False,True,True,17
756,596734,14,15,G,C,cEt,False,False,True,True,17
756,596734,15,16,C,M,MOE,False,True,False,True,17
756,596734,16,17,C,M,MOE,False,True,False,True,17
757,596735,0,1,C,M,MOE,False,True,False,True,17
757,596735,1,2,C,M,MOE,False,True,False,True,17
757,596735,2,3,A,C,cEt,False,False,True,True,17
757,596735,3,4,A,C,cEt,False,False,True,True,17
757,596735,4,5,T,d,DNA,True,False,False,False,17
757,596735,5,6,T,d,DNA,True,False,False,False,17
757,596735,6,7,A,d,DNA,True,False,False,False,17
757,596735,7,8,C,d,DNA,True,False,False,False,17
757,596735,8,9,A,d,DNA,True,False,False,False,17
757,596735,9,10,C,d,DNA,True,False,False,False,17
757,596735,10,11,C,d,DNA,True,False,False,False,17
757,596735,11,12,A,d,DNA,True,False,False,False,17
757,596735,12,13,C,d,DNA,True,False,False,False,17
757,596735,13,14,A,C,cEt,False,False,True,True,17
757,596735,14,15,A,C,cEt,False,False,True,True,17
757,596735,15,16,G,M,MOE,False,True,False,True,17
757,596735,16,17,C,M,MOE,False,True,False,True,17
758,596736,0,1,C,M,MOE,False,True,False,True,17
758,596736,1,2,C,M,MOE,False,True,False,True,17
758,596736,2,3,C,C,cEt,False,False,True,True,17
758,596736,3,4,A,C,cEt,False,False,True,True,17
758,596736,4,5,A,d,DNA,True,False,False,False,17
758,596736,5,6,T,d,DNA,True,False,False,False,17
758,596736,6,7,T,d,DNA,True,False,False,False,17
758,596736,7,8,A,d,DNA,True,False,False,False,17
758,596736,8,9,C,d,DNA,True,False,False,False,17
758,596736,9,10,A,d,DNA,True,False,False,False,17
758,596736,10,11,C,d,DNA,True,False,False,False,17
758,596736,11,12,C,d,DNA,True,False,False,False,17
758,596736,12,13,A,d,DNA,True,False,False,False,17
758,596736,13,14,C,C,cEt,False,False,True,True,17
758,596736,14,15,A,C,cEt,False,False,True,True,17
758,596736,15,16,A,M,MOE,False,True,False,True,17
758,596736,16,17,G,M,MOE,False,True,False,True,17
759,596737,0,1,G,M,MOE,False,True,False,True,17
759,596737,1,2,A,M,MOE,False,True,False,True,17
759,596737,2,3,T,C,cEt,False,False,True,True,17
759,596737,3,4,C,C,cEt,False,False,True,True,17
759,596737,4,5,C,d,DNA,True,False,False,False,17
759,596737,5,6,C,d,DNA,True,False,False,False,17
759,596737,6,7,A,d,DNA,True,False,False,False,17
759,596737,7,8,A,d,DNA,True,False,False,False,17
759,596737,8,9,T,d,DNA,True,False,False,False,17
759,596737,9,10,T,d,DNA,True,False,False,False,17
759,596737,10,11,A,d,DNA,True,False,False,False,17
759,596737,11,12,C,d,DNA,True,False,False,False,17
759,596737,12,13,A,d,DNA,True,False,False,False,17
759,596737,13,14,C,C,cEt,False,False,True,True,17
759,596737,14,15,C,C,cEt,False,False,True,True,17
759,596737,15,16,A,M,MOE,False,True,False,True,17
759,596737,16,17,C,M,MOE,False,True,False,True,17
760,596738,0,1,C,M,MOE,False,True,False,True,17
760,596738,1,2,G,M,MOE,False,True,False,True,17
760,596738,2,3,A,C,cEt,False,False,True,True,17
760,596738,3,4,T,C,cEt,False,False,True,True,17
760,596738,4,5,C,d,DNA,True,False,False,False,17
760,596738,5,6,C,d,DNA,True,False,False,False,17
760,596738,6,7,C,d,DNA,True,False,False,False,17
760,596738,7,8,A,d,DNA,True,False,False,False,17
760,596738,8,9,A,d,DNA,True,False,False,False,17
760,596738,9,10,T,d,DNA,True,False,False,False,17
760,596738,10,11,T,d,DNA,True,False,False,False,17
760,596738,11,12,A,d,DNA,True,False,False,False,17
760,596738,12,13,C,d,DNA,True,False,False,False,17
760,596738,13,14,A,C,cEt,False,False,True,True,17
760,596738,14,15,C,C,cEt,False,False,True,True,17
760,596738,15,16,C,M,MOE,False,True,False,True,17
760,596738,16,17,A,M,MOE,False,True,False,True,17
761,596739,0,1,G,M,MOE,False,True,False,True,17
761,596739,1,2,C,M,MOE,False,True,False,True,17
761,596739,2,3,G,C,cEt,False,False,True,True,17
761,596739,3,4,A,C,cEt,False,False,True,True,17
761,596739,4,5,T,d,DNA,True,False,False,False,17
761,596739,5,6,C,d,DNA,True,False,False,False,17
761,596739,6,7,C,d,DNA,True,False,False,False,17
761,596739,7,8,C,d,DNA,True,False,False,False,17
761,596739,8,9,A,d,DNA,True,False,False,False,17
761,596739,9,10,A,d,DNA,True,False,False,False,17
761,596739,10,11,T,d,DNA,True,False,False,False,17
761,596739,11,12,T,d,DNA,True,False,False,False,17
761,596739,12,13,A,d,DNA,True,False,False,False,17
761,596739,13,14,C,C,cEt,False,False,True,True,17
761,596739,14,15,A,C,cEt,False,False,True,True,17
761,596739,15,16,C,M,MOE,False,True,False,True,17
761,596739,16,17,C,M,MOE,False,True,False,True,17
762,596740,0,1,G,M,MOE,False,True,False,True,17
762,596740,1,2,G,M,MOE,False,True,False,True,17
762,596740,2,3,C,C,cEt,False,False,True,True,17
762,596740,3,4,G,C,cEt,False,False,True,True,17
762,596740,4,5,A,d,DNA,True,False,False,False,17
762,596740,5,6,T,d,DNA,True,False,False,False,17
762,596740,6,7,C,d,DNA,True,False,False,False,17
762,596740,7,8,C,d,DNA,True,False,False,False,17
762,596740,8,9,C,d,DNA,True,False,False,False,17
762,596740,9,10,A,d,DNA,True,False,False,False,17
762,596740,10,11,A,d,DNA,True,False,False,False,17
762,596740,11,12,T,d,DNA,True,False,False,False,17
762,596740,12,13,T,d,DNA,True,False,False,False,17
762,596740,13,14,A,C,cEt,False,False,True,True,17
762,596740,14,15,C,C,cEt,False,False,True,True,17
762,596740,15,16,A,M,MOE,False,True,False,True,17
762,596740,16,17,C,M,MOE,False,True,False,True,17
763,596741,0,1,G,M,MOE,False,True,False,True,17
763,596741,1,2,G,M,MOE,False,True,False,True,17
763,596741,2,3,G,C,cEt,False,False,True,True,17
763,596741,3,4,C,C,cEt,False,False,True,True,17
763,596741,4,5,G,d,DNA,True,False,False,False,17
763,596741,5,6,A,d,DNA,True,False,False,False,17
763,596741,6,7,T,d,DNA,True,False,False,False,17
763,596741,7,8,C,d,DNA,True,False,False,False,17
763,596741,8,9,C,d,DNA,True,False,False,False,17
763,596741,9,10,C,d,DNA,True,False,False,False,17
763,596741,10,11,A,d,DNA,True,False,False,False,17
763,596741,11,12,A,d,DNA,True,False,False,False,17
763,596741,12,13,T,d,DNA,True,False,False,False,17
763,596741,13,14,T,C,cEt,False,False,True,True,17
763,596741,14,15,A,C,cEt,False,False,True,True,17
763,596741,15,16,C,M,MOE,False,True,False,True,17
763,596741,16,17,A,M,MOE,False,True,False,True,17
764,596742,0,1,T,M,MOE,False,True,False,True,17
764,596742,1,2,G,M,MOE,False,True,False,True,17
764,596742,2,3,G,C,cEt,False,False,True,True,17
764,596742,3,4,G,C,cEt,False,False,True,True,17
764,596742,4,5,C,d,DNA,True,False,False,False,17
764,596742,5,6,G,d,DNA,True,False,False,False,17
764,596742,6,7,A,d,DNA,True,False,False,False,17
764,596742,7,8,T,d,DNA,True,False,False,False,17
764,596742,8,9,C,d,DNA,True,False,False,False,17
764,596742,9,10,C,d,DNA,True,False,False,False,17
764,596742,10,11,C,d,DNA,True,False,False,False,17
764,596742,11,12,A,d,DNA,True,False,False,False,17
764,596742,12,13,A,d,DNA,True,False,False,False,17
764,596742,13,14,T,C,cEt,False,False,True,True,17
764,596742,14,15,T,C,cEt,False,False,True,True,17
764,596742,15,16,A,M,MOE,False,True,False,True,17
764,596742,16,17,C,M,MOE,False,True,False,True,17
765,596743,0,1,T,M,MOE,False,True,False,True,17
765,596743,1,2,T,M,MOE,False,True,False,True,17
765,596743,2,3,G,C,cEt,False,False,True,True,17
765,596743,3,4,G,C,cEt,False,False,True,True,17
765,596743,4,5,G,d,DNA,True,False,False,False,17
765,596743,5,6,C,d,DNA,True,False,False,False,17
765,596743,6,7,G,d,DNA,True,False,False,False,17
765,596743,7,8,A,d,DNA,True,False,False,False,17
765,596743,8,9,T,d,DNA,True,False,False,False,17
765,596743,9,10,C,d,DNA,True,False,False,False,17
765,596743,10,11,C,d,DNA,True,False,False,False,17
765,596743,11,12,C,d,DNA,True,False,False,False,17
765,596743,12,13,A,d,DNA,True,False,False,False,17
765,596743,13,14,A,C,cEt,False,False,True,True,17
765,596743,14,15,T,C,cEt,False,False,True,True,17
765,596743,15,16,T,M,MOE,False,True,False,True,17
765,596743,16,17,A,M,MOE,False,True,False,True,17
766,596744,0,1,A,M,MOE,False,True,False,True,17
766,596744,1,2,T,M,MOE,False,True,False,True,17
766,596744,2,3,T,C,cEt,False,False,True,True,17
766,596744,3,4,G,C,cEt,False,False,True,True,17
766,596744,4,5,G,d,DNA,True,False,False,False,17
766,596744,5,6,G,d,DNA,True,False,False,False,17
766,596744,6,7,C,d,DNA,True,False,False,False,17
766,596744,7,8,G,d,DNA,True,False,False,False,17
766,596744,8,9,A,d,DNA,True,False,False,False,17
766,596744,9,10,T,d,DNA,True,False,False,False,17
766,596744,10,11,C,d,DNA,True,False,False,False,17
766,596744,11,12,C,d,DNA,True,False,False,False,17
766,596744,12,13,C,d,DNA,True,False,False,False,17
766,596744,13,14,A,C,cEt,False,False,True,True,17
766,596744,14,15,A,C,cEt,False,False,True,True,17
766,596744,15,16,T,M,MOE,False,True,False,True,17
766,596744,16,17,T,M,MOE,False,True,False,True,17
767,596745,0,1,T,M,MOE,False,True,False,True,17
767,596745,1,2,A,M,MOE,False,True,False,True,17
767,596745,2,3,T,C,cEt,False,False,True,True,17
767,596745,3,4,T,C,cEt,False,False,True,True,17
767,596745,4,5,G,d,DNA,True,False,False,False,17
767,596745,5,6,G,d,DNA,True,False,False,False,17
767,596745,6,7,G,d,DNA,True,False,False,False,17
767,596745,7,8,C,d,DNA,True,False,False,False,17
767,596745,8,9,G,d,DNA,True,False,False,False,17
767,596745,9,10,A,d,DNA,True,False,False,False,17
767,596745,10,11,T,d,DNA,True,False,False,False,17
767,596745,11,12,C,d,DNA,True,False,False,False,17
767,596745,12,13,C,d,DNA,True,False,False,False,17
767,596745,13,14,C,C,cEt,False,False,True,True,17
767,596745,14,15,A,C,cEt,False,False,True,True,17
767,596745,15,16,A,M,MOE,False,True,False,True,17
767,596745,16,17,T,M,MOE,False,True,False,True,17
768,596746,0,1,T,M,MOE,False,True,False,True,17
768,596746,1,2,T,M,MOE,False,True,False,True,17
768,596746,2,3,A,C,cEt,False,False,True,True,17
768,596746,3,4,T,C,cEt,False,False,True,True,17
768,596746,4,5,T,d,DNA,True,False,False,False,17
768,596746,5,6,G,d,DNA,True,False,False,False,17
768,596746,6,7,G,d,DNA,True,False,False,False,17
768,596746,7,8,G,d,DNA,True,False,False,False,17
768,596746,8,9,C,d,DNA,True,False,False,False,17
768,596746,9,10,G,d,DNA,True,False,False,False,17
768,596746,10,11,A,d,DNA,True,False,False,False,17
768,596746,11,12,T,d,DNA,True,False,False,False,17
768,596746,12,13,C,d,DNA,True,False,False,False,17
768,596746,13,14,C,C,cEt,False,False,True,True,17
768,596746,14,15,C,C,cEt,False,False,True,True,17
768,596746,15,16,A,M,MOE,False,True,False,True,17
768,596746,16,17,A,M,MOE,False,True,False,True,17
769,596747,0,1,T,M,MOE,False,True,False,True,17
769,596747,1,2,T,M,MOE,False,True,False,True,17
769,596747,2,3,T,C,cEt,False,False,True,True,17
769,596747,3,4,A,C,cEt,False,False,True,True,17
769,596747,4,5,T,d,DNA,True,False,False,False,17
769,596747,5,6,T,d,DNA,True,False,False,False,17
769,596747,6,7,G,d,DNA,True,False,False,False,17
769,596747,7,8,G,d,DNA,True,False,False,False,17
769,596747,8,9,G,d,DNA,True,False,False,False,17
769,596747,9,10,C,d,DNA,True,False,False,False,17
769,596747,10,11,G,d,DNA,True,False,False,False,17
769,596747,11,12,A,d,DNA,True,False,False,False,17
769,596747,12,13,T,d,DNA,True,False,False,False,17
769,596747,13,14,C,C,cEt,False,False,True,True,17
769,596747,14,15,C,C,cEt,False,False,True,True,17
769,596747,15,16,C,M,MOE,False,True,False,True,17
769,596747,16,17,A,M,MOE,False,True,False,True,17
770,596748,0,1,G,M,MOE,False,True,False,True,17
770,596748,1,2,T,M,MOE,False,True,False,True,17
770,596748,2,3,T,C,cEt,False,False,True,True,17
770,596748,3,4,T,C,cEt,False,False,True,True,17
770,596748,4,5,A,d,DNA,True,False,False,False,17
770,596748,5,6,T,d,DNA,True,False,False,False,17
770,596748,6,7,T,d,DNA,True,False,False,False,17
770,596748,7,8,G,d,DNA,True,False,False,False,17
770,596748,8,9,G,d,DNA,True,False,False,False,17
770,596748,9,10,G,d,DNA,True,False,False,False,17
770,596748,10,11,C,d,DNA,True,False,False,False,17
770,596748,11,12,G,d,DNA,True,False,False,False,17
770,596748,12,13,A,d,DNA,True,False,False,False,17
770,596748,13,14,T,C,cEt,False,False,True,True,17
770,596748,14,15,C,C,cEt,False,False,True,True,17
770,596748,15,16,C,M,MOE,False,True,False,True,17
770,596748,16,17,C,M,MOE,False,True,False,True,17
771,596749,0,1,T,M,MOE,False,True,False,True,17
771,596749,1,2,G,M,MOE,False,True,False,True,17
771,596749,2,3,T,C,cEt,False,False,True,True,17
771,596749,3,4,T,C,cEt,False,False,True,True,17
771,596749,4,5,T,d,DNA,True,False,False,False,17
771,596749,5,6,A,d,DNA,True,False,False,False,17
771,596749,6,7,T,d,DNA,True,False,False,False,17
771,596749,7,8,T,d,DNA,True,False,False,False,17
771,596749,8,9,G,d,DNA,True,False,False,False,17
771,596749,9,10,G,d,DNA,True,False,False,False,17
771,596749,10,11,G,d,DNA,True,False,False,False,17
771,596749,11,12,C,d,DNA,True,False,False,False,17
771,596749,12,13,G,d,DNA,True,False,False,False,17
771,596749,13,14,A,C,cEt,False,False,True,True,17
771,596749,14,15,T,C,cEt,False,False,True,True,17
771,596749,15,16,C,M,MOE,False,True,False,True,17
771,596749,16,17,C,M,MOE,False,True,False,True,17
772,596750,0,1,A,M,MOE,False,True,False,True,17
772,596750,1,2,T,M,MOE,False,True,False,True,17
772,596750,2,3,G,C,cEt,False,False,True,True,17
772,596750,3,4,T,C,cEt,False,False,True,True,17
772,596750,4,5,T,d,DNA,True,False,False,False,17
772,596750,5,6,T,d,DNA,True,False,False,False,17
772,596750,6,7,A,d,DNA,True,False,False,False,17
772,596750,7,8,T,d,DNA,True,False,False,False,17
772,596750,8,9,T,d,DNA,True,False,False,False,17
772,596750,9,10,G,d,DNA,True,False,False,False,17
772,596750,10,11,G,d,DNA,True,False,False,False,17
772,596750,11,12,G,d,DNA,True,False,False,False,17
772,596750,12,13,C,d,DNA,True,False,False,False,17
772,596750,13,14,G,C,cEt,False,False,True,True,17
772,596750,14,15,A,C,cEt,False,False,True,True,17
772,596750,15,16,T,M,MOE,False,True,False,True,17
772,596750,16,17,C,M,MOE,False,True,False,True,17
773,596751,0,1,A,M,MOE,False,True,False,True,17
773,596751,1,2,A,M,MOE,False,True,False,True,17
773,596751,2,3,T,C,cEt,False,False,True,True,17
773,596751,3,4,G,C,cEt,False,False,True,True,17
773,596751,4,5,T,d,DNA,True,False,False,False,17
773,596751,5,6,T,d,DNA,True,False,False,False,17
773,596751,6,7,T,d,DNA,True,False,False,False,17
773,596751,7,8,A,d,DNA,True,False,False,False,17
773,596751,8,9,T,d,DNA,True,False,False,False,17
773,596751,9,10,T,d,DNA,True,False,False,False,17
773,596751,10,11,G,d,DNA,True,False,False,False,17
773,596751,11,12,G,d,DNA,True,False,False,False,17
773,596751,12,13,G,d,DNA,True,False,False,False,17
773,596751,13,14,C,C,cEt,False,False,True,True,17
773,596751,14,15,G,C,cEt,False,False,True,True,17
773,596751,15,16,A,M,MOE,False,True,False,True,17
773,596751,16,17,T,M,MOE,False,True,False,True,17
774,596752,0,1,G,M,MOE,False,True,False,True,17
774,596752,1,2,A,M,MOE,False,True,False,True,17
774,596752,2,3,A,C,cEt,False,False,True,True,17
774,596752,3,4,T,C,cEt,False,False,True,True,17
774,596752,4,5,G,d,DNA,True,False,False,False,17
774,596752,5,6,T,d,DNA,True,False,False,False,17
774,596752,6,7,T,d,DNA,True,False,False,False,17
774,596752,7,8,T,d,DNA,True,False,False,False,17
774,596752,8,9,A,d,DNA,True,False,False,False,17
774,596752,9,10,T,d,DNA,True,False,False,False,17
774,596752,10,11,T,d,DNA,True,False,False,False,17
774,596752,11,12,G,d,DNA,True,False,False,False,17
774,596752,12,13,G,d,DNA,True,False,False,False,17
774,596752,13,14,G,C,cEt,False,False,True,True,17
774,596752,14,15,C,C,cEt,False,False,True,True,17
774,596752,15,16,G,M,MOE,False,True,False,True,17
774,596752,16,17,A,M,MOE,False,True,False,True,17
775,596753,0,1,G,M,MOE,False,True,False,True,17
775,596753,1,2,G,M,MOE,False,True,False,True,17
775,596753,2,3,A,C,cEt,False,False,True,True,17
775,596753,3,4,A,C,cEt,False,False,True,True,17
775,596753,4,5,T,d,DNA,True,False,False,False,17
775,596753,5,6,G,d,DNA,True,False,False,False,17
775,596753,6,7,T,d,DNA,True,False,False,False,17
775,596753,7,8,T,d,DNA,True,False,False,False,17
775,596753,8,9,T,d,DNA,True,False,False,False,17
775,596753,9,10,A,d,DNA,True,False,False,False,17
775,596753,10,11,T,d,DNA,True,False,False,False,17
775,596753,11,12,T,d,DNA,True,False,False,False,17
775,596753,12,13,G,d,DNA,True,False,False,False,17
775,596753,13,14,G,C,cEt,False,False,True,True,17
775,596753,14,15,G,C,cEt,False,False,True,True,17
775,596753,15,16,C,M,MOE,False,True,False,True,17
775,596753,16,17,G,M,MOE,False,True,False,True,17
776,596754,0,1,C,M,MOE,False,True,False,True,17
776,596754,1,2,A,M,MOE,False,True,False,True,17
776,596754,2,3,A,C,cEt,False,False,True,True,17
776,596754,3,4,G,C,cEt,False,False,True,True,17
776,596754,4,5,G,d,DNA,True,False,False,False,17
776,596754,5,6,G,d,DNA,True,False,False,False,17
776,596754,6,7,A,d,DNA,True,False,False,False,17
776,596754,7,8,A,d,DNA,True,False,False,False,17
776,596754,8,9,T,d,DNA,True,False,False,False,17
776,596754,9,10,G,d,DNA,True,False,False,False,17
776,596754,10,11,T,d,DNA,True,False,False,False,17
776,596754,11,12,T,d,DNA,True,False,False,False,17
776,596754,12,13,T,d,DNA,True,False,False,False,17
776,596754,13,14,A,C,cEt,False,False,True,True,17
776,596754,14,15,T,C,cEt,False,False,True,True,17
776,596754,15,16,T,M,MOE,False,True,False,True,17
776,596754,16,17,G,M,MOE,False,True,False,True,17
777,596755,0,1,C,M,MOE,False,True,False,True,17
777,596755,1,2,C,M,MOE,False,True,False,True,17
777,596755,2,3,A,C,cEt,False,False,True,True,17
777,596755,3,4,A,C,cEt,False,False,True,True,17
777,596755,4,5,G,d,DNA,True,False,False,False,17
777,596755,5,6,G,d,DNA,True,False,False,False,17
777,596755,6,7,G,d,DNA,True,False,False,False,17
777,596755,7,8,A,d,DNA,True,False,False,False,17
777,596755,8,9,A,d,DNA,True,False,False,False,17
777,596755,9,10,T,d,DNA,True,False,False,False,17
777,596755,10,11,G,d,DNA,True,False,False,False,17
777,596755,11,12,T,d,DNA,True,False,False,False,17
777,596755,12,13,T,d,DNA,True,False,False,False,17
777,596755,13,14,T,C,cEt,False,False,True,True,17
777,596755,14,15,A,C,cEt,False,False,True,True,17
777,596755,15,16,T,M,MOE,False,True,False,True,17
777,596755,16,17,T,M,MOE,False,True,False,True,17
778,596756,0,1,T,M,MOE,False,True,False,True,17
778,596756,1,2,C,M,MOE,False,True,False,True,17
778,596756,2,3,C,C,cEt,False,False,True,True,17
778,596756,3,4,A,C,cEt,False,False,True,True,17
778,596756,4,5,A,d,DNA,True,False,False,False,17
778,596756,5,6,G,d,DNA,True,False,False,False,17
778,596756,6,7,G,d,DNA,True,False,False,False,17
778,596756,7,8,G,d,DNA,True,False,False,False,17
778,596756,8,9,A,d,DNA,True,False,False,False,17
778,596756,9,10,A,d,DNA,True,False,False,False,17
778,596756,10,11,T,d,DNA,True,False,False,False,17
778,596756,11,12,G,d,DNA,True,False,False,False,17
778,596756,12,13,T,d,DNA,True,False,False,False,17
778,596756,13,14,T,C,cEt,False,False,True,True,17
778,596756,14,15,T,C,cEt,False,False,True,True,17
778,596756,15,16,A,M,MOE,False,True,False,True,17
778,596756,16,17,T,M,MOE,False,True,False,True,17
779,596757,0,1,A,M,MOE,False,True,False,True,17
779,596757,1,2,T,M,MOE,False,True,False,True,17
779,596757,2,3,C,C,cEt,False,False,True,True,17
779,596757,3,4,C,C,cEt,False,False,True,True,17
779,596757,4,5,A,d,DNA,True,False,False,False,17
779,596757,5,6,A,d,DNA,True,False,False,False,17
779,596757,6,7,G,d,DNA,True,False,False,False,17
779,596757,7,8,G,d,DNA,True,False,False,False,17
779,596757,8,9,G,d,DNA,True,False,False,False,17
779,596757,9,10,A,d,DNA,True,False,False,False,17
779,596757,10,11,A,d,DNA,True,False,False,False,17
779,596757,11,12,T,d,DNA,True,False,False,False,17
779,596757,12,13,G,d,DNA,True,False,False,False,17
779,596757,13,14,T,C,cEt,False,False,True,True,17
779,596757,14,15,T,C,cEt,False,False,True,True,17
779,596757,15,16,T,M,MOE,False,True,False,True,17
779,596757,16,17,A,M,MOE,False,True,False,True,17
780,596758,0,1,A,M,MOE,False,True,False,True,17
780,596758,1,2,C,M,MOE,False,True,False,True,17
780,596758,2,3,T,C,cEt,False,False,True,True,17
780,596758,3,4,A,C,cEt,False,False,True,True,17
780,596758,4,5,C,d,DNA,True,False,False,False,17
780,596758,5,6,A,d,DNA,True,False,False,False,17
780,596758,6,7,T,d,DNA,True,False,False,False,17
780,596758,7,8,C,d,DNA,True,False,False,False,17
780,596758,8,9,C,d,DNA,True,False,False,False,17
780,596758,9,10,A,d,DNA,True,False,False,False,17
780,596758,10,11,A,d,DNA,True,False,False,False,17
780,596758,11,12,G,d,DNA,True,False,False,False,17
780,596758,12,13,G,d,DNA,True,False,False,False,17
780,596758,13,14,G,C,cEt,False,False,True,True,17
780,596758,14,15,A,C,cEt,False,False,True,True,17
780,596758,15,16,A,M,MOE,False,True,False,True,17
780,596758,16,17,T,M,MOE,False,True,False,True,17
781,596759,0,1,G,M,MOE,False,True,False,True,17
781,596759,1,2,A,M,MOE,False,True,False,True,17
781,596759,2,3,C,C,cEt,False,False,True,True,17
781,596759,3,4,T,C,cEt,False,False,True,True,17
781,596759,4,5,A,d,DNA,True,False,False,False,17
781,596759,5,6,C,d,DNA,True,False,False,False,17
781,596759,6,7,A,d,DNA,True,False,False,False,17
781,596759,7,8,T,d,DNA,True,False,False,False,17
781,596759,8,9,C,d,DNA,True,False,False,False,17
781,596759,9,10,C,d,DNA,True,False,False,False,17
781,596759,10,11,A,d,DNA,True,False,False,False,17
781,596759,11,12,A,d,DNA,True,False,False,False,17
781,596759,12,13,G,d,DNA,True,False,False,False,17
781,596759,13,14,G,C,cEt,False,False,True,True,17
781,596759,14,15,G,C,cEt,False,False,True,True,17
781,596759,15,16,A,M,MOE,False,True,False,True,17
781,596759,16,17,A,M,MOE,False,True,False,True,17
782,596760,0,1,A,M,MOE,False,True,False,True,17
782,596760,1,2,G,M,MOE,False,True,False,True,17
782,596760,2,3,A,C,cEt,False,False,True,True,17
782,596760,3,4,C,C,cEt,False,False,True,True,17
782,596760,4,5,T,d,DNA,True,False,False,False,17
782,596760,5,6,A,d,DNA,True,False,False,False,17
782,596760,6,7,C,d,DNA,True,False,False,False,17
782,596760,7,8,A,d,DNA,True,False,False,False,17
782,596760,8,9,T,d,DNA,True,False,False,False,17
782,596760,9,10,C,d,DNA,True,False,False,False,17
782,596760,10,11,C,d,DNA,True,False,False,False,17
782,596760,11,12,A,d,DNA,True,False,False,False,17
782,596760,12,13,A,d,DNA,True,False,False,False,17
782,596760,13,14,G,C,cEt,False,False,True,True,17
782,596760,14,15,G,C,cEt,False,False,True,True,17
782,596760,15,16,G,M,MOE,False,True,False,True,17
782,596760,16,17,A,M,MOE,False,True,False,True,17
783,596761,0,1,C,M,MOE,False,True,False,True,17
783,596761,1,2,A,M,MOE,False,True,False,True,17
783,596761,2,3,G,C,cEt,False,False,True,True,17
783,596761,3,4,A,C,cEt,False,False,True,True,17
783,596761,4,5,C,d,DNA,True,False,False,False,17
783,596761,5,6,T,d,DNA,True,False,False,False,17
783,596761,6,7,A,d,DNA,True,False,False,False,17
783,596761,7,8,C,d,DNA,True,False,False,False,17
783,596761,8,9,A,d,DNA,True,False,False,False,17
783,596761,9,10,T,d,DNA,True,False,False,False,17
783,596761,10,11,C,d,DNA,True,False,False,False,17
783,596761,11,12,C,d,DNA,True,False,False,False,17
783,596761,12,13,A,d,DNA,True,False,False,False,17
783,596761,13,14,A,C,cEt,False,False,True,True,17
783,596761,14,15,G,C,cEt,False,False,True,True,17
783,596761,15,16,G,M,MOE,False,True,False,True,17
783,596761,16,17,G,M,MOE,False,True,False,True,17
784,596762,0,1,T,M,MOE,False,True,False,True,17
784,596762,1,2,C,M,MOE,False,True,False,True,17
784,596762,2,3,A,C,cEt,False,False,True,True,17
784,596762,3,4,G,C,cEt,False,False,True,True,17
784,596762,4,5,A,d,DNA,True,False,False,False,17
784,596762,5,6,C,d,DNA,True,False,False,False,17
784,596762,6,7,T,d,DNA,True,False,False,False,17
784,596762,7,8,A,d,DNA,True,False,False,False,17
784,596762,8,9,C,d,DNA,True,False,False,False,17
784,596762,9,10,A,d,DNA,True,False,False,False,17
784,596762,10,11,T,d,DNA,True,False,False,False,17
784,596762,11,12,C,d,DNA,True,False,False,False,17
784,596762,12,13,C,d,DNA,True,False,False,False,17
784,596762,13,14,A,C,cEt,False,False,True,True,17
784,596762,14,15,A,C,cEt,False,False,True,True,17
784,596762,15,16,G,M,MOE,False,True,False,True,17
784,596762,16,17,G,M,MOE,False,True,False,True,17
785,596763,0,1,C,M,MOE,False,True,False,True,17
785,596763,1,2,T,M,MOE,False,True,False,True,17
785,596763,2,3,C,C,cEt,False,False,True,True,17
785,596763,3,4,A,C,cEt,False,False,True,True,17
785,596763,4,5,G,d,DNA,True,False,False,False,17
785,596763,5,6,A,d,DNA,True,False,False,False,17
785,596763,6,7,C,d,DNA,True,False,False,False,17
785,596763,7,8,T,d,DNA,True,False,False,False,17
785,596763,8,9,A,d,DNA,True,False,False,False,17
785,596763,9,10,C,d,DNA,True,False,False,False,17
785,596763,10,11,A,d,DNA,True,False,False,False,17
785,596763,11,12,T,d,DNA,True,False,False,False,17
785,596763,12,13,C,d,DNA,True,False,False,False,17
785,596763,13,14,C,C,cEt,False,False,True,True,17
785,596763,14,15,A,C,cEt,False,False,True,True,17
785,596763,15,16,A,M,MOE,False,True,False,True,17
785,596763,16,17,G,M,MOE,False,True,False,True,17
786,596764,0,1,C,M,MOE,False,True,False,True,17
786,596764,1,2,C,M,MOE,False,True,False,True,17
786,596764,2,3,T,C,cEt,False,False,True,True,17
786,596764,3,4,C,C,cEt,False,False,True,True,17
786,596764,4,5,A,d,DNA,True,False,False,False,17
786,596764,5,6,G,d,DNA,True,False,False,False,17
786,596764,6,7,A,d,DNA,True,False,False,False,17
786,596764,7,8,C,d,DNA,True,False,False,False,17
786,596764,8,9,T,d,DNA,True,False,False,False,17
786,596764,9,10,A,d,DNA,True,False,False,False,17
786,596764,10,11,C,d,DNA,True,False,False,False,17
786,596764,11,12,A,d,DNA,True,False,False,False,17
786,596764,12,13,T,d,DNA,True,False,False,False,17
786,596764,13,14,C,C,cEt,False,False,True,True,17
786,596764,14,15,C,C,cEt,False,False,True,True,17
786,596764,15,16,A,M,MOE,False,True,False,True,17
786,596764,16,17,A,M,MOE,False,True,False,True,17
787,596765,0,1,G,M,MOE,False,True,False,True,17
787,596765,1,2,C,M,MOE,False,True,False,True,17
787,596765,2,3,C,C,cEt,False,False,True,True,17
787,596765,3,4,T,C,cEt,False,False,True,True,17
787,596765,4,5,C,d,DNA,True,False,False,False,17
787,596765,5,6,A,d,DNA,True,False,False,False,17
787,596765,6,7,G,d,DNA,True,False,False,False,17
787,596765,7,8,A,d,DNA,True,False,False,False,17
787,596765,8,9,C,d,DNA,True,False,False,False,17
787,596765,9,10,T,d,DNA,True,False,False,False,17
787,596765,10,11,A,d,DNA,True,False,False,False,17
787,596765,11,12,C,d,DNA,True,False,False,False,17
787,596765,12,13,A,d,DNA,True,False,False,False,17
787,596765,13,14,T,C,cEt,False,False,True,True,17
787,596765,14,15,C,C,cEt,False,False,True,True,17
787,596765,15,16,C,M,MOE,False,True,False,True,17
787,596765,16,17,A,M,MOE,False,True,False,True,17
788,596766,0,1,G,M,MOE,False,True,False,True,17
788,596766,1,2,G,M,MOE,False,True,False,True,17
788,596766,2,3,C,C,cEt,False,False,True,True,17
788,596766,3,4,C,C,cEt,False,False,True,True,17
788,596766,4,5,T,d,DNA,True,False,False,False,17
788,596766,5,6,C,d,DNA,True,False,False,False,17
788,596766,6,7,A,d,DNA,True,False,False,False,17
788,596766,7,8,G,d,DNA,True,False,False,False,17
788,596766,8,9,A,d,DNA,True,False,False,False,17
788,596766,9,10,C,d,DNA,True,False,False,False,17
788,596766,10,11,T,d,DNA,True,False,False,False,17
788,596766,11,12,A,d,DNA,True,False,False,False,17
788,596766,12,13,C,d,DNA,True,False,False,False,17
788,596766,13,14,A,C,cEt,False,False,True,True,17
788,596766,14,15,T,C,cEt,False,False,True,True,17
788,596766,15,16,C,M,MOE,False,True,False,True,17
788,596766,16,17,C,M,MOE,False,True,False,True,17
789,596767,0,1,G,M,MOE,False,True,False,True,17
789,596767,1,2,G,M,MOE,False,True,False,True,17
789,596767,2,3,G,C,cEt,False,False,True,True,17
789,596767,3,4,C,C,cEt,False,False,True,True,17
789,596767,4,5,C,d,DNA,True,False,False,False,17
789,596767,5,6,T,d,DNA,True,False,False,False,17
789,596767,6,7,C,d,DNA,True,False,False,False,17
789,596767,7,8,A,d,DNA,True,False,False,False,17
789,596767,8,9,G,d,DNA,True,False,False,False,17
789,596767,9,10,A,d,DNA,True,False,False,False,17
789,596767,10,11,C,d,DNA,True,False,False,False,17
789,596767,11,12,T,d,DNA,True,False,False,False,17
789,596767,12,13,A,d,DNA,True,False,False,False,17
789,596767,13,14,C,C,cEt,False,False,True,True,17
789,596767,14,15,A,C,cEt,False,False,True,True,17
789,596767,15,16,T,M,MOE,False,True,False,True,17
789,596767,16,17,C,M,MOE,False,True,False,True,17
790,596768,0,1,A,M,MOE,False,True,False,True,17
790,596768,1,2,A,M,MOE,False,True,False,True,17
790,596768,2,3,C,C,cEt,False,False,True,True,17
790,596768,3,4,A,C,cEt,False,False,True,True,17
790,596768,4,5,G,d,DNA,True,False,False,False,17
790,596768,5,6,A,d,DNA,True,False,False,False,17
790,596768,6,7,T,d,DNA,True,False,False,False,17
790,596768,7,8,G,d,DNA,True,False,False,False,17
790,596768,8,9,A,d,DNA,True,False,False,False,17
790,596768,9,10,G,d,DNA,True,False,False,False,17
790,596768,10,11,T,d,DNA,True,False,False,False,17
790,596768,11,12,T,d,DNA,True,False,False,False,17
790,596768,12,13,A,d,DNA,True,False,False,False,17
790,596768,13,14,A,C,cEt,False,False,True,True,17
790,596768,14,15,G,C,cEt,False,False,True,True,17
790,596768,15,16,G,M,MOE,False,True,False,True,17
790,596768,16,17,G,M,MOE,False,True,False,True,17
791,596769,0,1,T,M,MOE,False,True,False,True,17
791,596769,1,2,A,M,MOE,False,True,False,True,17
791,596769,2,3,A,C,cEt,False,False,True,True,17
791,596769,3,4,C,C,cEt,False,False,True,True,17
791,596769,4,5,A,d,DNA,True,False,False,False,17
791,596769,5,6,G,d,DNA,True,False,False,False,17
791,596769,6,7,A,d,DNA,True,False,False,False,17
791,596769,7,8,T,d,DNA,True,False,False,False,17
791,596769,8,9,G,d,DNA,True,False,False,False,17
791,596769,9,10,A,d,DNA,True,False,False,False,17
791,596769,10,11,G,d,DNA,True,False,False,False,17
791,596769,11,12,T,d,DNA,True,False,False,False,17
791,596769,12,13,T,d,DNA,True,False,False,False,17
791,596769,13,14,A,C,cEt,False,False,True,True,17
791,596769,14,15,A,C,cEt,False,False,True,True,17
791,596769,15,16,G,M,MOE,False,True,False,True,17
791,596769,16,17,G,M,MOE,False,True,False,True,17
792,596770,0,1,A,M,MOE,False,True,False,True,17
792,596770,1,2,T,M,MOE,False,True,False,True,17
792,596770,2,3,A,C,cEt,False,False,True,True,17
792,596770,3,4,A,C,cEt,False,False,True,True,17
792,596770,4,5,C,d,DNA,True,False,False,False,17
792,596770,5,6,A,d,DNA,True,False,False,False,17
792,596770,6,7,G,d,DNA,True,False,False,False,17
792,596770,7,8,A,d,DNA,True,False,False,False,17
792,596770,8,9,T,d,DNA,True,False,False,False,17
792,596770,9,10,G,d,DNA,True,False,False,False,17
792,596770,10,11,A,d,DNA,True,False,False,False,17
792,596770,11,12,G,d,DNA,True,False,False,False,17
792,596770,12,13,T,d,DNA,True,False,False,False,17
792,596770,13,14,T,C,cEt,False,False,True,True,17
792,596770,14,15,A,C,cEt,False,False,True,True,17
792,596770,15,16,A,M,MOE,False,True,False,True,17
792,596770,16,17,G,M,MOE,False,True,False,True,17
793,596771,0,1,G,M,MOE,False,True,False,True,17
793,596771,1,2,A,M,MOE,False,True,False,True,17
793,596771,2,3,T,C,cEt,False,False,True,True,17
793,596771,3,4,A,C,cEt,False,False,True,True,17
793,596771,4,5,A,d,DNA,True,False,False,False,17
793,596771,5,6,C,d,DNA,True,False,False,False,17
793,596771,6,7,A,d,DNA,True,False,False,False,17
793,596771,7,8,G,d,DNA,True,False,False,False,17
793,596771,8,9,A,d,DNA,True,False,False,False,17
793,596771,9,10,T,d,DNA,True,False,False,False,17
793,596771,10,11,G,d,DNA,True,False,False,False,17
793,596771,11,12,A,d,DNA,True,False,False,False,17
793,596771,12,13,G,d,DNA,True,False,False,False,17
793,596771,13,14,T,C,cEt,False,False,True,True,17
793,596771,14,15,T,C,cEt,False,False,True,True,17
793,596771,15,16,A,M,MOE,False,True,False,True,17
793,596771,16,17,A,M,MOE,False,True,False,True,17
794,596772,0,1,G,M,MOE,False,True,False,True,17
794,596772,1,2,G,M,MOE,False,True,False,True,17
794,596772,2,3,A,C,cEt,False,False,True,True,17
794,596772,3,4,T,C,cEt,False,False,True,True,17
794,596772,4,5,A,d,DNA,True,False,False,False,17
794,596772,5,6,A,d,DNA,True,False,False,False,17
794,596772,6,7,C,d,DNA,True,False,False,False,17
794,596772,7,8,A,d,DNA,True,False,False,False,17
794,596772,8,9,G,d,DNA,True,False,False,False,17
794,596772,9,10,A,d,DNA,True,False,False,False,17
794,596772,10,11,T,d,DNA,True,False,False,False,17
794,596772,11,12,G,d,DNA,True,False,False,False,17
794,596772,12,13,A,d,DNA,True,False,False,False,17
794,596772,13,14,G,C,cEt,False,False,True,True,17
794,596772,14,15,T,C,cEt,False,False,True,True,17
794,596772,15,16,T,M,MOE,False,True,False,True,17
794,596772,16,17,A,M,MOE,False,True,False,True,17
795,596773,0,1,A,M,MOE,False,True,False,True,17
795,596773,1,2,G,M,MOE,False,True,False,True,17
795,596773,2,3,G,C,cEt,False,False,True,True,17
795,596773,3,4,A,C,cEt,False,False,True,True,17
795,596773,4,5,T,d,DNA,True,False,False,False,17
795,596773,5,6,A,d,DNA,True,False,False,False,17
795,596773,6,7,A,d,DNA,True,False,False,False,17
795,596773,7,8,C,d,DNA,True,False,False,False,17
795,596773,8,9,A,d,DNA,True,False,False,False,17
795,596773,9,10,G,d,DNA,True,False,False,False,17
795,596773,10,11,A,d,DNA,True,False,False,False,17
795,596773,11,12,T,d,DNA,True,False,False,False,17
795,596773,12,13,G,d,DNA,True,False,False,False,17
795,596773,13,14,A,C,cEt,False,False,True,True,17
795,596773,14,15,G,C,cEt,False,False,True,True,17
795,596773,15,16,T,M,MOE,False,True,False,True,17
795,596773,16,17,T,M,MOE,False,True,False,True,17
796,596774,0,1,C,M,MOE,False,True,False,True,17
796,596774,1,2,A,M,MOE,False,True,False,True,17
796,596774,2,3,G,C,cEt,False,False,True,True,17
796,596774,3,4,G,C,cEt,False,False,True,True,17
796,596774,4,5,A,d,DNA,True,False,False,False,17
796,596774,5,6,T,d,DNA,True,False,False,False,17
796,596774,6,7,A,d,DNA,True,False,False,False,17
796,596774,7,8,A,d,DNA,True,False,False,False,17
796,596774,8,9,C,d,DNA,True,False,False,False,17
796,596774,9,10,A,d,DNA,True,False,False,False,17
796,596774,10,11,G,d,DNA,True,False,False,False,17
796,596774,11,12,A,d,DNA,True,False,False,False,17
796,596774,12,13,T,d,DNA,True,False,False,False,17
796,596774,13,14,G,C,cEt,False,False,True,True,17
796,596774,14,15,A,C,cEt,False,False,True,True,17
796,596774,15,16,G,M,MOE,False,True,False,True,17
796,596774,16,17,T,M,MOE,False,True,False,True,17
797,596775,0,1,G,M,MOE,False,True,False,True,17
797,596775,1,2,C,M,MOE,False,True,False,True,17
797,596775,2,3,A,C,cEt,False,False,True,True,17
797,596775,3,4,G,C,cEt,False,False,True,True,17
797,596775,4,5,G,d,DNA,True,False,False,False,17
797,596775,5,6,A,d,DNA,True,False,False,False,17
797,596775,6,7,T,d,DNA,True,False,False,False,17
797,596775,7,8,A,d,DNA,True,False,False,False,17
797,596775,8,9,A,d,DNA,True,False,False,False,17
797,596775,9,10,C,d,DNA,True,False,False,False,17
797,596775,10,11,A,d,DNA,True,False,False,False,17
797,596775,11,12,G,d,DNA,True,False,False,False,17
797,596775,12,13,A,d,DNA,True,False,False,False,17
797,596775,13,14,T,C,cEt,False,False,True,True,17
797,596775,14,15,G,C,cEt,False,False,True,True,17
797,596775,15,16,A,M,MOE,False,True,False,True,17
797,596775,16,17,G,M,MOE,False,True,False,True,17
798,596776,0,1,G,M,MOE,False,True,False,True,17
798,596776,1,2,C,M,MOE,False,True,False,True,17
798,596776,2,3,T,C,cEt,False,False,True,True,17
798,596776,3,4,A,C,cEt,False,False,True,True,17
798,596776,4,5,G,d,DNA,True,False,False,False,17
798,596776,5,6,C,d,DNA,True,False,False,False,17
798,596776,6,7,A,d,DNA,True,False,False,False,17
798,596776,7,8,G,d,DNA,True,False,False,False,17
798,596776,8,9,G,d,DNA,True,False,False,False,17
798,596776,9,10,A,d,DNA,True,False,False,False,17
798,596776,10,11,T,d,DNA,True,False,False,False,17
798,596776,11,12,A,d,DNA,True,False,False,False,17
798,596776,12,13,A,d,DNA,True,False,False,False,17
798,596776,13,14,C,C,cEt,False,False,True,True,17
798,596776,14,15,A,C,cEt,False,False,True,True,17
798,596776,15,16,G,M,MOE,False,True,False,True,17
798,596776,16,17,A,M,MOE,False,True,False,True,17
799,596777,0,1,A,M,MOE,False,True,False,True,17
799,596777,1,2,G,M,MOE,False,True,False,True,17
799,596777,2,3,C,C,cEt,False,False,True,True,17
799,596777,3,4,T,C,cEt,False,False,True,True,17
799,596777,4,5,A,d,DNA,True,False,False,False,17
799,596777,5,6,G,d,DNA,True,False,False,False,17
799,596777,6,7,C,d,DNA,True,False,False,False,17
799,596777,7,8,A,d,DNA,True,False,False,False,17
799,596777,8,9,G,d,DNA,True,False,False,False,17
799,596777,9,10,G,d,DNA,True,False,False,False,17
799,596777,10,11,A,d,DNA,True,False,False,False,17
799,596777,11,12,T,d,DNA,True,False,False,False,17
799,596777,12,13,A,d,DNA,True,False,False,False,17
799,596777,13,14,A,C,cEt,False,False,True,True,17
799,596777,14,15,C,C,cEt,False,False,True,True,17
799,596777,15,16,A,M,MOE,False,True,False,True,17
799,596777,16,17,G,M,MOE,False,True,False,True,17
800,596778,0,1,C,M,MOE,False,True,False,True,17
800,596778,1,2,A,M,MOE,False,True,False,True,17
800,596778,2,3,G,C,cEt,False,False,True,True,17
800,596778,3,4,C,C,cEt,False,False,True,True,17
800,596778,4,5,T,d,DNA,True,False,False,False,17
800,596778,5,6,A,d,DNA,True,False,False,False,17
800,596778,6,7,G,d,DNA,True,False,False,False,17
800,596778,7,8,C,d,DNA,True,False,False,False,17
800,596778,8,9,A,d,DNA,True,False,False,False,17
800,596778,9,10,G,d,DNA,True,False,False,False,17
800,596778,10,11,G,d,DNA,True,False,False,False,17
800,596778,11,12,A,d,DNA,True,False,False,False,17
800,596778,12,13,T,d,DNA,True,False,False,False,17
800,596778,13,14,A,C,cEt,False,False,True,True,17
800,596778,14,15,A,C,cEt,False,False,True,True,17
800,596778,15,16,C,M,MOE,False,True,False,True,17
800,596778,16,17,A,M,MOE,False,True,False,True,17
801,596779,0,1,A,M,MOE,False,True,False,True,17
801,596779,1,2,C,M,MOE,False,True,False,True,17
801,596779,2,3,A,C,cEt,False,False,True,True,17
801,596779,3,4,G,C,cEt,False,False,True,True,17
801,596779,4,5,C,d,DNA,True,False,False,False,17
801,596779,5,6,T,d,DNA,True,False,False,False,17
801,596779,6,7,A,d,DNA,True,False,False,False,17
801,596779,7,8,G,d,DNA,True,False,False,False,17
801,596779,8,9,C,d,DNA,True,False,False,False,17
801,596779,9,10,A,d,DNA,True,False,False,False,17
801,596779,10,11,G,d,DNA,True,False,False,False,17
801,596779,11,12,G,d,DNA,True,False,False,False,17
801,596779,12,13,A,d,DNA,True,False,False,False,17
801,596779,13,14,T,C,cEt,False,False,True,True,17
801,596779,14,15,A,C,cEt,False,False,True,True,17
801,596779,15,16,A,M,MOE,False,True,False,True,17
801,596779,16,17,C,M,MOE,False,True,False,True,17
802,596780,0,1,T,M,MOE,False,True,False,True,17
802,596780,1,2,A,M,MOE,False,True,False,True,17
802,596780,2,3,C,C,cEt,False,False,True,True,17
802,596780,3,4,A,C,cEt,False,False,True,True,17
802,596780,4,5,G,d,DNA,True,False,False,False,17
802,596780,5,6,C,d,DNA,True,False,False,False,17
802,596780,6,7,T,d,DNA,True,False,False,False,17
802,596780,7,8,A,d,DNA,True,False,False,False,17
802,596780,8,9,G,d,DNA,True,False,False,False,17
802,596780,9,10,C,d,DNA,True,False,False,False,17
802,596780,10,11,A,d,DNA,True,False,False,False,17
802,596780,11,12,G,d,DNA,True,False,False,False,17
802,596780,12,13,G,d,DNA,True,False,False,False,17
802,596780,13,14,A,C,cEt,False,False,True,True,17
802,596780,14,15,T,C,cEt,False,False,True,True,17
802,596780,15,16,A,M,MOE,False,True,False,True,17
802,596780,16,17,A,M,MOE,False,True,False,True,17
803,596781,0,1,C,M,MOE,False,True,False,True,17
803,596781,1,2,T,M,MOE,False,True,False,True,17
803,596781,2,3,A,C,cEt,False,False,True,True,17
803,596781,3,4,C,C,cEt,False,False,True,True,17
803,596781,4,5,A,d,DNA,True,False,False,False,17
803,596781,5,6,G,d,DNA,True,False,False,False,17
803,596781,6,7,C,d,DNA,True,False,False,False,17
803,596781,7,8,T,d,DNA,True,False,False,False,17
803,596781,8,9,A,d,DNA,True,False,False,False,17
803,596781,9,10,G,d,DNA,True,False,False,False,17
803,596781,10,11,C,d,DNA,True,False,False,False,17
803,596781,11,12,A,d,DNA,True,False,False,False,17
803,596781,12,13,G,d,DNA,True,False,False,False,17
803,596781,13,14,G,C,cEt,False,False,True,True,17
803,596781,14,15,A,C,cEt,False,False,True,True,17
803,596781,15,16,T,M,MOE,False,True,False,True,17
803,596781,16,17,A,M,MOE,False,True,False,True,17
804,596782,0,1,T,M,MOE,False,True,False,True,17
804,596782,1,2,C,M,MOE,False,True,False,True,17
804,596782,2,3,T,C,cEt,False,False,True,True,17
804,596782,3,4,A,C,cEt,False,False,True,True,17
804,596782,4,5,C,d,DNA,True,False,False,False,17
804,596782,5,6,A,d,DNA,True,False,False,False,17
804,596782,6,7,G,d,DNA,True,False,False,False,17
804,596782,7,8,C,d,DNA,True,False,False,False,17
804,596782,8,9,T,d,DNA,True,False,False,False,17
804,596782,9,10,A,d,DNA,True,False,False,False,17
804,596782,10,11,G,d,DNA,True,False,False,False,17
804,596782,11,12,C,d,DNA,True,False,False,False,17
804,596782,12,13,A,d,DNA,True,False,False,False,17
804,596782,13,14,G,C,cEt,False,False,True,True,17
804,596782,14,15,G,C,cEt,False,False,True,True,17
804,596782,15,16,A,M,MOE,False,True,False,True,17
804,596782,16,17,T,M,MOE,False,True,False,True,17
805,596783,0,1,T,M,MOE,False,True,False,True,17
805,596783,1,2,T,M,MOE,False,True,False,True,17
805,596783,2,3,C,C,cEt,False,False,True,True,17
805,596783,3,4,T,C,cEt,False,False,True,True,17
805,596783,4,5,A,d,DNA,True,False,False,False,17
805,596783,5,6,C,d,DNA,True,False,False,False,17
805,596783,6,7,A,d,DNA,True,False,False,False,17
805,596783,7,8,G,d,DNA,True,False,False,False,17
805,596783,8,9,C,d,DNA,True,False,False,False,17
805,596783,9,10,T,d,DNA,True,False,False,False,17
805,596783,10,11,A,d,DNA,True,False,False,False,17
805,596783,11,12,G,d,DNA,True,False,False,False,17
805,596783,12,13,C,d,DNA,True,False,False,False,17
805,596783,13,14,A,C,cEt,False,False,True,True,17
805,596783,14,15,G,C,cEt,False,False,True,True,17
805,596783,15,16,G,M,MOE,False,True,False,True,17
805,596783,16,17,A,M,MOE,False,True,False,True,17
806,596784,0,1,T,M,MOE,False,True,False,True,17
806,596784,1,2,T,M,MOE,False,True,False,True,17
806,596784,2,3,T,C,cEt,False,False,True,True,17
806,596784,3,4,C,C,cEt,False,False,True,True,17
806,596784,4,5,T,d,DNA,True,False,False,False,17
806,596784,5,6,A,d,DNA,True,False,False,False,17
806,596784,6,7,C,d,DNA,True,False,False,False,17
806,596784,7,8,A,d,DNA,True,False,False,False,17
806,596784,8,9,G,d,DNA,True,False,False,False,17
806,596784,9,10,C,d,DNA,True,False,False,False,17
806,596784,10,11,T,d,DNA,True,False,False,False,17
806,596784,11,12,A,d,DNA,True,False,False,False,17
806,596784,12,13,G,d,DNA,True,False,False,False,17
806,596784,13,14,C,C,cEt,False,False,True,True,17
806,596784,14,15,A,C,cEt,False,False,True,True,17
806,596784,15,16,G,M,MOE,False,True,False,True,17
806,596784,16,17,G,M,MOE,False,True,False,True,17
807,596785,0,1,A,M,MOE,False,True,False,True,17
807,596785,1,2,T,M,MOE,False,True,False,True,17
807,596785,2,3,T,C,cEt,False,False,True,True,17
807,596785,3,4,T,C,cEt,False,False,True,True,17
807,596785,4,5,C,d,DNA,True,False,False,False,17
807,596785,5,6,T,d,DNA,True,False,False,False,17
807,596785,6,7,A,d,DNA,True,False,False,False,17
807,596785,7,8,C,d,DNA,True,False,False,False,17
807,596785,8,9,A,d,DNA,True,False,False,False,17
807,596785,9,10,G,d,DNA,True,False,False,False,17
807,596785,10,11,C,d,DNA,True,False,False,False,17
807,596785,11,12,T,d,DNA,True,False,False,False,17
807,596785,12,13,A,d,DNA,True,False,False,False,17
807,596785,13,14,G,C,cEt,False,False,True,True,17
807,596785,14,15,C,C,cEt,False,False,True,True,17
807,596785,15,16,A,M,MOE,False,True,False,True,17
807,596785,16,17,G,M,MOE,False,True,False,True,17
808,596786,0,1,G,M,MOE,False,True,False,True,17
808,596786,1,2,A,M,MOE,False,True,False,True,17
808,596786,2,3,T,C,cEt,False,False,True,True,17
808,596786,3,4,A,C,cEt,False,False,True,True,17
808,596786,4,5,C,d,DNA,True,False,False,False,17
808,596786,5,6,A,d,DNA,True,False,False,False,17
808,596786,6,7,T,d,DNA,True,False,False,False,17
808,596786,7,8,T,d,DNA,True,False,False,False,17
808,596786,8,9,T,d,DNA,True,False,False,False,17
808,596786,9,10,C,d,DNA,True,False,False,False,17
808,596786,10,11,T,d,DNA,True,False,False,False,17
808,596786,11,12,A,d,DNA,True,False,False,False,17
808,596786,12,13,C,d,DNA,True,False,False,False,17
808,596786,13,14,A,C,cEt,False,False,True,True,17
808,596786,14,15,G,C,cEt,False,False,True,True,17
808,596786,15,16,C,M,MOE,False,True,False,True,17
808,596786,16,17,T,M,MOE,False,True,False,True,17
809,596787,0,1,G,M,MOE,False,True,False,True,17
809,596787,1,2,G,M,MOE,False,True,False,True,17
809,596787,2,3,A,C,cEt,False,False,True,True,17
809,596787,3,4,T,C,cEt,False,False,True,True,17
809,596787,4,5,A,d,DNA,True,False,False,False,17
809,596787,5,6,C,d,DNA,True,False,False,False,17
809,596787,6,7,A,d,DNA,True,False,False,False,17
809,596787,7,8,T,d,DNA,True,False,False,False,17
809,596787,8,9,T,d,DNA,True,False,False,False,17
809,596787,9,10,T,d,DNA,True,False,False,False,17
809,596787,10,11,C,d,DNA,True,False,False,False,17
809,596787,11,12,T,d,DNA,True,False,False,False,17
809,596787,12,13,A,d,DNA,True,False,False,False,17
809,596787,13,14,C,C,cEt,False,False,True,True,17
809,596787,14,15,A,C,cEt,False,False,True,True,17
809,596787,15,16,G,M,MOE,False,True,False,True,17
809,596787,16,17,C,M,MOE,False,True,False,True,17
810,596788,0,1,A,M,MOE,False,True,False,True,17
810,596788,1,2,G,M,MOE,False,True,False,True,17
810,596788,2,3,G,C,cEt,False,False,True,True,17
810,596788,3,4,A,C,cEt,False,False,True,True,17
810,596788,4,5,T,d,DNA,True,False,False,False,17
810,596788,5,6,A,d,DNA,True,False,False,False,17
810,596788,6,7,C,d,DNA,True,False,False,False,17
810,596788,7,8,A,d,DNA,True,False,False,False,17
810,596788,8,9,T,d,DNA,True,False,False,False,17
810,596788,9,10,T,d,DNA,True,False,False,False,17
810,596788,10,11,T,d,DNA,True,False,False,False,17
810,596788,11,12,C,d,DNA,True,False,False,False,17
810,596788,12,13,T,d,DNA,True,False,False,False,17
810,596788,13,14,A,C,cEt,False,False,True,True,17
810,596788,14,15,C,C,cEt,False,False,True,True,17
810,596788,15,16,A,M,MOE,False,True,False,True,17
810,596788,16,17,G,M,MOE,False,True,False,True,17
811,596789,0,1,C,M,MOE,False,True,False,True,17
811,596789,1,2,A,M,MOE,False,True,False,True,17
811,596789,2,3,G,C,cEt,False,False,True,True,17
811,596789,3,4,G,C,cEt,False,False,True,True,17
811,596789,4,5,A,d,DNA,True,False,False,False,17
811,596789,5,6,T,d,DNA,True,False,False,False,17
811,596789,6,7,A,d,DNA,True,False,False,False,17
811,596789,7,8,C,d,DNA,True,False,False,False,17
811,596789,8,9,A,d,DNA,True,False,False,False,17
811,596789,9,10,T,d,DNA,True,False,False,False,17
811,596789,10,11,T,d,DNA,True,False,False,False,17
811,596789,11,12,T,d,DNA,True,False,False,False,17
811,596789,12,13,C,d,DNA,True,False,False,False,17
811,596789,13,14,T,C,cEt,False,False,True,True,17
811,596789,14,15,A,C,cEt,False,False,True,True,17
811,596789,15,16,C,M,MOE,False,True,False,True,17
811,596789,16,17,A,M,MOE,False,True,False,True,17
812,596790,0,1,T,M,MOE,False,True,False,True,17
812,596790,1,2,T,M,MOE,False,True,False,True,17
812,596790,2,3,A,C,cEt,False,False,True,True,17
812,596790,3,4,T,C,cEt,False,False,True,True,17
812,596790,4,5,C,d,DNA,True,False,False,False,17
812,596790,5,6,A,d,DNA,True,False,False,False,17
812,596790,6,7,G,d,DNA,True,False,False,False,17
812,596790,7,8,G,d,DNA,True,False,False,False,17
812,596790,8,9,A,d,DNA,True,False,False,False,17
812,596790,9,10,T,d,DNA,True,False,False,False,17
812,596790,10,11,A,d,DNA,True,False,False,False,17
812,596790,11,12,C,d,DNA,True,False,False,False,17
812,596790,12,13,A,d,DNA,True,False,False,False,17
812,596790,13,14,T,C,cEt,False,False,True,True,17
812,596790,14,15,T,C,cEt,False,False,True,True,17
812,596790,15,16,T,M,MOE,False,True,False,True,17
812,596790,16,17,C,M,MOE,False,True,False,True,17
813,596791,0,1,G,M,MOE,False,True,False,True,17
813,596791,1,2,T,M,MOE,False,True,False,True,17
813,596791,2,3,T,C,cEt,False,False,True,True,17
813,596791,3,4,T,C,cEt,False,False,True,True,17
813,596791,4,5,A,d,DNA,True,False,False,False,17
813,596791,5,6,T,d,DNA,True,False,False,False,17
813,596791,6,7,C,d,DNA,True,False,False,False,17
813,596791,7,8,A,d,DNA,True,False,False,False,17
813,596791,8,9,G,d,DNA,True,False,False,False,17
813,596791,9,10,G,d,DNA,True,False,False,False,17
813,596791,10,11,A,d,DNA,True,False,False,False,17
813,596791,11,12,T,d,DNA,True,False,False,False,17
813,596791,12,13,A,d,DNA,True,False,False,False,17
813,596791,13,14,C,C,cEt,False,False,True,True,17
813,596791,14,15,A,C,cEt,False,False,True,True,17
813,596791,15,16,T,M,MOE,False,True,False,True,17
813,596791,16,17,T,M,MOE,False,True,False,True,17
814,596792,0,1,T,M,MOE,False,True,False,True,17
814,596792,1,2,G,M,MOE,False,True,False,True,17
814,596792,2,3,T,C,cEt,False,False,True,True,17
814,596792,3,4,T,C,cEt,False,False,True,True,17
814,596792,4,5,T,d,DNA,True,False,False,False,17
814,596792,5,6,A,d,DNA,True,False,False,False,17
814,596792,6,7,T,d,DNA,True,False,False,False,17
814,596792,7,8,C,d,DNA,True,False,False,False,17
814,596792,8,9,A,d,DNA,True,False,False,False,17
814,596792,9,10,G,d,DNA,True,False,False,False,17
814,596792,10,11,G,d,DNA,True,False,False,False,17
814,596792,11,12,A,d,DNA,True,False,False,False,17
814,596792,12,13,T,d,DNA,True,False,False,False,17
814,596792,13,14,A,C,cEt,False,False,True,True,17
814,596792,14,15,C,C,cEt,False,False,True,True,17
814,596792,15,16,A,M,MOE,False,True,False,True,17
814,596792,16,17,T,M,MOE,False,True,False,True,17
815,596793,0,1,A,M,MOE,False,True,False,True,17
815,596793,1,2,T,M,MOE,False,True,False,True,17
815,596793,2,3,G,C,cEt,False,False,True,True,17
815,596793,3,4,T,C,cEt,False,False,True,True,17
815,596793,4,5,T,d,DNA,True,False,False,False,17
815,596793,5,6,T,d,DNA,True,False,False,False,17
815,596793,6,7,A,d,DNA,True,False,False,False,17
815,596793,7,8,T,d,DNA,True,False,False,False,17
815,596793,8,9,C,d,DNA,True,False,False,False,17
815,596793,9,10,A,d,DNA,True,False,False,False,17
815,596793,10,11,G,d,DNA,True,False,False,False,17
815,596793,11,12,G,d,DNA,True,False,False,False,17
815,596793,12,13,A,d,DNA,True,False,False,False,17
815,596793,13,14,T,C,cEt,False,False,True,True,17
815,596793,14,15,A,C,cEt,False,False,True,True,17
815,596793,15,16,C,M,MOE,False,True,False,True,17
815,596793,16,17,A,M,MOE,False,True,False,True,17
816,596794,0,1,A,M,MOE,False,True,False,True,17
816,596794,1,2,A,M,MOE,False,True,False,True,17
816,596794,2,3,T,C,cEt,False,False,True,True,17
816,596794,3,4,G,C,cEt,False,False,True,True,17
816,596794,4,5,T,d,DNA,True,False,False,False,17
816,596794,5,6,T,d,DNA,True,False,False,False,17
816,596794,6,7,T,d,DNA,True,False,False,False,17
816,596794,7,8,A,d,DNA,True,False,False,False,17
816,596794,8,9,T,d,DNA,True,False,False,False,17
816,596794,9,10,C,d,DNA,True,False,False,False,17
816,596794,10,11,A,d,DNA,True,False,False,False,17
816,596794,11,12,G,d,DNA,True,False,False,False,17
816,596794,12,13,G,d,DNA,True,False,False,False,17
816,596794,13,14,A,C,cEt,False,False,True,True,17
816,596794,14,15,T,C,cEt,False,False,True,True,17
816,596794,15,16,A,M,MOE,False,True,False,True,17
816,596794,16,17,C,M,MOE,False,True,False,True,17
817,596795,0,1,T,M,MOE,False,True,False,True,17
817,596795,1,2,A,M,MOE,False,True,False,True,17
817,596795,2,3,A,C,cEt,False,False,True,True,17
817,596795,3,4,T,C,cEt,False,False,True,True,17
817,596795,4,5,G,d,DNA,True,False,False,False,17
817,596795,5,6,T,d,DNA,True,False,False,False,17
817,596795,6,7,T,d,DNA,True,False,False,False,17
817,596795,7,8,T,d,DNA,True,False,False,False,17
817,596795,8,9,A,d,DNA,True,False,False,False,17
817,596795,9,10,T,d,DNA,True,False,False,False,17
817,596795,10,11,C,d,DNA,True,False,False,False,17
817,596795,11,12,A,d,DNA,True,False,False,False,17
817,596795,12,13,G,d,DNA,True,False,False,False,17
817,596795,13,14,G,C,cEt,False,False,True,True,17
817,596795,14,15,A,C,cEt,False,False,True,True,17
817,596795,15,16,T,M,MOE,False,True,False,True,17
817,596795,16,17,A,M,MOE,False,True,False,True,17
818,596796,0,1,T,M,MOE,False,True,False,True,17
818,596796,1,2,T,M,MOE,False,True,False,True,17
818,596796,2,3,A,C,cEt,False,False,True,True,17
818,596796,3,4,A,C,cEt,False,False,True,True,17
818,596796,4,5,T,d,DNA,True,False,False,False,17
818,596796,5,6,G,d,DNA,True,False,False,False,17
818,596796,6,7,T,d,DNA,True,False,False,False,17
818,596796,7,8,T,d,DNA,True,False,False,False,17
818,596796,8,9,T,d,DNA,True,False,False,False,17
818,596796,9,10,A,d,DNA,True,False,False,False,17
818,596796,10,11,T,d,DNA,True,False,False,False,17
818,596796,11,12,C,d,DNA,True,False,False,False,17
818,596796,12,13,A,d,DNA,True,False,False,False,17
818,596796,13,14,G,C,cEt,False,False,True,True,17
818,596796,14,15,G,C,cEt,False,False,True,True,17
818,596796,15,16,A,M,MOE,False,True,False,True,17
818,596796,16,17,T,M,MOE,False,True,False,True,17
819,596797,0,1,G,M,MOE,False,True,False,True,17
819,596797,1,2,T,M,MOE,False,True,False,True,17
819,596797,2,3,T,C,cEt,False,False,True,True,17
819,596797,3,4,T,C,cEt,False,False,True,True,17
819,596797,4,5,A,d,DNA,True,False,False,False,17
819,596797,5,6,A,d,DNA,True,False,False,False,17
819,596797,6,7,T,d,DNA,True,False,False,False,17
819,596797,7,8,G,d,DNA,True,False,False,False,17
819,596797,8,9,T,d,DNA,True,False,False,False,17
819,596797,9,10,T,d,DNA,True,False,False,False,17
819,596797,10,11,T,d,DNA,True,False,False,False,17
819,596797,11,12,A,d,DNA,True,False,False,False,17
819,596797,12,13,T,d,DNA,True,False,False,False,17
819,596797,13,14,C,C,cEt,False,False,True,True,17
819,596797,14,15,A,C,cEt,False,False,True,True,17
819,596797,15,16,G,M,MOE,False,True,False,True,17
819,596797,16,17,G,M,MOE,False,True,False,True,17
820,596798,0,1,G,M,MOE,False,True,False,True,17
820,596798,1,2,T,M,MOE,False,True,False,True,17
820,596798,2,3,G,C,cEt,False,False,True,True,17
820,596798,3,4,T,C,cEt,False,False,True,True,17
820,596798,4,5,T,d,DNA,True,False,False,False,17
820,596798,5,6,T,d,DNA,True,False,False,False,17
820,596798,6,7,A,d,DNA,True,False,False,False,17
820,596798,7,8,A,d,DNA,True,False,False,False,17
820,596798,8,9,T,d,DNA,True,False,False,False,17
820,596798,9,10,G,d,DNA,True,False,False,False,17
820,596798,10,11,T,d,DNA,True,False,False,False,17
820,596798,11,12,T,d,DNA,True,False,False,False,17
820,596798,12,13,T,d,DNA,True,False,False,False,17
820,596798,13,14,A,C,cEt,False,False,True,True,17
820,596798,14,15,T,C,cEt,False,False,True,True,17
820,596798,15,16,C,M,MOE,False,True,False,True,17
820,596798,16,17,A,M,MOE,False,True,False,True,17
821,596799,0,1,A,M,MOE,False,True,False,True,17
821,596799,1,2,G,M,MOE,False,True,False,True,17
821,596799,2,3,T,C,cEt,False,False,True,True,17
821,596799,3,4,G,C,cEt,False,False,True,True,17
821,596799,4,5,T,d,DNA,True,False,False,False,17
821,596799,5,6,T,d,DNA,True,False,False,False,17
821,596799,6,7,T,d,DNA,True,False,False,False,17
821,596799,7,8,A,d,DNA,True,False,False,False,17
821,596799,8,9,A,d,DNA,True,False,False,False,17
821,596799,9,10,T,d,DNA,True,False,False,False,17
821,596799,10,11,G,d,DNA,True,False,False,False,17
821,596799,11,12,T,d,DNA,True,False,False,False,17
821,596799,12,13,T,d,DNA,True,False,False,False,17
821,596799,13,14,T,C,cEt,False,False,True,True,17
821,596799,14,15,A,C,cEt,False,False,True,True,17
821,596799,15,16,T,M,MOE,False,True,False,True,17
821,596799,16,17,C,M,MOE,False,True,False,True,17
822,596800,0,1,C,M,MOE,False,True,False,True,17
822,596800,1,2,A,M,MOE,False,True,False,True,17
822,596800,2,3,G,C,cEt,False,False,True,True,17
822,596800,3,4,T,C,cEt,False,False,True,True,17
822,596800,4,5,G,d,DNA,True,False,False,False,17
822,596800,5,6,T,d,DNA,True,False,False,False,17
822,596800,6,7,T,d,DNA,True,False,False,False,17
822,596800,7,8,T,d,DNA,True,False,False,False,17
822,596800,8,9,A,d,DNA,True,False,False,False,17
822,596800,9,10,A,d,DNA,True,False,False,False,17
822,596800,10,11,T,d,DNA,True,False,False,False,17
822,596800,11,12,G,d,DNA,True,False,False,False,17
822,596800,12,13,T,d,DNA,True,False,False,False,17
822,596800,13,14,T,C,cEt,False,False,True,True,17
822,596800,14,15,T,C,cEt,False,False,True,True,17
822,596800,15,16,A,M,MOE,False,True,False,True,17
822,596800,16,17,T,M,MOE,False,True,False,True,17
823,596801,0,1,A,M,MOE,False,True,False,True,17
823,596801,1,2,C,M,MOE,False,True,False,True,17
823,596801,2,3,A,C,cEt,False,False,True,True,17
823,596801,3,4,G,C,cEt,False,False,True,True,17
823,596801,4,5,T,d,DNA,True,False,False,False,17
823,596801,5,6,G,d,DNA,True,False,False,False,17
823,596801,6,7,T,d,DNA,True,False,False,False,17
823,596801,7,8,T,d,DNA,True,False,False,False,17
823,596801,8,9,T,d,DNA,True,False,False,False,17
823,596801,9,10,A,d,DNA,True,False,False,False,17
823,596801,10,11,A,d,DNA,True,False,False,False,17
823,596801,11,12,T,d,DNA,True,False,False,False,17
823,596801,12,13,G,d,DNA,True,False,False,False,17
823,596801,13,14,T,C,cEt,False,False,True,True,17
823,596801,14,15,T,C,cEt,False,False,True,True,17
823,596801,15,16,T,M,MOE,False,True,False,True,17
823,596801,16,17,A,M,MOE,False,True,False,True,17
824,596802,0,1,G,M,MOE,False,True,False,True,17
824,596802,1,2,A,M,MOE,False,True,False,True,17
824,596802,2,3,T,C,cEt,False,False,True,True,17
824,596802,3,4,T,C,cEt,False,False,True,True,17
824,596802,4,5,A,d,DNA,True,False,False,False,17
824,596802,5,6,C,d,DNA,True,False,False,False,17
824,596802,6,7,A,d,DNA,True,False,False,False,17
824,596802,7,8,G,d,DNA,True,False,False,False,17
824,596802,8,9,T,d,DNA,True,False,False,False,17
824,596802,9,10,G,d,DNA,True,False,False,False,17
824,596802,10,11,T,d,DNA,True,False,False,False,17
824,596802,11,12,T,d,DNA,True,False,False,False,17
824,596802,12,13,T,d,DNA,True,False,False,False,17
824,596802,13,14,A,C,cEt,False,False,True,True,17
824,596802,14,15,A,C,cEt,False,False,True,True,17
824,596802,15,16,T,M,MOE,False,True,False,True,17
824,596802,16,17,G,M,MOE,False,True,False,True,17
825,596803,0,1,A,M,MOE,False,True,False,True,17
825,596803,1,2,G,M,MOE,False,True,False,True,17
825,596803,2,3,A,C,cEt,False,False,True,True,17
825,596803,3,4,T,C,cEt,False,False,True,True,17
825,596803,4,5,T,d,DNA,True,False,False,False,17
825,596803,5,6,A,d,DNA,True,False,False,False,17
825,596803,6,7,C,d,DNA,True,False,False,False,17
825,596803,7,8,A,d,DNA,True,False,False,False,17
825,596803,8,9,G,d,DNA,True,False,False,False,17
825,596803,9,10,T,d,DNA,True,False,False,False,17
825,596803,10,11,G,d,DNA,True,False,False,False,17
825,596803,11,12,T,d,DNA,True,False,False,False,17
825,596803,12,13,T,d,DNA,True,False,False,False,17
825,596803,13,14,T,C,cEt,False,False,True,True,17
825,596803,14,15,A,C,cEt,False,False,True,True,17
825,596803,15,16,A,M,MOE,False,True,False,True,17
825,596803,16,17,T,M,MOE,False,True,False,True,17
826,596804,0,1,C,M,MOE,False,True,False,True,17
826,596804,1,2,T,M,MOE,False,True,False,True,17
826,596804,2,3,T,C,cEt,False,False,True,True,17
826,596804,3,4,T,C,cEt,False,False,True,True,17
826,596804,4,5,T,d,DNA,True,False,False,False,17
826,596804,5,6,A,d,DNA,True,False,False,False,17
826,596804,6,7,A,d,DNA,True,False,False,False,17
826,596804,7,8,G,d,DNA,True,False,False,False,17
826,596804,8,9,A,d,DNA,True,False,False,False,17
826,596804,9,10,T,d,DNA,True,False,False,False,17
826,596804,10,11,T,d,DNA,True,False,False,False,17
826,596804,11,12,A,d,DNA,True,False,False,False,17
826,596804,12,13,C,d,DNA,True,False,False,False,17
826,596804,13,14,A,C,cEt,False,False,True,True,17
826,596804,14,15,G,C,cEt,False,False,True,True,17
826,596804,15,16,T,M,MOE,False,True,False,True,17
826,596804,16,17,G,M,MOE,False,True,False,True,17
827,596805,0,1,C,M,MOE,False,True,False,True,17
827,596805,1,2,A,M,MOE,False,True,False,True,17
827,596805,2,3,C,C,cEt,False,False,True,True,17
827,596805,3,4,T,C,cEt,False,False,True,True,17
827,596805,4,5,T,d,DNA,True,False,False,False,17
827,596805,5,6,T,d,DNA,True,False,False,False,17
827,596805,6,7,T,d,DNA,True,False,False,False,17
827,596805,7,8,A,d,DNA,True,False,False,False,17
827,596805,8,9,A,d,DNA,True,False,False,False,17
827,596805,9,10,G,d,DNA,True,False,False,False,17
827,596805,10,11,A,d,DNA,True,False,False,False,17
827,596805,11,12,T,d,DNA,True,False,False,False,17
827,596805,12,13,T,d,DNA,True,False,False,False,17
827,596805,13,14,A,C,cEt,False,False,True,True,17
827,596805,14,15,C,C,cEt,False,False,True,True,17
827,596805,15,16,A,M,MOE,False,True,False,True,17
827,596805,16,17,G,M,MOE,False,True,False,True,17
828,596806,0,1,T,M,MOE,False,True,False,True,17
828,596806,1,2,C,M,MOE,False,True,False,True,17
828,596806,2,3,A,C,cEt,False,False,True,True,17
828,596806,3,4,C,C,cEt,False,False,True,True,17
828,596806,4,5,A,d,DNA,True,False,False,False,17
828,596806,5,6,C,d,DNA,True,False,False,False,17
828,596806,6,7,A,d,DNA,True,False,False,False,17
828,596806,7,8,A,d,DNA,True,False,False,False,17
828,596806,8,9,T,d,DNA,True,False,False,False,17
828,596806,9,10,T,d,DNA,True,False,False,False,17
828,596806,10,11,A,d,DNA,True,False,False,False,17
828,596806,11,12,C,d,DNA,True,False,False,False,17
828,596806,12,13,A,d,DNA,True,False,False,False,17
828,596806,13,14,C,C,cEt,False,False,True,True,17
828,596806,14,15,T,C,cEt,False,False,True,True,17
828,596806,15,16,T,M,MOE,False,True,False,True,17
828,596806,16,17,T,M,MOE,False,True,False,True,17
829,596807,0,1,G,M,MOE,False,True,False,True,17
829,596807,1,2,T,M,MOE,False,True,False,True,17
829,596807,2,3,C,C,cEt,False,False,True,True,17
829,596807,3,4,A,C,cEt,False,False,True,True,17
829,596807,4,5,C,d,DNA,True,False,False,False,17
829,596807,5,6,A,d,DNA,True,False,False,False,17
829,596807,6,7,C,d,DNA,True,False,False,False,17
829,596807,7,8,A,d,DNA,True,False,False,False,17
829,596807,8,9,A,d,DNA,True,False,False,False,17
829,596807,9,10,T,d,DNA,True,False,False,False,17
829,596807,10,11,T,d,DNA,True,False,False,False,17
829,596807,11,12,A,d,DNA,True,False,False,False,17
829,596807,12,13,C,d,DNA,True,False,False,False,17
829,596807,13,14,A,C,cEt,False,False,True,True,17
829,596807,14,15,C,C,cEt,False,False,True,True,17
829,596807,15,16,T,M,MOE,False,True,False,True,17
829,596807,16,17,T,M,MOE,False,True,False,True,17
830,596808,0,1,A,M,MOE,False,True,False,True,17
830,596808,1,2,A,M,MOE,False,True,False,True,17
830,596808,2,3,G,C,cEt,False,False,True,True,17
830,596808,3,4,T,C,cEt,False,False,True,True,17
830,596808,4,5,C,d,DNA,True,False,False,False,17
830,596808,5,6,A,d,DNA,True,False,False,False,17
830,596808,6,7,C,d,DNA,True,False,False,False,17
830,596808,7,8,A,d,DNA,True,False,False,False,17
830,596808,8,9,C,d,DNA,True,False,False,False,17
830,596808,9,10,A,d,DNA,True,False,False,False,17
830,596808,10,11,A,d,DNA,True,False,False,False,17
830,596808,11,12,T,d,DNA,True,False,False,False,17
830,596808,12,13,T,d,DNA,True,False,False,False,17
830,596808,13,14,A,C,cEt,False,False,True,True,17
830,596808,14,15,C,C,cEt,False,False,True,True,17
830,596808,15,16,A,M,MOE,False,True,False,True,17
830,596808,16,17,C,M,MOE,False,True,False,True,17
831,596809,0,1,A,M,MOE,False,True,False,True,17
831,596809,1,2,G,M,MOE,False,True,False,True,17
831,596809,2,3,G,C,cEt,False,False,True,True,17
831,596809,3,4,T,C,cEt,False,False,True,True,17
831,596809,4,5,A,d,DNA,True,False,False,False,17
831,596809,5,6,C,d,DNA,True,False,False,False,17
831,596809,6,7,T,d,DNA,True,False,False,False,17
831,596809,7,8,T,d,DNA,True,False,False,False,17
831,596809,8,9,T,d,DNA,True,False,False,False,17
831,596809,9,10,A,d,DNA,True,False,False,False,17
831,596809,10,11,A,d,DNA,True,False,False,False,17
831,596809,11,12,A,d,DNA,True,False,False,False,17
831,596809,12,13,G,d,DNA,True,False,False,False,17
831,596809,13,14,C,C,cEt,False,False,True,True,17
831,596809,14,15,A,C,cEt,False,False,True,True,17
831,596809,15,16,A,M,MOE,False,True,False,True,17
831,596809,16,17,C,M,MOE,False,True,False,True,17
832,596810,0,1,A,M,MOE,False,True,False,True,17
832,596810,1,2,C,M,MOE,False,True,False,True,17
832,596810,2,3,A,C,cEt,False,False,True,True,17
832,596810,3,4,G,C,cEt,False,False,True,True,17
832,596810,4,5,G,d,DNA,True,False,False,False,17
832,596810,5,6,T,d,DNA,True,False,False,False,17
832,596810,6,7,A,d,DNA,True,False,False,False,17
832,596810,7,8,C,d,DNA,True,False,False,False,17
832,596810,8,9,T,d,DNA,True,False,False,False,17
832,596810,9,10,T,d,DNA,True,False,False,False,17
832,596810,10,11,T,d,DNA,True,False,False,False,17
832,596810,11,12,A,d,DNA,True,False,False,False,17
832,596810,12,13,A,d,DNA,True,False,False,False,17
832,596810,13,14,A,C,cEt,False,False,True,True,17
832,596810,14,15,G,C,cEt,False,False,True,True,17
832,596810,15,16,C,M,MOE,False,True,False,True,17
832,596810,16,17,A,M,MOE,False,True,False,True,17
833,596811,0,1,T,M,MOE,False,True,False,True,17
833,596811,1,2,A,M,MOE,False,True,False,True,17
833,596811,2,3,C,C,cEt,False,False,True,True,17
833,596811,3,4,A,C,cEt,False,False,True,True,17
833,596811,4,5,G,d,DNA,True,False,False,False,17
833,596811,5,6,G,d,DNA,True,False,False,False,17
833,596811,6,7,T,d,DNA,True,False,False,False,17
833,596811,7,8,A,d,DNA,True,False,False,False,17
833,596811,8,9,C,d,DNA,True,False,False,False,17
833,596811,9,10,T,d,DNA,True,False,False,False,17
833,596811,10,11,T,d,DNA,True,False,False,False,17
833,596811,11,12,T,d,DNA,True,False,False,False,17
833,596811,12,13,A,d,DNA,True,False,False,False,17
833,596811,13,14,A,C,cEt,False,False,True,True,17
833,596811,14,15,A,C,cEt,False,False,True,True,17
833,596811,15,16,G,M,MOE,False,True,False,True,17
833,596811,16,17,C,M,MOE,False,True,False,True,17
834,596812,0,1,C,M,MOE,False,True,False,True,17
834,596812,1,2,T,M,MOE,False,True,False,True,17
834,596812,2,3,A,C,cEt,False,False,True,True,17
834,596812,3,4,C,C,cEt,False,False,True,True,17
834,596812,4,5,A,d,DNA,True,False,False,False,17
834,596812,5,6,G,d,DNA,True,False,False,False,17
834,596812,6,7,G,d,DNA,True,False,False,False,17
834,596812,7,8,T,d,DNA,True,False,False,False,17
834,596812,8,9,A,d,DNA,True,False,False,False,17
834,596812,9,10,C,d,DNA,True,False,False,False,17
834,596812,10,11,T,d,DNA,True,False,False,False,17
834,596812,11,12,T,d,DNA,True,False,False,False,17
834,596812,12,13,T,d,DNA,True,False,False,False,17
834,596812,13,14,A,C,cEt,False,False,True,True,17
834,596812,14,15,A,C,cEt,False,False,True,True,17
834,596812,15,16,A,M,MOE,False,True,False,True,17
834,596812,16,17,G,M,MOE,False,True,False,True,17
835,596813,0,1,C,M,MOE,False,True,False,True,17
835,596813,1,2,A,M,MOE,False,True,False,True,17
835,596813,2,3,C,C,cEt,False,False,True,True,17
835,596813,3,4,T,C,cEt,False,False,True,True,17
835,596813,4,5,A,d,DNA,True,False,False,False,17
835,596813,5,6,C,d,DNA,True,False,False,False,17
835,596813,6,7,A,d,DNA,True,False,False,False,17
835,596813,7,8,G,d,DNA,True,False,False,False,17
835,596813,8,9,G,d,DNA,True,False,False,False,17
835,596813,9,10,T,d,DNA,True,False,False,False,17
835,596813,10,11,A,d,DNA,True,False,False,False,17
835,596813,11,12,C,d,DNA,True,False,False,False,17
835,596813,12,13,T,d,DNA,True,False,False,False,17
835,596813,13,14,T,C,cEt,False,False,True,True,17
835,596813,14,15,T,C,cEt,False,False,True,True,17
835,596813,15,16,A,M,MOE,False,True,False,True,17
835,596813,16,17,A,M,MOE,False,True,False,True,17
836,596814,0,1,T,M,MOE,False,True,False,True,17
836,596814,1,2,C,M,MOE,False,True,False,True,17
836,596814,2,3,A,C,cEt,False,False,True,True,17
836,596814,3,4,C,C,cEt,False,False,True,True,17
836,596814,4,5,T,d,DNA,True,False,False,False,17
836,596814,5,6,A,d,DNA,True,False,False,False,17
836,596814,6,7,C,d,DNA,True,False,False,False,17
836,596814,7,8,A,d,DNA,True,False,False,False,17
836,596814,8,9,G,d,DNA,True,False,False,False,17
836,596814,9,10,G,d,DNA,True,False,False,False,17
836,596814,10,11,T,d,DNA,True,False,False,False,17
836,596814,11,12,A,d,DNA,True,False,False,False,17
836,596814,12,13,C,d,DNA,True,False,False,False,17
836,596814,13,14,T,C,cEt,False,False,True,True,17
836,596814,14,15,T,C,cEt,False,False,True,True,17
836,596814,15,16,T,M,MOE,False,True,False,True,17
836,596814,16,17,A,M,MOE,False,True,False,True,17
837,596815,0,1,C,M,MOE,False,True,False,True,17
837,596815,1,2,T,M,MOE,False,True,False,True,17
837,596815,2,3,C,C,cEt,False,False,True,True,17
837,596815,3,4,A,C,cEt,False,False,True,True,17
837,596815,4,5,C,d,DNA,True,False,False,False,17
837,596815,5,6,T,d,DNA,True,False,False,False,17
837,596815,6,7,A,d,DNA,True,False,False,False,17
837,596815,7,8,C,d,DNA,True,False,False,False,17
837,596815,8,9,A,d,DNA,True,False,False,False,17
837,596815,9,10,G,d,DNA,True,False,False,False,17
837,596815,10,11,G,d,DNA,True,False,False,False,17
837,596815,11,12,T,d,DNA,True,False,False,False,17
837,596815,12,13,A,d,DNA,True,False,False,False,17
837,596815,13,14,C,C,cEt,False,False,True,True,17
837,596815,14,15,T,C,cEt,False,False,True,True,17
837,596815,15,16,T,M,MOE,False,True,False,True,17
837,596815,16,17,T,M,MOE,False,True,False,True,17
838,596816,0,1,T,M,MOE,False,True,False,True,17
838,596816,1,2,C,M,MOE,False,True,False,True,17
838,596816,2,3,T,C,cEt,False,False,True,True,17
838,596816,3,4,C,C,cEt,False,False,True,True,17
838,596816,4,5,A,d,DNA,True,False,False,False,17
838,596816,5,6,C,d,DNA,True,False,False,False,17
838,596816,6,7,T,d,DNA,True,False,False,False,17
838,596816,7,8,A,d,DNA,True,False,False,False,17
838,596816,8,9,C,d,DNA,True,False,False,False,17
838,596816,9,10,A,d,DNA,True,False,False,False,17
838,596816,10,11,G,d,DNA,True,False,False,False,17
838,596816,11,12,G,d,DNA,True,False,False,False,17
838,596816,12,13,T,d,DNA,True,False,False,False,17
838,596816,13,14,A,C,cEt,False,False,True,True,17
838,596816,14,15,C,C,cEt,False,False,True,True,17
838,596816,15,16,T,M,MOE,False,True,False,True,17
838,596816,16,17,T,M,MOE,False,True,False,True,17
839,596817,0,1,T,M,MOE,False,True,False,True,17
839,596817,1,2,T,M,MOE,False,True,False,True,17
839,596817,2,3,C,C,cEt,False,False,True,True,17
839,596817,3,4,T,C,cEt,False,False,True,True,17
839,596817,4,5,C,d,DNA,True,False,False,False,17
839,596817,5,6,A,d,DNA,True,False,False,False,17
839,596817,6,7,C,d,DNA,True,False,False,False,17
839,596817,7,8,T,d,DNA,True,False,False,False,17
839,596817,8,9,A,d,DNA,True,False,False,False,17
839,596817,9,10,C,d,DNA,True,False,False,False,17
839,596817,10,11,A,d,DNA,True,False,False,False,17
839,596817,11,12,G,d,DNA,True,False,False,False,17
839,596817,12,13,G,d,DNA,True,False,False,False,17
839,596817,13,14,T,C,cEt,False,False,True,True,17
839,596817,14,15,A,C,cEt,False,False,True,True,17
839,596817,15,16,C,M,MOE,False,True,False,True,17
839,596817,16,17,T,M,MOE,False,True,False,True,17
840,596818,0,1,T,M,MOE,False,True,False,True,17
840,596818,1,2,T,M,MOE,False,True,False,True,17
840,596818,2,3,T,C,cEt,False,False,True,True,17
840,596818,3,4,C,C,cEt,False,False,True,True,17
840,596818,4,5,T,d,DNA,True,False,False,False,17
840,596818,5,6,C,d,DNA,True,False,False,False,17
840,596818,6,7,A,d,DNA,True,False,False,False,17
840,596818,7,8,C,d,DNA,True,False,False,False,17
840,596818,8,9,T,d,DNA,True,False,False,False,17
840,596818,9,10,A,d,DNA,True,False,False,False,17
840,596818,10,11,C,d,DNA,True,False,False,False,17
840,596818,11,12,A,d,DNA,True,False,False,False,17
840,596818,12,13,G,d,DNA,True,False,False,False,17
840,596818,13,14,G,C,cEt,False,False,True,True,17
840,596818,14,15,T,C,cEt,False,False,True,True,17
840,596818,15,16,A,M,MOE,False,True,False,True,17
840,596818,16,17,C,M,MOE,False,True,False,True,17
841,596819,0,1,G,M,MOE,False,True,False,True,17
841,596819,1,2,T,M,MOE,False,True,False,True,17
841,596819,2,3,T,C,cEt,False,False,True,True,17
841,596819,3,4,T,C,cEt,False,False,True,True,17
841,596819,4,5,C,d,DNA,True,False,False,False,17
841,596819,5,6,T,d,DNA,True,False,False,False,17
841,596819,6,7,C,d,DNA,True,False,False,False,17
841,596819,7,8,A,d,DNA,True,False,False,False,17
841,596819,8,9,C,d,DNA,True,False,False,False,17
841,596819,9,10,T,d,DNA,True,False,False,False,17
841,596819,10,11,A,d,DNA,True,False,False,False,17
841,596819,11,12,C,d,DNA,True,False,False,False,17
841,596819,12,13,A,d,DNA,True,False,False,False,17
841,596819,13,14,G,C,cEt,False,False,True,True,17
841,596819,14,15,G,C,cEt,False,False,True,True,17
841,596819,15,16,T,M,MOE,False,True,False,True,17
841,596819,16,17,A,M,MOE,False,True,False,True,17
842,596820,0,1,A,M,MOE,False,True,False,True,17
842,596820,1,2,G,M,MOE,False,True,False,True,17
842,596820,2,3,T,C,cEt,False,False,True,True,17
842,596820,3,4,T,C,cEt,False,False,True,True,17
842,596820,4,5,T,d,DNA,True,False,False,False,17
842,596820,5,6,C,d,DNA,True,False,False,False,17
842,596820,6,7,T,d,DNA,True,False,False,False,17
842,596820,7,8,C,d,DNA,True,False,False,False,17
842,596820,8,9,A,d,DNA,True,False,False,False,17
842,596820,9,10,C,d,DNA,True,False,False,False,17
842,596820,10,11,T,d,DNA,True,False,False,False,17
842,596820,11,12,A,d,DNA,True,False,False,False,17
842,596820,12,13,C,d,DNA,True,False,False,False,17
842,596820,13,14,A,C,cEt,False,False,True,True,17
842,596820,14,15,G,C,cEt,False,False,True,True,17
842,596820,15,16,G,M,MOE,False,True,False,True,17
842,596820,16,17,T,M,MOE,False,True,False,True,17
843,596821,0,1,C,M,MOE,False,True,False,True,17
843,596821,1,2,A,M,MOE,False,True,False,True,17
843,596821,2,3,G,C,cEt,False,False,True,True,17
843,596821,3,4,T,C,cEt,False,False,True,True,17
843,596821,4,5,T,d,DNA,True,False,False,False,17
843,596821,5,6,T,d,DNA,True,False,False,False,17
843,596821,6,7,C,d,DNA,True,False,False,False,17
843,596821,7,8,T,d,DNA,True,False,False,False,17
843,596821,8,9,C,d,DNA,True,False,False,False,17
843,596821,9,10,A,d,DNA,True,False,False,False,17
843,596821,10,11,C,d,DNA,True,False,False,False,17
843,596821,11,12,T,d,DNA,True,False,False,False,17
843,596821,12,13,A,d,DNA,True,False,False,False,17
843,596821,13,14,C,C,cEt,False,False,True,True,17
843,596821,14,15,A,C,cEt,False,False,True,True,17
843,596821,15,16,G,M,MOE,False,True,False,True,17
843,596821,16,17,G,M,MOE,False,True,False,True,17
844,596822,0,1,T,M,MOE,False,True,False,True,17
844,596822,1,2,C,M,MOE,False,True,False,True,17
844,596822,2,3,A,C,cEt,False,False,True,True,17
844,596822,3,4,G,C,cEt,False,False,True,True,17
844,596822,4,5,T,d,DNA,True,False,False,False,17
844,596822,5,6,T,d,DNA,True,False,False,False,17
844,596822,6,7,T,d,DNA,True,False,False,False,17
844,596822,7,8,C,d,DNA,True,False,False,False,17
844,596822,8,9,T,d,DNA,True,False,False,False,17
844,596822,9,10,C,d,DNA,True,False,False,False,17
844,596822,10,11,A,d,DNA,True,False,False,False,17
844,596822,11,12,C,d,DNA,True,False,False,False,17
844,596822,12,13,T,d,DNA,True,False,False,False,17
844,596822,13,14,A,C,cEt,False,False,True,True,17
844,596822,14,15,C,C,cEt,False,False,True,True,17
844,596822,15,16,A,M,MOE,False,True,False,True,17
844,596822,16,17,G,M,MOE,False,True,False,True,17
845,596823,0,1,A,M,MOE,False,True,False,True,17
845,596823,1,2,T,M,MOE,False,True,False,True,17
845,596823,2,3,C,C,cEt,False,False,True,True,17
845,596823,3,4,A,C,cEt,False,False,True,True,17
845,596823,4,5,G,d,DNA,True,False,False,False,17
845,596823,5,6,T,d,DNA,True,False,False,False,17
845,596823,6,7,T,d,DNA,True,False,False,False,17
845,596823,7,8,T,d,DNA,True,False,False,False,17
845,596823,8,9,C,d,DNA,True,False,False,False,17
845,596823,9,10,T,d,DNA,True,False,False,False,17
845,596823,10,11,C,d,DNA,True,False,False,False,17
845,596823,11,12,A,d,DNA,True,False,False,False,17
845,596823,12,13,C,d,DNA,True,False,False,False,17
845,596823,13,14,T,C,cEt,False,False,True,True,17
845,596823,14,15,A,C,cEt,False,False,True,True,17
845,596823,15,16,C,M,MOE,False,True,False,True,17
845,596823,16,17,A,M,MOE,False,True,False,True,17
846,596824,0,1,A,M,MOE,False,True,False,True,17
846,596824,1,2,A,M,MOE,False,True,False,True,17
846,596824,2,3,T,C,cEt,False,False,True,True,17
846,596824,3,4,C,C,cEt,False,False,True,True,17
846,596824,4,5,A,d,DNA,True,False,False,False,17
846,596824,5,6,G,d,DNA,True,False,False,False,17
846,596824,6,7,T,d,DNA,True,False,False,False,17
846,596824,7,8,T,d,DNA,True,False,False,False,17
846,596824,8,9,T,d,DNA,True,False,False,False,17
846,596824,9,10,C,d,DNA,True,False,False,False,17
846,596824,10,11,T,d,DNA,True,False,False,False,17
846,596824,11,12,C,d,DNA,True,False,False,False,17
846,596824,12,13,A,d,DNA,True,False,False,False,17
846,596824,13,14,C,C,cEt,False,False,True,True,17
846,596824,14,15,T,C,cEt,False,False,True,True,17
846,596824,15,16,A,M,MOE,False,True,False,True,17
846,596824,16,17,C,M,MOE,False,True,False,True,17
847,596825,0,1,G,M,MOE,False,True,False,True,17
847,596825,1,2,A,M,MOE,False,True,False,True,17
847,596825,2,3,T,C,cEt,False,False,True,True,17
847,596825,3,4,C,C,cEt,False,False,True,True,17
847,596825,4,5,A,d,DNA,True,False,False,False,17
847,596825,5,6,T,d,DNA,True,False,False,False,17
847,596825,6,7,A,d,DNA,True,False,False,False,17
847,596825,7,8,A,d,DNA,True,False,False,False,17
847,596825,8,9,A,d,DNA,True,False,False,False,17
847,596825,9,10,T,d,DNA,True,False,False,False,17
847,596825,10,11,C,d,DNA,True,False,False,False,17
847,596825,11,12,A,d,DNA,True,False,False,False,17
847,596825,12,13,G,d,DNA,True,False,False,False,17
847,596825,13,14,T,C,cEt,False,False,True,True,17
847,596825,14,15,T,C,cEt,False,False,True,True,17
847,596825,15,16,T,M,MOE,False,True,False,True,17
847,596825,16,17,C,M,MOE,False,True,False,True,17
848,596826,0,1,T,M,MOE,False,True,False,True,17
848,596826,1,2,G,M,MOE,False,True,False,True,17
848,596826,2,3,A,C,cEt,False,False,True,True,17
848,596826,3,4,T,C,cEt,False,False,True,True,17
848,596826,4,5,C,d,DNA,True,False,False,False,17
848,596826,5,6,A,d,DNA,True,False,False,False,17
848,596826,6,7,T,d,DNA,True,False,False,False,17
848,596826,7,8,A,d,DNA,True,False,False,False,17
848,596826,8,9,A,d,DNA,True,False,False,False,17
848,596826,9,10,A,d,DNA,True,False,False,False,17
848,596826,10,11,T,d,DNA,True,False,False,False,17
848,596826,11,12,C,d,DNA,True,False,False,False,17
848,596826,12,13,A,d,DNA,True,False,False,False,17
848,596826,13,14,G,C,cEt,False,False,True,True,17
848,596826,14,15,T,C,cEt,False,False,True,True,17
848,596826,15,16,T,M,MOE,False,True,False,True,17
848,596826,16,17,T,M,MOE,False,True,False,True,17
849,596827,0,1,G,M,MOE,False,True,False,True,17
849,596827,1,2,T,M,MOE,False,True,False,True,17
849,596827,2,3,G,C,cEt,False,False,True,True,17
849,596827,3,4,A,C,cEt,False,False,True,True,17
849,596827,4,5,T,d,DNA,True,False,False,False,17
849,596827,5,6,C,d,DNA,True,False,False,False,17
849,596827,6,7,A,d,DNA,True,False,False,False,17
849,596827,7,8,T,d,DNA,True,False,False,False,17
849,596827,8,9,A,d,DNA,True,False,False,False,17
849,596827,9,10,A,d,DNA,True,False,False,False,17
849,596827,10,11,A,d,DNA,True,False,False,False,17
849,596827,11,12,T,d,DNA,True,False,False,False,17
849,596827,12,13,C,d,DNA,True,False,False,False,17
849,596827,13,14,A,C,cEt,False,False,True,True,17
849,596827,14,15,G,C,cEt,False,False,True,True,17
849,596827,15,16,T,M,MOE,False,True,False,True,17
849,596827,16,17,T,M,MOE,False,True,False,True,17
850,596828,0,1,A,M,MOE,False,True,False,True,17
850,596828,1,2,G,M,MOE,False,True,False,True,17
850,596828,2,3,T,C,cEt,False,False,True,True,17
850,596828,3,4,G,C,cEt,False,False,True,True,17
850,596828,4,5,A,d,DNA,True,False,False,False,17
850,596828,5,6,T,d,DNA,True,False,False,False,17
850,596828,6,7,C,d,DNA,True,False,False,False,17
850,596828,7,8,A,d,DNA,True,False,False,False,17
850,596828,8,9,T,d,DNA,True,False,False,False,17
850,596828,9,10,A,d,DNA,True,False,False,False,17
850,596828,10,11,A,d,DNA,True,False,False,False,17
850,596828,11,12,A,d,DNA,True,False,False,False,17
850,596828,12,13,T,d,DNA,True,False,False,False,17
850,596828,13,14,C,C,cEt,False,False,True,True,17
850,596828,14,15,A,C,cEt,False,False,True,True,17
850,596828,15,16,G,M,MOE,False,True,False,True,17
850,596828,16,17,T,M,MOE,False,True,False,True,17
851,596829,0,1,C,M,MOE,False,True,False,True,17
851,596829,1,2,A,M,MOE,False,True,False,True,17
851,596829,2,3,A,C,cEt,False,False,True,True,17
851,596829,3,4,G,C,cEt,False,False,True,True,17
851,596829,4,5,T,d,DNA,True,False,False,False,17
851,596829,5,6,G,d,DNA,True,False,False,False,17
851,596829,6,7,A,d,DNA,True,False,False,False,17
851,596829,7,8,T,d,DNA,True,False,False,False,17
851,596829,8,9,C,d,DNA,True,False,False,False,17
851,596829,9,10,A,d,DNA,True,False,False,False,17
851,596829,10,11,T,d,DNA,True,False,False,False,17
851,596829,11,12,A,d,DNA,True,False,False,False,17
851,596829,12,13,A,d,DNA,True,False,False,False,17
851,596829,13,14,A,C,cEt,False,False,True,True,17
851,596829,14,15,T,C,cEt,False,False,True,True,17
851,596829,15,16,C,M,MOE,False,True,False,True,17
851,596829,16,17,A,M,MOE,False,True,False,True,17
852,596830,0,1,C,M,MOE,False,True,False,True,17
852,596830,1,2,C,M,MOE,False,True,False,True,17
852,596830,2,3,A,C,cEt,False,False,True,True,17
852,596830,3,4,A,C,cEt,False,False,True,True,17
852,596830,4,5,G,d,DNA,True,False,False,False,17
852,596830,5,6,T,d,DNA,True,False,False,False,17
852,596830,6,7,G,d,DNA,True,False,False,False,17
852,596830,7,8,A,d,DNA,True,False,False,False,17
852,596830,8,9,T,d,DNA,True,False,False,False,17
852,596830,9,10,C,d,DNA,True,False,False,False,17
852,596830,10,11,A,d,DNA,True,False,False,False,17
852,596830,11,12,T,d,DNA,True,False,False,False,17
852,596830,12,13,A,d,DNA,True,False,False,False,17
852,596830,13,14,A,C,cEt,False,False,True,True,17
852,596830,14,15,A,C,cEt,False,False,True,True,17
852,596830,15,16,T,M,MOE,False,True,False,True,17
852,596830,16,17,C,M,MOE,False,True,False,True,17
853,596831,0,1,T,M,MOE,False,True,False,True,17
853,596831,1,2,C,M,MOE,False,True,False,True,17
853,596831,2,3,C,C,cEt,False,False,True,True,17
853,596831,3,4,A,C,cEt,False,False,True,True,17
853,596831,4,5,A,d,DNA,True,False,False,False,17
853,596831,5,6,G,d,DNA,True,False,False,False,17
853,596831,6,7,T,d,DNA,True,False,False,False,17
853,596831,7,8,G,d,DNA,True,False,False,False,17
853,596831,8,9,A,d,DNA,True,False,False,False,17
853,596831,9,10,T,d,DNA,True,False,False,False,17
853,596831,10,11,C,d,DNA,True,False,False,False,17
853,596831,11,12,A,d,DNA,True,False,False,False,17
853,596831,12,13,T,d,DNA,True,False,False,False,17
853,596831,13,14,A,C,cEt,False,False,True,True,17
853,596831,14,15,A,C,cEt,False,False,True,True,17
853,596831,15,16,A,M,MOE,False,True,False,True,17
853,596831,16,17,T,M,MOE,False,True,False,True,17
854,596832,0,1,C,M,MOE,False,True,False,True,17
854,596832,1,2,T,M,MOE,False,True,False,True,17
854,596832,2,3,T,C,cEt,False,False,True,True,17
854,596832,3,4,C,C,cEt,False,False,True,True,17
854,596832,4,5,C,d,DNA,True,False,False,False,17
854,596832,5,6,A,d,DNA,True,False,False,False,17
854,596832,6,7,A,d,DNA,True,False,False,False,17
854,596832,7,8,G,d,DNA,True,False,False,False,17
854,596832,8,9,T,d,DNA,True,False,False,False,17
854,596832,9,10,G,d,DNA,True,False,False,False,17
854,596832,10,11,A,d,DNA,True,False,False,False,17
854,596832,11,12,T,d,DNA,True,False,False,False,17
854,596832,12,13,C,d,DNA,True,False,False,False,17
854,596832,13,14,A,C,cEt,False,False,True,True,17
854,596832,14,15,T,C,cEt,False,False,True,True,17
854,596832,15,16,A,M,MOE,False,True,False,True,17
854,596832,16,17,A,M,MOE,False,True,False,True,17
855,596833,0,1,T,M,MOE,False,True,False,True,17
855,596833,1,2,C,M,MOE,False,True,False,True,17
855,596833,2,3,T,C,cEt,False,False,True,True,17
855,596833,3,4,T,C,cEt,False,False,True,True,17
855,596833,4,5,C,d,DNA,True,False,False,False,17
855,596833,5,6,C,d,DNA,True,False,False,False,17
855,596833,6,7,A,d,DNA,True,False,False,False,17
855,596833,7,8,A,d,DNA,True,False,False,False,17
855,596833,8,9,G,d,DNA,True,False,False,False,17
855,596833,9,10,T,d,DNA,True,False,False,False,17
855,596833,10,11,G,d,DNA,True,False,False,False,17
855,596833,11,12,A,d,DNA,True,False,False,False,17
855,596833,12,13,T,d,DNA,True,False,False,False,17
855,596833,13,14,C,C,cEt,False,False,True,True,17
855,596833,14,15,A,C,cEt,False,False,True,True,17
855,596833,15,16,T,M,MOE,False,True,False,True,17
855,596833,16,17,A,M,MOE,False,True,False,True,17
856,596834,0,1,A,M,MOE,False,True,False,True,17
856,596834,1,2,T,M,MOE,False,True,False,True,17
856,596834,2,3,C,C,cEt,False,False,True,True,17
856,596834,3,4,T,C,cEt,False,False,True,True,17
856,596834,4,5,T,d,DNA,True,False,False,False,17
856,596834,5,6,C,d,DNA,True,False,False,False,17
856,596834,6,7,C,d,DNA,True,False,False,False,17
856,596834,7,8,A,d,DNA,True,False,False,False,17
856,596834,8,9,A,d,DNA,True,False,False,False,17
856,596834,9,10,G,d,DNA,True,False,False,False,17
856,596834,10,11,T,d,DNA,True,False,False,False,17
856,596834,11,12,G,d,DNA,True,False,False,False,17
856,596834,12,13,A,d,DNA,True,False,False,False,17
856,596834,13,14,T,C,cEt,False,False,True,True,17
856,596834,14,15,C,C,cEt,False,False,True,True,17
856,596834,15,16,A,M,MOE,False,True,False,True,17
856,596834,16,17,T,M,MOE,False,True,False,True,17
857,596835,0,1,A,M,MOE,False,True,False,True,17
857,596835,1,2,A,M,MOE,False,True,False,True,17
857,596835,2,3,T,C,cEt,False,False,True,True,17
857,596835,3,4,C,C,cEt,False,False,True,True,17
857,596835,4,5,T,d,DNA,True,False,False,False,17
857,596835,5,6,T,d,DNA,True,False,False,False,17
857,596835,6,7,C,d,DNA,True,False,False,False,17
857,596835,7,8,C,d,DNA,True,False,False,False,17
857,596835,8,9,A,d,DNA,True,False,False,False,17
857,596835,9,10,A,d,DNA,True,False,False,False,17
857,596835,10,11,G,d,DNA,True,False,False,False,17
857,596835,11,12,T,d,DNA,True,False,False,False,17
857,596835,12,13,G,d,DNA,True,False,False,False,17
857,596835,13,14,A,C,cEt,False,False,True,True,17
857,596835,14,15,T,C,cEt,False,False,True,True,17
857,596835,15,16,C,M,MOE,False,True,False,True,17
857,596835,16,17,A,M,MOE,False,True,False,True,17
858,596836,0,1,A,M,MOE,False,True,False,True,17
858,596836,1,2,A,M,MOE,False,True,False,True,17
858,596836,2,3,A,C,cEt,False,False,True,True,17
858,596836,3,4,T,C,cEt,False,False,True,True,17
858,596836,4,5,C,d,DNA,True,False,False,False,17
858,596836,5,6,T,d,DNA,True,False,False,False,17
858,596836,6,7,T,d,DNA,True,False,False,False,17
858,596836,7,8,C,d,DNA,True,False,False,False,17
858,596836,8,9,C,d,DNA,True,False,False,False,17
858,596836,9,10,A,d,DNA,True,False,False,False,17
858,596836,10,11,A,d,DNA,True,False,False,False,17
858,596836,11,12,G,d,DNA,True,False,False,False,17
858,596836,12,13,T,d,DNA,True,False,False,False,17
858,596836,13,14,G,C,cEt,False,False,True,True,17
858,596836,14,15,A,C,cEt,False,False,True,True,17
858,596836,15,16,T,M,MOE,False,True,False,True,17
858,596836,16,17,C,M,MOE,False,True,False,True,17
859,596837,0,1,A,M,MOE,False,True,False,True,17
859,596837,1,2,A,M,MOE,False,True,False,True,17
859,596837,2,3,C,C,cEt,False,False,True,True,17
859,596837,3,4,T,C,cEt,False,False,True,True,17
859,596837,4,5,A,d,DNA,True,False,False,False,17
859,596837,5,6,T,d,DNA,True,False,False,False,17
859,596837,6,7,A,d,DNA,True,False,False,False,17
859,596837,7,8,C,d,DNA,True,False,False,False,17
859,596837,8,9,A,d,DNA,True,False,False,False,17
859,596837,9,10,A,d,DNA,True,False,False,False,17
859,596837,10,11,A,d,DNA,True,False,False,False,17
859,596837,11,12,T,d,DNA,True,False,False,False,17
859,596837,12,13,C,d,DNA,True,False,False,False,17
859,596837,13,14,T,C,cEt,False,False,True,True,17
859,596837,14,15,T,C,cEt,False,False,True,True,17
859,596837,15,16,C,M,MOE,False,True,False,True,17
859,596837,16,17,C,M,MOE,False,True,False,True,17
860,596838,0,1,A,M,MOE,False,True,False,True,17
860,596838,1,2,A,M,MOE,False,True,False,True,17
860,596838,2,3,A,C,cEt,False,False,True,True,17
860,596838,3,4,C,C,cEt,False,False,True,True,17
860,596838,4,5,T,d,DNA,True,False,False,False,17
860,596838,5,6,A,d,DNA,True,False,False,False,17
860,596838,6,7,T,d,DNA,True,False,False,False,17
860,596838,7,8,A,d,DNA,True,False,False,False,17
860,596838,8,9,C,d,DNA,True,False,False,False,17
860,596838,9,10,A,d,DNA,True,False,False,False,17
860,596838,10,11,A,d,DNA,True,False,False,False,17
860,596838,11,12,A,d,DNA,True,False,False,False,17
860,596838,12,13,T,d,DNA,True,False,False,False,17
860,596838,13,14,C,C,cEt,False,False,True,True,17
860,596838,14,15,T,C,cEt,False,False,True,True,17
860,596838,15,16,T,M,MOE,False,True,False,True,17
860,596838,16,17,C,M,MOE,False,True,False,True,17
861,596839,0,1,A,M,MOE,False,True,False,True,17
861,596839,1,2,G,M,MOE,False,True,False,True,17
861,596839,2,3,A,C,cEt,False,False,True,True,17
861,596839,3,4,C,C,cEt,False,False,True,True,17
861,596839,4,5,A,d,DNA,True,False,False,False,17
861,596839,5,6,T,d,DNA,True,False,False,False,17
861,596839,6,7,T,d,DNA,True,False,False,False,17
861,596839,7,8,T,d,DNA,True,False,False,False,17
861,596839,8,9,T,d,DNA,True,False,False,False,17
861,596839,9,10,A,d,DNA,True,False,False,False,17
861,596839,10,11,A,d,DNA,True,False,False,False,17
861,596839,11,12,C,d,DNA,True,False,False,False,17
861,596839,12,13,T,d,DNA,True,False,False,False,17
861,596839,13,14,G,C,cEt,False,False,True,True,17
861,596839,14,15,A,C,cEt,False,False,True,True,17
861,596839,15,16,G,M,MOE,False,True,False,True,17
861,596839,16,17,T,M,MOE,False,True,False,True,17
862,596840,0,1,G,M,MOE,False,True,False,True,17
862,596840,1,2,T,M,MOE,False,True,False,True,17
862,596840,2,3,C,C,cEt,False,False,True,True,17
862,596840,3,4,A,C,cEt,False,False,True,True,17
862,596840,4,5,T,d,DNA,True,False,False,False,17
862,596840,5,6,T,d,DNA,True,False,False,False,17
862,596840,6,7,G,d,DNA,True,False,False,False,17
862,596840,7,8,A,d,DNA,True,False,False,False,17
862,596840,8,9,A,d,DNA,True,False,False,False,17
862,596840,9,10,A,d,DNA,True,False,False,False,17
862,596840,10,11,C,d,DNA,True,False,False,False,17
862,596840,11,12,A,d,DNA,True,False,False,False,17
862,596840,12,13,G,d,DNA,True,False,False,False,17
862,596840,13,14,A,C,cEt,False,False,True,True,17
862,596840,14,15,C,C,cEt,False,False,True,True,17
862,596840,15,16,A,M,MOE,False,True,False,True,17
862,596840,16,17,T,M,MOE,False,True,False,True,17
863,596841,0,1,A,M,MOE,False,True,False,True,17
863,596841,1,2,G,M,MOE,False,True,False,True,17
863,596841,2,3,G,C,cEt,False,False,True,True,17
863,596841,3,4,T,C,cEt,False,False,True,True,17
863,596841,4,5,C,d,DNA,True,False,False,False,17
863,596841,5,6,A,d,DNA,True,False,False,False,17
863,596841,6,7,T,d,DNA,True,False,False,False,17
863,596841,7,8,T,d,DNA,True,False,False,False,17
863,596841,8,9,G,d,DNA,True,False,False,False,17
863,596841,9,10,A,d,DNA,True,False,False,False,17
863,596841,10,11,A,d,DNA,True,False,False,False,17
863,596841,11,12,A,d,DNA,True,False,False,False,17
863,596841,12,13,C,d,DNA,True,False,False,False,17
863,596841,13,14,A,C,cEt,False,False,True,True,17
863,596841,14,15,G,C,cEt,False,False,True,True,17
863,596841,15,16,A,M,MOE,False,True,False,True,17
863,596841,16,17,C,M,MOE,False,True,False,True,17
864,596842,0,1,T,M,MOE,False,True,False,True,17
864,596842,1,2,A,M,MOE,False,True,False,True,17
864,596842,2,3,C,C,cEt,False,False,True,True,17
864,596842,3,4,A,C,cEt,False,False,True,True,17
864,596842,4,5,G,d,DNA,True,False,False,False,17
864,596842,5,6,G,d,DNA,True,False,False,False,17
864,596842,6,7,T,d,DNA,True,False,False,False,17
864,596842,7,8,C,d,DNA,True,False,False,False,17
864,596842,8,9,A,d,DNA,True,False,False,False,17
864,596842,9,10,T,d,DNA,True,False,False,False,17
864,596842,10,11,T,d,DNA,True,False,False,False,17
864,596842,11,12,G,d,DNA,True,False,False,False,17
864,596842,12,13,A,d,DNA,True,False,False,False,17
864,596842,13,14,A,C,cEt,False,False,True,True,17
864,596842,14,15,A,C,cEt,False,False,True,True,17
864,596842,15,16,C,M,MOE,False,True,False,True,17
864,596842,16,17,A,M,MOE,False,True,False,True,17
865,596843,0,1,A,M,MOE,False,True,False,True,17
865,596843,1,2,T,M,MOE,False,True,False,True,17
865,596843,2,3,A,C,cEt,False,False,True,True,17
865,596843,3,4,C,C,cEt,False,False,True,True,17
865,596843,4,5,A,d,DNA,True,False,False,False,17
865,596843,5,6,G,d,DNA,True,False,False,False,17
865,596843,6,7,G,d,DNA,True,False,False,False,17
865,596843,7,8,T,d,DNA,True,False,False,False,17
865,596843,8,9,C,d,DNA,True,False,False,False,17
865,596843,9,10,A,d,DNA,True,False,False,False,17
865,596843,10,11,T,d,DNA,True,False,False,False,17
865,596843,11,12,T,d,DNA,True,False,False,False,17
865,596843,12,13,G,d,DNA,True,False,False,False,17
865,596843,13,14,A,C,cEt,False,False,True,True,17
865,596843,14,15,A,C,cEt,False,False,True,True,17
865,596843,15,16,A,M,MOE,False,True,False,True,17
865,596843,16,17,C,M,MOE,False,True,False,True,17
866,596844,0,1,A,M,MOE,False,True,False,True,17
866,596844,1,2,A,M,MOE,False,True,False,True,17
866,596844,2,3,A,C,cEt,False,False,True,True,17
866,596844,3,4,T,C,cEt,False,False,True,True,17
866,596844,4,5,A,d,DNA,True,False,False,False,17
866,596844,5,6,C,d,DNA,True,False,False,False,17
866,596844,6,7,A,d,DNA,True,False,False,False,17
866,596844,7,8,G,d,DNA,True,False,False,False,17
866,596844,8,9,G,d,DNA,True,False,False,False,17
866,596844,9,10,T,d,DNA,True,False,False,False,17
866,596844,10,11,C,d,DNA,True,False,False,False,17
866,596844,11,12,A,d,DNA,True,False,False,False,17
866,596844,12,13,T,d,DNA,True,False,False,False,17
866,596844,13,14,T,C,cEt,False,False,True,True,17
866,596844,14,15,G,C,cEt,False,False,True,True,17
866,596844,15,16,A,M,MOE,False,True,False,True,17
866,596844,16,17,A,M,MOE,False,True,False,True,17
867,596845,0,1,C,M,MOE,False,True,False,True,17
867,596845,1,2,A,M,MOE,False,True,False,True,17
867,596845,2,3,A,C,cEt,False,False,True,True,17
867,596845,3,4,A,C,cEt,False,False,True,True,17
867,596845,4,5,A,d,DNA,True,False,False,False,17
867,596845,5,6,T,d,DNA,True,False,False,False,17
867,596845,6,7,A,d,DNA,True,False,False,False,17
867,596845,7,8,C,d,DNA,True,False,False,False,17
867,596845,8,9,A,d,DNA,True,False,False,False,17
867,596845,9,10,G,d,DNA,True,False,False,False,17
867,596845,10,11,G,d,DNA,True,False,False,False,17
867,596845,11,12,T,d,DNA,True,False,False,False,17
867,596845,12,13,C,d,DNA,True,False,False,False,17
867,596845,13,14,A,C,cEt,False,False,True,True,17
867,596845,14,15,T,C,cEt,False,False,True,True,17
867,596845,15,16,T,M,MOE,False,True,False,True,17
867,596845,16,17,G,M,MOE,False,True,False,True,17
868,596846,0,1,T,M,MOE,False,True,False,True,17
868,596846,1,2,G,M,MOE,False,True,False,True,17
868,596846,2,3,G,C,cEt,False,False,True,True,17
868,596846,3,4,C,C,cEt,False,False,True,True,17
868,596846,4,5,A,d,DNA,True,False,False,False,17
868,596846,5,6,A,d,DNA,True,False,False,False,17
868,596846,6,7,A,d,DNA,True,False,False,False,17
868,596846,7,8,A,d,DNA,True,False,False,False,17
868,596846,8,9,T,d,DNA,True,False,False,False,17
868,596846,9,10,A,d,DNA,True,False,False,False,17
868,596846,10,11,C,d,DNA,True,False,False,False,17
868,596846,11,12,A,d,DNA,True,False,False,False,17
868,596846,12,13,G,d,DNA,True,False,False,False,17
868,596846,13,14,G,C,cEt,False,False,True,True,17
868,596846,14,15,T,C,cEt,False,False,True,True,17
868,596846,15,16,C,M,MOE,False,True,False,True,17
868,596846,16,17,A,M,MOE,False,True,False,True,17
869,596847,0,1,C,M,MOE,False,True,False,True,17
869,596847,1,2,T,M,MOE,False,True,False,True,17
869,596847,2,3,G,C,cEt,False,False,True,True,17
869,596847,3,4,G,C,cEt,False,False,True,True,17
869,596847,4,5,C,d,DNA,True,False,False,False,17
869,596847,5,6,A,d,DNA,True,False,False,False,17
869,596847,6,7,A,d,DNA,True,False,False,False,17
869,596847,7,8,A,d,DNA,True,False,False,False,17
869,596847,8,9,A,d,DNA,True,False,False,False,17
869,596847,9,10,T,d,DNA,True,False,False,False,17
869,596847,10,11,A,d,DNA,True,False,False,False,17
869,596847,11,12,C,d,DNA,True,False,False,False,17
869,596847,12,13,A,d,DNA,True,False,False,False,17
869,596847,13,14,G,C,cEt,False,False,True,True,17
869,596847,14,15,G,C,cEt,False,False,True,True,17
869,596847,15,16,T,M,MOE,False,True,False,True,17
869,596847,16,17,C,M,MOE,False,True,False,True,17
870,596848,0,1,G,M,MOE,False,True,False,True,17
870,596848,1,2,T,M,MOE,False,True,False,True,17
870,596848,2,3,C,C,cEt,False,False,True,True,17
870,596848,3,4,T,C,cEt,False,False,True,True,17
870,596848,4,5,G,d,DNA,True,False,False,False,17
870,596848,5,6,G,d,DNA,True,False,False,False,17
870,596848,6,7,C,d,DNA,True,False,False,False,17
870,596848,7,8,A,d,DNA,True,False,False,False,17
870,596848,8,9,A,d,DNA,True,False,False,False,17
870,596848,9,10,A,d,DNA,True,False,False,False,17
870,596848,10,11,A,d,DNA,True,False,False,False,17
870,596848,11,12,T,d,DNA,True,False,False,False,17
870,596848,12,13,A,d,DNA,True,False,False,False,17
870,596848,13,14,C,C,cEt,False,False,True,True,17
870,596848,14,15,A,C,cEt,False,False,True,True,17
870,596848,15,16,G,M,MOE,False,True,False,True,17
870,596848,16,17,G,M,MOE,False,True,False,True,17
871,596849,0,1,T,M,MOE,False,True,False,True,17
871,596849,1,2,A,M,MOE,False,True,False,True,17
871,596849,2,3,A,C,cEt,False,False,True,True,17
871,596849,3,4,G,C,cEt,False,False,True,True,17
871,596849,4,5,T,d,DNA,True,False,False,False,17
871,596849,5,6,C,d,DNA,True,False,False,False,17
871,596849,6,7,T,d,DNA,True,False,False,False,17
871,596849,7,8,G,d,DNA,True,False,False,False,17
871,596849,8,9,G,d,DNA,True,False,False,False,17
871,596849,9,10,C,d,DNA,True,False,False,False,17
871,596849,10,11,A,d,DNA,True,False,False,False,17
871,596849,11,12,A,d,DNA,True,False,False,False,17
871,596849,12,13,A,d,DNA,True,False,False,False,17
871,596849,13,14,A,C,cEt,False,False,True,True,17
871,596849,14,15,T,C,cEt,False,False,True,True,17
871,596849,15,16,A,M,MOE,False,True,False,True,17
871,596849,16,17,C,M,MOE,False,True,False,True,17
872,596850,0,1,T,M,MOE,False,True,False,True,17
872,596850,1,2,T,M,MOE,False,True,False,True,17
872,596850,2,3,A,C,cEt,False,False,True,True,17
872,596850,3,4,A,C,cEt,False,False,True,True,17
872,596850,4,5,G,d,DNA,True,False,False,False,17
872,596850,5,6,T,d,DNA,True,False,False,False,17
872,596850,6,7,C,d,DNA,True,False,False,False,17
872,596850,7,8,T,d,DNA,True,False,False,False,17
872,596850,8,9,G,d,DNA,True,False,False,False,17
872,596850,9,10,G,d,DNA,True,False,False,False,17
872,596850,10,11,C,d,DNA,True,False,False,False,17
872,596850,11,12,A,d,DNA,True,False,False,False,17
872,596850,12,13,A,d,DNA,True,False,False,False,17
872,596850,13,14,A,C,cEt,False,False,True,True,17
872,596850,14,15,A,C,cEt,False,False,True,True,17
872,596850,15,16,T,M,MOE,False,True,False,True,17
872,596850,16,17,A,M,MOE,False,True,False,True,17
873,596851,0,1,G,M,MOE,False,True,False,True,17
873,596851,1,2,A,M,MOE,False,True,False,True,17
873,596851,2,3,T,C,cEt,False,False,True,True,17
873,596851,3,4,T,C,cEt,False,False,True,True,17
873,596851,4,5,T,d,DNA,True,False,False,False,17
873,596851,5,6,A,d,DNA,True,False,False,False,17
873,596851,6,7,A,d,DNA,True,False,False,False,17
873,596851,7,8,G,d,DNA,True,False,False,False,17
873,596851,8,9,T,d,DNA,True,False,False,False,17
873,596851,9,10,C,d,DNA,True,False,False,False,17
873,596851,10,11,T,d,DNA,True,False,False,False,17
873,596851,11,12,G,d,DNA,True,False,False,False,17
873,596851,12,13,G,d,DNA,True,False,False,False,17
873,596851,13,14,C,C,cEt,False,False,True,True,17
873,596851,14,15,A,C,cEt,False,False,True,True,17
873,596851,15,16,A,M,MOE,False,True,False,True,17
873,596851,16,17,A,M,MOE,False,True,False,True,17
874,596852,0,1,T,M,MOE,False,True,False,True,17
874,596852,1,2,G,M,MOE,False,True,False,True,17
874,596852,2,3,A,C,cEt,False,False,True,True,17
874,596852,3,4,T,C,cEt,False,False,True,True,17
874,596852,4,5,T,d,DNA,True,False,False,False,17
874,596852,5,6,T,d,DNA,True,False,False,False,17
874,596852,6,7,A,d,DNA,True,False,False,False,17
874,596852,7,8,A,d,DNA,True,False,False,False,17
874,596852,8,9,G,d,DNA,True,False,False,False,17
874,596852,9,10,T,d,DNA,True,False,False,False,17
874,596852,10,11,C,d,DNA,True,False,False,False,17
874,596852,11,12,T,d,DNA,True,False,False,False,17
874,596852,12,13,G,d,DNA,True,False,False,False,17
874,596852,13,14,G,C,cEt,False,False,True,True,17
874,596852,14,15,C,C,cEt,False,False,True,True,17
874,596852,15,16,A,M,MOE,False,True,False,True,17
874,596852,16,17,A,M,MOE,False,True,False,True,17
875,596853,0,1,G,M,MOE,False,True,False,True,17
875,596853,1,2,T,M,MOE,False,True,False,True,17
875,596853,2,3,G,C,cEt,False,False,True,True,17
875,596853,3,4,A,C,cEt,False,False,True,True,17
875,596853,4,5,T,d,DNA,True,False,False,False,17
875,596853,5,6,T,d,DNA,True,False,False,False,17
875,596853,6,7,T,d,DNA,True,False,False,False,17
875,596853,7,8,A,d,DNA,True,False,False,False,17
875,596853,8,9,A,d,DNA,True,False,False,False,17
875,596853,9,10,G,d,DNA,True,False,False,False,17
875,596853,10,11,T,d,DNA,True,False,False,False,17
875,596853,11,12,C,d,DNA,True,False,False,False,17
875,596853,12,13,T,d,DNA,True,False,False,False,17
875,596853,13,14,G,C,cEt,False,False,True,True,17
875,596853,14,15,G,C,cEt,False,False,True,True,17
875,596853,15,16,C,M,MOE,False,True,False,True,17
875,596853,16,17,A,M,MOE,False,True,False,True,17
876,596854,0,1,T,M,MOE,False,True,False,True,17
876,596854,1,2,G,M,MOE,False,True,False,True,17
876,596854,2,3,T,C,cEt,False,False,True,True,17
876,596854,3,4,G,C,cEt,False,False,True,True,17
876,596854,4,5,A,d,DNA,True,False,False,False,17
876,596854,5,6,T,d,DNA,True,False,False,False,17
876,596854,6,7,T,d,DNA,True,False,False,False,17
876,596854,7,8,T,d,DNA,True,False,False,False,17
876,596854,8,9,A,d,DNA,True,False,False,False,17
876,596854,9,10,A,d,DNA,True,False,False,False,17
876,596854,10,11,G,d,DNA,True,False,False,False,17
876,596854,11,12,T,d,DNA,True,False,False,False,17
876,596854,12,13,C,d,DNA,True,False,False,False,17
876,596854,13,14,T,C,cEt,False,False,True,True,17
876,596854,14,15,G,C,cEt,False,False,True,True,17
876,596854,15,16,G,M,MOE,False,True,False,True,17
876,596854,16,17,C,M,MOE,False,True,False,True,17
877,596855,0,1,C,M,MOE,False,True,False,True,17
877,596855,1,2,T,M,MOE,False,True,False,True,17
877,596855,2,3,G,C,cEt,False,False,True,True,17
877,596855,3,4,T,C,cEt,False,False,True,True,17
877,596855,4,5,G,d,DNA,True,False,False,False,17
877,596855,5,6,A,d,DNA,True,False,False,False,17
877,596855,6,7,T,d,DNA,True,False,False,False,17
877,596855,7,8,T,d,DNA,True,False,False,False,17
877,596855,8,9,T,d,DNA,True,False,False,False,17
877,596855,9,10,A,d,DNA,True,False,False,False,17
877,596855,10,11,A,d,DNA,True,False,False,False,17
877,596855,11,12,G,d,DNA,True,False,False,False,17
877,596855,12,13,T,d,DNA,True,False,False,False,17
877,596855,13,14,C,C,cEt,False,False,True,True,17
877,596855,14,15,T,C,cEt,False,False,True,True,17
877,596855,15,16,G,M,MOE,False,True,False,True,17
877,596855,16,17,G,M,MOE,False,True,False,True,17
878,596856,0,1,T,M,MOE,False,True,False,True,17
878,596856,1,2,C,M,MOE,False,True,False,True,17
878,596856,2,3,T,C,cEt,False,False,True,True,17
878,596856,3,4,G,C,cEt,False,False,True,True,17
878,596856,4,5,T,d,DNA,True,False,False,False,17
878,596856,5,6,G,d,DNA,True,False,False,False,17
878,596856,6,7,A,d,DNA,True,False,False,False,17
878,596856,7,8,T,d,DNA,True,False,False,False,17
878,596856,8,9,T,d,DNA,True,False,False,False,17
878,596856,9,10,T,d,DNA,True,False,False,False,17
878,596856,10,11,A,d,DNA,True,False,False,False,17
878,596856,11,12,A,d,DNA,True,False,False,False,17
878,596856,12,13,G,d,DNA,True,False,False,False,17
878,596856,13,14,T,C,cEt,False,False,True,True,17
878,596856,14,15,C,C,cEt,False,False,True,True,17
878,596856,15,16,T,M,MOE,False,True,False,True,17
878,596856,16,17,G,M,MOE,False,True,False,True,17
879,596857,0,1,A,M,MOE,False,True,False,True,17
879,596857,1,2,T,M,MOE,False,True,False,True,17
879,596857,2,3,C,C,cEt,False,False,True,True,17
879,596857,3,4,T,C,cEt,False,False,True,True,17
879,596857,4,5,G,d,DNA,True,False,False,False,17
879,596857,5,6,T,d,DNA,True,False,False,False,17
879,596857,6,7,G,d,DNA,True,False,False,False,17
879,596857,7,8,A,d,DNA,True,False,False,False,17
879,596857,8,9,T,d,DNA,True,False,False,False,17
879,596857,9,10,T,d,DNA,True,False,False,False,17
879,596857,10,11,T,d,DNA,True,False,False,False,17
879,596857,11,12,A,d,DNA,True,False,False,False,17
879,596857,12,13,A,d,DNA,True,False,False,False,17
879,596857,13,14,G,C,cEt,False,False,True,True,17
879,596857,14,15,T,C,cEt,False,False,True,True,17
879,596857,15,16,C,M,MOE,False,True,False,True,17
879,596857,16,17,T,M,MOE,False,True,False,True,17
880,596858,0,1,C,M,MOE,False,True,False,True,17
880,596858,1,2,A,M,MOE,False,True,False,True,17
880,596858,2,3,T,C,cEt,False,False,True,True,17
880,596858,3,4,C,C,cEt,False,False,True,True,17
880,596858,4,5,T,d,DNA,True,False,False,False,17
880,596858,5,6,G,d,DNA,True,False,False,False,17
880,596858,6,7,T,d,DNA,True,False,False,False,17
880,596858,7,8,G,d,DNA,True,False,False,False,17
880,596858,8,9,A,d,DNA,True,False,False,False,17
880,596858,9,10,T,d,DNA,True,False,False,False,17
880,596858,10,11,T,d,DNA,True,False,False,False,17
880,596858,11,12,T,d,DNA,True,False,False,False,17
880,596858,12,13,A,d,DNA,True,False,False,False,17
880,596858,13,14,A,C,cEt,False,False,True,True,17
880,596858,14,15,G,C,cEt,False,False,True,True,17
880,596858,15,16,T,M,MOE,False,True,False,True,17
880,596858,16,17,C,M,MOE,False,True,False,True,17
881,596859,0,1,C,M,MOE,False,True,False,True,17
881,596859,1,2,C,M,MOE,False,True,False,True,17
881,596859,2,3,A,C,cEt,False,False,True,True,17
881,596859,3,4,T,C,cEt,False,False,True,True,17
881,596859,4,5,C,d,DNA,True,False,False,False,17
881,596859,5,6,T,d,DNA,True,False,False,False,17
881,596859,6,7,G,d,DNA,True,False,False,False,17
881,596859,7,8,T,d,DNA,True,False,False,False,17
881,596859,8,9,G,d,DNA,True,False,False,False,17
881,596859,9,10,A,d,DNA,True,False,False,False,17
881,596859,10,11,T,d,DNA,True,False,False,False,17
881,596859,11,12,T,d,DNA,True,False,False,False,17
881,596859,12,13,T,d,DNA,True,False,False,False,17
881,596859,13,14,A,C,cEt,False,False,True,True,17
881,596859,14,15,A,C,cEt,False,False,True,True,17
881,596859,15,16,G,M,MOE,False,True,False,True,17
881,596859,16,17,T,M,MOE,False,True,False,True,17
882,596860,0,1,C,M,MOE,False,True,False,True,17
882,596860,1,2,C,M,MOE,False,True,False,True,17
882,596860,2,3,C,C,cEt,False,False,True,True,17
882,596860,3,4,A,C,cEt,False,False,True,True,17
882,596860,4,5,T,d,DNA,True,False,False,False,17
882,596860,5,6,C,d,DNA,True,False,False,False,17
882,596860,6,7,T,d,DNA,True,False,False,False,17
882,596860,7,8,G,d,DNA,True,False,False,False,17
882,596860,8,9,T,d,DNA,True,False,False,False,17
882,596860,9,10,G,d,DNA,True,False,False,False,17
882,596860,10,11,A,d,DNA,True,False,False,False,17
882,596860,11,12,T,d,DNA,True,False,False,False,17
882,596860,12,13,T,d,DNA,True,False,False,False,17
882,596860,13,14,T,C,cEt,False,False,True,True,17
882,596860,14,15,A,C,cEt,False,False,True,True,17
882,596860,15,16,A,M,MOE,False,True,False,True,17
882,596860,16,17,G,M,MOE,False,True,False,True,17
883,596861,0,1,A,M,MOE,False,True,False,True,17
883,596861,1,2,C,M,MOE,False,True,False,True,17
883,596861,2,3,C,C,cEt,False,False,True,True,17
883,596861,3,4,C,C,cEt,False,False,True,True,17
883,596861,4,5,A,d,DNA,True,False,False,False,17
883,596861,5,6,T,d,DNA,True,False,False,False,17
883,596861,6,7,C,d,DNA,True,False,False,False,17
883,596861,7,8,T,d,DNA,True,False,False,False,17
883,596861,8,9,G,d,DNA,True,False,False,False,17
883,596861,9,10,T,d,DNA,True,False,False,False,17
883,596861,10,11,G,d,DNA,True,False,False,False,17
883,596861,11,12,A,d,DNA,True,False,False,False,17
883,596861,12,13,T,d,DNA,True,False,False,False,17
883,596861,13,14,T,C,cEt,False,False,True,True,17
883,596861,14,15,T,C,cEt,False,False,True,True,17
883,596861,15,16,A,M,MOE,False,True,False,True,17
883,596861,16,17,A,M,MOE,False,True,False,True,17
884,596862,0,1,T,M,MOE,False,True,False,True,17
884,596862,1,2,A,M,MOE,False,True,False,True,17
884,596862,2,3,C,C,cEt,False,False,True,True,17
884,596862,3,4,C,C,cEt,False,False,True,True,17
884,596862,4,5,C,d,DNA,True,False,False,False,17
884,596862,5,6,A,d,DNA,True,False,False,False,17
884,596862,6,7,T,d,DNA,True,False,False,False,17
884,596862,7,8,C,d,DNA,True,False,False,False,17
884,596862,8,9,T,d,DNA,True,False,False,False,17
884,596862,9,10,G,d,DNA,True,False,False,False,17
884,596862,10,11,T,d,DNA,True,False,False,False,17
884,596862,11,12,G,d,DNA,True,False,False,False,17
884,596862,12,13,A,d,DNA,True,False,False,False,17
884,596862,13,14,T,C,cEt,False,False,True,True,17
884,596862,14,15,T,C,cEt,False,False,True,True,17
884,596862,15,16,T,M,MOE,False,True,False,True,17
884,596862,16,17,A,M,MOE,False,True,False,True,17
885,596863,0,1,T,M,MOE,False,True,False,True,17
885,596863,1,2,A,M,MOE,False,True,False,True,17
885,596863,2,3,A,C,cEt,False,False,True,True,17
885,596863,3,4,T,C,cEt,False,False,True,True,17
885,596863,4,5,A,d,DNA,True,False,False,False,17
885,596863,5,6,C,d,DNA,True,False,False,False,17
885,596863,6,7,C,d,DNA,True,False,False,False,17
885,596863,7,8,C,d,DNA,True,False,False,False,17
885,596863,8,9,A,d,DNA,True,False,False,False,17
885,596863,9,10,T,d,DNA,True,False,False,False,17
885,596863,10,11,C,d,DNA,True,False,False,False,17
885,596863,11,12,T,d,DNA,True,False,False,False,17
885,596863,12,13,G,d,DNA,True,False,False,False,17
885,596863,13,14,T,C,cEt,False,False,True,True,17
885,596863,14,15,G,C,cEt,False,False,True,True,17
885,596863,15,16,A,M,MOE,False,True,False,True,17
885,596863,16,17,T,M,MOE,False,True,False,True,17
886,596864,0,1,T,M,MOE,False,True,False,True,17
886,596864,1,2,T,M,MOE,False,True,False,True,17
886,596864,2,3,A,C,cEt,False,False,True,True,17
886,596864,3,4,A,C,cEt,False,False,True,True,17
886,596864,4,5,T,d,DNA,True,False,False,False,17
886,596864,5,6,A,d,DNA,True,False,False,False,17
886,596864,6,7,C,d,DNA,True,False,False,False,17
886,596864,7,8,C,d,DNA,True,False,False,False,17
886,596864,8,9,C,d,DNA,True,False,False,False,17
886,596864,9,10,A,d,DNA,True,False,False,False,17
886,596864,10,11,T,d,DNA,True,False,False,False,17
886,596864,11,12,C,d,DNA,True,False,False,False,17
886,596864,12,13,T,d,DNA,True,False,False,False,17
886,596864,13,14,G,C,cEt,False,False,True,True,17
886,596864,14,15,T,C,cEt,False,False,True,True,17
886,596864,15,16,G,M,MOE,False,True,False,True,17
886,596864,16,17,A,M,MOE,False,True,False,True,17
887,596865,0,1,A,M,MOE,False,True,False,True,17
887,596865,1,2,G,M,MOE,False,True,False,True,17
887,596865,2,3,T,C,cEt,False,False,True,True,17
887,596865,3,4,T,C,cEt,False,False,True,True,17
887,596865,4,5,T,d,DNA,True,False,False,False,17
887,596865,5,6,A,d,DNA,True,False,False,False,17
887,596865,6,7,A,d,DNA,True,False,False,False,17
887,596865,7,8,T,d,DNA,True,False,False,False,17
887,596865,8,9,A,d,DNA,True,False,False,False,17
887,596865,9,10,C,d,DNA,True,False,False,False,17
887,596865,10,11,C,d,DNA,True,False,False,False,17
887,596865,11,12,C,d,DNA,True,False,False,False,17
887,596865,12,13,A,d,DNA,True,False,False,False,17
887,596865,13,14,T,C,cEt,False,False,True,True,17
887,596865,14,15,C,C,cEt,False,False,True,True,17
887,596865,15,16,T,M,MOE,False,True,False,True,17
887,596865,16,17,G,M,MOE,False,True,False,True,17
888,596866,0,1,A,M,MOE,False,True,False,True,17
888,596866,1,2,A,M,MOE,False,True,False,True,17
888,596866,2,3,G,C,cEt,False,False,True,True,17
888,596866,3,4,T,C,cEt,False,False,True,True,17
888,596866,4,5,T,d,DNA,True,False,False,False,17
888,596866,5,6,T,d,DNA,True,False,False,False,17
888,596866,6,7,A,d,DNA,True,False,False,False,17
888,596866,7,8,A,d,DNA,True,False,False,False,17
888,596866,8,9,T,d,DNA,True,False,False,False,17
888,596866,9,10,A,d,DNA,True,False,False,False,17
888,596866,10,11,C,d,DNA,True,False,False,False,17
888,596866,11,12,C,d,DNA,True,False,False,False,17
888,596866,12,13,C,d,DNA,True,False,False,False,17
888,596866,13,14,A,C,cEt,False,False,True,True,17
888,596866,14,15,T,C,cEt,False,False,True,True,17
888,596866,15,16,C,M,MOE,False,True,False,True,17
888,596866,16,17,T,M,MOE,False,True,False,True,17
889,596867,0,1,C,M,MOE,False,True,False,True,17
889,596867,1,2,A,M,MOE,False,True,False,True,17
889,596867,2,3,A,C,cEt,False,False,True,True,17
889,596867,3,4,G,C,cEt,False,False,True,True,17
889,596867,4,5,T,d,DNA,True,False,False,False,17
889,596867,5,6,T,d,DNA,True,False,False,False,17
889,596867,6,7,T,d,DNA,True,False,False,False,17
889,596867,7,8,A,d,DNA,True,False,False,False,17
889,596867,8,9,A,d,DNA,True,False,False,False,17
889,596867,9,10,T,d,DNA,True,False,False,False,17
889,596867,10,11,A,d,DNA,True,False,False,False,17
889,596867,11,12,C,d,DNA,True,False,False,False,17
889,596867,12,13,C,d,DNA,True,False,False,False,17
889,596867,13,14,C,C,cEt,False,False,True,True,17
889,596867,14,15,A,C,cEt,False,False,True,True,17
889,596867,15,16,T,M,MOE,False,True,False,True,17
889,596867,16,17,C,M,MOE,False,True,False,True,17
890,596868,0,1,A,M,MOE,False,True,False,True,17
890,596868,1,2,C,M,MOE,False,True,False,True,17
890,596868,2,3,A,C,cEt,False,False,True,True,17
890,596868,3,4,A,C,cEt,False,False,True,True,17
890,596868,4,5,G,d,DNA,True,False,False,False,17
890,596868,5,6,T,d,DNA,True,False,False,False,17
890,596868,6,7,T,d,DNA,True,False,False,False,17
890,596868,7,8,T,d,DNA,True,False,False,False,17
890,596868,8,9,A,d,DNA,True,False,False,False,17
890,596868,9,10,A,d,DNA,True,False,False,False,17
890,596868,10,11,T,d,DNA,True,False,False,False,17
890,596868,11,12,A,d,DNA,True,False,False,False,17
890,596868,12,13,C,d,DNA,True,False,False,False,17
890,596868,13,14,C,C,cEt,False,False,True,True,17
890,596868,14,15,C,C,cEt,False,False,True,True,17
890,596868,15,16,A,M,MOE,False,True,False,True,17
890,596868,16,17,T,M,MOE,False,True,False,True,17
891,596869,0,1,G,M,MOE,False,True,False,True,17
891,596869,1,2,A,M,MOE,False,True,False,True,17
891,596869,2,3,C,C,cEt,False,False,True,True,17
891,596869,3,4,A,C,cEt,False,False,True,True,17
891,596869,4,5,A,d,DNA,True,False,False,False,17
891,596869,5,6,G,d,DNA,True,False,False,False,17
891,596869,6,7,T,d,DNA,True,False,False,False,17
891,596869,7,8,T,d,DNA,True,False,False,False,17
891,596869,8,9,T,d,DNA,True,False,False,False,17
891,596869,9,10,A,d,DNA,True,False,False,False,17
891,596869,10,11,A,d,DNA,True,False,False,False,17
891,596869,11,12,T,d,DNA,True,False,False,False,17
891,596869,12,13,A,d,DNA,True,False,False,False,17
891,596869,13,14,C,C,cEt,False,False,True,True,17
891,596869,14,15,C,C,cEt,False,False,True,True,17
891,596869,15,16,C,M,MOE,False,True,False,True,17
891,596869,16,17,A,M,MOE,False,True,False,True,17
892,596870,0,1,T,M,MOE,False,True,False,True,17
892,596870,1,2,G,M,MOE,False,True,False,True,17
892,596870,2,3,A,C,cEt,False,False,True,True,17
892,596870,3,4,C,C,cEt,False,False,True,True,17
892,596870,4,5,A,d,DNA,True,False,False,False,17
892,596870,5,6,A,d,DNA,True,False,False,False,17
892,596870,6,7,G,d,DNA,True,False,False,False,17
892,596870,7,8,T,d,DNA,True,False,False,False,17
892,596870,8,9,T,d,DNA,True,False,False,False,17
892,596870,9,10,T,d,DNA,True,False,False,False,17
892,596870,10,11,A,d,DNA,True,False,False,False,17
892,596870,11,12,A,d,DNA,True,False,False,False,17
892,596870,12,13,T,d,DNA,True,False,False,False,17
892,596870,13,14,A,C,cEt,False,False,True,True,17
892,596870,14,15,C,C,cEt,False,False,True,True,17
892,596870,15,16,C,M,MOE,False,True,False,True,17
892,596870,16,17,C,M,MOE,False,True,False,True,17
893,596871,0,1,C,M,MOE,False,True,False,True,17
893,596871,1,2,T,M,MOE,False,True,False,True,17
893,596871,2,3,G,C,cEt,False,False,True,True,17
893,596871,3,4,A,C,cEt,False,False,True,True,17
893,596871,4,5,C,d,DNA,True,False,False,False,17
893,596871,5,6,A,d,DNA,True,False,False,False,17
893,596871,6,7,A,d,DNA,True,False,False,False,17
893,596871,7,8,G,d,DNA,True,False,False,False,17
893,596871,8,9,T,d,DNA,True,False,False,False,17
893,596871,9,10,T,d,DNA,True,False,False,False,17
893,596871,10,11,T,d,DNA,True,False,False,False,17
893,596871,11,12,A,d,DNA,True,False,False,False,17
893,596871,12,13,A,d,DNA,True,False,False,False,17
893,596871,13,14,T,C,cEt,False,False,True,True,17
893,596871,14,15,A,C,cEt,False,False,True,True,17
893,596871,15,16,C,M,MOE,False,True,False,True,17
893,596871,16,17,C,M,MOE,False,True,False,True,17
894,596872,0,1,T,M,MOE,False,True,False,True,17
894,596872,1,2,C,M,MOE,False,True,False,True,17
894,596872,2,3,T,C,cEt,False,False,True,True,17
894,596872,3,4,G,C,cEt,False,False,True,True,17
894,596872,4,5,A,d,DNA,True,False,False,False,17
894,596872,5,6,C,d,DNA,True,False,False,False,17
894,596872,6,7,A,d,DNA,True,False,False,False,17
894,596872,7,8,A,d,DNA,True,False,False,False,17
894,596872,8,9,G,d,DNA,True,False,False,False,17
894,596872,9,10,T,d,DNA,True,False,False,False,17
894,596872,10,11,T,d,DNA,True,False,False,False,17
894,596872,11,12,T,d,DNA,True,False,False,False,17
894,596872,12,13,A,d,DNA,True,False,False,False,17
894,596872,13,14,A,C,cEt,False,False,True,True,17
894,596872,14,15,T,C,cEt,False,False,True,True,17
894,596872,15,16,A,M,MOE,False,True,False,True,17
894,596872,16,17,C,M,MOE,False,True,False,True,17
895,596873,0,1,G,M,MOE,False,True,False,True,17
895,596873,1,2,C,M,MOE,False,True,False,True,17
895,596873,2,3,T,C,cEt,False,False,True,True,17
895,596873,3,4,T,C,cEt,False,False,True,True,17
895,596873,4,5,G,d,DNA,True,False,False,False,17
895,596873,5,6,A,d,DNA,True,False,False,False,17
895,596873,6,7,A,d,DNA,True,False,False,False,17
895,596873,7,8,T,d,DNA,True,False,False,False,17
895,596873,8,9,G,d,DNA,True,False,False,False,17
895,596873,9,10,A,d,DNA,True,False,False,False,17
895,596873,10,11,C,d,DNA,True,False,False,False,17
895,596873,11,12,A,d,DNA,True,False,False,False,17
895,596873,12,13,A,d,DNA,True,False,False,False,17
895,596873,13,14,A,C,cEt,False,False,True,True,17
895,596873,14,15,G,C,cEt,False,False,True,True,17
895,596873,15,16,A,M,MOE,False,True,False,True,17
895,596873,16,17,A,M,MOE,False,True,False,True,17
896,596874,0,1,G,M,MOE,False,True,False,True,17
896,596874,1,2,G,M,MOE,False,True,False,True,17
896,596874,2,3,C,C,cEt,False,False,True,True,17
896,596874,3,4,T,C,cEt,False,False,True,True,17
896,596874,4,5,T,d,DNA,True,False,False,False,17
896,596874,5,6,G,d,DNA,True,False,False,False,17
896,596874,6,7,A,d,DNA,True,False,False,False,17
896,596874,7,8,A,d,DNA,True,False,False,False,17
896,596874,8,9,T,d,DNA,True,False,False,False,17
896,596874,9,10,G,d,DNA,True,False,False,False,17
896,596874,10,11,A,d,DNA,True,False,False,False,17
896,596874,11,12,C,d,DNA,True,False,False,False,17
896,596874,12,13,A,d,DNA,True,False,False,False,17
896,596874,13,14,A,C,cEt,False,False,True,True,17
896,596874,14,15,A,C,cEt,False,False,True,True,17
896,596874,15,16,G,M,MOE,False,True,False,True,17
896,596874,16,17,A,M,MOE,False,True,False,True,17
897,596875,0,1,C,M,MOE,False,True,False,True,17
897,596875,1,2,A,M,MOE,False,True,False,True,17
897,596875,2,3,C,C,cEt,False,False,True,True,17
897,596875,3,4,A,C,cEt,False,False,True,True,17
897,596875,4,5,G,d,DNA,True,False,False,False,17
897,596875,5,6,G,d,DNA,True,False,False,False,17
897,596875,6,7,C,d,DNA,True,False,False,False,17
897,596875,7,8,T,d,DNA,True,False,False,False,17
897,596875,8,9,T,d,DNA,True,False,False,False,17
897,596875,9,10,G,d,DNA,True,False,False,False,17
897,596875,10,11,A,d,DNA,True,False,False,False,17
897,596875,11,12,A,d,DNA,True,False,False,False,17
897,596875,12,13,T,d,DNA,True,False,False,False,17
897,596875,13,14,G,C,cEt,False,False,True,True,17
897,596875,14,15,A,C,cEt,False,False,True,True,17
897,596875,15,16,C,M,MOE,False,True,False,True,17
897,596875,16,17,A,M,MOE,False,True,False,True,17
898,596876,0,1,T,M,MOE,False,True,False,True,17
898,596876,1,2,C,M,MOE,False,True,False,True,17
898,596876,2,3,A,C,cEt,False,False,True,True,17
898,596876,3,4,C,C,cEt,False,False,True,True,17
898,596876,4,5,A,d,DNA,True,False,False,False,17
898,596876,5,6,G,d,DNA,True,False,False,False,17
898,596876,6,7,G,d,DNA,True,False,False,False,17
898,596876,7,8,C,d,DNA,True,False,False,False,17
898,596876,8,9,T,d,DNA,True,False,False,False,17
898,596876,9,10,T,d,DNA,True,False,False,False,17
898,596876,10,11,G,d,DNA,True,False,False,False,17
898,596876,11,12,A,d,DNA,True,False,False,False,17
898,596876,12,13,A,d,DNA,True,False,False,False,17
898,596876,13,14,T,C,cEt,False,False,True,True,17
898,596876,14,15,G,C,cEt,False,False,True,True,17
898,596876,15,16,A,M,MOE,False,True,False,True,17
898,596876,16,17,C,M,MOE,False,True,False,True,17
899,596877,0,1,T,M,MOE,False,True,False,True,17
899,596877,1,2,T,M,MOE,False,True,False,True,17
899,596877,2,3,C,C,cEt,False,False,True,True,17
899,596877,3,4,A,C,cEt,False,False,True,True,17
899,596877,4,5,C,d,DNA,True,False,False,False,17
899,596877,5,6,A,d,DNA,True,False,False,False,17
899,596877,6,7,G,d,DNA,True,False,False,False,17
899,596877,7,8,G,d,DNA,True,False,False,False,17
899,596877,8,9,C,d,DNA,True,False,False,False,17
899,596877,9,10,T,d,DNA,True,False,False,False,17
899,596877,10,11,T,d,DNA,True,False,False,False,17
899,596877,11,12,G,d,DNA,True,False,False,False,17
899,596877,12,13,A,d,DNA,True,False,False,False,17
899,596877,13,14,A,C,cEt,False,False,True,True,17
899,596877,14,15,T,C,cEt,False,False,True,True,17
899,596877,15,16,G,M,MOE,False,True,False,True,17
899,596877,16,17,A,M,MOE,False,True,False,True,17
900,596878,0,1,A,M,MOE,False,True,False,True,17
900,596878,1,2,T,M,MOE,False,True,False,True,17
900,596878,2,3,T,C,cEt,False,False,True,True,17
900,596878,3,4,C,C,cEt,False,False,True,True,17
900,596878,4,5,A,d,DNA,True,False,False,False,17
900,596878,5,6,C,d,DNA,True,False,False,False,17
900,596878,6,7,A,d,DNA,True,False,False,False,17
900,596878,7,8,G,d,DNA,True,False,False,False,17
900,596878,8,9,G,d,DNA,True,False,False,False,17
900,596878,9,10,C,d,DNA,True,False,False,False,17
900,596878,10,11,T,d,DNA,True,False,False,False,17
900,596878,11,12,T,d,DNA,True,False,False,False,17
900,596878,12,13,G,d,DNA,True,False,False,False,17
900,596878,13,14,A,C,cEt,False,False,True,True,17
900,596878,14,15,A,C,cEt,False,False,True,True,17
900,596878,15,16,T,M,MOE,False,True,False,True,17
900,596878,16,17,G,M,MOE,False,True,False,True,17
901,596879,0,1,T,M,MOE,False,True,False,True,17
901,596879,1,2,A,M,MOE,False,True,False,True,17
901,596879,2,3,T,C,cEt,False,False,True,True,17
901,596879,3,4,T,C,cEt,False,False,True,True,17
901,596879,4,5,C,d,DNA,True,False,False,False,17
901,596879,5,6,A,d,DNA,True,False,False,False,17
901,596879,6,7,C,d,DNA,True,False,False,False,17
901,596879,7,8,A,d,DNA,True,False,False,False,17
901,596879,8,9,G,d,DNA,True,False,False,False,17
901,596879,9,10,G,d,DNA,True,False,False,False,17
901,596879,10,11,C,d,DNA,True,False,False,False,17
901,596879,11,12,T,d,DNA,True,False,False,False,17
901,596879,12,13,T,d,DNA,True,False,False,False,17
901,596879,13,14,G,C,cEt,False,False,True,True,17
901,596879,14,15,A,C,cEt,False,False,True,True,17
901,596879,15,16,A,M,MOE,False,True,False,True,17
901,596879,16,17,T,M,MOE,False,True,False,True,17
902,596880,0,1,T,M,MOE,False,True,False,True,17
902,596880,1,2,T,M,MOE,False,True,False,True,17
902,596880,2,3,A,C,cEt,False,False,True,True,17
902,596880,3,4,T,C,cEt,False,False,True,True,17
902,596880,4,5,T,d,DNA,True,False,False,False,17
902,596880,5,6,C,d,DNA,True,False,False,False,17
902,596880,6,7,A,d,DNA,True,False,False,False,17
902,596880,7,8,C,d,DNA,True,False,False,False,17
902,596880,8,9,A,d,DNA,True,False,False,False,17
902,596880,9,10,G,d,DNA,True,False,False,False,17
902,596880,10,11,G,d,DNA,True,False,False,False,17
902,596880,11,12,C,d,DNA,True,False,False,False,17
902,596880,12,13,T,d,DNA,True,False,False,False,17
902,596880,13,14,T,C,cEt,False,False,True,True,17
902,596880,14,15,G,C,cEt,False,False,True,True,17
902,596880,15,16,A,M,MOE,False,True,False,True,17
902,596880,16,17,A,M,MOE,False,True,False,True,17
903,596881,0,1,T,M,MOE,False,True,False,True,17
903,596881,1,2,T,M,MOE,False,True,False,True,17
903,596881,2,3,T,C,cEt,False,False,True,True,17
903,596881,3,4,A,C,cEt,False,False,True,True,17
903,596881,4,5,T,d,DNA,True,False,False,False,17
903,596881,5,6,T,d,DNA,True,False,False,False,17
903,596881,6,7,C,d,DNA,True,False,False,False,17
903,596881,7,8,A,d,DNA,True,False,False,False,17
903,596881,8,9,C,d,DNA,True,False,False,False,17
903,596881,9,10,A,d,DNA,True,False,False,False,17
903,596881,10,11,G,d,DNA,True,False,False,False,17
903,596881,11,12,G,d,DNA,True,False,False,False,17
903,596881,12,13,C,d,DNA,True,False,False,False,17
903,596881,13,14,T,C,cEt,False,False,True,True,17
903,596881,14,15,T,C,cEt,False,False,True,True,17
903,596881,15,16,G,M,MOE,False,True,False,True,17
903,596881,16,17,A,M,MOE,False,True,False,True,17
904,596882,0,1,T,M,MOE,False,True,False,True,17
904,596882,1,2,T,M,MOE,False,True,False,True,17
904,596882,2,3,T,C,cEt,False,False,True,True,17
904,596882,3,4,T,C,cEt,False,False,True,True,17
904,596882,4,5,A,d,DNA,True,False,False,False,17
904,596882,5,6,T,d,DNA,True,False,False,False,17
904,596882,6,7,T,d,DNA,True,False,False,False,17
904,596882,7,8,C,d,DNA,True,False,False,False,17
904,596882,8,9,A,d,DNA,True,False,False,False,17
904,596882,9,10,C,d,DNA,True,False,False,False,17
904,596882,10,11,A,d,DNA,True,False,False,False,17
904,596882,11,12,G,d,DNA,True,False,False,False,17
904,596882,12,13,G,d,DNA,True,False,False,False,17
904,596882,13,14,C,C,cEt,False,False,True,True,17
904,596882,14,15,T,C,cEt,False,False,True,True,17
904,596882,15,16,T,M,MOE,False,True,False,True,17
904,596882,16,17,G,M,MOE,False,True,False,True,17
905,596883,0,1,G,M,MOE,False,True,False,True,17
905,596883,1,2,G,M,MOE,False,True,False,True,17
905,596883,2,3,T,C,cEt,False,False,True,True,17
905,596883,3,4,T,C,cEt,False,False,True,True,17
905,596883,4,5,T,d,DNA,True,False,False,False,17
905,596883,5,6,T,d,DNA,True,False,False,False,17
905,596883,6,7,T,d,DNA,True,False,False,False,17
905,596883,7,8,A,d,DNA,True,False,False,False,17
905,596883,8,9,T,d,DNA,True,False,False,False,17
905,596883,9,10,T,d,DNA,True,False,False,False,17
905,596883,10,11,C,d,DNA,True,False,False,False,17
905,596883,11,12,A,d,DNA,True,False,False,False,17
905,596883,12,13,C,d,DNA,True,False,False,False,17
905,596883,13,14,A,C,cEt,False,False,True,True,17
905,596883,14,15,G,C,cEt,False,False,True,True,17
905,596883,15,16,G,M,MOE,False,True,False,True,17
905,596883,16,17,C,M,MOE,False,True,False,True,17
906,596884,0,1,A,M,MOE,False,True,False,True,17
906,596884,1,2,C,M,MOE,False,True,False,True,17
906,596884,2,3,A,C,cEt,False,False,True,True,17
906,596884,3,4,G,C,cEt,False,False,True,True,17
906,596884,4,5,G,d,DNA,True,False,False,False,17
906,596884,5,6,G,d,DNA,True,False,False,False,17
906,596884,6,7,T,d,DNA,True,False,False,False,17
906,596884,7,8,T,d,DNA,True,False,False,False,17
906,596884,8,9,T,d,DNA,True,False,False,False,17
906,596884,9,10,T,d,DNA,True,False,False,False,17
906,596884,10,11,T,d,DNA,True,False,False,False,17
906,596884,11,12,A,d,DNA,True,False,False,False,17
906,596884,12,13,T,d,DNA,True,False,False,False,17
906,596884,13,14,T,C,cEt,False,False,True,True,17
906,596884,14,15,C,C,cEt,False,False,True,True,17
906,596884,15,16,A,M,MOE,False,True,False,True,17
906,596884,16,17,C,M,MOE,False,True,False,True,17
907,596885,0,1,T,M,MOE,False,True,False,True,17
907,596885,1,2,A,M,MOE,False,True,False,True,17
907,596885,2,3,C,C,cEt,False,False,True,True,17
907,596885,3,4,A,C,cEt,False,False,True,True,17
907,596885,4,5,G,d,DNA,True,False,False,False,17
907,596885,5,6,G,d,DNA,True,False,False,False,17
907,596885,6,7,G,d,DNA,True,False,False,False,17
907,596885,7,8,T,d,DNA,True,False,False,False,17
907,596885,8,9,T,d,DNA,True,False,False,False,17
907,596885,9,10,T,d,DNA,True,False,False,False,17
907,596885,10,11,T,d,DNA,True,False,False,False,17
907,596885,11,12,T,d,DNA,True,False,False,False,17
907,596885,12,13,A,d,DNA,True,False,False,False,17
907,596885,13,14,T,C,cEt,False,False,True,True,17
907,596885,14,15,T,C,cEt,False,False,True,True,17
907,596885,15,16,C,M,MOE,False,True,False,True,17
907,596885,16,17,A,M,MOE,False,True,False,True,17
908,596886,0,1,C,M,MOE,False,True,False,True,17
908,596886,1,2,C,M,MOE,False,True,False,True,17
908,596886,2,3,A,C,cEt,False,False,True,True,17
908,596886,3,4,T,C,cEt,False,False,True,True,17
908,596886,4,5,A,d,DNA,True,False,False,False,17
908,596886,5,6,C,d,DNA,True,False,False,False,17
908,596886,6,7,A,d,DNA,True,False,False,False,17
908,596886,7,8,G,d,DNA,True,False,False,False,17
908,596886,8,9,G,d,DNA,True,False,False,False,17
908,596886,9,10,G,d,DNA,True,False,False,False,17
908,596886,10,11,T,d,DNA,True,False,False,False,17
908,596886,11,12,T,d,DNA,True,False,False,False,17
908,596886,12,13,T,d,DNA,True,False,False,False,17
908,596886,13,14,T,C,cEt,False,False,True,True,17
908,596886,14,15,T,C,cEt,False,False,True,True,17
908,596886,15,16,A,M,MOE,False,True,False,True,17
908,596886,16,17,T,M,MOE,False,True,False,True,17
909,596887,0,1,G,M,MOE,False,True,False,True,17
909,596887,1,2,C,M,MOE,False,True,False,True,17
909,596887,2,3,C,C,cEt,False,False,True,True,17
909,596887,3,4,A,C,cEt,False,False,True,True,17
909,596887,4,5,T,d,DNA,True,False,False,False,17
909,596887,5,6,A,d,DNA,True,False,False,False,17
909,596887,6,7,C,d,DNA,True,False,False,False,17
909,596887,7,8,A,d,DNA,True,False,False,False,17
909,596887,8,9,G,d,DNA,True,False,False,False,17
909,596887,9,10,G,d,DNA,True,False,False,False,17
909,596887,10,11,G,d,DNA,True,False,False,False,17
909,596887,11,12,T,d,DNA,True,False,False,False,17
909,596887,12,13,T,d,DNA,True,False,False,False,17
909,596887,13,14,T,C,cEt,False,False,True,True,17
909,596887,14,15,T,C,cEt,False,False,True,True,17
909,596887,15,16,T,M,MOE,False,True,False,True,17
909,596887,16,17,A,M,MOE,False,True,False,True,17
910,596888,0,1,T,M,MOE,False,True,False,True,17
910,596888,1,2,G,M,MOE,False,True,False,True,17
910,596888,2,3,C,C,cEt,False,False,True,True,17
910,596888,3,4,C,C,cEt,False,False,True,True,17
910,596888,4,5,A,d,DNA,True,False,False,False,17
910,596888,5,6,T,d,DNA,True,False,False,False,17
910,596888,6,7,A,d,DNA,True,False,False,False,17
910,596888,7,8,C,d,DNA,True,False,False,False,17
910,596888,8,9,A,d,DNA,True,False,False,False,17
910,596888,9,10,G,d,DNA,True,False,False,False,17
910,596888,10,11,G,d,DNA,True,False,False,False,17
910,596888,11,12,G,d,DNA,True,False,False,False,17
910,596888,12,13,T,d,DNA,True,False,False,False,17
910,596888,13,14,T,C,cEt,False,False,True,True,17
910,596888,14,15,T,C,cEt,False,False,True,True,17
910,596888,15,16,T,M,MOE,False,True,False,True,17
910,596888,16,17,T,M,MOE,False,True,False,True,17
911,596889,0,1,G,M,MOE,False,True,False,True,17
911,596889,1,2,T,M,MOE,False,True,False,True,17
911,596889,2,3,G,C,cEt,False,False,True,True,17
911,596889,3,4,C,C,cEt,False,False,True,True,17
911,596889,4,5,C,d,DNA,True,False,False,False,17
911,596889,5,6,A,d,DNA,True,False,False,False,17
911,596889,6,7,T,d,DNA,True,False,False,False,17
911,596889,7,8,A,d,DNA,True,False,False,False,17
911,596889,8,9,C,d,DNA,True,False,False,False,17
911,596889,9,10,A,d,DNA,True,False,False,False,17
911,596889,10,11,G,d,DNA,True,False,False,False,17
911,596889,11,12,G,d,DNA,True,False,False,False,17
911,596889,12,13,G,d,DNA,True,False,False,False,17
911,596889,13,14,T,C,cEt,False,False,True,True,17
911,596889,14,15,T,C,cEt,False,False,True,True,17
911,596889,15,16,T,M,MOE,False,True,False,True,17
911,596889,16,17,T,M,MOE,False,True,False,True,17
912,596890,0,1,A,M,MOE,False,True,False,True,17
912,596890,1,2,G,M,MOE,False,True,False,True,17
912,596890,2,3,T,C,cEt,False,False,True,True,17
912,596890,3,4,G,C,cEt,False,False,True,True,17
912,596890,4,5,C,d,DNA,True,False,False,False,17
912,596890,5,6,C,d,DNA,True,False,False,False,17
912,596890,6,7,A,d,DNA,True,False,False,False,17
912,596890,7,8,T,d,DNA,True,False,False,False,17
912,596890,8,9,A,d,DNA,True,False,False,False,17
912,596890,9,10,C,d,DNA,True,False,False,False,17
912,596890,10,11,A,d,DNA,True,False,False,False,17
912,596890,11,12,G,d,DNA,True,False,False,False,17
912,596890,12,13,G,d,DNA,True,False,False,False,17
912,596890,13,14,G,C,cEt,False,False,True,True,17
912,596890,14,15,T,C,cEt,False,False,True,True,17
912,596890,15,16,T,M,MOE,False,True,False,True,17
912,596890,16,17,T,M,MOE,False,True,False,True,17
913,596891,0,1,A,M,MOE,False,True,False,True,17
913,596891,1,2,A,M,MOE,False,True,False,True,17
913,596891,2,3,G,C,cEt,False,False,True,True,17
913,596891,3,4,T,C,cEt,False,False,True,True,17
913,596891,4,5,G,d,DNA,True,False,False,False,17
913,596891,5,6,C,d,DNA,True,False,False,False,17
913,596891,6,7,C,d,DNA,True,False,False,False,17
913,596891,7,8,A,d,DNA,True,False,False,False,17
913,596891,8,9,T,d,DNA,True,False,False,False,17
913,596891,9,10,A,d,DNA,True,False,False,False,17
913,596891,10,11,C,d,DNA,True,False,False,False,17
913,596891,11,12,A,d,DNA,True,False,False,False,17
913,596891,12,13,G,d,DNA,True,False,False,False,17
913,596891,13,14,G,C,cEt,False,False,True,True,17
913,596891,14,15,G,C,cEt,False,False,True,True,17
913,596891,15,16,T,M,MOE,False,True,False,True,17
913,596891,16,17,T,M,MOE,False,True,False,True,17
914,596892,0,1,T,M,MOE,False,True,False,True,17
914,596892,1,2,A,M,MOE,False,True,False,True,17
914,596892,2,3,A,C,cEt,False,False,True,True,17
914,596892,3,4,G,C,cEt,False,False,True,True,17
914,596892,4,5,T,d,DNA,True,False,False,False,17
914,596892,5,6,G,d,DNA,True,False,False,False,17
914,596892,6,7,C,d,DNA,True,False,False,False,17
914,596892,7,8,C,d,DNA,True,False,False,False,17
914,596892,8,9,A,d,DNA,True,False,False,False,17
914,596892,9,10,T,d,DNA,True,False,False,False,17
914,596892,10,11,A,d,DNA,True,False,False,False,17
914,596892,11,12,C,d,DNA,True,False,False,False,17
914,596892,12,13,A,d,DNA,True,False,False,False,17
914,596892,13,14,G,C,cEt,False,False,True,True,17
914,596892,14,15,G,C,cEt,False,False,True,True,17
914,596892,15,16,G,M,MOE,False,True,False,True,17
914,596892,16,17,T,M,MOE,False,True,False,True,17
915,596893,0,1,A,M,MOE,False,True,False,True,17
915,596893,1,2,T,M,MOE,False,True,False,True,17
915,596893,2,3,A,C,cEt,False,False,True,True,17
915,596893,3,4,A,C,cEt,False,False,True,True,17
915,596893,4,5,G,d,DNA,True,False,False,False,17
915,596893,5,6,T,d,DNA,True,False,False,False,17
915,596893,6,7,G,d,DNA,True,False,False,False,17
915,596893,7,8,C,d,DNA,True,False,False,False,17
915,596893,8,9,C,d,DNA,True,False,False,False,17
915,596893,9,10,A,d,DNA,True,False,False,False,17
915,596893,10,11,T,d,DNA,True,False,False,False,17
915,596893,11,12,A,d,DNA,True,False,False,False,17
915,596893,12,13,C,d,DNA,True,False,False,False,17
915,596893,13,14,A,C,cEt,False,False,True,True,17
915,596893,14,15,G,C,cEt,False,False,True,True,17
915,596893,15,16,G,M,MOE,False,True,False,True,17
915,596893,16,17,G,M,MOE,False,True,False,True,17
916,596894,0,1,A,M,MOE,False,True,False,True,17
916,596894,1,2,A,M,MOE,False,True,False,True,17
916,596894,2,3,T,C,cEt,False,False,True,True,17
916,596894,3,4,A,C,cEt,False,False,True,True,17
916,596894,4,5,A,d,DNA,True,False,False,False,17
916,596894,5,6,G,d,DNA,True,False,False,False,17
916,596894,6,7,T,d,DNA,True,False,False,False,17
916,596894,7,8,G,d,DNA,True,False,False,False,17
916,596894,8,9,C,d,DNA,True,False,False,False,17
916,596894,9,10,C,d,DNA,True,False,False,False,17
916,596894,10,11,A,d,DNA,True,False,False,False,17
916,596894,11,12,T,d,DNA,True,False,False,False,17
916,596894,12,13,A,d,DNA,True,False,False,False,17
916,596894,13,14,C,C,cEt,False,False,True,True,17
916,596894,14,15,A,C,cEt,False,False,True,True,17
916,596894,15,16,G,M,MOE,False,True,False,True,17
916,596894,16,17,G,M,MOE,False,True,False,True,17
917,596895,0,1,T,M,MOE,False,True,False,True,17
917,596895,1,2,A,M,MOE,False,True,False,True,17
917,596895,2,3,A,C,cEt,False,False,True,True,17
917,596895,3,4,T,C,cEt,False,False,True,True,17
917,596895,4,5,A,d,DNA,True,False,False,False,17
917,596895,5,6,A,d,DNA,True,False,False,False,17
917,596895,6,7,G,d,DNA,True,False,False,False,17
917,596895,7,8,T,d,DNA,True,False,False,False,17
917,596895,8,9,G,d,DNA,True,False,False,False,17
917,596895,9,10,C,d,DNA,True,False,False,False,17
917,596895,10,11,C,d,DNA,True,False,False,False,17
917,596895,11,12,A,d,DNA,True,False,False,False,17
917,596895,12,13,T,d,DNA,True,False,False,False,17
917,596895,13,14,A,C,cEt,False,False,True,True,17
917,596895,14,15,C,C,cEt,False,False,True,True,17
917,596895,15,16,A,M,MOE,False,True,False,True,17
917,596895,16,17,G,M,MOE,False,True,False,True,17
918,596896,0,1,A,M,MOE,False,True,False,True,17
918,596896,1,2,T,M,MOE,False,True,False,True,17
918,596896,2,3,A,C,cEt,False,False,True,True,17
918,596896,3,4,A,C,cEt,False,False,True,True,17
918,596896,4,5,T,d,DNA,True,False,False,False,17
918,596896,5,6,A,d,DNA,True,False,False,False,17
918,596896,6,7,A,d,DNA,True,False,False,False,17
918,596896,7,8,G,d,DNA,True,False,False,False,17
918,596896,8,9,T,d,DNA,True,False,False,False,17
918,596896,9,10,G,d,DNA,True,False,False,False,17
918,596896,10,11,C,d,DNA,True,False,False,False,17
918,596896,11,12,C,d,DNA,True,False,False,False,17
918,596896,12,13,A,d,DNA,True,False,False,False,17
918,596896,13,14,T,C,cEt,False,False,True,True,17
918,596896,14,15,A,C,cEt,False,False,True,True,17
918,596896,15,16,C,M,MOE,False,True,False,True,17
918,596896,16,17,A,M,MOE,False,True,False,True,17
919,596897,0,1,C,M,MOE,False,True,False,True,17
919,596897,1,2,A,M,MOE,False,True,False,True,17
919,596897,2,3,T,C,cEt,False,False,True,True,17
919,596897,3,4,A,C,cEt,False,False,True,True,17
919,596897,4,5,A,d,DNA,True,False,False,False,17
919,596897,5,6,T,d,DNA,True,False,False,False,17
919,596897,6,7,A,d,DNA,True,False,False,False,17
919,596897,7,8,A,d,DNA,True,False,False,False,17
919,596897,8,9,G,d,DNA,True,False,False,False,17
919,596897,9,10,T,d,DNA,True,False,False,False,17
919,596897,10,11,G,d,DNA,True,False,False,False,17
919,596897,11,12,C,d,DNA,True,False,False,False,17
919,596897,12,13,C,d,DNA,True,False,False,False,17
919,596897,13,14,A,C,cEt,False,False,True,True,17
919,596897,14,15,T,C,cEt,False,False,True,True,17
919,596897,15,16,A,M,MOE,False,True,False,True,17
919,596897,16,17,C,M,MOE,False,True,False,True,17
920,596898,0,1,T,M,MOE,False,True,False,True,17
920,596898,1,2,C,M,MOE,False,True,False,True,17
920,596898,2,3,A,C,cEt,False,False,True,True,17
920,596898,3,4,T,C,cEt,False,False,True,True,17
920,596898,4,5,A,d,DNA,True,False,False,False,17
920,596898,5,6,A,d,DNA,True,False,False,False,17
920,596898,6,7,T,d,DNA,True,False,False,False,17
920,596898,7,8,A,d,DNA,True,False,False,False,17
920,596898,8,9,A,d,DNA,True,False,False,False,17
920,596898,9,10,G,d,DNA,True,False,False,False,17
920,596898,10,11,T,d,DNA,True,False,False,False,17
920,596898,11,12,G,d,DNA,True,False,False,False,17
920,596898,12,13,C,d,DNA,True,False,False,False,17
920,596898,13,14,C,C,cEt,False,False,True,True,17
920,596898,14,15,A,C,cEt,False,False,True,True,17
920,596898,15,16,T,M,MOE,False,True,False,True,17
920,596898,16,17,A,M,MOE,False,True,False,True,17
921,596899,0,1,C,M,MOE,False,True,False,True,17
921,596899,1,2,T,M,MOE,False,True,False,True,17
921,596899,2,3,C,C,cEt,False,False,True,True,17
921,596899,3,4,A,C,cEt,False,False,True,True,17
921,596899,4,5,T,d,DNA,True,False,False,False,17
921,596899,5,6,A,d,DNA,True,False,False,False,17
921,596899,6,7,A,d,DNA,True,False,False,False,17
921,596899,7,8,T,d,DNA,True,False,False,False,17
921,596899,8,9,A,d,DNA,True,False,False,False,17
921,596899,9,10,A,d,DNA,True,False,False,False,17
921,596899,10,11,G,d,DNA,True,False,False,False,17
921,596899,11,12,T,d,DNA,True,False,False,False,17
921,596899,12,13,G,d,DNA,True,False,False,False,17
921,596899,13,14,C,C,cEt,False,False,True,True,17
921,596899,14,15,C,C,cEt,False,False,True,True,17
921,596899,15,16,A,M,MOE,False,True,False,True,17
921,596899,16,17,T,M,MOE,False,True,False,True,17
922,596900,0,1,C,M,MOE,False,True,False,True,17
922,596900,1,2,C,M,MOE,False,True,False,True,17
922,596900,2,3,T,C,cEt,False,False,True,True,17
922,596900,3,4,C,C,cEt,False,False,True,True,17
922,596900,4,5,A,d,DNA,True,False,False,False,17
922,596900,5,6,T,d,DNA,True,False,False,False,17
922,596900,6,7,A,d,DNA,True,False,False,False,17
922,596900,7,8,A,d,DNA,True,False,False,False,17
922,596900,8,9,T,d,DNA,True,False,False,False,17
922,596900,9,10,A,d,DNA,True,False,False,False,17
922,596900,10,11,A,d,DNA,True,False,False,False,17
922,596900,11,12,G,d,DNA,True,False,False,False,17
922,596900,12,13,T,d,DNA,True,False,False,False,17
922,596900,13,14,G,C,cEt,False,False,True,True,17
922,596900,14,15,C,C,cEt,False,False,True,True,17
922,596900,15,16,C,M,MOE,False,True,False,True,17
922,596900,16,17,A,M,MOE,False,True,False,True,17
923,596901,0,1,G,M,MOE,False,True,False,True,17
923,596901,1,2,C,M,MOE,False,True,False,True,17
923,596901,2,3,C,C,cEt,False,False,True,True,17
923,596901,3,4,T,C,cEt,False,False,True,True,17
923,596901,4,5,C,d,DNA,True,False,False,False,17
923,596901,5,6,A,d,DNA,True,False,False,False,17
923,596901,6,7,T,d,DNA,True,False,False,False,17
923,596901,7,8,A,d,DNA,True,False,False,False,17
923,596901,8,9,A,d,DNA,True,False,False,False,17
923,596901,9,10,T,d,DNA,True,False,False,False,17
923,596901,10,11,A,d,DNA,True,False,False,False,17
923,596901,11,12,A,d,DNA,True,False,False,False,17
923,596901,12,13,G,d,DNA,True,False,False,False,17
923,596901,13,14,T,C,cEt,False,False,True,True,17
923,596901,14,15,G,C,cEt,False,False,True,True,17
923,596901,15,16,C,M,MOE,False,True,False,True,17
923,596901,16,17,C,M,MOE,False,True,False,True,17
924,596902,0,1,A,M,MOE,False,True,False,True,17
924,596902,1,2,G,M,MOE,False,True,False,True,17
924,596902,2,3,C,C,cEt,False,False,True,True,17
924,596902,3,4,C,C,cEt,False,False,True,True,17
924,596902,4,5,T,d,DNA,True,False,False,False,17
924,596902,5,6,C,d,DNA,True,False,False,False,17
924,596902,6,7,A,d,DNA,True,False,False,False,17
924,596902,7,8,T,d,DNA,True,False,False,False,17
924,596902,8,9,A,d,DNA,True,False,False,False,17
924,596902,9,10,A,d,DNA,True,False,False,False,17
924,596902,10,11,T,d,DNA,True,False,False,False,17
924,596902,11,12,A,d,DNA,True,False,False,False,17
924,596902,12,13,A,d,DNA,True,False,False,False,17
924,596902,13,14,G,C,cEt,False,False,True,True,17
924,596902,14,15,T,C,cEt,False,False,True,True,17
924,596902,15,16,G,M,MOE,False,True,False,True,17
924,596902,16,17,C,M,MOE,False,True,False,True,17
925,596903,0,1,T,M,MOE,False,True,False,True,17
925,596903,1,2,A,M,MOE,False,True,False,True,17
925,596903,2,3,G,C,cEt,False,False,True,True,17
925,596903,3,4,C,C,cEt,False,False,True,True,17
925,596903,4,5,C,d,DNA,True,False,False,False,17
925,596903,5,6,T,d,DNA,True,False,False,False,17
925,596903,6,7,C,d,DNA,True,False,False,False,17
925,596903,7,8,A,d,DNA,True,False,False,False,17
925,596903,8,9,T,d,DNA,True,False,False,False,17
925,596903,9,10,A,d,DNA,True,False,False,False,17
925,596903,10,11,A,d,DNA,True,False,False,False,17
925,596903,11,12,T,d,DNA,True,False,False,False,17
925,596903,12,13,A,d,DNA,True,False,False,False,17
925,596903,13,14,A,C,cEt,False,False,True,True,17
925,596903,14,15,G,C,cEt,False,False,True,True,17
925,596903,15,16,T,M,MOE,False,True,False,True,17
925,596903,16,17,G,M,MOE,False,True,False,True,17
926,596904,0,1,A,M,MOE,False,True,False,True,17
926,596904,1,2,T,M,MOE,False,True,False,True,17
926,596904,2,3,A,C,cEt,False,False,True,True,17
926,596904,3,4,G,C,cEt,False,False,True,True,17
926,596904,4,5,C,d,DNA,True,False,False,False,17
926,596904,5,6,C,d,DNA,True,False,False,False,17
926,596904,6,7,T,d,DNA,True,False,False,False,17
926,596904,7,8,C,d,DNA,True,False,False,False,17
926,596904,8,9,A,d,DNA,True,False,False,False,17
926,596904,9,10,T,d,DNA,True,False,False,False,17
926,596904,10,11,A,d,DNA,True,False,False,False,17
926,596904,11,12,A,d,DNA,True,False,False,False,17
926,596904,12,13,T,d,DNA,True,False,False,False,17
926,596904,13,14,A,C,cEt,False,False,True,True,17
926,596904,14,15,A,C,cEt,False,False,True,True,17
926,596904,15,16,G,M,MOE,False,True,False,True,17
926,596904,16,17,T,M,MOE,False,True,False,True,17
927,596905,0,1,A,M,MOE,False,True,False,True,17
927,596905,1,2,A,M,MOE,False,True,False,True,17
927,596905,2,3,T,C,cEt,False,False,True,True,17
927,596905,3,4,A,C,cEt,False,False,True,True,17
927,596905,4,5,G,d,DNA,True,False,False,False,17
927,596905,5,6,C,d,DNA,True,False,False,False,17
927,596905,6,7,C,d,DNA,True,False,False,False,17
927,596905,7,8,T,d,DNA,True,False,False,False,17
927,596905,8,9,C,d,DNA,True,False,False,False,17
927,596905,9,10,A,d,DNA,True,False,False,False,17
927,596905,10,11,T,d,DNA,True,False,False,False,17
927,596905,11,12,A,d,DNA,True,False,False,False,17
927,596905,12,13,A,d,DNA,True,False,False,False,17
927,596905,13,14,T,C,cEt,False,False,True,True,17
927,596905,14,15,A,C,cEt,False,False,True,True,17
927,596905,15,16,A,M,MOE,False,True,False,True,17
927,596905,16,17,G,M,MOE,False,True,False,True,17
928,596906,0,1,C,M,MOE,False,True,False,True,17
928,596906,1,2,T,M,MOE,False,True,False,True,17
928,596906,2,3,T,C,cEt,False,False,True,True,17
928,596906,3,4,T,C,cEt,False,False,True,True,17
928,596906,4,5,T,d,DNA,True,False,False,False,17
928,596906,5,6,A,d,DNA,True,False,False,False,17
928,596906,6,7,A,d,DNA,True,False,False,False,17
928,596906,7,8,T,d,DNA,True,False,False,False,17
928,596906,8,9,A,d,DNA,True,False,False,False,17
928,596906,9,10,G,d,DNA,True,False,False,False,17
928,596906,10,11,C,d,DNA,True,False,False,False,17
928,596906,11,12,C,d,DNA,True,False,False,False,17
928,596906,12,13,T,d,DNA,True,False,False,False,17
928,596906,13,14,C,C,cEt,False,False,True,True,17
928,596906,14,15,A,C,cEt,False,False,True,True,17
928,596906,15,16,T,M,MOE,False,True,False,True,17
928,596906,16,17,A,M,MOE,False,True,False,True,17
929,596907,0,1,T,M,MOE,False,True,False,True,17
929,596907,1,2,C,M,MOE,False,True,False,True,17
929,596907,2,3,T,C,cEt,False,False,True,True,17
929,596907,3,4,T,C,cEt,False,False,True,True,17
929,596907,4,5,T,d,DNA,True,False,False,False,17
929,596907,5,6,T,d,DNA,True,False,False,False,17
929,596907,6,7,A,d,DNA,True,False,False,False,17
929,596907,7,8,A,d,DNA,True,False,False,False,17
929,596907,8,9,T,d,DNA,True,False,False,False,17
929,596907,9,10,A,d,DNA,True,False,False,False,17
929,596907,10,11,G,d,DNA,True,False,False,False,17
929,596907,11,12,C,d,DNA,True,False,False,False,17
929,596907,12,13,C,d,DNA,True,False,False,False,17
929,596907,13,14,T,C,cEt,False,False,True,True,17
929,596907,14,15,C,C,cEt,False,False,True,True,17
929,596907,15,16,A,M,MOE,False,True,False,True,17
929,596907,16,17,T,M,MOE,False,True,False,True,17
930,596908,0,1,G,M,MOE,False,True,False,True,17
930,596908,1,2,G,M,MOE,False,True,False,True,17
930,596908,2,3,A,C,cEt,False,False,True,True,17
930,596908,3,4,T,C,cEt,False,False,True,True,17
930,596908,4,5,T,d,DNA,True,False,False,False,17
930,596908,5,6,C,d,DNA,True,False,False,False,17
930,596908,6,7,T,d,DNA,True,False,False,False,17
930,596908,7,8,T,d,DNA,True,False,False,False,17
930,596908,8,9,T,d,DNA,True,False,False,False,17
930,596908,9,10,T,d,DNA,True,False,False,False,17
930,596908,10,11,A,d,DNA,True,False,False,False,17
930,596908,11,12,A,d,DNA,True,False,False,False,17
930,596908,12,13,T,d,DNA,True,False,False,False,17
930,596908,13,14,A,C,cEt,False,False,True,True,17
930,596908,14,15,G,C,cEt,False,False,True,True,17
930,596908,15,16,C,M,MOE,False,True,False,True,17
930,596908,16,17,C,M,MOE,False,True,False,True,17
931,596909,0,1,T,M,MOE,False,True,False,True,17
931,596909,1,2,T,M,MOE,False,True,False,True,17
931,596909,2,3,G,C,cEt,False,False,True,True,17
931,596909,3,4,G,C,cEt,False,False,True,True,17
931,596909,4,5,A,d,DNA,True,False,False,False,17
931,596909,5,6,T,d,DNA,True,False,False,False,17
931,596909,6,7,T,d,DNA,True,False,False,False,17
931,596909,7,8,C,d,DNA,True,False,False,False,17
931,596909,8,9,T,d,DNA,True,False,False,False,17
931,596909,9,10,T,d,DNA,True,False,False,False,17
931,596909,10,11,T,d,DNA,True,False,False,False,17
931,596909,11,12,T,d,DNA,True,False,False,False,17
931,596909,12,13,A,d,DNA,True,False,False,False,17
931,596909,13,14,A,C,cEt,False,False,True,True,17
931,596909,14,15,T,C,cEt,False,False,True,True,17
931,596909,15,16,A,M,MOE,False,True,False,True,17
931,596909,16,17,G,M,MOE,False,True,False,True,17
932,596910,0,1,T,M,MOE,False,True,False,True,17
932,596910,1,2,T,M,MOE,False,True,False,True,17
932,596910,2,3,A,C,cEt,False,False,True,True,17
932,596910,3,4,G,C,cEt,False,False,True,True,17
932,596910,4,5,T,d,DNA,True,False,False,False,17
932,596910,5,6,T,d,DNA,True,False,False,False,17
932,596910,6,7,T,d,DNA,True,False,False,False,17
932,596910,7,8,G,d,DNA,True,False,False,False,17
932,596910,8,9,A,d,DNA,True,False,False,False,17
932,596910,9,10,A,d,DNA,True,False,False,False,17
932,596910,10,11,T,d,DNA,True,False,False,False,17
932,596910,11,12,T,d,DNA,True,False,False,False,17
932,596910,12,13,T,d,DNA,True,False,False,False,17
932,596910,13,14,G,C,cEt,False,False,True,True,17
932,596910,14,15,G,C,cEt,False,False,True,True,17
932,596910,15,16,A,M,MOE,False,True,False,True,17
932,596910,16,17,T,M,MOE,False,True,False,True,17
933,596911,0,1,T,M,MOE,False,True,False,True,17
933,596911,1,2,C,M,MOE,False,True,False,True,17
933,596911,2,3,G,C,cEt,False,False,True,True,17
933,596911,3,4,C,C,cEt,False,False,True,True,17
933,596911,4,5,C,d,DNA,True,False,False,False,17
933,596911,5,6,C,d,DNA,True,False,False,False,17
933,596911,6,7,T,d,DNA,True,False,False,False,17
933,596911,7,8,T,d,DNA,True,False,False,False,17
933,596911,8,9,C,d,DNA,True,False,False,False,17
933,596911,9,10,A,d,DNA,True,False,False,False,17
933,596911,10,11,G,d,DNA,True,False,False,False,17
933,596911,11,12,C,d,DNA,True,False,False,False,17
933,596911,12,13,A,d,DNA,True,False,False,False,17
933,596911,13,14,C,C,cEt,False,False,True,True,17
933,596911,14,15,G,C,cEt,False,False,True,True,17
933,596911,15,16,C,M,MOE,False,True,False,True,17
933,596911,16,17,A,M,MOE,False,True,False,True,17
934,611458,0,1,A,M,MOE,False,True,False,True,20
934,611458,1,2,C,M,MOE,False,True,False,True,20
934,611458,2,3,A,M,MOE,False,True,False,True,20
934,611458,3,4,C,M,MOE,False,True,False,True,20
934,611458,4,5,C,M,MOE,False,True,False,True,20
934,611458,5,6,T,d,DNA,True,False,False,False,20
934,611458,6,7,T,d,DNA,True,False,False,False,20
934,611458,7,8,C,d,DNA,True,False,False,False,20
934,611458,8,9,A,d,DNA,True,False,False,False,20
934,611458,9,10,C,d,DNA,True,False,False,False,20
934,611458,10,11,T,d,DNA,True,False,False,False,20
934,611458,11,12,G,d,DNA,True,False,False,False,20
934,611458,12,13,G,d,DNA,True,False,False,False,20
934,611458,13,14,T,d,DNA,True,False,False,False,20
934,611458,14,15,C,d,DNA,True,False,False,False,20
934,611458,15,16,C,M,MOE,False,True,False,True,20
934,611458,16,17,A,M,MOE,False,True,False,True,20
934,611458,17,18,T,M,MOE,False,True,False,True,20
934,611458,18,19,T,M,MOE,False,True,False,True,20
934,611458,19,20,A,M,MOE,False,True,False,True,20
935,611460,0,1,G,M,MOE,False,True,False,True,20
935,611460,1,2,G,M,MOE,False,True,False,True,20
935,611460,2,3,C,M,MOE,False,True,False,True,20
935,611460,3,4,G,M,MOE,False,True,False,True,20
935,611460,4,5,A,M,MOE,False,True,False,True,20
935,611460,5,6,T,d,DNA,True,False,False,False,20
935,611460,6,7,C,d,DNA,True,False,False,False,20
935,611460,7,8,C,d,DNA,True,False,False,False,20
935,611460,8,9,C,d,DNA,True,False,False,False,20
935,611460,9,10,A,d,DNA,True,False,False,False,20
935,611460,10,11,A,d,DNA,True,False,False,False,20
935,611460,11,12,T,d,DNA,True,False,False,False,20
935,611460,12,13,T,d,DNA,True,False,False,False,20
935,611460,13,14,A,d,DNA,True,False,False,False,20
935,611460,14,15,C,d,DNA,True,False,False,False,20
935,611460,15,16,A,M,MOE,False,True,False,True,20
935,611460,16,17,C,M,MOE,False,True,False,True,20
935,611460,17,18,C,M,MOE,False,True,False,True,20
935,611460,18,19,A,M,MOE,False,True,False,True,20
935,611460,19,20,C,M,MOE,False,True,False,True,20
936,611474,0,1,G,M,MOE,False,True,False,True,20
936,611474,1,2,C,M,MOE,False,True,False,True,20
936,611474,2,3,T,M,MOE,False,True,False,True,20
936,611474,3,4,T,M,MOE,False,True,False,True,20
936,611474,4,5,C,M,MOE,False,True,False,True,20
936,611474,5,6,C,d,DNA,True,False,False,False,20
936,611474,6,7,C,d,DNA,True,False,False,False,20
936,611474,7,8,C,d,DNA,True,False,False,False,20
936,611474,8,9,A,d,DNA,True,False,False,False,20
936,611474,9,10,C,d,DNA,True,False,False,False,20
936,611474,10,11,A,d,DNA,True,False,False,False,20
936,611474,11,12,C,d,DNA,True,False,False,False,20
936,611474,12,13,C,d,DNA,True,False,False,False,20
936,611474,13,14,T,d,DNA,True,False,False,False,20
936,611474,14,15,T,d,DNA,True,False,False,False,20
936,611474,15,16,C,M,MOE,False,True,False,True,20
936,611474,16,17,A,M,MOE,False,True,False,True,20
936,611474,17,18,C,M,MOE,False,True,False,True,20
936,611474,18,19,T,M,MOE,False,True,False,True,20
936,611474,19,20,G,M,MOE,False,True,False,True,20
937,611475,0,1,G,M,MOE,False,True,False,True,20
937,611475,1,2,T,M,MOE,False,True,False,True,20
937,611475,2,3,G,M,MOE,False,True,False,True,20
937,611475,3,4,A,M,MOE,False,True,False,True,20
937,611475,4,5,G,M,MOE,False,True,False,True,20
937,611475,5,6,G,d,DNA,True,False,False,False,20
937,611475,6,7,A,d,DNA,True,False,False,False,20
937,611475,7,8,C,d,DNA,True,False,False,False,20
937,611475,8,9,C,d,DNA,True,False,False,False,20
937,611475,9,10,T,d,DNA,True,False,False,False,20
937,611475,10,11,G,d,DNA,True,False,False,False,20
937,611475,11,12,C,d,DNA,True,False,False,False,20
937,611475,12,13,A,d,DNA,True,False,False,False,20
937,611475,13,14,C,d,DNA,True,False,False,False,20
937,611475,14,15,T,d,DNA,True,False,False,False,20
937,611475,15,16,G,M,MOE,False,True,False,True,20
937,611475,16,17,G,M,MOE,False,True,False,True,20
937,611475,17,18,T,M,MOE,False,True,False,True,20
937,611475,18,19,A,M,MOE,False,True,False,True,20
937,611475,19,20,C,M,MOE,False,True,False,True,20
938,611492,0,1,C,M,MOE,False,True,False,True,20
938,611492,1,2,A,M,MOE,False,True,False,True,20
938,611492,2,3,G,M,MOE,False,True,False,True,20
938,611492,3,4,G,M,MOE,False,True,False,True,20
938,611492,4,5,A,M,MOE,False,True,False,True,20
938,611492,5,6,T,d,DNA,True,False,False,False,20
938,611492,6,7,A,d,DNA,True,False,False,False,20
938,611492,7,8,C,d,DNA,True,False,False,False,20
938,611492,8,9,A,d,DNA,True,False,False,False,20
938,611492,9,10,T,d,DNA,True,False,False,False,20
938,611492,10,11,T,d,DNA,True,False,False,False,20
938,611492,11,12,T,d,DNA,True,False,False,False,20
938,611492,12,13,C,d,DNA,True,False,False,False,20
938,611492,13,14,T,d,DNA,True,False,False,False,20
938,611492,14,15,A,d,DNA,True,False,False,False,20
938,611492,15,16,C,M,MOE,False,True,False,True,20
938,611492,16,17,A,M,MOE,False,True,False,True,20
938,611492,17,18,G,M,MOE,False,True,False,True,20
938,611492,18,19,C,M,MOE,False,True,False,True,20
938,611492,19,20,T,M,MOE,False,True,False,True,20
939,611497,0,1,A,M,MOE,False,True,False,True,20
939,611497,1,2,G,M,MOE,False,True,False,True,20
939,611497,2,3,T,M,MOE,False,True,False,True,20
939,611497,3,4,G,M,MOE,False,True,False,True,20
939,611497,4,5,T,M,MOE,False,True,False,True,20
939,611497,5,6,T,d,DNA,True,False,False,False,20
939,611497,6,7,T,d,DNA,True,False,False,False,20
939,611497,7,8,A,d,DNA,True,False,False,False,20
939,611497,8,9,A,d,DNA,True,False,False,False,20
939,611497,9,10,T,d,DNA,True,False,False,False,20
939,611497,10,11,G,d,DNA,True,False,False,False,20
939,611497,11,12,T,d,DNA,True,False,False,False,20
939,611497,12,13,T,d,DNA,True,False,False,False,20
939,611497,13,14,T,d,DNA,True,False,False,False,20
939,611497,14,15,A,d,DNA,True,False,False,False,20
939,611497,15,16,T,M,MOE,False,True,False,True,20
939,611497,16,17,C,M,MOE,False,True,False,True,20
939,611497,17,18,A,M,MOE,False,True,False,True,20
939,611497,18,19,G,M,MOE,False,True,False,True,20
939,611497,19,20,G,M,MOE,False,True,False,True,20
940,611500,0,1,T,M,MOE,False,True,False,True,20
940,611500,1,2,C,M,MOE,False,True,False,True,20
940,611500,2,3,A,M,MOE,False,True,False,True,20
940,611500,3,4,G,M,MOE,False,True,False,True,20
940,611500,4,5,G,M,MOE,False,True,False,True,20
940,611500,5,6,A,d,DNA,True,False,False,False,20
940,611500,6,7,T,d,DNA,True,False,False,False,20
940,611500,7,8,A,d,DNA,True,False,False,False,20
940,611500,8,9,C,d,DNA,True,False,False,False,20
940,611500,9,10,A,d,DNA,True,False,False,False,20
940,611500,10,11,T,d,DNA,True,False,False,False,20
940,611500,11,12,T,d,DNA,True,False,False,False,20
940,611500,12,13,T,d,DNA,True,False,False,False,20
940,611500,13,14,C,d,DNA,True,False,False,False,20
940,611500,14,15,T,d,DNA,True,False,False,False,20
940,611500,15,16,A,M,MOE,False,True,False,True,20
940,611500,16,17,C,M,MOE,False,True,False,True,20
940,611500,17,18,A,M,MOE,False,True,False,True,20
940,611500,18,19,G,M,MOE,False,True,False,True,20
940,611500,19,20,C,M,MOE,False,True,False,True,20
941,612916,0,1,A,M,MOE,False,True,False,True,17
941,612916,1,2,T,M,MOE,False,True,False,True,17
941,612916,2,3,A,M,MOE,False,True,False,True,17
941,612916,3,4,C,C,cEt,False,False,True,True,17
941,612916,4,5,A,C,cEt,False,False,True,True,17
941,612916,5,6,T,d,DNA,True,False,False,False,17
941,612916,6,7,T,d,DNA,True,False,False,False,17
941,612916,7,8,T,d,DNA,True,False,False,False,17
941,612916,8,9,C,d,DNA,True,False,False,False,17
941,612916,9,10,T,d,DNA,True,False,False,False,17
941,612916,10,11,A,d,DNA,True,False,False,False,17
941,612916,11,12,C,d,DNA,True,False,False,False,17
941,612916,12,13,A,C,cEt,False,False,True,True,17
941,612916,13,14,G,C,cEt,False,False,True,True,17
941,612916,14,15,C,M,MOE,False,True,False,True,17
941,612916,15,16,T,M,MOE,False,True,False,True,17
941,612916,16,17,A,M,MOE,False,True,False,True,17
942,612918,0,1,A,M,MOE,False,True,False,True,17
942,612918,1,2,C,M,MOE,False,True,False,True,17
942,612918,2,3,A,M,MOE,False,True,False,True,17
942,612918,3,4,G,C,cEt,False,False,True,True,17
942,612918,4,5,T,C,cEt,False,False,True,True,17
942,612918,5,6,G,d,DNA,True,False,False,False,17
942,612918,6,7,T,d,DNA,True,False,False,False,17
942,612918,7,8,T,d,DNA,True,False,False,False,17
942,612918,8,9,T,d,DNA,True,False,False,False,17
942,612918,9,10,A,d,DNA,True,False,False,False,17
942,612918,10,11,A,d,DNA,True,False,False,False,17
942,612918,11,12,T,d,DNA,True,False,False,False,17
942,612918,12,13,G,C,cEt,False,False,True,True,17
942,612918,13,14,T,C,cEt,False,False,True,True,17
942,612918,14,15,T,M,MOE,False,True,False,True,17
942,612918,15,16,T,M,MOE,False,True,False,True,17
942,612918,16,17,A,M,MOE,False,True,False,True,17
943,612925,0,1,A,M,MOE,False,True,False,True,17
943,612925,1,2,T,M,MOE,False,True,False,True,17
943,612925,2,3,G,C,cEt,False,False,True,True,17
943,612925,3,4,T,C,cEt,False,False,True,True,17
943,612925,4,5,T,d,DNA,True,False,False,False,17
943,612925,5,6,T,d,DNA,True,False,False,False,17
943,612925,6,7,A,d,DNA,True,False,False,False,17
943,612925,7,8,T,d,DNA,True,False,False,False,17
943,612925,8,9,C,d,DNA,True,False,False,False,17
943,612925,9,10,A,d,DNA,True,False,False,False,17
943,612925,10,11,G,d,DNA,True,False,False,False,17
943,612925,11,12,G,d,DNA,True,False,False,False,17
943,612925,12,13,A,C,cEt,False,False,True,True,17
943,612925,13,14,T,C,cEt,False,False,True,True,17
943,612925,14,15,A,M,MOE,False,True,False,True,17
943,612925,15,16,C,M,MOE,False,True,False,True,17
943,612925,16,17,A,M,MOE,False,True,False,True,17
944,612927,0,1,T,M,MOE,False,True,False,True,17
944,612927,1,2,A,M,MOE,False,True,False,True,17
944,612927,2,3,A,C,cEt,False,False,True,True,17
944,612927,3,4,T,C,cEt,False,False,True,True,17
944,612927,4,5,G,d,DNA,True,False,False,False,17
944,612927,5,6,T,d,DNA,True,False,False,False,17
944,612927,6,7,T,d,DNA,True,False,False,False,17
944,612927,7,8,T,d,DNA,True,False,False,False,17
944,612927,8,9,A,d,DNA,True,False,False,False,17
944,612927,9,10,T,d,DNA,True,False,False,False,17
944,612927,10,11,C,d,DNA,True,False,False,False,17
944,612927,11,12,A,d,DNA,True,False,False,False,17
944,612927,12,13,G,C,cEt,False,False,True,True,17
944,612927,13,14,G,C,cEt,False,False,True,True,17
944,612927,14,15,A,M,MOE,False,True,False,True,17
944,612927,15,16,T,M,MOE,False,True,False,True,17
944,612927,16,17,A,M,MOE,False,True,False,True,17
945,612928,0,1,T,M,MOE,False,True,False,True,17
945,612928,1,2,T,M,MOE,False,True,False,True,17
945,612928,2,3,A,C,cEt,False,False,True,True,17
945,612928,3,4,A,C,cEt,False,False,True,True,17
945,612928,4,5,T,d,DNA,True,False,False,False,17
945,612928,5,6,G,d,DNA,True,False,False,False,17
945,612928,6,7,T,d,DNA,True,False,False,False,17
945,612928,7,8,T,d,DNA,True,False,False,False,17
945,612928,8,9,T,d,DNA,True,False,False,False,17
945,612928,9,10,A,d,DNA,True,False,False,False,17
945,612928,10,11,T,d,DNA,True,False,False,False,17
945,612928,11,12,C,d,DNA,True,False,False,False,17
945,612928,12,13,A,C,cEt,False,False,True,True,17
945,612928,13,14,G,C,cEt,False,False,True,True,17
945,612928,14,15,G,M,MOE,False,True,False,True,17
945,612928,15,16,A,M,MOE,False,True,False,True,17
945,612928,16,17,T,M,MOE,False,True,False,True,17
946,612931,0,1,A,M,MOE,False,True,False,True,17
946,612931,1,2,G,M,MOE,False,True,False,True,17
946,612931,2,3,T,C,cEt,False,False,True,True,17
946,612931,3,4,G,C,cEt,False,False,True,True,17
946,612931,4,5,T,d,DNA,True,False,False,False,17
946,612931,5,6,T,d,DNA,True,False,False,False,17
946,612931,6,7,T,d,DNA,True,False,False,False,17
946,612931,7,8,A,d,DNA,True,False,False,False,17
946,612931,8,9,A,d,DNA,True,False,False,False,17
946,612931,9,10,T,d,DNA,True,False,False,False,17
946,612931,10,11,G,d,DNA,True,False,False,False,17
946,612931,11,12,T,d,DNA,True,False,False,False,17
946,612931,12,13,T,C,cEt,False,False,True,True,17
946,612931,13,14,T,C,cEt,False,False,True,True,17
946,612931,14,15,A,M,MOE,False,True,False,True,17
946,612931,15,16,T,M,MOE,False,True,False,True,17
946,612931,16,17,C,M,MOE,False,True,False,True,17
947,612932,0,1,A,M,MOE,False,True,False,True,17
947,612932,1,2,C,M,MOE,False,True,False,True,17
947,612932,2,3,A,C,cEt,False,False,True,True,17
947,612932,3,4,G,C,cEt,False,False,True,True,17
947,612932,4,5,T,d,DNA,True,False,False,False,17
947,612932,5,6,G,d,DNA,True,False,False,False,17
947,612932,6,7,T,d,DNA,True,False,False,False,17
947,612932,7,8,T,d,DNA,True,False,False,False,17
947,612932,8,9,T,d,DNA,True,False,False,False,17
947,612932,9,10,A,d,DNA,True,False,False,False,17
947,612932,10,11,A,d,DNA,True,False,False,False,17
947,612932,11,12,T,d,DNA,True,False,False,False,17
947,612932,12,13,G,C,cEt,False,False,True,True,17
947,612932,13,14,T,C,cEt,False,False,True,True,17
947,612932,14,15,T,M,MOE,False,True,False,True,17
947,612932,15,16,T,M,MOE,False,True,False,True,17
947,612932,16,17,A,M,MOE,False,True,False,True,17
948,612941,0,1,G,M,MOE,False,True,False,True,17
948,612941,1,2,G,M,MOE,False,True,False,True,17
948,612941,2,3,A,C,cEt,False,False,True,True,17
948,612941,3,4,T,C,cEt,False,False,True,True,17
948,612941,4,5,A,d,DNA,True,False,False,False,17
948,612941,5,6,C,d,DNA,True,False,False,False,17
948,612941,6,7,A,d,DNA,True,False,False,False,17
948,612941,7,8,T,d,DNA,True,False,False,False,17
948,612941,8,9,T,d,DNA,True,False,False,False,17
948,612941,9,10,T,d,DNA,True,False,False,False,17
948,612941,10,11,C,d,DNA,True,False,False,False,17
948,612941,11,12,T,d,DNA,True,False,False,False,17
948,612941,12,13,A,d,DNA,True,False,False,False,17
948,612941,13,14,C,C,cEt,False,False,True,True,17
948,612941,14,15,A,C,cEt,False,False,True,True,17
948,612941,15,16,G,M,MOE,False,True,False,True,17
948,612941,16,17,C,M,MOE,False,True,False,True,17
949,612944,0,1,A,M,MOE,False,True,False,True,17
949,612944,1,2,T,M,MOE,False,True,False,True,17
949,612944,2,3,G,C,cEt,False,False,True,True,17
949,612944,3,4,T,C,cEt,False,False,True,True,17
949,612944,4,5,T,d,DNA,True,False,False,False,17
949,612944,5,6,T,d,DNA,True,False,False,False,17
949,612944,6,7,A,d,DNA,True,False,False,False,17
949,612944,7,8,T,d,DNA,True,False,False,False,17
949,612944,8,9,C,d,DNA,True,False,False,False,17
949,612944,9,10,A,d,DNA,True,False,False,False,17
949,612944,10,11,G,d,DNA,True,False,False,False,17
949,612944,11,12,G,d,DNA,True,False,False,False,17
949,612944,12,13,A,d,DNA,True,False,False,False,17
949,612944,13,14,T,C,cEt,False,False,True,True,17
949,612944,14,15,A,C,cEt,False,False,True,True,17
949,612944,15,16,C,M,MOE,False,True,False,True,17
949,612944,16,17,A,M,MOE,False,True,False,True,17
950,612947,0,1,T,M,MOE,False,True,False,True,17
950,612947,1,2,T,M,MOE,False,True,False,True,17
950,612947,2,3,A,C,cEt,False,False,True,True,17
950,612947,3,4,A,C,cEt,False,False,True,True,17
950,612947,4,5,T,d,DNA,True,False,False,False,17
950,612947,5,6,G,d,DNA,True,False,False,False,17
950,612947,6,7,T,d,DNA,True,False,False,False,17
950,612947,7,8,T,d,DNA,True,False,False,False,17
950,612947,8,9,T,d,DNA,True,False,False,False,17
950,612947,9,10,A,d,DNA,True,False,False,False,17
950,612947,10,11,T,d,DNA,True,False,False,False,17
950,612947,11,12,C,d,DNA,True,False,False,False,17
950,612947,12,13,A,d,DNA,True,False,False,False,17
950,612947,13,14,G,C,cEt,False,False,True,True,17
950,612947,14,15,G,C,cEt,False,False,True,True,17
950,612947,15,16,A,M,MOE,False,True,False,True,17
950,612947,16,17,T,M,MOE,False,True,False,True,17
951,612948,0,1,G,M,MOE,False,True,False,True,17
951,612948,1,2,T,M,MOE,False,True,False,True,17
951,612948,2,3,T,C,cEt,False,False,True,True,17
951,612948,3,4,T,C,cEt,False,False,True,True,17
951,612948,4,5,A,d,DNA,True,False,False,False,17
951,612948,5,6,A,d,DNA,True,False,False,False,17
951,612948,6,7,T,d,DNA,True,False,False,False,17
951,612948,7,8,G,d,DNA,True,False,False,False,17
951,612948,8,9,T,d,DNA,True,False,False,False,17
951,612948,9,10,T,d,DNA,True,False,False,False,17
951,612948,10,11,T,d,DNA,True,False,False,False,17
951,612948,11,12,A,d,DNA,True,False,False,False,17
951,612948,12,13,T,d,DNA,True,False,False,False,17
951,612948,13,14,C,C,cEt,False,False,True,True,17
951,612948,14,15,A,C,cEt,False,False,True,True,17
951,612948,15,16,G,M,MOE,False,True,False,True,17
951,612948,16,17,G,M,MOE,False,True,False,True,17
952,612949,0,1,G,M,MOE,False,True,False,True,17
952,612949,1,2,T,M,MOE,False,True,False,True,17
952,612949,2,3,G,C,cEt,False,False,True,True,17
952,612949,3,4,T,C,cEt,False,False,True,True,17
952,612949,4,5,T,d,DNA,True,False,False,False,17
952,612949,5,6,T,d,DNA,True,False,False,False,17
952,612949,6,7,A,d,DNA,True,False,False,False,17
952,612949,7,8,A,d,DNA,True,False,False,False,17
952,612949,8,9,T,d,DNA,True,False,False,False,17
952,612949,9,10,G,d,DNA,True,False,False,False,17
952,612949,10,11,T,d,DNA,True,False,False,False,17
952,612949,11,12,T,d,DNA,True,False,False,False,17
952,612949,12,13,T,d,DNA,True,False,False,False,17
952,612949,13,14,A,C,cEt,False,False,True,True,17
952,612949,14,15,T,C,cEt,False,False,True,True,17
952,612949,15,16,C,M,MOE,False,True,False,True,17
952,612949,16,17,A,M,MOE,False,True,False,True,17
953,654301,0,1,T,M,MOE,False,True,False,True,18
953,654301,1,2,T,M,MOE,False,True,False,True,18
953,654301,2,3,C,M,MOE,False,True,False,True,18
953,654301,3,4,C,M,MOE,False,True,False,True,18
953,654301,4,5,C,M,MOE,False,True,False,True,18
953,654301,5,6,C,d,DNA,True,False,False,False,18
953,654301,6,7,A,d,DNA,True,False,False,False,18
953,654301,7,8,C,d,DNA,True,False,False,False,18
953,654301,8,9,A,d,DNA,True,False,False,False,18
953,654301,9,10,C,d,DNA,True,False,False,False,18
953,654301,10,11,C,d,DNA,True,False,False,False,18
953,654301,11,12,T,d,DNA,True,False,False,False,18
953,654301,12,13,T,d,DNA,True,False,False,False,18
953,654301,13,14,C,M,MOE,False,True,False,True,18
953,654301,14,15,A,M,MOE,False,True,False,True,18
953,654301,15,16,C,M,MOE,False,True,False,True,18
953,654301,16,17,T,M,MOE,False,True,False,True,18
953,654301,17,18,G,M,MOE,False,True,False,True,18
954,654302,0,1,C,M,MOE,False,True,False,True,18
954,654302,1,2,T,M,MOE,False,True,False,True,18
954,654302,2,3,T,M,MOE,False,True,False,True,18
954,654302,3,4,C,M,MOE,False,True,False,True,18
954,654302,4,5,C,M,MOE,False,True,False,True,18
954,654302,5,6,C,d,DNA,True,False,False,False,18
954,654302,6,7,C,d,DNA,True,False,False,False,18
954,654302,7,8,A,d,DNA,True,False,False,False,18
954,654302,8,9,C,d,DNA,True,False,False,False,18
954,654302,9,10,A,d,DNA,True,False,False,False,18
954,654302,10,11,C,d,DNA,True,False,False,False,18
954,654302,11,12,C,d,DNA,True,False,False,False,18
954,654302,12,13,T,d,DNA,True,False,False,False,18
954,654302,13,14,T,M,MOE,False,True,False,True,18
954,654302,14,15,C,M,MOE,False,True,False,True,18
954,654302,15,16,A,M,MOE,False,True,False,True,18
954,654302,16,17,C,M,MOE,False,True,False,True,18
954,654302,17,18,T,M,MOE,False,True,False,True,18
955,654303,0,1,G,M,MOE,False,True,False,True,18
955,654303,1,2,C,M,MOE,False,True,False,True,18
955,654303,2,3,T,M,MOE,False,True,False,True,18
955,654303,3,4,T,M,MOE,False,True,False,True,18
955,654303,4,5,C,M,MOE,False,True,False,True,18
955,654303,5,6,C,d,DNA,True,False,False,False,18
955,654303,6,7,C,d,DNA,True,False,False,False,18
955,654303,7,8,C,d,DNA,True,False,False,False,18
955,654303,8,9,A,d,DNA,True,False,False,False,18
955,654303,9,10,C,d,DNA,True,False,False,False,18
955,654303,10,11,A,d,DNA,True,False,False,False,18
955,654303,11,12,C,d,DNA,True,False,False,False,18
955,654303,12,13,C,d,DNA,True,False,False,False,18
955,654303,13,14,T,M,MOE,False,True,False,True,18
955,654303,14,15,T,M,MOE,False,True,False,True,18
955,654303,15,16,C,M,MOE,False,True,False,True,18
955,654303,16,17,A,M,MOE,False,True,False,True,18
955,654303,17,18,C,M,MOE,False,True,False,True,18
956,654304,0,1,A,M,MOE,False,True,False,True,18
956,654304,1,2,T,M,MOE,False,True,False,True,18
956,654304,2,3,A,M,MOE,False,True,False,True,18
956,654304,3,4,C,M,MOE,False,True,False,True,18
956,654304,4,5,A,M,MOE,False,True,False,True,18
956,654304,5,6,T,d,DNA,True,False,False,False,18
956,654304,6,7,T,d,DNA,True,False,False,False,18
956,654304,7,8,T,d,DNA,True,False,False,False,18
956,654304,8,9,C,d,DNA,True,False,False,False,18
956,654304,9,10,T,d,DNA,True,False,False,False,18
956,654304,10,11,A,d,DNA,True,False,False,False,18
956,654304,11,12,C,d,DNA,True,False,False,False,18
956,654304,12,13,A,d,DNA,True,False,False,False,18
956,654304,13,14,G,M,MOE,False,True,False,True,18
956,654304,14,15,C,M,MOE,False,True,False,True,18
956,654304,15,16,T,M,MOE,False,True,False,True,18
956,654304,16,17,A,M,MOE,False,True,False,True,18
956,654304,17,18,G,M,MOE,False,True,False,True,18
957,654305,0,1,G,M,MOE,False,True,False,True,18
957,654305,1,2,A,M,MOE,False,True,False,True,18
957,654305,2,3,T,M,MOE,False,True,False,True,18
957,654305,3,4,A,M,MOE,False,True,False,True,18
957,654305,4,5,C,M,MOE,False,True,False,True,18
957,654305,5,6,A,d,DNA,True,False,False,False,18
957,654305,6,7,T,d,DNA,True,False,False,False,18
957,654305,7,8,T,d,DNA,True,False,False,False,18
957,654305,8,9,T,d,DNA,True,False,False,False,18
957,654305,9,10,C,d,DNA,True,False,False,False,18
957,654305,10,11,T,d,DNA,True,False,False,False,18
957,654305,11,12,A,d,DNA,True,False,False,False,18
957,654305,12,13,C,d,DNA,True,False,False,False,18
957,654305,13,14,A,M,MOE,False,True,False,True,18
957,654305,14,15,G,M,MOE,False,True,False,True,18
957,654305,15,16,C,M,MOE,False,True,False,True,18
957,654305,16,17,T,M,MOE,False,True,False,True,18
957,654305,17,18,A,M,MOE,False,True,False,True,18
958,654306,0,1,G,M,MOE,False,True,False,True,18
958,654306,1,2,G,M,MOE,False,True,False,True,18
958,654306,2,3,A,M,MOE,False,True,False,True,18
958,654306,3,4,T,M,MOE,False,True,False,True,18
958,654306,4,5,A,M,MOE,False,True,False,True,18
958,654306,5,6,C,d,DNA,True,False,False,False,18
958,654306,6,7,A,d,DNA,True,False,False,False,18
958,654306,7,8,T,d,DNA,True,False,False,False,18
958,654306,8,9,T,d,DNA,True,False,False,False,18
958,654306,9,10,T,d,DNA,True,False,False,False,18
958,654306,10,11,C,d,DNA,True,False,False,False,18
958,654306,11,12,T,d,DNA,True,False,False,False,18
958,654306,12,13,A,d,DNA,True,False,False,False,18
958,654306,13,14,C,M,MOE,False,True,False,True,18
958,654306,14,15,A,M,MOE,False,True,False,True,18
958,654306,15,16,G,M,MOE,False,True,False,True,18
958,654306,16,17,C,M,MOE,False,True,False,True,18
958,654306,17,18,T,M,MOE,False,True,False,True,18
959,654307,0,1,A,M,MOE,False,True,False,True,18
959,654307,1,2,G,M,MOE,False,True,False,True,18
959,654307,2,3,G,M,MOE,False,True,False,True,18
959,654307,3,4,A,M,MOE,False,True,False,True,18
959,654307,4,5,T,M,MOE,False,True,False,True,18
959,654307,5,6,A,d,DNA,True,False,False,False,18
959,654307,6,7,C,d,DNA,True,False,False,False,18
959,654307,7,8,A,d,DNA,True,False,False,False,18
959,654307,8,9,T,d,DNA,True,False,False,False,18
959,654307,9,10,T,d,DNA,True,False,False,False,18
959,654307,10,11,T,d,DNA,True,False,False,False,18
959,654307,11,12,C,d,DNA,True,False,False,False,18
959,654307,12,13,T,d,DNA,True,False,False,False,18
959,654307,13,14,A,M,MOE,False,True,False,True,18
959,654307,14,15,C,M,MOE,False,True,False,True,18
959,654307,15,16,A,M,MOE,False,True,False,True,18
959,654307,16,17,G,M,MOE,False,True,False,True,18
959,654307,17,18,C,M,MOE,False,True,False,True,18
960,654308,0,1,C,M,MOE,False,True,False,True,18
960,654308,1,2,A,M,MOE,False,True,False,True,18
960,654308,2,3,G,M,MOE,False,True,False,True,18
960,654308,3,4,G,M,MOE,False,True,False,True,18
960,654308,4,5,A,M,MOE,False,True,False,True,18
960,654308,5,6,T,d,DNA,True,False,False,False,18
960,654308,6,7,A,d,DNA,True,False,False,False,18
960,654308,7,8,C,d,DNA,True,False,False,False,18
960,654308,8,9,A,d,DNA,True,False,False,False,18
960,654308,9,10,T,d,DNA,True,False,False,False,18
960,654308,10,11,T,d,DNA,True,False,False,False,18
960,654308,11,12,T,d,DNA,True,False,False,False,18
960,654308,12,13,C,d,DNA,True,False,False,False,18
960,654308,13,14,T,M,MOE,False,True,False,True,18
960,654308,14,15,A,M,MOE,False,True,False,True,18
960,654308,15,16,C,M,MOE,False,True,False,True,18
960,654308,16,17,A,M,MOE,False,True,False,True,18
960,654308,17,18,G,M,MOE,False,True,False,True,18
961,654309,0,1,T,M,MOE,False,True,False,True,18
961,654309,1,2,T,M,MOE,False,True,False,True,18
961,654309,2,3,A,M,MOE,False,True,False,True,18
961,654309,3,4,A,M,MOE,False,True,False,True,18
961,654309,4,5,T,M,MOE,False,True,False,True,18
961,654309,5,6,G,d,DNA,True,False,False,False,18
961,654309,6,7,T,d,DNA,True,False,False,False,18
961,654309,7,8,T,d,DNA,True,False,False,False,18
961,654309,8,9,T,d,DNA,True,False,False,False,18
961,654309,9,10,A,d,DNA,True,False,False,False,18
961,654309,10,11,T,d,DNA,True,False,False,False,18
961,654309,11,12,C,d,DNA,True,False,False,False,18
961,654309,12,13,A,d,DNA,True,False,False,False,18
961,654309,13,14,G,M,MOE,False,True,False,True,18
961,654309,14,15,G,M,MOE,False,True,False,True,18
961,654309,15,16,A,M,MOE,False,True,False,True,18
961,654309,16,17,T,M,MOE,False,True,False,True,18
961,654309,17,18,A,M,MOE,False,True,False,True,18
962,654310,0,1,T,M,MOE,False,True,False,True,18
962,654310,1,2,T,M,MOE,False,True,False,True,18
962,654310,2,3,T,M,MOE,False,True,False,True,18
962,654310,3,4,A,M,MOE,False,True,False,True,18
962,654310,4,5,A,M,MOE,False,True,False,True,18
962,654310,5,6,T,d,DNA,True,False,False,False,18
962,654310,6,7,G,d,DNA,True,False,False,False,18
962,654310,7,8,T,d,DNA,True,False,False,False,18
962,654310,8,9,T,d,DNA,True,False,False,False,18
962,654310,9,10,T,d,DNA,True,False,False,False,18
962,654310,10,11,A,d,DNA,True,False,False,False,18
962,654310,11,12,T,d,DNA,True,False,False,False,18
962,654310,12,13,C,d,DNA,True,False,False,False,18
962,654310,13,14,A,M,MOE,False,True,False,True,18
962,654310,14,15,G,M,MOE,False,True,False,True,18
962,654310,15,16,G,M,MOE,False,True,False,True,18
962,654310,16,17,A,M,MOE,False,True,False,True,18
962,654310,17,18,T,M,MOE,False,True,False,True,18
963,654311,0,1,G,M,MOE,False,True,False,True,18
963,654311,1,2,T,M,MOE,False,True,False,True,18
963,654311,2,3,T,M,MOE,False,True,False,True,18
963,654311,3,4,T,M,MOE,False,True,False,True,18
963,654311,4,5,A,M,MOE,False,True,False,True,18
963,654311,5,6,A,d,DNA,True,False,False,False,18
963,654311,6,7,T,d,DNA,True,False,False,False,18
963,654311,7,8,G,d,DNA,True,False,False,False,18
963,654311,8,9,T,d,DNA,True,False,False,False,18
963,654311,9,10,T,d,DNA,True,False,False,False,18
963,654311,10,11,T,d,DNA,True,False,False,False,18
963,654311,11,12,A,d,DNA,True,False,False,False,18
963,654311,12,13,T,d,DNA,True,False,False,False,18
963,654311,13,14,C,M,MOE,False,True,False,True,18
963,654311,14,15,A,M,MOE,False,True,False,True,18
963,654311,15,16,G,M,MOE,False,True,False,True,18
963,654311,16,17,G,M,MOE,False,True,False,True,18
963,654311,17,18,A,M,MOE,False,True,False,True,18
964,654312,0,1,T,M,MOE,False,True,False,True,18
964,654312,1,2,G,M,MOE,False,True,False,True,18
964,654312,2,3,T,M,MOE,False,True,False,True,18
964,654312,3,4,T,M,MOE,False,True,False,True,18
964,654312,4,5,T,M,MOE,False,True,False,True,18
964,654312,5,6,A,d,DNA,True,False,False,False,18
964,654312,6,7,A,d,DNA,True,False,False,False,18
964,654312,7,8,T,d,DNA,True,False,False,False,18
964,654312,8,9,G,d,DNA,True,False,False,False,18
964,654312,9,10,T,d,DNA,True,False,False,False,18
964,654312,10,11,T,d,DNA,True,False,False,False,18
964,654312,11,12,T,d,DNA,True,False,False,False,18
964,654312,12,13,A,d,DNA,True,False,False,False,18
964,654312,13,14,T,M,MOE,False,True,False,True,18
964,654312,14,15,C,M,MOE,False,True,False,True,18
964,654312,15,16,A,M,MOE,False,True,False,True,18
964,654312,16,17,G,M,MOE,False,True,False,True,18
964,654312,17,18,G,M,MOE,False,True,False,True,18
965,654313,0,1,G,M,MOE,False,True,False,True,18
965,654313,1,2,T,M,MOE,False,True,False,True,18
965,654313,2,3,G,M,MOE,False,True,False,True,18
965,654313,3,4,T,M,MOE,False,True,False,True,18
965,654313,4,5,T,M,MOE,False,True,False,True,18
965,654313,5,6,T,d,DNA,True,False,False,False,18
965,654313,6,7,A,d,DNA,True,False,False,False,18
965,654313,7,8,A,d,DNA,True,False,False,False,18
965,654313,8,9,T,d,DNA,True,False,False,False,18
965,654313,9,10,G,d,DNA,True,False,False,False,18
965,654313,10,11,T,d,DNA,True,False,False,False,18
965,654313,11,12,T,d,DNA,True,False,False,False,18
965,654313,12,13,T,d,DNA,True,False,False,False,18
965,654313,13,14,A,M,MOE,False,True,False,True,18
965,654313,14,15,T,M,MOE,False,True,False,True,18
965,654313,15,16,C,M,MOE,False,True,False,True,18
965,654313,16,17,A,M,MOE,False,True,False,True,18
965,654313,17,18,G,M,MOE,False,True,False,True,18
966,654314,0,1,A,M,MOE,False,True,False,True,18
966,654314,1,2,G,M,MOE,False,True,False,True,18
966,654314,2,3,T,M,MOE,False,True,False,True,18
966,654314,3,4,G,M,MOE,False,True,False,True,18
966,654314,4,5,T,M,MOE,False,True,False,True,18
966,654314,5,6,T,d,DNA,True,False,False,False,18
966,654314,6,7,T,d,DNA,True,False,False,False,18
966,654314,7,8,A,d,DNA,True,False,False,False,18
966,654314,8,9,A,d,DNA,True,False,False,False,18
966,654314,9,10,T,d,DNA,True,False,False,False,18
966,654314,10,11,G,d,DNA,True,False,False,False,18
966,654314,11,12,T,d,DNA,True,False,False,False,18
966,654314,12,13,T,d,DNA,True,False,False,False,18
966,654314,13,14,T,M,MOE,False,True,False,True,18
966,654314,14,15,A,M,MOE,False,True,False,True,18
966,654314,15,16,T,M,MOE,False,True,False,True,18
966,654314,16,17,C,M,MOE,False,True,False,True,18
966,654314,17,18,A,M,MOE,False,True,False,True,18
967,654315,0,1,C,M,MOE,False,True,False,True,18
967,654315,1,2,A,M,MOE,False,True,False,True,18
967,654315,2,3,G,M,MOE,False,True,False,True,18
967,654315,3,4,T,M,MOE,False,True,False,True,18
967,654315,4,5,G,M,MOE,False,True,False,True,18
967,654315,5,6,T,d,DNA,True,False,False,False,18
967,654315,6,7,T,d,DNA,True,False,False,False,18
967,654315,7,8,T,d,DNA,True,False,False,False,18
967,654315,8,9,A,d,DNA,True,False,False,False,18
967,654315,9,10,A,d,DNA,True,False,False,False,18
967,654315,10,11,T,d,DNA,True,False,False,False,18
967,654315,11,12,G,d,DNA,True,False,False,False,18
967,654315,12,13,T,d,DNA,True,False,False,False,18
967,654315,13,14,T,M,MOE,False,True,False,True,18
967,654315,14,15,T,M,MOE,False,True,False,True,18
967,654315,15,16,A,M,MOE,False,True,False,True,18
967,654315,16,17,T,M,MOE,False,True,False,True,18
967,654315,17,18,C,M,MOE,False,True,False,True,18
968,654316,0,1,A,M,MOE,False,True,False,True,18
968,654316,1,2,C,M,MOE,False,True,False,True,18
968,654316,2,3,A,M,MOE,False,True,False,True,18
968,654316,3,4,G,M,MOE,False,True,False,True,18
968,654316,4,5,T,M,MOE,False,True,False,True,18
968,654316,5,6,G,d,DNA,True,False,False,False,18
968,654316,6,7,T,d,DNA,True,False,False,False,18
968,654316,7,8,T,d,DNA,True,False,False,False,18
968,654316,8,9,T,d,DNA,True,False,False,False,18
968,654316,9,10,A,d,DNA,True,False,False,False,18
968,654316,10,11,A,d,DNA,True,False,False,False,18
968,654316,11,12,T,d,DNA,True,False,False,False,18
968,654316,12,13,G,d,DNA,True,False,False,False,18
968,654316,13,14,T,M,MOE,False,True,False,True,18
968,654316,14,15,T,M,MOE,False,True,False,True,18
968,654316,15,16,T,M,MOE,False,True,False,True,18
968,654316,16,17,A,M,MOE,False,True,False,True,18
968,654316,17,18,T,M,MOE,False,True,False,True,18
969,654317,0,1,T,M,MOE,False,True,False,True,18
969,654317,1,2,A,M,MOE,False,True,False,True,18
969,654317,2,3,C,M,MOE,False,True,False,True,18
969,654317,3,4,A,M,MOE,False,True,False,True,18
969,654317,4,5,G,M,MOE,False,True,False,True,18
969,654317,5,6,T,d,DNA,True,False,False,False,18
969,654317,6,7,G,d,DNA,True,False,False,False,18
969,654317,7,8,T,d,DNA,True,False,False,False,18
969,654317,8,9,T,d,DNA,True,False,False,False,18
969,654317,9,10,T,d,DNA,True,False,False,False,18
969,654317,10,11,A,d,DNA,True,False,False,False,18
969,654317,11,12,A,d,DNA,True,False,False,False,18
969,654317,12,13,T,d,DNA,True,False,False,False,18
969,654317,13,14,G,M,MOE,False,True,False,True,18
969,654317,14,15,T,M,MOE,False,True,False,True,18
969,654317,15,16,T,M,MOE,False,True,False,True,18
969,654317,16,17,T,M,MOE,False,True,False,True,18
969,654317,17,18,A,M,MOE,False,True,False,True,18
970,654318,0,1,T,M,MOE,False,True,False,True,18
970,654318,1,2,T,M,MOE,False,True,False,True,18
970,654318,2,3,A,M,MOE,False,True,False,True,18
970,654318,3,4,C,M,MOE,False,True,False,True,18
970,654318,4,5,A,M,MOE,False,True,False,True,18
970,654318,5,6,G,d,DNA,True,False,False,False,18
970,654318,6,7,T,d,DNA,True,False,False,False,18
970,654318,7,8,G,d,DNA,True,False,False,False,18
970,654318,8,9,T,d,DNA,True,False,False,False,18
970,654318,9,10,T,d,DNA,True,False,False,False,18
970,654318,10,11,T,d,DNA,True,False,False,False,18
970,654318,11,12,A,d,DNA,True,False,False,False,18
970,654318,12,13,A,d,DNA,True,False,False,False,18
970,654318,13,14,T,M,MOE,False,True,False,True,18
970,654318,14,15,G,M,MOE,False,True,False,True,18
970,654318,15,16,T,M,MOE,False,True,False,True,18
970,654318,16,17,T,M,MOE,False,True,False,True,18
970,654318,17,18,T,M,MOE,False,True,False,True,18
971,654319,0,1,T,C,cEt,False,False,True,True,16
971,654319,1,2,C,M,MOE,False,True,False,True,16
971,654319,2,3,C,C,cEt,False,False,True,True,16
971,654319,3,4,C,M,MOE,False,True,False,True,16
971,654319,4,5,C,d,DNA,True,False,False,False,16
971,654319,5,6,A,d,DNA,True,False,False,False,16
971,654319,6,7,C,d,DNA,True,False,False,False,16
971,654319,7,8,A,d,DNA,True,False,False,False,16
971,654319,8,9,C,d,DNA,True,False,False,False,16
971,654319,9,10,C,d,DNA,True,False,False,False,16
971,654319,10,11,T,d,DNA,True,False,False,False,16
971,654319,11,12,T,d,DNA,True,False,False,False,16
971,654319,12,13,C,M,MOE,False,True,False,True,16
971,654319,13,14,A,C,cEt,False,False,True,True,16
971,654319,14,15,C,M,MOE,False,True,False,True,16
971,654319,15,16,T,C,cEt,False,False,True,True,16
972,654320,0,1,T,C,cEt,False,False,True,True,16
972,654320,1,2,T,M,MOE,False,True,False,True,16
972,654320,2,3,C,C,cEt,False,False,True,True,16
972,654320,3,4,C,M,MOE,False,True,False,True,16
972,654320,4,5,C,d,DNA,True,False,False,False,16
972,654320,5,6,C,d,DNA,True,False,False,False,16
972,654320,6,7,A,d,DNA,True,False,False,False,16
972,654320,7,8,C,d,DNA,True,False,False,False,16
972,654320,8,9,A,d,DNA,True,False,False,False,16
972,654320,9,10,C,d,DNA,True,False,False,False,16
972,654320,10,11,C,d,DNA,True,False,False,False,16
972,654320,11,12,T,d,DNA,True,False,False,False,16
972,654320,12,13,T,M,MOE,False,True,False,True,16
972,654320,13,14,C,C,cEt,False,False,True,True,16
972,654320,14,15,A,M,MOE,False,True,False,True,16
972,654320,15,16,C,C,cEt,False,False,True,True,16
973,654321,0,1,C,C,cEt,False,False,True,True,16
973,654321,1,2,T,M,MOE,False,True,False,True,16
973,654321,2,3,T,C,cEt,False,False,True,True,16
973,654321,3,4,C,M,MOE,False,True,False,True,16
973,654321,4,5,C,d,DNA,True,False,False,False,16
973,654321,5,6,C,d,DNA,True,False,False,False,16
973,654321,6,7,C,d,DNA,True,False,False,False,16
973,654321,7,8,A,d,DNA,True,False,False,False,16
973,654321,8,9,C,d,DNA,True,False,False,False,16
973,654321,9,10,A,d,DNA,True,False,False,False,16
973,654321,10,11,C,d,DNA,True,False,False,False,16
973,654321,11,12,C,d,DNA,True,False,False,False,16
973,654321,12,13,T,M,MOE,False,True,False,True,16
973,654321,13,14,T,C,cEt,False,False,True,True,16
973,654321,14,15,C,M,MOE,False,True,False,True,16
973,654321,15,16,A,C,cEt,False,False,True,True,16
974,654322,0,1,T,C,cEt,False,False,True,True,16
974,654322,1,2,A,M,MOE,False,True,False,True,16
974,654322,2,3,C,C,cEt,False,False,True,True,16
974,654322,3,4,A,M,MOE,False,True,False,True,16
974,654322,4,5,T,d,DNA,True,False,False,False,16
974,654322,5,6,T,d,DNA,True,False,False,False,16
974,654322,6,7,T,d,DNA,True,False,False,False,16
974,654322,7,8,C,d,DNA,True,False,False,False,16
974,654322,8,9,T,d,DNA,True,False,False,False,16
974,654322,9,10,A,d,DNA,True,False,False,False,16
974,654322,10,11,C,d,DNA,True,False,False,False,16
974,654322,11,12,A,d,DNA,True,False,False,False,16
974,654322,12,13,G,M,MOE,False,True,False,True,16
974,654322,13,14,C,C,cEt,False,False,True,True,16
974,654322,14,15,T,M,MOE,False,True,False,True,16
974,654322,15,16,A,C,cEt,False,False,True,True,16
975,654323,0,1,A,C,cEt,False,False,True,True,16
975,654323,1,2,T,M,MOE,False,True,False,True,16
975,654323,2,3,A,C,cEt,False,False,True,True,16
975,654323,3,4,C,M,MOE,False,True,False,True,16
975,654323,4,5,A,d,DNA,True,False,False,False,16
975,654323,5,6,T,d,DNA,True,False,False,False,16
975,654323,6,7,T,d,DNA,True,False,False,False,16
975,654323,7,8,T,d,DNA,True,False,False,False,16
975,654323,8,9,C,d,DNA,True,False,False,False,16
975,654323,9,10,T,d,DNA,True,False,False,False,16
975,654323,10,11,A,d,DNA,True,False,False,False,16
975,654323,11,12,C,d,DNA,True,False,False,False,16
975,654323,12,13,A,M,MOE,False,True,False,True,16
975,654323,13,14,G,C,cEt,False,False,True,True,16
975,654323,14,15,C,M,MOE,False,True,False,True,16
975,654323,15,16,T,C,cEt,False,False,True,True,16
976,654324,0,1,G,C,cEt,False,False,True,True,16
976,654324,1,2,A,M,MOE,False,True,False,True,16
976,654324,2,3,T,C,cEt,False,False,True,True,16
976,654324,3,4,A,M,MOE,False,True,False,True,16
976,654324,4,5,C,d,DNA,True,False,False,False,16
976,654324,5,6,A,d,DNA,True,False,False,False,16
976,654324,6,7,T,d,DNA,True,False,False,False,16
976,654324,7,8,T,d,DNA,True,False,False,False,16
976,654324,8,9,T,d,DNA,True,False,False,False,16
976,654324,9,10,C,d,DNA,True,False,False,False,16
976,654324,10,11,T,d,DNA,True,False,False,False,16
976,654324,11,12,A,d,DNA,True,False,False,False,16
976,654324,12,13,C,M,MOE,False,True,False,True,16
976,654324,13,14,A,C,cEt,False,False,True,True,16
976,654324,14,15,G,M,MOE,False,True,False,True,16
976,654324,15,16,C,C,cEt,False,False,True,True,16
977,654325,0,1,G,C,cEt,False,False,True,True,16
977,654325,1,2,G,M,MOE,False,True,False,True,16
977,654325,2,3,A,C,cEt,False,False,True,True,16
977,654325,3,4,T,M,MOE,False,True,False,True,16
977,654325,4,5,A,d,DNA,True,False,False,False,16
977,654325,5,6,C,d,DNA,True,False,False,False,16
977,654325,6,7,A,d,DNA,True,False,False,False,16
977,654325,7,8,T,d,DNA,True,False,False,False,16
977,654325,8,9,T,d,DNA,True,False,False,False,16
977,654325,9,10,T,d,DNA,True,False,False,False,16
977,654325,10,11,C,d,DNA,True,False,False,False,16
977,654325,11,12,T,d,DNA,True,False,False,False,16
977,654325,12,13,A,M,MOE,False,True,False,True,16
977,654325,13,14,C,C,cEt,False,False,True,True,16
977,654325,14,15,A,M,MOE,False,True,False,True,16
977,654325,15,16,G,C,cEt,False,False,True,True,16
978,654326,0,1,T,C,cEt,False,False,True,True,16
978,654326,1,2,A,M,MOE,False,True,False,True,16
978,654326,2,3,A,C,cEt,False,False,True,True,16
978,654326,3,4,T,M,MOE,False,True,False,True,16
978,654326,4,5,G,d,DNA,True,False,False,False,16
978,654326,5,6,T,d,DNA,True,False,False,False,16
978,654326,6,7,T,d,DNA,True,False,False,False,16
978,654326,7,8,T,d,DNA,True,False,False,False,16
978,654326,8,9,A,d,DNA,True,False,False,False,16
978,654326,9,10,T,d,DNA,True,False,False,False,16
978,654326,10,11,C,d,DNA,True,False,False,False,16
978,654326,11,12,A,d,DNA,True,False,False,False,16
978,654326,12,13,G,M,MOE,False,True,False,True,16
978,654326,13,14,G,C,cEt,False,False,True,True,16
978,654326,14,15,A,M,MOE,False,True,False,True,16
978,654326,15,16,T,C,cEt,False,False,True,True,16
979,654327,0,1,T,C,cEt,False,False,True,True,16
979,654327,1,2,T,M,MOE,False,True,False,True,16
979,654327,2,3,A,C,cEt,False,False,True,True,16
979,654327,3,4,A,M,MOE,False,True,False,True,16
979,654327,4,5,T,d,DNA,True,False,False,False,16
979,654327,5,6,G,d,DNA,True,False,False,False,16
979,654327,6,7,T,d,DNA,True,False,False,False,16
979,654327,7,8,T,d,DNA,True,False,False,False,16
979,654327,8,9,T,d,DNA,True,False,False,False,16
979,654327,9,10,A,d,DNA,True,False,False,False,16
979,654327,10,11,T,d,DNA,True,False,False,False,16
979,654327,11,12,C,d,DNA,True,False,False,False,16
979,654327,12,13,A,M,MOE,False,True,False,True,16
979,654327,13,14,G,C,cEt,False,False,True,True,16
979,654327,14,15,G,M,MOE,False,True,False,True,16
979,654327,15,16,A,C,cEt,False,False,True,True,16
980,654328,0,1,T,C,cEt,False,False,True,True,16
980,654328,1,2,T,M,MOE,False,True,False,True,16
980,654328,2,3,T,C,cEt,False,False,True,True,16
980,654328,3,4,A,M,MOE,False,True,False,True,16
980,654328,4,5,A,d,DNA,True,False,False,False,16
980,654328,5,6,T,d,DNA,True,False,False,False,16
980,654328,6,7,G,d,DNA,True,False,False,False,16
980,654328,7,8,T,d,DNA,True,False,False,False,16
980,654328,8,9,T,d,DNA,True,False,False,False,16
980,654328,9,10,T,d,DNA,True,False,False,False,16
980,654328,10,11,A,d,DNA,True,False,False,False,16
980,654328,11,12,T,d,DNA,True,False,False,False,16
980,654328,12,13,C,M,MOE,False,True,False,True,16
980,654328,13,14,A,C,cEt,False,False,True,True,16
980,654328,14,15,G,M,MOE,False,True,False,True,16
980,654328,15,16,G,C,cEt,False,False,True,True,16
981,654329,0,1,G,C,cEt,False,False,True,True,16
981,654329,1,2,T,M,MOE,False,True,False,True,16
981,654329,2,3,T,C,cEt,False,False,True,True,16
981,654329,3,4,T,M,MOE,False,True,False,True,16
981,654329,4,5,A,d,DNA,True,False,False,False,16
981,654329,5,6,A,d,DNA,True,False,False,False,16
981,654329,6,7,T,d,DNA,True,False,False,False,16
981,654329,7,8,G,d,DNA,True,False,False,False,16
981,654329,8,9,T,d,DNA,True,False,False,False,16
981,654329,9,10,T,d,DNA,True,False,False,False,16
981,654329,10,11,T,d,DNA,True,False,False,False,16
981,654329,11,12,A,d,DNA,True,False,False,False,16
981,654329,12,13,T,M,MOE,False,True,False,True,16
981,654329,13,14,C,C,cEt,False,False,True,True,16
981,654329,14,15,A,M,MOE,False,True,False,True,16
981,654329,15,16,G,C,cEt,False,False,True,True,16
982,654330,0,1,T,C,cEt,False,False,True,True,16
982,654330,1,2,G,M,MOE,False,True,False,True,16
982,654330,2,3,T,C,cEt,False,False,True,True,16
982,654330,3,4,T,M,MOE,False,True,False,True,16
982,654330,4,5,T,d,DNA,True,False,False,False,16
982,654330,5,6,A,d,DNA,True,False,False,False,16
982,654330,6,7,A,d,DNA,True,False,False,False,16
982,654330,7,8,T,d,DNA,True,False,False,False,16
982,654330,8,9,G,d,DNA,True,False,False,False,16
982,654330,9,10,T,d,DNA,True,False,False,False,16
982,654330,10,11,T,d,DNA,True,False,False,False,16
982,654330,11,12,T,d,DNA,True,False,False,False,16
982,654330,12,13,A,M,MOE,False,True,False,True,16
982,654330,13,14,T,C,cEt,False,False,True,True,16
982,654330,14,15,C,M,MOE,False,True,False,True,16
982,654330,15,16,A,C,cEt,False,False,True,True,16
983,654331,0,1,G,C,cEt,False,False,True,True,16
983,654331,1,2,T,M,MOE,False,True,False,True,16
983,654331,2,3,G,C,cEt,False,False,True,True,16
983,654331,3,4,T,M,MOE,False,True,False,True,16
983,654331,4,5,T,d,DNA,True,False,False,False,16
983,654331,5,6,T,d,DNA,True,False,False,False,16
983,654331,6,7,A,d,DNA,True,False,False,False,16
983,654331,7,8,A,d,DNA,True,False,False,False,16
983,654331,8,9,T,d,DNA,True,False,False,False,16
983,654331,9,10,G,d,DNA,True,False,False,False,16
983,654331,10,11,T,d,DNA,True,False,False,False,16
983,654331,11,12,T,d,DNA,True,False,False,False,16
983,654331,12,13,T,M,MOE,False,True,False,True,16
983,654331,13,14,A,C,cEt,False,False,True,True,16
983,654331,14,15,T,M,MOE,False,True,False,True,16
983,654331,15,16,C,C,cEt,False,False,True,True,16
984,654332,0,1,A,C,cEt,False,False,True,True,16
984,654332,1,2,G,M,MOE,False,True,False,True,16
984,654332,2,3,T,C,cEt,False,False,True,True,16
984,654332,3,4,G,M,MOE,False,True,False,True,16
984,654332,4,5,T,d,DNA,True,False,False,False,16
984,654332,5,6,T,d,DNA,True,False,False,False,16
984,654332,6,7,T,d,DNA,True,False,False,False,16
984,654332,7,8,A,d,DNA,True,False,False,False,16
984,654332,8,9,A,d,DNA,True,False,False,False,16
984,654332,9,10,T,d,DNA,True,False,False,False,16
984,654332,10,11,G,d,DNA,True,False,False,False,16
984,654332,11,12,T,d,DNA,True,False,False,False,16
984,654332,12,13,T,M,MOE,False,True,False,True,16
984,654332,13,14,T,C,cEt,False,False,True,True,16
984,654332,14,15,A,M,MOE,False,True,False,True,16
984,654332,15,16,T,C,cEt,False,False,True,True,16
985,654333,0,1,C,C,cEt,False,False,True,True,16
985,654333,1,2,A,M,MOE,False,True,False,True,16
985,654333,2,3,G,C,cEt,False,False,True,True,16
985,654333,3,4,T,M,MOE,False,True,False,True,16
985,654333,4,5,G,d,DNA,True,False,False,False,16
985,654333,5,6,T,d,DNA,True,False,False,False,16
985,654333,6,7,T,d,DNA,True,False,False,False,16
985,654333,7,8,T,d,DNA,True,False,False,False,16
985,654333,8,9,A,d,DNA,True,False,False,False,16
985,654333,9,10,A,d,DNA,True,False,False,False,16
985,654333,10,11,T,d,DNA,True,False,False,False,16
985,654333,11,12,G,d,DNA,True,False,False,False,16
985,654333,12,13,T,M,MOE,False,True,False,True,16
985,654333,13,14,T,C,cEt,False,False,True,True,16
985,654333,14,15,T,M,MOE,False,True,False,True,16
985,654333,15,16,A,C,cEt,False,False,True,True,16
986,654334,0,1,A,C,cEt,False,False,True,True,16
986,654334,1,2,C,M,MOE,False,True,False,True,16
986,654334,2,3,A,C,cEt,False,False,True,True,16
986,654334,3,4,G,M,MOE,False,True,False,True,16
986,654334,4,5,T,d,DNA,True,False,False,False,16
986,654334,5,6,G,d,DNA,True,False,False,False,16
986,654334,6,7,T,d,DNA,True,False,False,False,16
986,654334,7,8,T,d,DNA,True,False,False,False,16
986,654334,8,9,T,d,DNA,True,False,False,False,16
986,654334,9,10,A,d,DNA,True,False,False,False,16
986,654334,10,11,A,d,DNA,True,False,False,False,16
986,654334,11,12,T,d,DNA,True,False,False,False,16
986,654334,12,13,G,M,MOE,False,True,False,True,16
986,654334,13,14,T,C,cEt,False,False,True,True,16
986,654334,14,15,T,M,MOE,False,True,False,True,16
986,654334,15,16,T,C,cEt,False,False,True,True,16
987,654335,0,1,C,M,MOE,False,True,False,True,16
987,654335,1,2,C,C,cEt,False,False,True,True,16
987,654335,2,3,C,d,DNA,True,False,False,False,16
987,654335,3,4,A,d,DNA,True,False,False,False,16
987,654335,4,5,C,d,DNA,True,False,False,False,16
987,654335,5,6,A,d,DNA,True,False,False,False,16
987,654335,6,7,C,d,DNA,True,False,False,False,16
987,654335,7,8,C,d,DNA,True,False,False,False,16
987,654335,8,9,T,d,DNA,True,False,False,False,16
987,654335,9,10,T,d,DNA,True,False,False,False,16
987,654335,10,11,C,M,MOE,False,True,False,True,16
987,654335,11,12,A,C,cEt,False,False,True,True,16
987,654335,12,13,C,M,MOE,False,True,False,True,16
987,654335,13,14,T,C,cEt,False,False,True,True,16
987,654335,14,15,G,M,MOE,False,True,False,True,16
987,654335,15,16,G,M,MOE,False,True,False,True,16
988,654336,0,1,C,M,MOE,False,True,False,True,16
988,654336,1,2,C,C,cEt,False,False,True,True,16
988,654336,2,3,C,d,DNA,True,False,False,False,16
988,654336,3,4,C,d,DNA,True,False,False,False,16
988,654336,4,5,A,d,DNA,True,False,False,False,16
988,654336,5,6,C,d,DNA,True,False,False,False,16
988,654336,6,7,A,d,DNA,True,False,False,False,16
988,654336,7,8,C,d,DNA,True,False,False,False,16
988,654336,8,9,C,d,DNA,True,False,False,False,16
988,654336,9,10,T,d,DNA,True,False,False,False,16
988,654336,10,11,T,M,MOE,False,True,False,True,16
988,654336,11,12,C,C,cEt,False,False,True,True,16
988,654336,12,13,A,M,MOE,False,True,False,True,16
988,654336,13,14,C,C,cEt,False,False,True,True,16
988,654336,14,15,T,M,MOE,False,True,False,True,16
988,654336,15,16,G,M,MOE,False,True,False,True,16
989,654337,0,1,T,M,MOE,False,True,False,True,16
989,654337,1,2,C,C,cEt,False,False,True,True,16
989,654337,2,3,C,d,DNA,True,False,False,False,16
989,654337,3,4,C,d,DNA,True,False,False,False,16
989,654337,4,5,C,d,DNA,True,False,False,False,16
989,654337,5,6,A,d,DNA,True,False,False,False,16
989,654337,6,7,C,d,DNA,True,False,False,False,16
989,654337,7,8,A,d,DNA,True,False,False,False,16
989,654337,8,9,C,d,DNA,True,False,False,False,16
989,654337,9,10,C,d,DNA,True,False,False,False,16
989,654337,10,11,T,M,MOE,False,True,False,True,16
989,654337,11,12,T,C,cEt,False,False,True,True,16
989,654337,12,13,C,M,MOE,False,True,False,True,16
989,654337,13,14,A,C,cEt,False,False,True,True,16
989,654337,14,15,C,M,MOE,False,True,False,True,16
989,654337,15,16,T,M,MOE,False,True,False,True,16
990,654338,0,1,C,M,MOE,False,True,False,True,16
990,654338,1,2,A,C,cEt,False,False,True,True,16
990,654338,2,3,T,d,DNA,True,False,False,False,16
990,654338,3,4,T,d,DNA,True,False,False,False,16
990,654338,4,5,T,d,DNA,True,False,False,False,16
990,654338,5,6,C,d,DNA,True,False,False,False,16
990,654338,6,7,T,d,DNA,True,False,False,False,16
990,654338,7,8,A,d,DNA,True,False,False,False,16
990,654338,8,9,C,d,DNA,True,False,False,False,16
990,654338,9,10,A,d,DNA,True,False,False,False,16
990,654338,10,11,G,M,MOE,False,True,False,True,16
990,654338,11,12,C,C,cEt,False,False,True,True,16
990,654338,12,13,T,M,MOE,False,True,False,True,16
990,654338,13,14,A,C,cEt,False,False,True,True,16
990,654338,14,15,G,M,MOE,False,True,False,True,16
990,654338,15,16,C,M,MOE,False,True,False,True,16
991,654339,0,1,A,M,MOE,False,True,False,True,16
991,654339,1,2,C,C,cEt,False,False,True,True,16
991,654339,2,3,A,d,DNA,True,False,False,False,16
991,654339,3,4,T,d,DNA,True,False,False,False,16
991,654339,4,5,T,d,DNA,True,False,False,False,16
991,654339,5,6,T,d,DNA,True,False,False,False,16
991,654339,6,7,C,d,DNA,True,False,False,False,16
991,654339,7,8,T,d,DNA,True,False,False,False,16
991,654339,8,9,A,d,DNA,True,False,False,False,16
991,654339,9,10,C,d,DNA,True,False,False,False,16
991,654339,10,11,A,M,MOE,False,True,False,True,16
991,654339,11,12,G,C,cEt,False,False,True,True,16
991,654339,12,13,C,M,MOE,False,True,False,True,16
991,654339,13,14,T,C,cEt,False,False,True,True,16
991,654339,14,15,A,M,MOE,False,True,False,True,16
991,654339,15,16,G,M,MOE,False,True,False,True,16
992,654340,0,1,T,M,MOE,False,True,False,True,16
992,654340,1,2,A,C,cEt,False,False,True,True,16
992,654340,2,3,C,d,DNA,True,False,False,False,16
992,654340,3,4,A,d,DNA,True,False,False,False,16
992,654340,4,5,T,d,DNA,True,False,False,False,16
992,654340,5,6,T,d,DNA,True,False,False,False,16
992,654340,6,7,T,d,DNA,True,False,False,False,16
992,654340,7,8,C,d,DNA,True,False,False,False,16
992,654340,8,9,T,d,DNA,True,False,False,False,16
992,654340,9,10,A,d,DNA,True,False,False,False,16
992,654340,10,11,C,M,MOE,False,True,False,True,16
992,654340,11,12,A,C,cEt,False,False,True,True,16
992,654340,12,13,G,M,MOE,False,True,False,True,16
992,654340,13,14,C,C,cEt,False,False,True,True,16
992,654340,14,15,T,M,MOE,False,True,False,True,16
992,654340,15,16,A,M,MOE,False,True,False,True,16
993,654341,0,1,A,M,MOE,False,True,False,True,16
993,654341,1,2,T,C,cEt,False,False,True,True,16
993,654341,2,3,A,d,DNA,True,False,False,False,16
993,654341,3,4,C,d,DNA,True,False,False,False,16
993,654341,4,5,A,d,DNA,True,False,False,False,16
993,654341,5,6,T,d,DNA,True,False,False,False,16
993,654341,6,7,T,d,DNA,True,False,False,False,16
993,654341,7,8,T,d,DNA,True,False,False,False,16
993,654341,8,9,C,d,DNA,True,False,False,False,16
993,654341,9,10,T,d,DNA,True,False,False,False,16
993,654341,10,11,A,M,MOE,False,True,False,True,16
993,654341,11,12,C,C,cEt,False,False,True,True,16
993,654341,12,13,A,M,MOE,False,True,False,True,16
993,654341,13,14,G,C,cEt,False,False,True,True,16
993,654341,14,15,C,M,MOE,False,True,False,True,16
993,654341,15,16,T,M,MOE,False,True,False,True,16
994,654342,0,1,G,M,MOE,False,True,False,True,16
994,654342,1,2,A,C,cEt,False,False,True,True,16
994,654342,2,3,T,d,DNA,True,False,False,False,16
994,654342,3,4,A,d,DNA,True,False,False,False,16
994,654342,4,5,C,d,DNA,True,False,False,False,16
994,654342,5,6,A,d,DNA,True,False,False,False,16
994,654342,6,7,T,d,DNA,True,False,False,False,16
994,654342,7,8,T,d,DNA,True,False,False,False,16
994,654342,8,9,T,d,DNA,True,False,False,False,16
994,654342,9,10,C,d,DNA,True,False,False,False,16
994,654342,10,11,T,M,MOE,False,True,False,True,16
994,654342,11,12,A,C,cEt,False,False,True,True,16
994,654342,12,13,C,M,MOE,False,True,False,True,16
994,654342,13,14,A,C,cEt,False,False,True,True,16
994,654342,14,15,G,M,MOE,False,True,False,True,16
994,654342,15,16,C,M,MOE,False,True,False,True,16
995,654343,0,1,A,M,MOE,False,True,False,True,16
995,654343,1,2,T,C,cEt,False,False,True,True,16
995,654343,2,3,G,d,DNA,True,False,False,False,16
995,654343,3,4,T,d,DNA,True,False,False,False,16
995,654343,4,5,T,d,DNA,True,False,False,False,16
995,654343,5,6,T,d,DNA,True,False,False,False,16
995,654343,6,7,A,d,DNA,True,False,False,False,16
995,654343,7,8,T,d,DNA,True,False,False,False,16
995,654343,8,9,C,d,DNA,True,False,False,False,16
995,654343,9,10,A,d,DNA,True,False,False,False,16
995,654343,10,11,G,M,MOE,False,True,False,True,16
995,654343,11,12,G,C,cEt,False,False,True,True,16
995,654343,12,13,A,M,MOE,False,True,False,True,16
995,654343,13,14,T,C,cEt,False,False,True,True,16
995,654343,14,15,A,M,MOE,False,True,False,True,16
995,654343,15,16,C,M,MOE,False,True,False,True,16
996,654344,0,1,A,M,MOE,False,True,False,True,16
996,654344,1,2,A,C,cEt,False,False,True,True,16
996,654344,2,3,T,d,DNA,True,False,False,False,16
996,654344,3,4,G,d,DNA,True,False,False,False,16
996,654344,4,5,T,d,DNA,True,False,False,False,16
996,654344,5,6,T,d,DNA,True,False,False,False,16
996,654344,6,7,T,d,DNA,True,False,False,False,16
996,654344,7,8,A,d,DNA,True,False,False,False,16
996,654344,8,9,T,d,DNA,True,False,False,False,16
996,654344,9,10,C,d,DNA,True,False,False,False,16
996,654344,10,11,A,M,MOE,False,True,False,True,16
996,654344,11,12,G,C,cEt,False,False,True,True,16
996,654344,12,13,G,M,MOE,False,True,False,True,16
996,654344,13,14,A,C,cEt,False,False,True,True,16
996,654344,14,15,T,M,MOE,False,True,False,True,16
996,654344,15,16,A,M,MOE,False,True,False,True,16
997,654345,0,1,T,M,MOE,False,True,False,True,16
997,654345,1,2,A,C,cEt,False,False,True,True,16
997,654345,2,3,A,d,DNA,True,False,False,False,16
997,654345,3,4,T,d,DNA,True,False,False,False,16
997,654345,4,5,G,d,DNA,True,False,False,False,16
997,654345,5,6,T,d,DNA,True,False,False,False,16
997,654345,6,7,T,d,DNA,True,False,False,False,16
997,654345,7,8,T,d,DNA,True,False,False,False,16
997,654345,8,9,A,d,DNA,True,False,False,False,16
997,654345,9,10,T,d,DNA,True,False,False,False,16
997,654345,10,11,C,M,MOE,False,True,False,True,16
997,654345,11,12,A,C,cEt,False,False,True,True,16
997,654345,12,13,G,M,MOE,False,True,False,True,16
997,654345,13,14,G,C,cEt,False,False,True,True,16
997,654345,14,15,A,M,MOE,False,True,False,True,16
997,654345,15,16,T,M,MOE,False,True,False,True,16
998,654346,0,1,T,M,MOE,False,True,False,True,16
998,654346,1,2,T,C,cEt,False,False,True,True,16
998,654346,2,3,A,d,DNA,True,False,False,False,16
998,654346,3,4,A,d,DNA,True,False,False,False,16
998,654346,4,5,T,d,DNA,True,False,False,False,16
998,654346,5,6,G,d,DNA,True,False,False,False,16
998,654346,6,7,T,d,DNA,True,False,False,False,16
998,654346,7,8,T,d,DNA,True,False,False,False,16
998,654346,8,9,T,d,DNA,True,False,False,False,16
998,654346,9,10,A,d,DNA,True,False,False,False,16
998,654346,10,11,T,M,MOE,False,True,False,True,16
998,654346,11,12,C,C,cEt,False,False,True,True,16
998,654346,12,13,A,M,MOE,False,True,False,True,16
998,654346,13,14,G,C,cEt,False,False,True,True,16
998,654346,14,15,G,M,MOE,False,True,False,True,16
998,654346,15,16,A,M,MOE,False,True,False,True,16
999,654347,0,1,T,M,MOE,False,True,False,True,16
999,654347,1,2,T,C,cEt,False,False,True,True,16
999,654347,2,3,T,d,DNA,True,False,False,False,16
999,654347,3,4,A,d,DNA,True,False,False,False,16
999,654347,4,5,A,d,DNA,True,False,False,False,16
999,654347,5,6,T,d,DNA,True,False,False,False,16
999,654347,6,7,G,d,DNA,True,False,False,False,16
999,654347,7,8,T,d,DNA,True,False,False,False,16
999,654347,8,9,T,d,DNA,True,False,False,False,16
999,654347,9,10,T,d,DNA,True,False,False,False,16
999,654347,10,11,A,M,MOE,False,True,False,True,16
999,654347,11,12,T,C,cEt,False,False,True,True,16
999,654347,12,13,C,M,MOE,False,True,False,True,16
999,654347,13,14,A,C,cEt,False,False,True,True,16
999,654347,14,15,G,M,MOE,False,True,False,True,16
999,654347,15,16,G,M,MOE,False,True,False,True,16
1000,654348,0,1,G,M,MOE,False,True,False,True,16
1000,654348,1,2,T,C,cEt,False,False,True,True,16
1000,654348,2,3,T,d,DNA,True,False,False,False,16
1000,654348,3,4,T,d,DNA,True,False,False,False,16
1000,654348,4,5,A,d,DNA,True,False,False,False,16
1000,654348,5,6,A,d,DNA,True,False,False,False,16
1000,654348,6,7,T,d,DNA,True,False,False,False,16
1000,654348,7,8,G,d,DNA,True,False,False,False,16
1000,654348,8,9,T,d,DNA,True,False,False,False,16
1000,654348,9,10,T,d,DNA,True,False,False,False,16
1000,654348,10,11,T,M,MOE,False,True,False,True,16
1000,654348,11,12,A,C,cEt,False,False,True,True,16
1000,654348,12,13,T,M,MOE,False,True,False,True,16
1000,654348,13,14,C,C,cEt,False,False,True,True,16
1000,654348,14,15,A,M,MOE,False,True,False,True,16
1000,654348,15,16,G,M,MOE,False,True,False,True,16
1001,654349,0,1,T,M,MOE,False,True,False,True,16
1001,654349,1,2,G,C,cEt,False,False,True,True,16
1001,654349,2,3,T,d,DNA,True,False,False,False,16
1001,654349,3,4,T,d,DNA,True,False,False,False,16
1001,654349,4,5,T,d,DNA,True,False,False,False,16
1001,654349,5,6,A,d,DNA,True,False,False,False,16
1001,654349,6,7,A,d,DNA,True,False,False,False,16
1001,654349,7,8,T,d,DNA,True,False,False,False,16
1001,654349,8,9,G,d,DNA,True,False,False,False,16
1001,654349,9,10,T,d,DNA,True,False,False,False,16
1001,654349,10,11,T,M,MOE,False,True,False,True,16
1001,654349,11,12,T,C,cEt,False,False,True,True,16
1001,654349,12,13,A,M,MOE,False,True,False,True,16
1001,654349,13,14,T,C,cEt,False,False,True,True,16
1001,654349,14,15,C,M,MOE,False,True,False,True,16
1001,654349,15,16,A,M,MOE,False,True,False,True,16
1002,654350,0,1,G,M,MOE,False,True,False,True,16
1002,654350,1,2,T,C,cEt,False,False,True,True,16
1002,654350,2,3,G,d,DNA,True,False,False,False,16
1002,654350,3,4,T,d,DNA,True,False,False,False,16
1002,654350,4,5,T,d,DNA,True,False,False,False,16
1002,654350,5,6,T,d,DNA,True,False,False,False,16
1002,654350,6,7,A,d,DNA,True,False,False,False,16
1002,654350,7,8,A,d,DNA,True,False,False,False,16
1002,654350,8,9,T,d,DNA,True,False,False,False,16
1002,654350,9,10,G,d,DNA,True,False,False,False,16
1002,654350,10,11,T,M,MOE,False,True,False,True,16
1002,654350,11,12,T,C,cEt,False,False,True,True,16
1002,654350,12,13,T,M,MOE,False,True,False,True,16
1002,654350,13,14,A,C,cEt,False,False,True,True,16
1002,654350,14,15,T,M,MOE,False,True,False,True,16
1002,654350,15,16,C,M,MOE,False,True,False,True,16
1003,654351,0,1,A,M,MOE,False,True,False,True,16
1003,654351,1,2,G,C,cEt,False,False,True,True,16
1003,654351,2,3,T,d,DNA,True,False,False,False,16
1003,654351,3,4,G,d,DNA,True,False,False,False,16
1003,654351,4,5,T,d,DNA,True,False,False,False,16
1003,654351,5,6,T,d,DNA,True,False,False,False,16
1003,654351,6,7,T,d,DNA,True,False,False,False,16
1003,654351,7,8,A,d,DNA,True,False,False,False,16
1003,654351,8,9,A,d,DNA,True,False,False,False,16
1003,654351,9,10,T,d,DNA,True,False,False,False,16
1003,654351,10,11,G,M,MOE,False,True,False,True,16
1003,654351,11,12,T,C,cEt,False,False,True,True,16
1003,654351,12,13,T,M,MOE,False,True,False,True,16
1003,654351,13,14,T,C,cEt,False,False,True,True,16
1003,654351,14,15,A,M,MOE,False,True,False,True,16
1003,654351,15,16,T,M,MOE,False,True,False,True,16
1004,654352,0,1,C,M,MOE,False,True,False,True,16
1004,654352,1,2,A,C,cEt,False,False,True,True,16
1004,654352,2,3,G,d,DNA,True,False,False,False,16
1004,654352,3,4,T,d,DNA,True,False,False,False,16
1004,654352,4,5,G,d,DNA,True,False,False,False,16
1004,654352,5,6,T,d,DNA,True,False,False,False,16
1004,654352,6,7,T,d,DNA,True,False,False,False,16
1004,654352,7,8,T,d,DNA,True,False,False,False,16
1004,654352,8,9,A,d,DNA,True,False,False,False,16
1004,654352,9,10,A,d,DNA,True,False,False,False,16
1004,654352,10,11,T,M,MOE,False,True,False,True,16
1004,654352,11,12,G,C,cEt,False,False,True,True,16
1004,654352,12,13,T,M,MOE,False,True,False,True,16
1004,654352,13,14,T,C,cEt,False,False,True,True,16
1004,654352,14,15,T,M,MOE,False,True,False,True,16
1004,654352,15,16,A,M,MOE,False,True,False,True,16
1005,666846,0,1,C,M,MOE,False,True,False,True,20
1005,666846,1,2,A,M,MOE,False,True,False,True,20
1005,666846,2,3,G,M,MOE,False,True,False,True,20
1005,666846,3,4,G,M,MOE,False,True,False,True,20
1005,666846,4,5,A,M,MOE,False,True,False,True,20
1005,666846,5,6,T,d,DNA,True,False,False,False,20
1005,666846,6,7,A,d,DNA,True,False,False,False,20
1005,666846,7,8,C,d,DNA,True,False,False,False,20
1005,666846,8,9,A,d,DNA,True,False,False,False,20
1005,666846,9,10,T,d,DNA,True,False,False,False,20
1005,666846,10,11,T,d,DNA,True,False,False,False,20
1005,666846,11,12,T,d,DNA,True,False,False,False,20
1005,666846,12,13,C,d,DNA,True,False,False,False,20
1005,666846,13,14,T,d,DNA,True,False,False,False,20
1005,666846,14,15,A,d,DNA,True,False,False,False,20
1005,666846,15,16,C,M,MOE,False,True,False,True,20
1005,666846,16,17,A,M,MOE,False,True,False,True,20
1005,666846,17,18,G,M,MOE,False,True,False,True,20
1005,666846,18,19,C,M,MOE,False,True,False,True,20
1005,666846,19,20,T,M,MOE,False,True,False,True,20
1006,666849,0,1,C,M,MOE,False,True,False,True,20
1006,666849,1,2,A,M,MOE,False,True,False,True,20
1006,666849,2,3,G,M,MOE,False,True,False,True,20
1006,666849,3,4,G,M,MOE,False,True,False,True,20
1006,666849,4,5,A,M,MOE,False,True,False,True,20
1006,666849,5,6,T,d,DNA,True,False,False,False,20
1006,666849,6,7,A,d,DNA,True,False,False,False,20
1006,666849,7,8,C,d,DNA,True,False,False,False,20
1006,666849,8,9,A,d,DNA,True,False,False,False,20
1006,666849,9,10,T,d,DNA,True,False,False,False,20
1006,666849,10,11,T,d,DNA,True,False,False,False,20
1006,666849,11,12,T,d,DNA,True,False,False,False,20
1006,666849,12,13,C,d,DNA,True,False,False,False,20
1006,666849,13,14,T,d,DNA,True,False,False,False,20
1006,666849,14,15,A,d,DNA,True,False,False,False,20
1006,666849,15,16,C,M,MOE,False,True,False,True,20
1006,666849,16,17,A,M,MOE,False,True,False,True,20
1006,666849,17,18,G,M,MOE,False,True,False,True,20
1006,666849,18,19,C,M,MOE,False,True,False,True,20
1006,666849,19,20,T,M,MOE,False,True,False,True,20
1007,666853,0,1,C,M,MOE,False,True,False,True,20
1007,666853,1,2,A,M,MOE,False,True,False,True,20
1007,666853,2,3,G,M,MOE,False,True,False,True,20
1007,666853,3,4,G,M,MOE,False,True,False,True,20
1007,666853,4,5,A,M,MOE,False,True,False,True,20
1007,666853,5,6,T,d,DNA,True,False,False,False,20
1007,666853,6,7,A,d,DNA,True,False,False,False,20
1007,666853,7,8,C,d,DNA,True,False,False,False,20
1007,666853,8,9,A,d,DNA,True,False,False,False,20
1007,666853,9,10,T,d,DNA,True,False,False,False,20
1007,666853,10,11,T,d,DNA,True,False,False,False,20
1007,666853,11,12,T,d,DNA,True,False,False,False,20
1007,666853,12,13,C,d,DNA,True,False,False,False,20
1007,666853,13,14,T,d,DNA,True,False,False,False,20
1007,666853,14,15,A,d,DNA,True,False,False,False,20
1007,666853,15,16,C,M,MOE,False,True,False,True,20
1007,666853,16,17,A,M,MOE,False,True,False,True,20
1007,666853,17,18,G,M,MOE,False,True,False,True,20
1007,666853,18,19,C,M,MOE,False,True,False,True,20
1007,666853,19,20,T,M,MOE,False,True,False,True,20
1008,666859,0,1,T,M,MOE,False,True,False,True,17
1008,666859,1,2,T,M,MOE,False,True,False,True,17
1008,666859,2,3,A,M,MOE,False,True,False,True,17
1008,666859,3,4,A,M,MOE,False,True,False,True,17
1008,666859,4,5,T,d,DNA,True,False,False,False,17
1008,666859,5,6,G,d,DNA,True,False,False,False,17
1008,666859,6,7,T,d,DNA,True,False,False,False,17
1008,666859,7,8,T,d,DNA,True,False,False,False,17
1008,666859,8,9,T,d,DNA,True,False,False,False,17
1008,666859,9,10,A,d,DNA,True,False,False,False,17
1008,666859,10,11,T,d,DNA,True,False,False,False,17
1008,666859,11,12,C,d,DNA,True,False,False,False,17
1008,666859,12,13,A,C,cEt,False,False,True,True,17
1008,666859,13,14,G,C,cEt,False,False,True,True,17
1008,666859,14,15,G,M,MOE,False,True,False,True,17
1008,666859,15,16,A,M,MOE,False,True,False,True,17
1008,666859,16,17,T,M,MOE,False,True,False,True,17
1009,666861,0,1,T,M,MOE,False,True,False,True,17
1009,666861,1,2,T,C,cEt,False,False,True,True,17
1009,666861,2,3,A,M,MOE,False,True,False,True,17
1009,666861,3,4,A,C,cEt,False,False,True,True,17
1009,666861,4,5,T,d,DNA,True,False,False,False,17
1009,666861,5,6,G,d,DNA,True,False,False,False,17
1009,666861,6,7,T,d,DNA,True,False,False,False,17
1009,666861,7,8,T,d,DNA,True,False,False,False,17
1009,666861,8,9,T,d,DNA,True,False,False,False,17
1009,666861,9,10,A,d,DNA,True,False,False,False,17
1009,666861,10,11,T,d,DNA,True,False,False,False,17
1009,666861,11,12,C,d,DNA,True,False,False,False,17
1009,666861,12,13,A,M,MOE,False,True,False,True,17
1009,666861,13,14,G,M,MOE,False,True,False,True,17
1009,666861,14,15,G,M,MOE,False,True,False,True,17
1009,666861,15,16,A,M,MOE,False,True,False,True,17
1009,666861,16,17,T,M,MOE,False,True,False,True,17
1010,666867,0,1,A,M,MOE,False,True,False,True,17
1010,666867,1,2,G,M,MOE,False,True,False,True,17
1010,666867,2,3,T,C,cEt,False,False,True,True,17
1010,666867,3,4,G,C,cEt,False,False,True,True,17
1010,666867,4,5,T,d,DNA,True,False,False,False,17
1010,666867,5,6,T,d,DNA,True,False,False,False,17
1010,666867,6,7,T,d,DNA,True,False,False,False,17
1010,666867,7,8,A,d,DNA,True,False,False,False,17
1010,666867,8,9,A,d,DNA,True,False,False,False,17
1010,666867,9,10,T,d,DNA,True,False,False,False,17
1010,666867,10,11,G,d,DNA,True,False,False,False,17
1010,666867,11,12,T,d,DNA,True,False,False,False,17
1010,666867,12,13,T,M,MOE,False,True,False,True,17
1010,666867,13,14,T,M,MOE,False,True,False,True,17
1010,666867,14,15,A,M,MOE,False,True,False,True,17
1010,666867,15,16,T,M,MOE,False,True,False,True,17
1010,666867,16,17,C,M,MOE,False,True,False,True,17
1011,666869,0,1,A,M,MOE,False,True,False,True,17
1011,666869,1,2,G,C,cEt,False,False,True,True,17
1011,666869,2,3,T,M,MOE,False,True,False,True,17
1011,666869,3,4,G,C,cEt,False,False,True,True,17
1011,666869,4,5,T,d,DNA,True,False,False,False,17
1011,666869,5,6,T,d,DNA,True,False,False,False,17
1011,666869,6,7,T,d,DNA,True,False,False,False,17
1011,666869,7,8,A,d,DNA,True,False,False,False,17
1011,666869,8,9,A,d,DNA,True,False,False,False,17
1011,666869,9,10,T,d,DNA,True,False,False,False,17
1011,666869,10,11,G,d,DNA,True,False,False,False,17
1011,666869,11,12,T,d,DNA,True,False,False,False,17
1011,666869,12,13,T,C,cEt,False,False,True,True,17
1011,666869,13,14,T,M,MOE,False,True,False,True,17
1011,666869,14,15,A,C,cEt,False,False,True,True,17
1011,666869,15,16,T,M,MOE,False,True,False,True,17
1011,666869,16,17,C,M,MOE,False,True,False,True,17
1012,666870,0,1,A,M,MOE,False,True,False,True,17
1012,666870,1,2,G,C,cEt,False,False,True,True,17
1012,666870,2,3,T,M,MOE,False,True,False,True,17
1012,666870,3,4,G,C,cEt,False,False,True,True,17
1012,666870,4,5,T,d,DNA,True,False,False,False,17
1012,666870,5,6,T,d,DNA,True,False,False,False,17
1012,666870,6,7,T,d,DNA,True,False,False,False,17
1012,666870,7,8,A,d,DNA,True,False,False,False,17
1012,666870,8,9,A,d,DNA,True,False,False,False,17
1012,666870,9,10,T,d,DNA,True,False,False,False,17
1012,666870,10,11,G,d,DNA,True,False,False,False,17
1012,666870,11,12,T,d,DNA,True,False,False,False,17
1012,666870,12,13,T,M,MOE,False,True,False,True,17
1012,666870,13,14,T,M,MOE,False,True,False,True,17
1012,666870,14,15,A,M,MOE,False,True,False,True,17
1012,666870,15,16,T,M,MOE,False,True,False,True,17
1012,666870,16,17,C,M,MOE,False,True,False,True,17
1013,666919,0,1,G,M,MOE,False,True,False,True,17
1013,666919,1,2,G,M,MOE,False,True,False,True,17
1013,666919,2,3,A,M,MOE,False,True,False,True,17
1013,666919,3,4,T,M,MOE,False,True,False,True,17
1013,666919,4,5,A,d,DNA,True,False,False,False,17
1013,666919,5,6,C,d,DNA,True,False,False,False,17
1013,666919,6,7,A,d,DNA,True,False,False,False,17
1013,666919,7,8,T,d,DNA,True,False,False,False,17
1013,666919,8,9,T,d,DNA,True,False,False,False,17
1013,666919,9,10,T,d,DNA,True,False,False,False,17
1013,666919,10,11,C,d,DNA,True,False,False,False,17
1013,666919,11,12,T,d,DNA,True,False,False,False,17
1013,666919,12,13,A,d,DNA,True,False,False,False,17
1013,666919,13,14,C,C,cEt,False,False,True,True,17
1013,666919,14,15,A,C,cEt,False,False,True,True,17
1013,666919,15,16,G,M,MOE,False,True,False,True,17
1013,666919,16,17,C,M,MOE,False,True,False,True,17
1014,666921,0,1,G,M,MOE,False,True,False,True,17
1014,666921,1,2,G,M,MOE,False,True,False,True,17
1014,666921,2,3,A,M,MOE,False,True,False,True,17
1014,666921,3,4,T,M,MOE,False,True,False,True,17
1014,666921,4,5,A,M,MOE,False,True,False,True,17
1014,666921,5,6,C,d,DNA,True,False,False,False,17
1014,666921,6,7,A,d,DNA,True,False,False,False,17
1014,666921,7,8,T,d,DNA,True,False,False,False,17
1014,666921,8,9,T,d,DNA,True,False,False,False,17
1014,666921,9,10,T,d,DNA,True,False,False,False,17
1014,666921,10,11,C,d,DNA,True,False,False,False,17
1014,666921,11,12,T,d,DNA,True,False,False,False,17
1014,666921,12,13,A,d,DNA,True,False,False,False,17
1014,666921,13,14,C,C,cEt,False,False,True,True,17
1014,666921,14,15,A,C,cEt,False,False,True,True,17
1014,666921,15,16,G,M,MOE,False,True,False,True,17
1014,666921,16,17,C,M,MOE,False,True,False,True,17
1015,666922,0,1,G,M,MOE,False,True,False,True,17
1015,666922,1,2,G,M,MOE,False,True,False,True,17
1015,666922,2,3,A,M,MOE,False,True,False,True,17
1015,666922,3,4,T,M,MOE,False,True,False,True,17
1015,666922,4,5,A,C,cEt,False,False,True,True,17
1015,666922,5,6,C,d,DNA,True,False,False,False,17
1015,666922,6,7,A,d,DNA,True,False,False,False,17
1015,666922,7,8,T,d,DNA,True,False,False,False,17
1015,666922,8,9,T,d,DNA,True,False,False,False,17
1015,666922,9,10,T,d,DNA,True,False,False,False,17
1015,666922,10,11,C,d,DNA,True,False,False,False,17
1015,666922,11,12,T,d,DNA,True,False,False,False,17
1015,666922,12,13,A,d,DNA,True,False,False,False,17
1015,666922,13,14,C,C,cEt,False,False,True,True,17
1015,666922,14,15,A,M,MOE,False,True,False,True,17
1015,666922,15,16,G,M,MOE,False,True,False,True,17
1015,666922,16,17,C,M,MOE,False,True,False,True,17
1016,684059,0,1,A,M,MOE,False,True,False,True,17
1016,684059,1,2,T,M,MOE,False,True,False,True,17
1016,684059,2,3,G,M,MOE,False,True,False,True,17
1016,684059,3,4,T,C,cEt,False,False,True,True,17
1016,684059,4,5,T,d,DNA,True,False,False,False,17
1016,684059,5,6,T,d,DNA,True,False,False,False,17
1016,684059,6,7,A,d,DNA,True,False,False,False,17
1016,684059,7,8,T,d,DNA,True,False,False,False,17
1016,684059,8,9,C,d,DNA,True,False,False,False,17
1016,684059,9,10,A,d,DNA,True,False,False,False,17
1016,684059,10,11,G,d,DNA,True,False,False,False,17
1016,684059,11,12,G,d,DNA,True,False,False,False,17
1016,684059,12,13,A,C,cEt,False,False,True,True,17
1016,684059,13,14,T,M,MOE,False,True,False,True,17
1016,684059,14,15,A,M,MOE,False,True,False,True,17
1016,684059,15,16,C,M,MOE,False,True,False,True,17
1016,684059,16,17,A,M,MOE,False,True,False,True,17
1017,684064,0,1,A,M,MOE,False,True,False,True,17
1017,684064,1,2,T,M,MOE,False,True,False,True,17
1017,684064,2,3,G,M,MOE,False,True,False,True,17
1017,684064,3,4,T,M,MOE,False,True,False,True,17
1017,684064,4,5,T,d,DNA,True,False,False,False,17
1017,684064,5,6,T,d,DNA,True,False,False,False,17
1017,684064,6,7,A,d,DNA,True,False,False,False,17
1017,684064,7,8,T,d,DNA,True,False,False,False,17
1017,684064,8,9,C,d,DNA,True,False,False,False,17
1017,684064,9,10,A,d,DNA,True,False,False,False,17
1017,684064,10,11,G,d,DNA,True,False,False,False,17
1017,684064,11,12,G,d,DNA,True,False,False,False,17
1017,684064,12,13,A,C,cEt,False,False,True,True,17
1017,684064,13,14,T,M,MOE,False,True,False,True,17
1017,684064,14,15,A,C,cEt,False,False,True,True,17
1017,684064,15,16,C,M,MOE,False,True,False,True,17
1017,684064,16,17,A,M,MOE,False,True,False,True,17
1018,684068,0,1,A,M,MOE,False,True,False,True,17
1018,684068,1,2,T,M,MOE,False,True,False,True,17
1018,684068,2,3,G,M,MOE,False,True,False,True,17
1018,684068,3,4,T,M,MOE,False,True,False,True,17
1018,684068,4,5,T,d,DNA,True,False,False,False,17
1018,684068,5,6,T,d,DNA,True,False,False,False,17
1018,684068,6,7,A,d,DNA,True,False,False,False,17
1018,684068,7,8,T,d,DNA,True,False,False,False,17
1018,684068,8,9,C,d,DNA,True,False,False,False,17
1018,684068,9,10,A,d,DNA,True,False,False,False,17
1018,684068,10,11,G,d,DNA,True,False,False,False,17
1018,684068,11,12,G,d,DNA,True,False,False,False,17
1018,684068,12,13,A,M,MOE,False,True,False,True,17
1018,684068,13,14,T,M,MOE,False,True,False,True,17
1018,684068,14,15,A,M,MOE,False,True,False,True,17
1018,684068,15,16,C,M,MOE,False,True,False,True,17
1018,684068,16,17,A,M,MOE,False,True,False,True,17
1019,684087,0,1,G,M,MOE,False,True,False,True,18
1019,684087,1,2,G,M,MOE,False,True,False,True,18
1019,684087,2,3,C,M,MOE,False,True,False,True,18
1019,684087,3,4,G,M,MOE,False,True,False,True,18
1019,684087,4,5,A,M,MOE,False,True,False,True,18
1019,684087,5,6,T,d,DNA,True,False,False,False,18
1019,684087,6,7,C,d,DNA,True,False,False,False,18
1019,684087,7,8,C,d,DNA,True,False,False,False,18
1019,684087,8,9,C,d,DNA,True,False,False,False,18
1019,684087,9,10,A,d,DNA,True,False,False,False,18
1019,684087,10,11,A,d,DNA,True,False,False,False,18
1019,684087,11,12,T,d,DNA,True,False,False,False,18
1019,684087,12,13,T,d,DNA,True,False,False,False,18
1019,684087,13,14,A,M,MOE,False,True,False,True,18
1019,684087,14,15,C,M,MOE,False,True,False,True,18
1019,684087,15,16,A,M,MOE,False,True,False,True,18
1019,684087,16,17,C,M,MOE,False,True,False,True,18
1019,684087,17,18,C,M,MOE,False,True,False,True,18
1020,684088,0,1,G,M,MOE,False,True,False,True,18
1020,684088,1,2,T,M,MOE,False,True,False,True,18
1020,684088,2,3,C,M,MOE,False,True,False,True,18
1020,684088,3,4,G,M,MOE,False,True,False,True,18
1020,684088,4,5,C,M,MOE,False,True,False,True,18
1020,684088,5,6,C,d,DNA,True,False,False,False,18
1020,684088,6,7,C,d,DNA,True,False,False,False,18
1020,684088,7,8,T,d,DNA,True,False,False,False,18
1020,684088,8,9,T,d,DNA,True,False,False,False,18
1020,684088,9,10,C,d,DNA,True,False,False,False,18
1020,684088,10,11,A,d,DNA,True,False,False,False,18
1020,684088,11,12,G,d,DNA,True,False,False,False,18
1020,684088,12,13,C,d,DNA,True,False,False,False,18
1020,684088,13,14,A,M,MOE,False,True,False,True,18
1020,684088,14,15,C,M,MOE,False,True,False,True,18
1020,684088,15,16,G,M,MOE,False,True,False,True,18
1020,684088,16,17,C,M,MOE,False,True,False,True,18
1020,684088,17,18,A,M,MOE,False,True,False,True,18
1021,684095,0,1,C,M,MOE,False,True,False,True,20
1021,684095,1,2,C,M,MOE,False,True,False,True,20
1021,684095,2,3,G,M,MOE,False,True,False,True,20
1021,684095,3,4,T,M,MOE,False,True,False,True,20
1021,684095,4,5,C,M,MOE,False,True,False,True,20
1021,684095,5,6,G,d,DNA,True,False,False,False,20
1021,684095,6,7,C,d,DNA,True,False,False,False,20
1021,684095,7,8,C,d,DNA,True,False,False,False,20
1021,684095,8,9,C,d,DNA,True,False,False,False,20
1021,684095,9,10,T,d,DNA,True,False,False,False,20
1021,684095,10,11,T,d,DNA,True,False,False,False,20
1021,684095,11,12,C,d,DNA,True,False,False,False,20
1021,684095,12,13,A,d,DNA,True,False,False,False,20
1021,684095,13,14,G,d,DNA,True,False,False,False,20
1021,684095,14,15,C,d,DNA,True,False,False,False,20
1021,684095,15,16,A,M,MOE,False,True,False,True,20
1021,684095,16,17,C,M,MOE,False,True,False,True,20
1021,684095,17,18,G,M,MOE,False,True,False,True,20
1021,684095,18,19,C,M,MOE,False,True,False,True,20
1021,684095,19,20,A,M,MOE,False,True,False,True,20
1022,684097,0,1,C,M,MOE,False,True,False,True,20
1022,684097,1,2,C,M,MOE,False,True,False,True,20
1022,684097,2,3,G,M,MOE,False,True,False,True,20
1022,684097,3,4,T,M,MOE,False,True,False,True,20
1022,684097,4,5,C,M,MOE,False,True,False,True,20
1022,684097,5,6,G,d,DNA,True,False,False,False,20
1022,684097,6,7,C,d,DNA,True,False,False,False,20
1022,684097,7,8,C,d,DNA,True,False,False,False,20
1022,684097,8,9,C,d,DNA,True,False,False,False,20
1022,684097,9,10,T,d,DNA,True,False,False,False,20
1022,684097,10,11,T,d,DNA,True,False,False,False,20
1022,684097,11,12,C,d,DNA,True,False,False,False,20
1022,684097,12,13,A,d,DNA,True,False,False,False,20
1022,684097,13,14,G,M,MOE,False,True,False,True,20
1022,684097,14,15,C,M,MOE,False,True,False,True,20
1022,684097,15,16,A,M,MOE,False,True,False,True,20
1022,684097,16,17,C,M,MOE,False,True,False,True,20
1022,684097,17,18,G,M,MOE,False,True,False,True,20
1022,684097,18,19,C,M,MOE,False,True,False,True,20
1022,684097,19,20,A,M,MOE,False,True,False,True,20
1023,684101,0,1,G,M,MOE,False,True,False,True,20
1023,684101,1,2,G,M,MOE,False,True,False,True,20
1023,684101,2,3,C,M,MOE,False,True,False,True,20
1023,684101,3,4,G,M,MOE,False,True,False,True,20
1023,684101,4,5,A,M,MOE,False,True,False,True,20
1023,684101,5,6,T,M,MOE,False,True,False,True,20
1023,684101,6,7,C,d,DNA,True,False,False,False,20
1023,684101,7,8,C,d,DNA,True,False,False,False,20
1023,684101,8,9,C,d,DNA,True,False,False,False,20
1023,684101,9,10,A,d,DNA,True,False,False,False,20
1023,684101,10,11,A,d,DNA,True,False,False,False,20
1023,684101,11,12,T,d,DNA,True,False,False,False,20
1023,684101,12,13,T,d,DNA,True,False,False,False,20
1023,684101,13,14,A,d,DNA,True,False,False,False,20
1023,684101,14,15,C,M,MOE,False,True,False,True,20
1023,684101,15,16,A,M,MOE,False,True,False,True,20
1023,684101,16,17,C,M,MOE,False,True,False,True,20
1023,684101,17,18,C,M,MOE,False,True,False,True,20
1023,684101,18,19,A,M,MOE,False,True,False,True,20
1023,684101,19,20,C,M,MOE,False,True,False,True,20
1024,684102,0,1,G,M,MOE,False,True,False,True,20
1024,684102,1,2,G,M,MOE,False,True,False,True,20
1024,684102,2,3,C,M,MOE,False,True,False,True,20
1024,684102,3,4,G,M,MOE,False,True,False,True,20
1024,684102,4,5,A,M,MOE,False,True,False,True,20
1024,684102,5,6,T,d,DNA,True,False,False,False,20
1024,684102,6,7,C,d,DNA,True,False,False,False,20
1024,684102,7,8,C,d,DNA,True,False,False,False,20
1024,684102,8,9,C,d,DNA,True,False,False,False,20
1024,684102,9,10,A,d,DNA,True,False,False,False,20
1024,684102,10,11,A,d,DNA,True,False,False,False,20
1024,684102,11,12,T,d,DNA,True,False,False,False,20
1024,684102,12,13,T,d,DNA,True,False,False,False,20
1024,684102,13,14,A,M,MOE,False,True,False,True,20
1024,684102,14,15,C,M,MOE,False,True,False,True,20
1024,684102,15,16,A,M,MOE,False,True,False,True,20
1024,684102,16,17,C,M,MOE,False,True,False,True,20
1024,684102,17,18,C,M,MOE,False,True,False,True,20
1024,684102,18,19,A,M,MOE,False,True,False,True,20
1024,684102,19,20,C,M,MOE,False,True,False,True,20
1025,684104,0,1,G,M,MOE,False,True,False,True,20
1025,684104,1,2,G,M,MOE,False,True,False,True,20
1025,684104,2,3,C,M,MOE,False,True,False,True,20
1025,684104,3,4,G,M,MOE,False,True,False,True,20
1025,684104,4,5,A,M,MOE,False,True,False,True,20
1025,684104,5,6,T,M,MOE,False,True,False,True,20
1025,684104,6,7,C,d,DNA,True,False,False,False,20
1025,684104,7,8,C,d,DNA,True,False,False,False,20
1025,684104,8,9,C,d,DNA,True,False,False,False,20
1025,684104,9,10,A,d,DNA,True,False,False,False,20
1025,684104,10,11,A,d,DNA,True,False,False,False,20
1025,684104,11,12,T,d,DNA,True,False,False,False,20
1025,684104,12,13,T,d,DNA,True,False,False,False,20
1025,684104,13,14,A,d,DNA,True,False,False,False,20
1025,684104,14,15,C,d,DNA,True,False,False,False,20
1025,684104,15,16,A,M,MOE,False,True,False,True,20
1025,684104,16,17,C,M,MOE,False,True,False,True,20
1025,684104,17,18,C,M,MOE,False,True,False,True,20
1025,684104,18,19,A,M,MOE,False,True,False,True,20
1025,684104,19,20,C,M,MOE,False,True,False,True,20
