row_id,ISIS,linkage_position_1based,between_nt_1based,linkage,is_PS,is_PO,is_unknown_linkage
0,146143,1,1-2,PS,True,False,False
0,146143,2,2-3,PS,True,False,False
0,146143,3,3-4,PS,True,False,False
0,146143,4,4-5,PS,True,False,False
0,146143,5,5-6,PS,True,False,False
0,146143,6,6-7,PS,True,False,False
0,146143,7,7-8,PS,True,False,False
0,146143,8,8-9,PS,True,False,False
0,146143,9,9-10,PS,True,False,False
0,146143,10,10-11,PS,True,False,False
0,146143,11,11-12,PS,True,False,False
0,146143,12,12-13,PS,True,False,False
0,146143,13,13-14,PS,True,False,False
0,146143,14,14-15,PS,True,False,False
0,146143,15,15-16,PS,True,False,False
0,146143,16,16-17,PS,True,False,False
0,146143,17,17-18,PS,True,False,False
0,146143,18,18-19,PS,True,False,False
0,146143,19,19-20,PS,True,False,False
1,150438,1,1-2,PS,True,False,False
1,150438,2,2-3,PS,True,False,False
1,150438,3,3-4,PS,True,False,False
1,150438,4,4-5,PS,True,False,False
1,150438,5,5-6,PS,True,False,False
1,150438,6,6-7,PS,True,False,False
1,150438,7,7-8,PS,True,False,False
1,150438,8,8-9,PS,True,False,False
1,150438,9,9-10,PS,True,False,False
1,150438,10,10-11,PS,True,False,False
1,150438,11,11-12,PS,True,False,False
1,150438,12,12-13,PS,True,False,False
1,150438,13,13-14,PS,True,False,False
1,150438,14,14-15,PS,True,False,False
1,150438,15,15-16,PS,True,False,False
1,150438,16,16-17,PS,True,False,False
1,150438,17,17-18,PS,True,False,False
1,150438,18,18-19,PS,True,False,False
1,150438,19,19-20,PS,True,False,False
2,150439,1,1-2,PS,True,False,False
2,150439,2,2-3,PS,True,False,False
2,150439,3,3-4,PS,True,False,False
2,150439,4,4-5,PS,True,False,False
2,150439,5,5-6,PS,True,False,False
2,150439,6,6-7,PS,True,False,False
2,150439,7,7-8,PS,True,False,False
2,150439,8,8-9,PS,True,False,False
2,150439,9,9-10,PS,True,False,False
2,150439,10,10-11,PS,True,False,False
2,150439,11,11-12,PS,True,False,False
2,150439,12,12-13,PS,True,False,False
2,150439,13,13-14,PS,True,False,False
2,150439,14,14-15,PS,True,False,False
2,150439,15,15-16,PS,True,False,False
2,150439,16,16-17,PS,True,False,False
2,150439,17,17-18,PS,True,False,False
2,150439,18,18-19,PS,True,False,False
2,150439,19,19-20,PS,True,False,False
3,150440,1,1-2,PS,True,False,False
3,150440,2,2-3,PS,True,False,False
3,150440,3,3-4,PS,True,False,False
3,150440,4,4-5,PS,True,False,False
3,150440,5,5-6,PS,True,False,False
3,150440,6,6-7,PS,True,False,False
3,150440,7,7-8,PS,True,False,False
3,150440,8,8-9,PS,True,False,False
3,150440,9,9-10,PS,True,False,False
3,150440,10,10-11,PS,True,False,False
3,150440,11,11-12,PS,True,False,False
3,150440,12,12-13,PS,True,False,False
3,150440,13,13-14,PS,True,False,False
3,150440,14,14-15,PS,True,False,False
3,150440,15,15-16,PS,True,False,False
3,150440,16,16-17,PS,True,False,False
3,150440,17,17-18,PS,True,False,False
3,150440,18,18-19,PS,True,False,False
3,150440,19,19-20,PS,True,False,False
4,150442,1,1-2,PS,True,False,False
4,150442,2,2-3,PS,True,False,False
4,150442,3,3-4,PS,True,False,False
4,150442,4,4-5,PS,True,False,False
4,150442,5,5-6,PS,True,False,False
4,150442,6,6-7,PS,True,False,False
4,150442,7,7-8,PS,True,False,False
4,150442,8,8-9,PS,True,False,False
4,150442,9,9-10,PS,True,False,False
4,150442,10,10-11,PS,True,False,False
4,150442,11,11-12,PS,True,False,False
4,150442,12,12-13,PS,True,False,False
4,150442,13,13-14,PS,True,False,False
4,150442,14,14-15,PS,True,False,False
4,150442,15,15-16,PS,True,False,False
4,150442,16,16-17,PS,True,False,False
4,150442,17,17-18,PS,True,False,False
4,150442,18,18-19,PS,True,False,False
4,150442,19,19-20,PS,True,False,False
5,150447,1,1-2,PS,True,False,False
5,150447,2,2-3,PS,True,False,False
5,150447,3,3-4,PS,True,False,False
5,150447,4,4-5,PS,True,False,False
5,150447,5,5-6,PS,True,False,False
5,150447,6,6-7,PS,True,False,False
5,150447,7,7-8,PS,True,False,False
5,150447,8,8-9,PS,True,False,False
5,150447,9,9-10,PS,True,False,False
5,150447,10,10-11,PS,True,False,False
5,150447,11,11-12,PS,True,False,False
5,150447,12,12-13,PS,True,False,False
5,150447,13,13-14,PS,True,False,False
5,150447,14,14-15,PS,True,False,False
5,150447,15,15-16,PS,True,False,False
5,150447,16,16-17,PS,True,False,False
5,150447,17,17-18,PS,True,False,False
5,150447,18,18-19,PS,True,False,False
5,150447,19,19-20,PS,True,False,False
6,150450,1,1-2,PS,True,False,False
6,150450,2,2-3,PS,True,False,False
6,150450,3,3-4,PS,True,False,False
6,150450,4,4-5,PS,True,False,False
6,150450,5,5-6,PS,True,False,False
6,150450,6,6-7,PS,True,False,False
6,150450,7,7-8,PS,True,False,False
6,150450,8,8-9,PS,True,False,False
6,150450,9,9-10,PS,True,False,False
6,150450,10,10-11,PS,True,False,False
6,150450,11,11-12,PS,True,False,False
6,150450,12,12-13,PS,True,False,False
6,150450,13,13-14,PS,True,False,False
6,150450,14,14-15,PS,True,False,False
6,150450,15,15-16,PS,True,False,False
6,150450,16,16-17,PS,True,False,False
6,150450,17,17-18,PS,True,False,False
6,150450,18,18-19,PS,True,False,False
6,150450,19,19-20,PS,True,False,False
7,150455,1,1-2,PS,True,False,False
7,150455,2,2-3,PS,True,False,False
7,150455,3,3-4,PS,True,False,False
7,150455,4,4-5,PS,True,False,False
7,150455,5,5-6,PS,True,False,False
7,150455,6,6-7,PS,True,False,False
7,150455,7,7-8,PS,True,False,False
7,150455,8,8-9,PS,True,False,False
7,150455,9,9-10,PS,True,False,False
7,150455,10,10-11,PS,True,False,False
7,150455,11,11-12,PS,True,False,False
7,150455,12,12-13,PS,True,False,False
7,150455,13,13-14,PS,True,False,False
7,150455,14,14-15,PS,True,False,False
7,150455,15,15-16,PS,True,False,False
7,150455,16,16-17,PS,True,False,False
7,150455,17,17-18,PS,True,False,False
7,150455,18,18-19,PS,True,False,False
7,150455,19,19-20,PS,True,False,False
8,150456,1,1-2,PS,True,False,False
8,150456,2,2-3,PS,True,False,False
8,150456,3,3-4,PS,True,False,False
8,150456,4,4-5,PS,True,False,False
8,150456,5,5-6,PS,True,False,False
8,150456,6,6-7,PS,True,False,False
8,150456,7,7-8,PS,True,False,False
8,150456,8,8-9,PS,True,False,False
8,150456,9,9-10,PS,True,False,False
8,150456,10,10-11,PS,True,False,False
8,150456,11,11-12,PS,True,False,False
8,150456,12,12-13,PS,True,False,False
8,150456,13,13-14,PS,True,False,False
8,150456,14,14-15,PS,True,False,False
8,150456,15,15-16,PS,True,False,False
8,150456,16,16-17,PS,True,False,False
8,150456,17,17-18,PS,True,False,False
8,150456,18,18-19,PS,True,False,False
8,150456,19,19-20,PS,True,False,False
9,150457,1,1-2,PS,True,False,False
9,150457,2,2-3,PS,True,False,False
9,150457,3,3-4,PS,True,False,False
9,150457,4,4-5,PS,True,False,False
9,150457,5,5-6,PS,True,False,False
9,150457,6,6-7,PS,True,False,False
9,150457,7,7-8,PS,True,False,False
9,150457,8,8-9,PS,True,False,False
9,150457,9,9-10,PS,True,False,False
9,150457,10,10-11,PS,True,False,False
9,150457,11,11-12,PS,True,False,False
9,150457,12,12-13,PS,True,False,False
9,150457,13,13-14,PS,True,False,False
9,150457,14,14-15,PS,True,False,False
9,150457,15,15-16,PS,True,False,False
9,150457,16,16-17,PS,True,False,False
9,150457,17,17-18,PS,True,False,False
9,150457,18,18-19,PS,True,False,False
9,150457,19,19-20,PS,True,False,False
10,150459,1,1-2,PS,True,False,False
10,150459,2,2-3,PS,True,False,False
10,150459,3,3-4,PS,True,False,False
10,150459,4,4-5,PS,True,False,False
10,150459,5,5-6,PS,True,False,False
10,150459,6,6-7,PS,True,False,False
10,150459,7,7-8,PS,True,False,False
10,150459,8,8-9,PS,True,False,False
10,150459,9,9-10,PS,True,False,False
10,150459,10,10-11,PS,True,False,False
10,150459,11,11-12,PS,True,False,False
10,150459,12,12-13,PS,True,False,False
10,150459,13,13-14,PS,True,False,False
10,150459,14,14-15,PS,True,False,False
10,150459,15,15-16,PS,True,False,False
10,150459,16,16-17,PS,True,False,False
10,150459,17,17-18,PS,True,False,False
10,150459,18,18-19,PS,True,False,False
10,150459,19,19-20,PS,True,False,False
11,150461,1,1-2,PS,True,False,False
11,150461,2,2-3,PS,True,False,False
11,150461,3,3-4,PS,True,False,False
11,150461,4,4-5,PS,True,False,False
11,150461,5,5-6,PS,True,False,False
11,150461,6,6-7,PS,True,False,False
11,150461,7,7-8,PS,True,False,False
11,150461,8,8-9,PS,True,False,False
11,150461,9,9-10,PS,True,False,False
11,150461,10,10-11,PS,True,False,False
11,150461,11,11-12,PS,True,False,False
11,150461,12,12-13,PS,True,False,False
11,150461,13,13-14,PS,True,False,False
11,150461,14,14-15,PS,True,False,False
11,150461,15,15-16,PS,True,False,False
11,150461,16,16-17,PS,True,False,False
11,150461,17,17-18,PS,True,False,False
11,150461,18,18-19,PS,True,False,False
11,150461,19,19-20,PS,True,False,False
12,150469,1,1-2,PS,True,False,False
12,150469,2,2-3,PS,True,False,False
12,150469,3,3-4,PS,True,False,False
12,150469,4,4-5,PS,True,False,False
12,150469,5,5-6,PS,True,False,False
12,150469,6,6-7,PS,True,False,False
12,150469,7,7-8,PS,True,False,False
12,150469,8,8-9,PS,True,False,False
12,150469,9,9-10,PS,True,False,False
12,150469,10,10-11,PS,True,False,False
12,150469,11,11-12,PS,True,False,False
12,150469,12,12-13,PS,True,False,False
12,150469,13,13-14,PS,True,False,False
12,150469,14,14-15,PS,True,False,False
12,150469,15,15-16,PS,True,False,False
12,150469,16,16-17,PS,True,False,False
12,150469,17,17-18,PS,True,False,False
12,150469,18,18-19,PS,True,False,False
12,150469,19,19-20,PS,True,False,False
13,150473,1,1-2,PS,True,False,False
13,150473,2,2-3,PS,True,False,False
13,150473,3,3-4,PS,True,False,False
13,150473,4,4-5,PS,True,False,False
13,150473,5,5-6,PS,True,False,False
13,150473,6,6-7,PS,True,False,False
13,150473,7,7-8,PS,True,False,False
13,150473,8,8-9,PS,True,False,False
13,150473,9,9-10,PS,True,False,False
13,150473,10,10-11,PS,True,False,False
13,150473,11,11-12,PS,True,False,False
13,150473,12,12-13,PS,True,False,False
13,150473,13,13-14,PS,True,False,False
13,150473,14,14-15,PS,True,False,False
13,150473,15,15-16,PS,True,False,False
13,150473,16,16-17,PS,True,False,False
13,150473,17,17-18,PS,True,False,False
13,150473,18,18-19,PS,True,False,False
13,150473,19,19-20,PS,True,False,False
14,150478,1,1-2,PS,True,False,False
14,150478,2,2-3,PS,True,False,False
14,150478,3,3-4,PS,True,False,False
14,150478,4,4-5,PS,True,False,False
14,150478,5,5-6,PS,True,False,False
14,150478,6,6-7,PS,True,False,False
14,150478,7,7-8,PS,True,False,False
14,150478,8,8-9,PS,True,False,False
14,150478,9,9-10,PS,True,False,False
14,150478,10,10-11,PS,True,False,False
14,150478,11,11-12,PS,True,False,False
14,150478,12,12-13,PS,True,False,False
14,150478,13,13-14,PS,True,False,False
14,150478,14,14-15,PS,True,False,False
14,150478,15,15-16,PS,True,False,False
14,150478,16,16-17,PS,True,False,False
14,150478,17,17-18,PS,True,False,False
14,150478,18,18-19,PS,True,False,False
14,150478,19,19-20,PS,True,False,False
15,150484,1,1-2,PS,True,False,False
15,150484,2,2-3,PS,True,False,False
15,150484,3,3-4,PS,True,False,False
15,150484,4,4-5,PS,True,False,False
15,150484,5,5-6,PS,True,False,False
15,150484,6,6-7,PS,True,False,False
15,150484,7,7-8,PS,True,False,False
15,150484,8,8-9,PS,True,False,False
15,150484,9,9-10,PS,True,False,False
15,150484,10,10-11,PS,True,False,False
15,150484,11,11-12,PS,True,False,False
15,150484,12,12-13,PS,True,False,False
15,150484,13,13-14,PS,True,False,False
15,150484,14,14-15,PS,True,False,False
15,150484,15,15-16,PS,True,False,False
15,150484,16,16-17,PS,True,False,False
15,150484,17,17-18,PS,True,False,False
15,150484,18,18-19,PS,True,False,False
15,150484,19,19-20,PS,True,False,False
16,150486,1,1-2,PS,True,False,False
16,150486,2,2-3,PS,True,False,False
16,150486,3,3-4,PS,True,False,False
16,150486,4,4-5,PS,True,False,False
16,150486,5,5-6,PS,True,False,False
16,150486,6,6-7,PS,True,False,False
16,150486,7,7-8,PS,True,False,False
16,150486,8,8-9,PS,True,False,False
16,150486,9,9-10,PS,True,False,False
16,150486,10,10-11,PS,True,False,False
16,150486,11,11-12,PS,True,False,False
16,150486,12,12-13,PS,True,False,False
16,150486,13,13-14,PS,True,False,False
16,150486,14,14-15,PS,True,False,False
16,150486,15,15-16,PS,True,False,False
16,150486,16,16-17,PS,True,False,False
16,150486,17,17-18,PS,True,False,False
16,150486,18,18-19,PS,True,False,False
16,150486,19,19-20,PS,True,False,False
17,150494,1,1-2,PS,True,False,False
17,150494,2,2-3,PS,True,False,False
17,150494,3,3-4,PS,True,False,False
17,150494,4,4-5,PS,True,False,False
17,150494,5,5-6,PS,True,False,False
17,150494,6,6-7,PS,True,False,False
17,150494,7,7-8,PS,True,False,False
17,150494,8,8-9,PS,True,False,False
17,150494,9,9-10,PS,True,False,False
17,150494,10,10-11,PS,True,False,False
17,150494,11,11-12,PS,True,False,False
17,150494,12,12-13,PS,True,False,False
17,150494,13,13-14,PS,True,False,False
17,150494,14,14-15,PS,True,False,False
17,150494,15,15-16,PS,True,False,False
17,150494,16,16-17,PS,True,False,False
17,150494,17,17-18,PS,True,False,False
17,150494,18,18-19,PS,True,False,False
17,150494,19,19-20,PS,True,False,False
18,150508,1,1-2,PS,True,False,False
18,150508,2,2-3,PS,True,False,False
18,150508,3,3-4,PS,True,False,False
18,150508,4,4-5,PS,True,False,False
18,150508,5,5-6,PS,True,False,False
18,150508,6,6-7,PS,True,False,False
18,150508,7,7-8,PS,True,False,False
18,150508,8,8-9,PS,True,False,False
18,150508,9,9-10,PS,True,False,False
18,150508,10,10-11,PS,True,False,False
18,150508,11,11-12,PS,True,False,False
18,150508,12,12-13,PS,True,False,False
18,150508,13,13-14,PS,True,False,False
18,150508,14,14-15,PS,True,False,False
18,150508,15,15-16,PS,True,False,False
18,150508,16,16-17,PS,True,False,False
18,150508,17,17-18,PS,True,False,False
18,150508,18,18-19,PS,True,False,False
18,150508,19,19-20,PS,True,False,False
19,150509,1,1-2,PS,True,False,False
19,150509,2,2-3,PS,True,False,False
19,150509,3,3-4,PS,True,False,False
19,150509,4,4-5,PS,True,False,False
19,150509,5,5-6,PS,True,False,False
19,150509,6,6-7,PS,True,False,False
19,150509,7,7-8,PS,True,False,False
19,150509,8,8-9,PS,True,False,False
19,150509,9,9-10,PS,True,False,False
19,150509,10,10-11,PS,True,False,False
19,150509,11,11-12,PS,True,False,False
19,150509,12,12-13,PS,True,False,False
19,150509,13,13-14,PS,True,False,False
19,150509,14,14-15,PS,True,False,False
19,150509,15,15-16,PS,True,False,False
19,150509,16,16-17,PS,True,False,False
19,150509,17,17-18,PS,True,False,False
19,150509,18,18-19,PS,True,False,False
19,150509,19,19-20,PS,True,False,False
20,150510,1,1-2,PS,True,False,False
20,150510,2,2-3,PS,True,False,False
20,150510,3,3-4,PS,True,False,False
20,150510,4,4-5,PS,True,False,False
20,150510,5,5-6,PS,True,False,False
20,150510,6,6-7,PS,True,False,False
20,150510,7,7-8,PS,True,False,False
20,150510,8,8-9,PS,True,False,False
20,150510,9,9-10,PS,True,False,False
20,150510,10,10-11,PS,True,False,False
20,150510,11,11-12,PS,True,False,False
20,150510,12,12-13,PS,True,False,False
20,150510,13,13-14,PS,True,False,False
20,150510,14,14-15,PS,True,False,False
20,150510,15,15-16,PS,True,False,False
20,150510,16,16-17,PS,True,False,False
20,150510,17,17-18,PS,True,False,False
20,150510,18,18-19,PS,True,False,False
20,150510,19,19-20,PS,True,False,False
21,195753,1,1-2,PS,True,False,False
21,195753,2,2-3,PS,True,False,False
21,195753,3,3-4,PS,True,False,False
21,195753,4,4-5,PS,True,False,False
21,195753,5,5-6,PS,True,False,False
21,195753,6,6-7,PS,True,False,False
21,195753,7,7-8,PS,True,False,False
21,195753,8,8-9,PS,True,False,False
21,195753,9,9-10,PS,True,False,False
21,195753,10,10-11,PS,True,False,False
21,195753,11,11-12,PS,True,False,False
21,195753,12,12-13,PS,True,False,False
21,195753,13,13-14,PS,True,False,False
21,195753,14,14-15,PS,True,False,False
21,195753,15,15-16,PS,True,False,False
21,195753,16,16-17,PS,True,False,False
21,195753,17,17-18,PS,True,False,False
21,195753,18,18-19,PS,True,False,False
21,195753,19,19-20,PS,True,False,False
22,333607,1,1-2,PS,True,False,False
22,333607,2,2-3,PS,True,False,False
22,333607,3,3-4,PS,True,False,False
22,333607,4,4-5,PS,True,False,False
22,333607,5,5-6,PS,True,False,False
22,333607,6,6-7,PS,True,False,False
22,333607,7,7-8,PS,True,False,False
22,333607,8,8-9,PS,True,False,False
22,333607,9,9-10,PS,True,False,False
22,333607,10,10-11,PS,True,False,False
22,333607,11,11-12,PS,True,False,False
22,333607,12,12-13,PS,True,False,False
22,333607,13,13-14,PS,True,False,False
22,333607,14,14-15,PS,True,False,False
22,333607,15,15-16,PS,True,False,False
22,333607,16,16-17,PS,True,False,False
22,333607,17,17-18,PS,True,False,False
22,333607,18,18-19,PS,True,False,False
22,333607,19,19-20,PS,True,False,False
23,333608,1,1-2,PS,True,False,False
23,333608,2,2-3,PS,True,False,False
23,333608,3,3-4,PS,True,False,False
23,333608,4,4-5,PS,True,False,False
23,333608,5,5-6,PS,True,False,False
23,333608,6,6-7,PS,True,False,False
23,333608,7,7-8,PS,True,False,False
23,333608,8,8-9,PS,True,False,False
23,333608,9,9-10,PS,True,False,False
23,333608,10,10-11,PS,True,False,False
23,333608,11,11-12,PS,True,False,False
23,333608,12,12-13,PS,True,False,False
23,333608,13,13-14,PS,True,False,False
23,333608,14,14-15,PS,True,False,False
23,333608,15,15-16,PS,True,False,False
23,333608,16,16-17,PS,True,False,False
23,333608,17,17-18,PS,True,False,False
23,333608,18,18-19,PS,True,False,False
23,333608,19,19-20,PS,True,False,False
24,333611,1,1-2,PS,True,False,False
24,333611,2,2-3,PS,True,False,False
24,333611,3,3-4,PS,True,False,False
24,333611,4,4-5,PS,True,False,False
24,333611,5,5-6,PS,True,False,False
24,333611,6,6-7,PS,True,False,False
24,333611,7,7-8,PS,True,False,False
24,333611,8,8-9,PS,True,False,False
24,333611,9,9-10,PS,True,False,False
24,333611,10,10-11,PS,True,False,False
24,333611,11,11-12,PS,True,False,False
24,333611,12,12-13,PS,True,False,False
24,333611,13,13-14,PS,True,False,False
24,333611,14,14-15,PS,True,False,False
24,333611,15,15-16,PS,True,False,False
24,333611,16,16-17,PS,True,False,False
24,333611,17,17-18,PS,True,False,False
24,333611,18,18-19,PS,True,False,False
24,333611,19,19-20,PS,True,False,False
25,333618,1,1-2,PS,True,False,False
25,333618,2,2-3,PS,True,False,False
25,333618,3,3-4,PS,True,False,False
25,333618,4,4-5,PS,True,False,False
25,333618,5,5-6,PS,True,False,False
25,333618,6,6-7,PS,True,False,False
25,333618,7,7-8,PS,True,False,False
25,333618,8,8-9,PS,True,False,False
25,333618,9,9-10,PS,True,False,False
25,333618,10,10-11,PS,True,False,False
25,333618,11,11-12,PS,True,False,False
25,333618,12,12-13,PS,True,False,False
25,333618,13,13-14,PS,True,False,False
25,333618,14,14-15,PS,True,False,False
25,333618,15,15-16,PS,True,False,False
25,333618,16,16-17,PS,True,False,False
25,333618,17,17-18,PS,True,False,False
25,333618,18,18-19,PS,True,False,False
25,333618,19,19-20,PS,True,False,False
26,333625,1,1-2,PS,True,False,False
26,333625,2,2-3,PS,True,False,False
26,333625,3,3-4,PS,True,False,False
26,333625,4,4-5,PS,True,False,False
26,333625,5,5-6,PS,True,False,False
26,333625,6,6-7,PS,True,False,False
26,333625,7,7-8,PS,True,False,False
26,333625,8,8-9,PS,True,False,False
26,333625,9,9-10,PS,True,False,False
26,333625,10,10-11,PS,True,False,False
26,333625,11,11-12,PS,True,False,False
26,333625,12,12-13,PS,True,False,False
26,333625,13,13-14,PS,True,False,False
26,333625,14,14-15,PS,True,False,False
26,333625,15,15-16,PS,True,False,False
26,333625,16,16-17,PS,True,False,False
26,333625,17,17-18,PS,True,False,False
26,333625,18,18-19,PS,True,False,False
26,333625,19,19-20,PS,True,False,False
27,345716,1,1-2,PS,True,False,False
27,345716,2,2-3,PS,True,False,False
27,345716,3,3-4,PS,True,False,False
27,345716,4,4-5,PS,True,False,False
27,345716,5,5-6,PS,True,False,False
27,345716,6,6-7,PS,True,False,False
27,345716,7,7-8,PS,True,False,False
27,345716,8,8-9,PS,True,False,False
27,345716,9,9-10,PS,True,False,False
27,345716,10,10-11,PS,True,False,False
27,345716,11,11-12,PS,True,False,False
27,345716,12,12-13,PS,True,False,False
27,345716,13,13-14,PS,True,False,False
27,345716,14,14-15,PS,True,False,False
27,345716,15,15-16,PS,True,False,False
27,345716,16,16-17,PS,True,False,False
27,345716,17,17-18,PS,True,False,False
27,345716,18,18-19,PS,True,False,False
27,345716,19,19-20,PS,True,False,False
28,345718,1,1-2,PS,True,False,False
28,345718,2,2-3,PS,True,False,False
28,345718,3,3-4,PS,True,False,False
28,345718,4,4-5,PS,True,False,False
28,345718,5,5-6,PS,True,False,False
28,345718,6,6-7,PS,True,False,False
28,345718,7,7-8,PS,True,False,False
28,345718,8,8-9,PS,True,False,False
28,345718,9,9-10,PS,True,False,False
28,345718,10,10-11,PS,True,False,False
28,345718,11,11-12,PS,True,False,False
28,345718,12,12-13,PS,True,False,False
28,345718,13,13-14,PS,True,False,False
28,345718,14,14-15,PS,True,False,False
28,345718,15,15-16,PS,True,False,False
28,345718,16,16-17,PS,True,False,False
28,345718,17,17-18,PS,True,False,False
28,345718,18,18-19,PS,True,False,False
28,345718,19,19-20,PS,True,False,False
29,345720,1,1-2,PS,True,False,False
29,345720,2,2-3,PS,True,False,False
29,345720,3,3-4,PS,True,False,False
29,345720,4,4-5,PS,True,False,False
29,345720,5,5-6,PS,True,False,False
29,345720,6,6-7,PS,True,False,False
29,345720,7,7-8,PS,True,False,False
29,345720,8,8-9,PS,True,False,False
29,345720,9,9-10,PS,True,False,False
29,345720,10,10-11,PS,True,False,False
29,345720,11,11-12,PS,True,False,False
29,345720,12,12-13,PS,True,False,False
29,345720,13,13-14,PS,True,False,False
29,345720,14,14-15,PS,True,False,False
29,345720,15,15-16,PS,True,False,False
29,345720,16,16-17,PS,True,False,False
29,345720,17,17-18,PS,True,False,False
29,345720,18,18-19,PS,True,False,False
29,345720,19,19-20,PS,True,False,False
30,345722,1,1-2,PS,True,False,False
30,345722,2,2-3,PS,True,False,False
30,345722,3,3-4,PS,True,False,False
30,345722,4,4-5,PS,True,False,False
30,345722,5,5-6,PS,True,False,False
30,345722,6,6-7,PS,True,False,False
30,345722,7,7-8,PS,True,False,False
30,345722,8,8-9,PS,True,False,False
30,345722,9,9-10,PS,True,False,False
30,345722,10,10-11,PS,True,False,False
30,345722,11,11-12,PS,True,False,False
30,345722,12,12-13,PS,True,False,False
30,345722,13,13-14,PS,True,False,False
30,345722,14,14-15,PS,True,False,False
30,345722,15,15-16,PS,True,False,False
30,345722,16,16-17,PS,True,False,False
30,345722,17,17-18,PS,True,False,False
30,345722,18,18-19,PS,True,False,False
30,345722,19,19-20,PS,True,False,False
31,436868,1,1-2,PS,True,False,False
31,436868,2,2-3,PS,True,False,False
31,436868,3,3-4,PS,True,False,False
31,436868,4,4-5,PS,True,False,False
31,436868,5,5-6,PS,True,False,False
31,436868,6,6-7,PS,True,False,False
31,436868,7,7-8,PS,True,False,False
31,436868,8,8-9,PS,True,False,False
31,436868,9,9-10,PS,True,False,False
31,436868,10,10-11,PS,True,False,False
31,436868,11,11-12,PS,True,False,False
31,436868,12,12-13,PS,True,False,False
31,436868,13,13-14,PS,True,False,False
31,436868,14,14-15,PS,True,False,False
31,436868,15,15-16,PS,True,False,False
31,436868,16,16-17,PS,True,False,False
31,436868,17,17-18,PS,True,False,False
31,436868,18,18-19,PS,True,False,False
31,436868,19,19-20,PS,True,False,False
32,436935,1,1-2,PS,True,False,False
32,436935,2,2-3,PS,True,False,False
32,436935,3,3-4,PS,True,False,False
32,436935,4,4-5,PS,True,False,False
32,436935,5,5-6,PS,True,False,False
32,436935,6,6-7,PS,True,False,False
32,436935,7,7-8,PS,True,False,False
32,436935,8,8-9,PS,True,False,False
32,436935,9,9-10,PS,True,False,False
32,436935,10,10-11,PS,True,False,False
32,436935,11,11-12,PS,True,False,False
32,436935,12,12-13,PS,True,False,False
32,436935,13,13-14,PS,True,False,False
32,436935,14,14-15,PS,True,False,False
32,436935,15,15-16,PS,True,False,False
32,436935,16,16-17,PS,True,False,False
32,436935,17,17-18,PS,True,False,False
32,436935,18,18-19,PS,True,False,False
32,436935,19,19-20,PS,True,False,False
33,489523,1,1-2,PS,True,False,False
33,489523,2,2-3,PS,True,False,False
33,489523,3,3-4,PS,True,False,False
33,489523,4,4-5,PS,True,False,False
33,489523,5,5-6,PS,True,False,False
33,489523,6,6-7,PS,True,False,False
33,489523,7,7-8,PS,True,False,False
33,489523,8,8-9,PS,True,False,False
33,489523,9,9-10,PS,True,False,False
33,489523,10,10-11,PS,True,False,False
33,489523,11,11-12,PS,True,False,False
33,489523,12,12-13,PS,True,False,False
33,489523,13,13-14,PS,True,False,False
33,489523,14,14-15,PS,True,False,False
33,489523,15,15-16,PS,True,False,False
33,489523,16,16-17,PS,True,False,False
33,489523,17,17-18,PS,True,False,False
33,489523,18,18-19,PS,True,False,False
33,489523,19,19-20,PS,True,False,False
34,489524,1,1-2,PS,True,False,False
34,489524,2,2-3,PS,True,False,False
34,489524,3,3-4,PS,True,False,False
34,489524,4,4-5,PS,True,False,False
34,489524,5,5-6,PS,True,False,False
34,489524,6,6-7,PS,True,False,False
34,489524,7,7-8,PS,True,False,False
34,489524,8,8-9,PS,True,False,False
34,489524,9,9-10,PS,True,False,False
34,489524,10,10-11,PS,True,False,False
34,489524,11,11-12,PS,True,False,False
34,489524,12,12-13,PS,True,False,False
34,489524,13,13-14,PS,True,False,False
34,489524,14,14-15,PS,True,False,False
34,489524,15,15-16,PS,True,False,False
34,489524,16,16-17,PS,True,False,False
34,489524,17,17-18,PS,True,False,False
34,489524,18,18-19,PS,True,False,False
34,489524,19,19-20,PS,True,False,False
35,489530,1,1-2,PS,True,False,False
35,489530,2,2-3,PS,True,False,False
35,489530,3,3-4,PS,True,False,False
35,489530,4,4-5,PS,True,False,False
35,489530,5,5-6,PS,True,False,False
35,489530,6,6-7,PS,True,False,False
35,489530,7,7-8,PS,True,False,False
35,489530,8,8-9,PS,True,False,False
35,489530,9,9-10,PS,True,False,False
35,489530,10,10-11,PS,True,False,False
35,489530,11,11-12,PS,True,False,False
35,489530,12,12-13,PS,True,False,False
35,489530,13,13-14,PS,True,False,False
35,489530,14,14-15,PS,True,False,False
35,489530,15,15-16,PS,True,False,False
35,489530,16,16-17,PS,True,False,False
35,489530,17,17-18,PS,True,False,False
35,489530,18,18-19,PS,True,False,False
35,489530,19,19-20,PS,True,False,False
36,489531,1,1-2,PS,True,False,False
36,489531,2,2-3,PS,True,False,False
36,489531,3,3-4,PS,True,False,False
36,489531,4,4-5,PS,True,False,False
36,489531,5,5-6,PS,True,False,False
36,489531,6,6-7,PS,True,False,False
36,489531,7,7-8,PS,True,False,False
36,489531,8,8-9,PS,True,False,False
36,489531,9,9-10,PS,True,False,False
36,489531,10,10-11,PS,True,False,False
36,489531,11,11-12,PS,True,False,False
36,489531,12,12-13,PS,True,False,False
36,489531,13,13-14,PS,True,False,False
36,489531,14,14-15,PS,True,False,False
36,489531,15,15-16,PS,True,False,False
36,489531,16,16-17,PS,True,False,False
36,489531,17,17-18,PS,True,False,False
36,489531,18,18-19,PS,True,False,False
36,489531,19,19-20,PS,True,False,False
37,489532,1,1-2,PS,True,False,False
37,489532,2,2-3,PS,True,False,False
37,489532,3,3-4,PS,True,False,False
37,489532,4,4-5,PS,True,False,False
37,489532,5,5-6,PS,True,False,False
37,489532,6,6-7,PS,True,False,False
37,489532,7,7-8,PS,True,False,False
37,489532,8,8-9,PS,True,False,False
37,489532,9,9-10,PS,True,False,False
37,489532,10,10-11,PS,True,False,False
37,489532,11,11-12,PS,True,False,False
37,489532,12,12-13,PS,True,False,False
37,489532,13,13-14,PS,True,False,False
37,489532,14,14-15,PS,True,False,False
37,489532,15,15-16,PS,True,False,False
37,489532,16,16-17,PS,True,False,False
37,489532,17,17-18,PS,True,False,False
37,489532,18,18-19,PS,True,False,False
37,489532,19,19-20,PS,True,False,False
38,489539,1,1-2,PS,True,False,False
38,489539,2,2-3,PS,True,False,False
38,489539,3,3-4,PS,True,False,False
38,489539,4,4-5,PS,True,False,False
38,489539,5,5-6,PS,True,False,False
38,489539,6,6-7,PS,True,False,False
38,489539,7,7-8,PS,True,False,False
38,489539,8,8-9,PS,True,False,False
38,489539,9,9-10,PS,True,False,False
38,489539,10,10-11,PS,True,False,False
38,489539,11,11-12,PS,True,False,False
38,489539,12,12-13,PS,True,False,False
38,489539,13,13-14,PS,True,False,False
38,489539,14,14-15,PS,True,False,False
38,489539,15,15-16,PS,True,False,False
38,489539,16,16-17,PS,True,False,False
38,489539,17,17-18,PS,True,False,False
38,489539,18,18-19,PS,True,False,False
38,489539,19,19-20,PS,True,False,False
39,489540,1,1-2,PS,True,False,False
39,489540,2,2-3,PS,True,False,False
39,489540,3,3-4,PS,True,False,False
39,489540,4,4-5,PS,True,False,False
39,489540,5,5-6,PS,True,False,False
39,489540,6,6-7,PS,True,False,False
39,489540,7,7-8,PS,True,False,False
39,489540,8,8-9,PS,True,False,False
39,489540,9,9-10,PS,True,False,False
39,489540,10,10-11,PS,True,False,False
39,489540,11,11-12,PS,True,False,False
39,489540,12,12-13,PS,True,False,False
39,489540,13,13-14,PS,True,False,False
39,489540,14,14-15,PS,True,False,False
39,489540,15,15-16,PS,True,False,False
39,489540,16,16-17,PS,True,False,False
39,489540,17,17-18,PS,True,False,False
39,489540,18,18-19,PS,True,False,False
39,489540,19,19-20,PS,True,False,False
40,590067,1,1-2,PS,True,False,False
40,590067,2,2-3,PS,True,False,False
40,590067,3,3-4,PS,True,False,False
40,590067,4,4-5,PS,True,False,False
40,590067,5,5-6,PS,True,False,False
40,590067,6,6-7,PS,True,False,False
40,590067,7,7-8,PS,True,False,False
40,590067,8,8-9,PS,True,False,False
40,590067,9,9-10,PS,True,False,False
40,590067,10,10-11,PS,True,False,False
40,590067,11,11-12,PS,True,False,False
40,590067,12,12-13,PS,True,False,False
40,590067,13,13-14,PS,True,False,False
40,590067,14,14-15,PS,True,False,False
40,590067,15,15-16,PS,True,False,False
40,590067,16,16-17,PS,True,False,False
40,590067,17,17-18,PS,True,False,False
40,590067,18,18-19,PS,True,False,False
40,590067,19,19-20,PS,True,False,False
41,590074,1,1-2,PS,True,False,False
41,590074,2,2-3,PS,True,False,False
41,590074,3,3-4,PS,True,False,False
41,590074,4,4-5,PS,True,False,False
41,590074,5,5-6,PS,True,False,False
41,590074,6,6-7,PS,True,False,False
41,590074,7,7-8,PS,True,False,False
41,590074,8,8-9,PS,True,False,False
41,590074,9,9-10,PS,True,False,False
41,590074,10,10-11,PS,True,False,False
41,590074,11,11-12,PS,True,False,False
41,590074,12,12-13,PS,True,False,False
41,590074,13,13-14,PS,True,False,False
41,590074,14,14-15,PS,True,False,False
41,590074,15,15-16,PS,True,False,False
41,590074,16,16-17,PS,True,False,False
41,590074,17,17-18,PS,True,False,False
41,590074,18,18-19,PS,True,False,False
41,590074,19,19-20,PS,True,False,False
42,590082,1,1-2,PS,True,False,False
42,590082,2,2-3,PS,True,False,False
42,590082,3,3-4,PS,True,False,False
42,590082,4,4-5,PS,True,False,False
42,590082,5,5-6,PS,True,False,False
42,590082,6,6-7,PS,True,False,False
42,590082,7,7-8,PS,True,False,False
42,590082,8,8-9,PS,True,False,False
42,590082,9,9-10,PS,True,False,False
42,590082,10,10-11,PS,True,False,False
42,590082,11,11-12,PS,True,False,False
42,590082,12,12-13,PS,True,False,False
42,590082,13,13-14,PS,True,False,False
42,590082,14,14-15,PS,True,False,False
42,590082,15,15-16,PS,True,False,False
42,590082,16,16-17,PS,True,False,False
42,590082,17,17-18,PS,True,False,False
42,590082,18,18-19,PS,True,False,False
42,590082,19,19-20,PS,True,False,False
43,590094,1,1-2,PS,True,False,False
43,590094,2,2-3,PS,True,False,False
43,590094,3,3-4,PS,True,False,False
43,590094,4,4-5,PS,True,False,False
43,590094,5,5-6,PS,True,False,False
43,590094,6,6-7,PS,True,False,False
43,590094,7,7-8,PS,True,False,False
43,590094,8,8-9,PS,True,False,False
43,590094,9,9-10,PS,True,False,False
43,590094,10,10-11,PS,True,False,False
43,590094,11,11-12,PS,True,False,False
43,590094,12,12-13,PS,True,False,False
43,590094,13,13-14,PS,True,False,False
43,590094,14,14-15,PS,True,False,False
43,590094,15,15-16,PS,True,False,False
43,590094,16,16-17,PS,True,False,False
43,590094,17,17-18,PS,True,False,False
43,590094,18,18-19,PS,True,False,False
43,590094,19,19-20,PS,True,False,False
44,590130,1,1-2,PS,True,False,False
44,590130,2,2-3,PS,True,False,False
44,590130,3,3-4,PS,True,False,False
44,590130,4,4-5,PS,True,False,False
44,590130,5,5-6,PS,True,False,False
44,590130,6,6-7,PS,True,False,False
44,590130,7,7-8,PS,True,False,False
44,590130,8,8-9,PS,True,False,False
44,590130,9,9-10,PS,True,False,False
44,590130,10,10-11,PS,True,False,False
44,590130,11,11-12,PS,True,False,False
44,590130,12,12-13,PS,True,False,False
44,590130,13,13-14,PS,True,False,False
44,590130,14,14-15,PS,True,False,False
44,590130,15,15-16,PS,True,False,False
44,590130,16,16-17,PS,True,False,False
44,590130,17,17-18,PS,True,False,False
44,590130,18,18-19,PS,True,False,False
44,590130,19,19-20,PS,True,False,False
45,590138,1,1-2,PS,True,False,False
45,590138,2,2-3,PS,True,False,False
45,590138,3,3-4,PS,True,False,False
45,590138,4,4-5,PS,True,False,False
45,590138,5,5-6,PS,True,False,False
45,590138,6,6-7,PS,True,False,False
45,590138,7,7-8,PS,True,False,False
45,590138,8,8-9,PS,True,False,False
45,590138,9,9-10,PS,True,False,False
45,590138,10,10-11,PS,True,False,False
45,590138,11,11-12,PS,True,False,False
45,590138,12,12-13,PS,True,False,False
45,590138,13,13-14,PS,True,False,False
45,590138,14,14-15,PS,True,False,False
45,590138,15,15-16,PS,True,False,False
45,590138,16,16-17,PS,True,False,False
45,590138,17,17-18,PS,True,False,False
45,590138,18,18-19,PS,True,False,False
45,590138,19,19-20,PS,True,False,False
46,590146,1,1-2,PS,True,False,False
46,590146,2,2-3,PS,True,False,False
46,590146,3,3-4,PS,True,False,False
46,590146,4,4-5,PS,True,False,False
46,590146,5,5-6,PS,True,False,False
46,590146,6,6-7,PS,True,False,False
46,590146,7,7-8,PS,True,False,False
46,590146,8,8-9,PS,True,False,False
46,590146,9,9-10,PS,True,False,False
46,590146,10,10-11,PS,True,False,False
46,590146,11,11-12,PS,True,False,False
46,590146,12,12-13,PS,True,False,False
46,590146,13,13-14,PS,True,False,False
46,590146,14,14-15,PS,True,False,False
46,590146,15,15-16,PS,True,False,False
46,590146,16,16-17,PS,True,False,False
46,590146,17,17-18,PS,True,False,False
46,590146,18,18-19,PS,True,False,False
46,590146,19,19-20,PS,True,False,False
47,590154,1,1-2,PS,True,False,False
47,590154,2,2-3,PS,True,False,False
47,590154,3,3-4,PS,True,False,False
47,590154,4,4-5,PS,True,False,False
47,590154,5,5-6,PS,True,False,False
47,590154,6,6-7,PS,True,False,False
47,590154,7,7-8,PS,True,False,False
47,590154,8,8-9,PS,True,False,False
47,590154,9,9-10,PS,True,False,False
47,590154,10,10-11,PS,True,False,False
47,590154,11,11-12,PS,True,False,False
47,590154,12,12-13,PS,True,False,False
47,590154,13,13-14,PS,True,False,False
47,590154,14,14-15,PS,True,False,False
47,590154,15,15-16,PS,True,False,False
47,590154,16,16-17,PS,True,False,False
47,590154,17,17-18,PS,True,False,False
47,590154,18,18-19,PS,True,False,False
47,590154,19,19-20,PS,True,False,False
48,590181,1,1-2,PS,True,False,False
48,590181,2,2-3,PS,True,False,False
48,590181,3,3-4,PS,True,False,False
48,590181,4,4-5,PS,True,False,False
48,590181,5,5-6,PS,True,False,False
48,590181,6,6-7,PS,True,False,False
48,590181,7,7-8,PS,True,False,False
48,590181,8,8-9,PS,True,False,False
48,590181,9,9-10,PS,True,False,False
48,590181,10,10-11,PS,True,False,False
48,590181,11,11-12,PS,True,False,False
48,590181,12,12-13,PS,True,False,False
48,590181,13,13-14,PS,True,False,False
48,590181,14,14-15,PS,True,False,False
48,590181,15,15-16,PS,True,False,False
48,590181,16,16-17,PS,True,False,False
48,590181,17,17-18,PS,True,False,False
48,590181,18,18-19,PS,True,False,False
48,590181,19,19-20,PS,True,False,False
49,590188,1,1-2,PS,True,False,False
49,590188,2,2-3,PS,True,False,False
49,590188,3,3-4,PS,True,False,False
49,590188,4,4-5,PS,True,False,False
49,590188,5,5-6,PS,True,False,False
49,590188,6,6-7,PS,True,False,False
49,590188,7,7-8,PS,True,False,False
49,590188,8,8-9,PS,True,False,False
49,590188,9,9-10,PS,True,False,False
49,590188,10,10-11,PS,True,False,False
49,590188,11,11-12,PS,True,False,False
49,590188,12,12-13,PS,True,False,False
49,590188,13,13-14,PS,True,False,False
49,590188,14,14-15,PS,True,False,False
49,590188,15,15-16,PS,True,False,False
49,590188,16,16-17,PS,True,False,False
49,590188,17,17-18,PS,True,False,False
49,590188,18,18-19,PS,True,False,False
49,590188,19,19-20,PS,True,False,False
50,590434,1,1-2,PS,True,False,False
50,590434,2,2-3,PS,True,False,False
50,590434,3,3-4,PS,True,False,False
50,590434,4,4-5,PS,True,False,False
50,590434,5,5-6,PS,True,False,False
50,590434,6,6-7,PS,True,False,False
50,590434,7,7-8,PS,True,False,False
50,590434,8,8-9,PS,True,False,False
50,590434,9,9-10,PS,True,False,False
50,590434,10,10-11,PS,True,False,False
50,590434,11,11-12,PS,True,False,False
50,590434,12,12-13,PS,True,False,False
50,590434,13,13-14,PS,True,False,False
50,590434,14,14-15,PS,True,False,False
50,590434,15,15-16,PS,True,False,False
50,590434,16,16-17,PS,True,False,False
51,590435,1,1-2,PS,True,False,False
51,590435,2,2-3,PS,True,False,False
51,590435,3,3-4,PS,True,False,False
51,590435,4,4-5,PS,True,False,False
51,590435,5,5-6,PS,True,False,False
51,590435,6,6-7,PS,True,False,False
51,590435,7,7-8,PS,True,False,False
51,590435,8,8-9,PS,True,False,False
51,590435,9,9-10,PS,True,False,False
51,590435,10,10-11,PS,True,False,False
51,590435,11,11-12,PS,True,False,False
51,590435,12,12-13,PS,True,False,False
51,590435,13,13-14,PS,True,False,False
51,590435,14,14-15,PS,True,False,False
51,590435,15,15-16,PS,True,False,False
51,590435,16,16-17,PS,True,False,False
52,590436,1,1-2,PS,True,False,False
52,590436,2,2-3,PS,True,False,False
52,590436,3,3-4,PS,True,False,False
52,590436,4,4-5,PS,True,False,False
52,590436,5,5-6,PS,True,False,False
52,590436,6,6-7,PS,True,False,False
52,590436,7,7-8,PS,True,False,False
52,590436,8,8-9,PS,True,False,False
52,590436,9,9-10,PS,True,False,False
52,590436,10,10-11,PS,True,False,False
52,590436,11,11-12,PS,True,False,False
52,590436,12,12-13,PS,True,False,False
52,590436,13,13-14,PS,True,False,False
52,590436,14,14-15,PS,True,False,False
52,590436,15,15-16,PS,True,False,False
52,590436,16,16-17,PS,True,False,False
53,590437,1,1-2,PS,True,False,False
53,590437,2,2-3,PS,True,False,False
53,590437,3,3-4,PS,True,False,False
53,590437,4,4-5,PS,True,False,False
53,590437,5,5-6,PS,True,False,False
53,590437,6,6-7,PS,True,False,False
53,590437,7,7-8,PS,True,False,False
53,590437,8,8-9,PS,True,False,False
53,590437,9,9-10,PS,True,False,False
53,590437,10,10-11,PS,True,False,False
53,590437,11,11-12,PS,True,False,False
53,590437,12,12-13,PS,True,False,False
53,590437,13,13-14,PS,True,False,False
53,590437,14,14-15,PS,True,False,False
53,590437,15,15-16,PS,True,False,False
53,590437,16,16-17,PS,True,False,False
54,590438,1,1-2,PS,True,False,False
54,590438,2,2-3,PS,True,False,False
54,590438,3,3-4,PS,True,False,False
54,590438,4,4-5,PS,True,False,False
54,590438,5,5-6,PS,True,False,False
54,590438,6,6-7,PS,True,False,False
54,590438,7,7-8,PS,True,False,False
54,590438,8,8-9,PS,True,False,False
54,590438,9,9-10,PS,True,False,False
54,590438,10,10-11,PS,True,False,False
54,590438,11,11-12,PS,True,False,False
54,590438,12,12-13,PS,True,False,False
54,590438,13,13-14,PS,True,False,False
54,590438,14,14-15,PS,True,False,False
54,590438,15,15-16,PS,True,False,False
54,590438,16,16-17,PS,True,False,False
55,590439,1,1-2,PS,True,False,False
55,590439,2,2-3,PS,True,False,False
55,590439,3,3-4,PS,True,False,False
55,590439,4,4-5,PS,True,False,False
55,590439,5,5-6,PS,True,False,False
55,590439,6,6-7,PS,True,False,False
55,590439,7,7-8,PS,True,False,False
55,590439,8,8-9,PS,True,False,False
55,590439,9,9-10,PS,True,False,False
55,590439,10,10-11,PS,True,False,False
55,590439,11,11-12,PS,True,False,False
55,590439,12,12-13,PS,True,False,False
55,590439,13,13-14,PS,True,False,False
55,590439,14,14-15,PS,True,False,False
55,590439,15,15-16,PS,True,False,False
55,590439,16,16-17,PS,True,False,False
56,590440,1,1-2,PS,True,False,False
56,590440,2,2-3,PS,True,False,False
56,590440,3,3-4,PS,True,False,False
56,590440,4,4-5,PS,True,False,False
56,590440,5,5-6,PS,True,False,False
56,590440,6,6-7,PS,True,False,False
56,590440,7,7-8,PS,True,False,False
56,590440,8,8-9,PS,True,False,False
56,590440,9,9-10,PS,True,False,False
56,590440,10,10-11,PS,True,False,False
56,590440,11,11-12,PS,True,False,False
56,590440,12,12-13,PS,True,False,False
56,590440,13,13-14,PS,True,False,False
56,590440,14,14-15,PS,True,False,False
56,590440,15,15-16,PS,True,False,False
56,590440,16,16-17,PS,True,False,False
57,590441,1,1-2,PS,True,False,False
57,590441,2,2-3,PS,True,False,False
57,590441,3,3-4,PS,True,False,False
57,590441,4,4-5,PS,True,False,False
57,590441,5,5-6,PS,True,False,False
57,590441,6,6-7,PS,True,False,False
57,590441,7,7-8,PS,True,False,False
57,590441,8,8-9,PS,True,False,False
57,590441,9,9-10,PS,True,False,False
57,590441,10,10-11,PS,True,False,False
57,590441,11,11-12,PS,True,False,False
57,590441,12,12-13,PS,True,False,False
57,590441,13,13-14,PS,True,False,False
57,590441,14,14-15,PS,True,False,False
57,590441,15,15-16,PS,True,False,False
57,590441,16,16-17,PS,True,False,False
58,590442,1,1-2,PS,True,False,False
58,590442,2,2-3,PS,True,False,False
58,590442,3,3-4,PS,True,False,False
58,590442,4,4-5,PS,True,False,False
58,590442,5,5-6,PS,True,False,False
58,590442,6,6-7,PS,True,False,False
58,590442,7,7-8,PS,True,False,False
58,590442,8,8-9,PS,True,False,False
58,590442,9,9-10,PS,True,False,False
58,590442,10,10-11,PS,True,False,False
58,590442,11,11-12,PS,True,False,False
58,590442,12,12-13,PS,True,False,False
58,590442,13,13-14,PS,True,False,False
58,590442,14,14-15,PS,True,False,False
58,590442,15,15-16,PS,True,False,False
58,590442,16,16-17,PS,True,False,False
59,590443,1,1-2,PS,True,False,False
59,590443,2,2-3,PS,True,False,False
59,590443,3,3-4,PS,True,False,False
59,590443,4,4-5,PS,True,False,False
59,590443,5,5-6,PS,True,False,False
59,590443,6,6-7,PS,True,False,False
59,590443,7,7-8,PS,True,False,False
59,590443,8,8-9,PS,True,False,False
59,590443,9,9-10,PS,True,False,False
59,590443,10,10-11,PS,True,False,False
59,590443,11,11-12,PS,True,False,False
59,590443,12,12-13,PS,True,False,False
59,590443,13,13-14,PS,True,False,False
59,590443,14,14-15,PS,True,False,False
59,590443,15,15-16,PS,True,False,False
59,590443,16,16-17,PS,True,False,False
60,590444,1,1-2,PS,True,False,False
60,590444,2,2-3,PS,True,False,False
60,590444,3,3-4,PS,True,False,False
60,590444,4,4-5,PS,True,False,False
60,590444,5,5-6,PS,True,False,False
60,590444,6,6-7,PS,True,False,False
60,590444,7,7-8,PS,True,False,False
60,590444,8,8-9,PS,True,False,False
60,590444,9,9-10,PS,True,False,False
60,590444,10,10-11,PS,True,False,False
60,590444,11,11-12,PS,True,False,False
60,590444,12,12-13,PS,True,False,False
60,590444,13,13-14,PS,True,False,False
60,590444,14,14-15,PS,True,False,False
60,590444,15,15-16,PS,True,False,False
60,590444,16,16-17,PS,True,False,False
61,590445,1,1-2,PS,True,False,False
61,590445,2,2-3,PS,True,False,False
61,590445,3,3-4,PS,True,False,False
61,590445,4,4-5,PS,True,False,False
61,590445,5,5-6,PS,True,False,False
61,590445,6,6-7,PS,True,False,False
61,590445,7,7-8,PS,True,False,False
61,590445,8,8-9,PS,True,False,False
61,590445,9,9-10,PS,True,False,False
61,590445,10,10-11,PS,True,False,False
61,590445,11,11-12,PS,True,False,False
61,590445,12,12-13,PS,True,False,False
61,590445,13,13-14,PS,True,False,False
61,590445,14,14-15,PS,True,False,False
61,590445,15,15-16,PS,True,False,False
61,590445,16,16-17,PS,True,False,False
62,590446,1,1-2,PS,True,False,False
62,590446,2,2-3,PS,True,False,False
62,590446,3,3-4,PS,True,False,False
62,590446,4,4-5,PS,True,False,False
62,590446,5,5-6,PS,True,False,False
62,590446,6,6-7,PS,True,False,False
62,590446,7,7-8,PS,True,False,False
62,590446,8,8-9,PS,True,False,False
62,590446,9,9-10,PS,True,False,False
62,590446,10,10-11,PS,True,False,False
62,590446,11,11-12,PS,True,False,False
62,590446,12,12-13,PS,True,False,False
62,590446,13,13-14,PS,True,False,False
62,590446,14,14-15,PS,True,False,False
62,590446,15,15-16,PS,True,False,False
62,590446,16,16-17,PS,True,False,False
63,590447,1,1-2,PS,True,False,False
63,590447,2,2-3,PS,True,False,False
63,590447,3,3-4,PS,True,False,False
63,590447,4,4-5,PS,True,False,False
63,590447,5,5-6,PS,True,False,False
63,590447,6,6-7,PS,True,False,False
63,590447,7,7-8,PS,True,False,False
63,590447,8,8-9,PS,True,False,False
63,590447,9,9-10,PS,True,False,False
63,590447,10,10-11,PS,True,False,False
63,590447,11,11-12,PS,True,False,False
63,590447,12,12-13,PS,True,False,False
63,590447,13,13-14,PS,True,False,False
63,590447,14,14-15,PS,True,False,False
63,590447,15,15-16,PS,True,False,False
63,590447,16,16-17,PS,True,False,False
64,590448,1,1-2,PS,True,False,False
64,590448,2,2-3,PS,True,False,False
64,590448,3,3-4,PS,True,False,False
64,590448,4,4-5,PS,True,False,False
64,590448,5,5-6,PS,True,False,False
64,590448,6,6-7,PS,True,False,False
64,590448,7,7-8,PS,True,False,False
64,590448,8,8-9,PS,True,False,False
64,590448,9,9-10,PS,True,False,False
64,590448,10,10-11,PS,True,False,False
64,590448,11,11-12,PS,True,False,False
64,590448,12,12-13,PS,True,False,False
64,590448,13,13-14,PS,True,False,False
64,590448,14,14-15,PS,True,False,False
64,590448,15,15-16,PS,True,False,False
64,590448,16,16-17,PS,True,False,False
65,590449,1,1-2,PS,True,False,False
65,590449,2,2-3,PS,True,False,False
65,590449,3,3-4,PS,True,False,False
65,590449,4,4-5,PS,True,False,False
65,590449,5,5-6,PS,True,False,False
65,590449,6,6-7,PS,True,False,False
65,590449,7,7-8,PS,True,False,False
65,590449,8,8-9,PS,True,False,False
65,590449,9,9-10,PS,True,False,False
65,590449,10,10-11,PS,True,False,False
65,590449,11,11-12,PS,True,False,False
65,590449,12,12-13,PS,True,False,False
65,590449,13,13-14,PS,True,False,False
65,590449,14,14-15,PS,True,False,False
65,590449,15,15-16,PS,True,False,False
65,590449,16,16-17,PS,True,False,False
66,590450,1,1-2,PS,True,False,False
66,590450,2,2-3,PS,True,False,False
66,590450,3,3-4,PS,True,False,False
66,590450,4,4-5,PS,True,False,False
66,590450,5,5-6,PS,True,False,False
66,590450,6,6-7,PS,True,False,False
66,590450,7,7-8,PS,True,False,False
66,590450,8,8-9,PS,True,False,False
66,590450,9,9-10,PS,True,False,False
66,590450,10,10-11,PS,True,False,False
66,590450,11,11-12,PS,True,False,False
66,590450,12,12-13,PS,True,False,False
66,590450,13,13-14,PS,True,False,False
66,590450,14,14-15,PS,True,False,False
66,590450,15,15-16,PS,True,False,False
66,590450,16,16-17,PS,True,False,False
67,590451,1,1-2,PS,True,False,False
67,590451,2,2-3,PS,True,False,False
67,590451,3,3-4,PS,True,False,False
67,590451,4,4-5,PS,True,False,False
67,590451,5,5-6,PS,True,False,False
67,590451,6,6-7,PS,True,False,False
67,590451,7,7-8,PS,True,False,False
67,590451,8,8-9,PS,True,False,False
67,590451,9,9-10,PS,True,False,False
67,590451,10,10-11,PS,True,False,False
67,590451,11,11-12,PS,True,False,False
67,590451,12,12-13,PS,True,False,False
67,590451,13,13-14,PS,True,False,False
67,590451,14,14-15,PS,True,False,False
67,590451,15,15-16,PS,True,False,False
67,590451,16,16-17,PS,True,False,False
68,590452,1,1-2,PS,True,False,False
68,590452,2,2-3,PS,True,False,False
68,590452,3,3-4,PS,True,False,False
68,590452,4,4-5,PS,True,False,False
68,590452,5,5-6,PS,True,False,False
68,590452,6,6-7,PS,True,False,False
68,590452,7,7-8,PS,True,False,False
68,590452,8,8-9,PS,True,False,False
68,590452,9,9-10,PS,True,False,False
68,590452,10,10-11,PS,True,False,False
68,590452,11,11-12,PS,True,False,False
68,590452,12,12-13,PS,True,False,False
68,590452,13,13-14,PS,True,False,False
68,590452,14,14-15,PS,True,False,False
68,590452,15,15-16,PS,True,False,False
68,590452,16,16-17,PS,True,False,False
69,590453,1,1-2,PS,True,False,False
69,590453,2,2-3,PS,True,False,False
69,590453,3,3-4,PS,True,False,False
69,590453,4,4-5,PS,True,False,False
69,590453,5,5-6,PS,True,False,False
69,590453,6,6-7,PS,True,False,False
69,590453,7,7-8,PS,True,False,False
69,590453,8,8-9,PS,True,False,False
69,590453,9,9-10,PS,True,False,False
69,590453,10,10-11,PS,True,False,False
69,590453,11,11-12,PS,True,False,False
69,590453,12,12-13,PS,True,False,False
69,590453,13,13-14,PS,True,False,False
69,590453,14,14-15,PS,True,False,False
69,590453,15,15-16,PS,True,False,False
69,590453,16,16-17,PS,True,False,False
70,590454,1,1-2,PS,True,False,False
70,590454,2,2-3,PS,True,False,False
70,590454,3,3-4,PS,True,False,False
70,590454,4,4-5,PS,True,False,False
70,590454,5,5-6,PS,True,False,False
70,590454,6,6-7,PS,True,False,False
70,590454,7,7-8,PS,True,False,False
70,590454,8,8-9,PS,True,False,False
70,590454,9,9-10,PS,True,False,False
70,590454,10,10-11,PS,True,False,False
70,590454,11,11-12,PS,True,False,False
70,590454,12,12-13,PS,True,False,False
70,590454,13,13-14,PS,True,False,False
70,590454,14,14-15,PS,True,False,False
70,590454,15,15-16,PS,True,False,False
70,590454,16,16-17,PS,True,False,False
71,590455,1,1-2,PS,True,False,False
71,590455,2,2-3,PS,True,False,False
71,590455,3,3-4,PS,True,False,False
71,590455,4,4-5,PS,True,False,False
71,590455,5,5-6,PS,True,False,False
71,590455,6,6-7,PS,True,False,False
71,590455,7,7-8,PS,True,False,False
71,590455,8,8-9,PS,True,False,False
71,590455,9,9-10,PS,True,False,False
71,590455,10,10-11,PS,True,False,False
71,590455,11,11-12,PS,True,False,False
71,590455,12,12-13,PS,True,False,False
71,590455,13,13-14,PS,True,False,False
71,590455,14,14-15,PS,True,False,False
71,590455,15,15-16,PS,True,False,False
71,590455,16,16-17,PS,True,False,False
72,590456,1,1-2,PS,True,False,False
72,590456,2,2-3,PS,True,False,False
72,590456,3,3-4,PS,True,False,False
72,590456,4,4-5,PS,True,False,False
72,590456,5,5-6,PS,True,False,False
72,590456,6,6-7,PS,True,False,False
72,590456,7,7-8,PS,True,False,False
72,590456,8,8-9,PS,True,False,False
72,590456,9,9-10,PS,True,False,False
72,590456,10,10-11,PS,True,False,False
72,590456,11,11-12,PS,True,False,False
72,590456,12,12-13,PS,True,False,False
72,590456,13,13-14,PS,True,False,False
72,590456,14,14-15,PS,True,False,False
72,590456,15,15-16,PS,True,False,False
72,590456,16,16-17,PS,True,False,False
73,590457,1,1-2,PS,True,False,False
73,590457,2,2-3,PS,True,False,False
73,590457,3,3-4,PS,True,False,False
73,590457,4,4-5,PS,True,False,False
73,590457,5,5-6,PS,True,False,False
73,590457,6,6-7,PS,True,False,False
73,590457,7,7-8,PS,True,False,False
73,590457,8,8-9,PS,True,False,False
73,590457,9,9-10,PS,True,False,False
73,590457,10,10-11,PS,True,False,False
73,590457,11,11-12,PS,True,False,False
73,590457,12,12-13,PS,True,False,False
73,590457,13,13-14,PS,True,False,False
73,590457,14,14-15,PS,True,False,False
73,590457,15,15-16,PS,True,False,False
73,590457,16,16-17,PS,True,False,False
74,590458,1,1-2,PS,True,False,False
74,590458,2,2-3,PS,True,False,False
74,590458,3,3-4,PS,True,False,False
74,590458,4,4-5,PS,True,False,False
74,590458,5,5-6,PS,True,False,False
74,590458,6,6-7,PS,True,False,False
74,590458,7,7-8,PS,True,False,False
74,590458,8,8-9,PS,True,False,False
74,590458,9,9-10,PS,True,False,False
74,590458,10,10-11,PS,True,False,False
74,590458,11,11-12,PS,True,False,False
74,590458,12,12-13,PS,True,False,False
74,590458,13,13-14,PS,True,False,False
74,590458,14,14-15,PS,True,False,False
74,590458,15,15-16,PS,True,False,False
74,590458,16,16-17,PS,True,False,False
75,590459,1,1-2,PS,True,False,False
75,590459,2,2-3,PS,True,False,False
75,590459,3,3-4,PS,True,False,False
75,590459,4,4-5,PS,True,False,False
75,590459,5,5-6,PS,True,False,False
75,590459,6,6-7,PS,True,False,False
75,590459,7,7-8,PS,True,False,False
75,590459,8,8-9,PS,True,False,False
75,590459,9,9-10,PS,True,False,False
75,590459,10,10-11,PS,True,False,False
75,590459,11,11-12,PS,True,False,False
75,590459,12,12-13,PS,True,False,False
75,590459,13,13-14,PS,True,False,False
75,590459,14,14-15,PS,True,False,False
75,590459,15,15-16,PS,True,False,False
75,590459,16,16-17,PS,True,False,False
76,590461,1,1-2,PS,True,False,False
76,590461,2,2-3,PS,True,False,False
76,590461,3,3-4,PS,True,False,False
76,590461,4,4-5,PS,True,False,False
76,590461,5,5-6,PS,True,False,False
76,590461,6,6-7,PS,True,False,False
76,590461,7,7-8,PS,True,False,False
76,590461,8,8-9,PS,True,False,False
76,590461,9,9-10,PS,True,False,False
76,590461,10,10-11,PS,True,False,False
76,590461,11,11-12,PS,True,False,False
76,590461,12,12-13,PS,True,False,False
76,590461,13,13-14,PS,True,False,False
76,590461,14,14-15,PS,True,False,False
76,590461,15,15-16,PS,True,False,False
76,590461,16,16-17,PS,True,False,False
77,590462,1,1-2,PS,True,False,False
77,590462,2,2-3,PS,True,False,False
77,590462,3,3-4,PS,True,False,False
77,590462,4,4-5,PS,True,False,False
77,590462,5,5-6,PS,True,False,False
77,590462,6,6-7,PS,True,False,False
77,590462,7,7-8,PS,True,False,False
77,590462,8,8-9,PS,True,False,False
77,590462,9,9-10,PS,True,False,False
77,590462,10,10-11,PS,True,False,False
77,590462,11,11-12,PS,True,False,False
77,590462,12,12-13,PS,True,False,False
77,590462,13,13-14,PS,True,False,False
77,590462,14,14-15,PS,True,False,False
77,590462,15,15-16,PS,True,False,False
77,590462,16,16-17,PS,True,False,False
78,590463,1,1-2,PS,True,False,False
78,590463,2,2-3,PS,True,False,False
78,590463,3,3-4,PS,True,False,False
78,590463,4,4-5,PS,True,False,False
78,590463,5,5-6,PS,True,False,False
78,590463,6,6-7,PS,True,False,False
78,590463,7,7-8,PS,True,False,False
78,590463,8,8-9,PS,True,False,False
78,590463,9,9-10,PS,True,False,False
78,590463,10,10-11,PS,True,False,False
78,590463,11,11-12,PS,True,False,False
78,590463,12,12-13,PS,True,False,False
78,590463,13,13-14,PS,True,False,False
78,590463,14,14-15,PS,True,False,False
78,590463,15,15-16,PS,True,False,False
78,590463,16,16-17,PS,True,False,False
79,590464,1,1-2,PS,True,False,False
79,590464,2,2-3,PS,True,False,False
79,590464,3,3-4,PS,True,False,False
79,590464,4,4-5,PS,True,False,False
79,590464,5,5-6,PS,True,False,False
79,590464,6,6-7,PS,True,False,False
79,590464,7,7-8,PS,True,False,False
79,590464,8,8-9,PS,True,False,False
79,590464,9,9-10,PS,True,False,False
79,590464,10,10-11,PS,True,False,False
79,590464,11,11-12,PS,True,False,False
79,590464,12,12-13,PS,True,False,False
79,590464,13,13-14,PS,True,False,False
79,590464,14,14-15,PS,True,False,False
79,590464,15,15-16,PS,True,False,False
79,590464,16,16-17,PS,True,False,False
80,590465,1,1-2,PS,True,False,False
80,590465,2,2-3,PS,True,False,False
80,590465,3,3-4,PS,True,False,False
80,590465,4,4-5,PS,True,False,False
80,590465,5,5-6,PS,True,False,False
80,590465,6,6-7,PS,True,False,False
80,590465,7,7-8,PS,True,False,False
80,590465,8,8-9,PS,True,False,False
80,590465,9,9-10,PS,True,False,False
80,590465,10,10-11,PS,True,False,False
80,590465,11,11-12,PS,True,False,False
80,590465,12,12-13,PS,True,False,False
80,590465,13,13-14,PS,True,False,False
80,590465,14,14-15,PS,True,False,False
80,590465,15,15-16,PS,True,False,False
80,590465,16,16-17,PS,True,False,False
81,590466,1,1-2,PS,True,False,False
81,590466,2,2-3,PS,True,False,False
81,590466,3,3-4,PS,True,False,False
81,590466,4,4-5,PS,True,False,False
81,590466,5,5-6,PS,True,False,False
81,590466,6,6-7,PS,True,False,False
81,590466,7,7-8,PS,True,False,False
81,590466,8,8-9,PS,True,False,False
81,590466,9,9-10,PS,True,False,False
81,590466,10,10-11,PS,True,False,False
81,590466,11,11-12,PS,True,False,False
81,590466,12,12-13,PS,True,False,False
81,590466,13,13-14,PS,True,False,False
81,590466,14,14-15,PS,True,False,False
81,590466,15,15-16,PS,True,False,False
81,590466,16,16-17,PS,True,False,False
82,590467,1,1-2,PS,True,False,False
82,590467,2,2-3,PS,True,False,False
82,590467,3,3-4,PS,True,False,False
82,590467,4,4-5,PS,True,False,False
82,590467,5,5-6,PS,True,False,False
82,590467,6,6-7,PS,True,False,False
82,590467,7,7-8,PS,True,False,False
82,590467,8,8-9,PS,True,False,False
82,590467,9,9-10,PS,True,False,False
82,590467,10,10-11,PS,True,False,False
82,590467,11,11-12,PS,True,False,False
82,590467,12,12-13,PS,True,False,False
82,590467,13,13-14,PS,True,False,False
82,590467,14,14-15,PS,True,False,False
82,590467,15,15-16,PS,True,False,False
82,590467,16,16-17,PS,True,False,False
83,590468,1,1-2,PS,True,False,False
83,590468,2,2-3,PS,True,False,False
83,590468,3,3-4,PS,True,False,False
83,590468,4,4-5,PS,True,False,False
83,590468,5,5-6,PS,True,False,False
83,590468,6,6-7,PS,True,False,False
83,590468,7,7-8,PS,True,False,False
83,590468,8,8-9,PS,True,False,False
83,590468,9,9-10,PS,True,False,False
83,590468,10,10-11,PS,True,False,False
83,590468,11,11-12,PS,True,False,False
83,590468,12,12-13,PS,True,False,False
83,590468,13,13-14,PS,True,False,False
83,590468,14,14-15,PS,True,False,False
83,590468,15,15-16,PS,True,False,False
83,590468,16,16-17,PS,True,False,False
84,590469,1,1-2,PS,True,False,False
84,590469,2,2-3,PS,True,False,False
84,590469,3,3-4,PS,True,False,False
84,590469,4,4-5,PS,True,False,False
84,590469,5,5-6,PS,True,False,False
84,590469,6,6-7,PS,True,False,False
84,590469,7,7-8,PS,True,False,False
84,590469,8,8-9,PS,True,False,False
84,590469,9,9-10,PS,True,False,False
84,590469,10,10-11,PS,True,False,False
84,590469,11,11-12,PS,True,False,False
84,590469,12,12-13,PS,True,False,False
84,590469,13,13-14,PS,True,False,False
84,590469,14,14-15,PS,True,False,False
84,590469,15,15-16,PS,True,False,False
84,590469,16,16-17,PS,True,False,False
85,590470,1,1-2,PS,True,False,False
85,590470,2,2-3,PS,True,False,False
85,590470,3,3-4,PS,True,False,False
85,590470,4,4-5,PS,True,False,False
85,590470,5,5-6,PS,True,False,False
85,590470,6,6-7,PS,True,False,False
85,590470,7,7-8,PS,True,False,False
85,590470,8,8-9,PS,True,False,False
85,590470,9,9-10,PS,True,False,False
85,590470,10,10-11,PS,True,False,False
85,590470,11,11-12,PS,True,False,False
85,590470,12,12-13,PS,True,False,False
85,590470,13,13-14,PS,True,False,False
85,590470,14,14-15,PS,True,False,False
85,590470,15,15-16,PS,True,False,False
85,590470,16,16-17,PS,True,False,False
86,590471,1,1-2,PS,True,False,False
86,590471,2,2-3,PS,True,False,False
86,590471,3,3-4,PS,True,False,False
86,590471,4,4-5,PS,True,False,False
86,590471,5,5-6,PS,True,False,False
86,590471,6,6-7,PS,True,False,False
86,590471,7,7-8,PS,True,False,False
86,590471,8,8-9,PS,True,False,False
86,590471,9,9-10,PS,True,False,False
86,590471,10,10-11,PS,True,False,False
86,590471,11,11-12,PS,True,False,False
86,590471,12,12-13,PS,True,False,False
86,590471,13,13-14,PS,True,False,False
86,590471,14,14-15,PS,True,False,False
86,590471,15,15-16,PS,True,False,False
86,590471,16,16-17,PS,True,False,False
87,590472,1,1-2,PS,True,False,False
87,590472,2,2-3,PS,True,False,False
87,590472,3,3-4,PS,True,False,False
87,590472,4,4-5,PS,True,False,False
87,590472,5,5-6,PS,True,False,False
87,590472,6,6-7,PS,True,False,False
87,590472,7,7-8,PS,True,False,False
87,590472,8,8-9,PS,True,False,False
87,590472,9,9-10,PS,True,False,False
87,590472,10,10-11,PS,True,False,False
87,590472,11,11-12,PS,True,False,False
87,590472,12,12-13,PS,True,False,False
87,590472,13,13-14,PS,True,False,False
87,590472,14,14-15,PS,True,False,False
87,590472,15,15-16,PS,True,False,False
87,590472,16,16-17,PS,True,False,False
88,590473,1,1-2,PS,True,False,False
88,590473,2,2-3,PS,True,False,False
88,590473,3,3-4,PS,True,False,False
88,590473,4,4-5,PS,True,False,False
88,590473,5,5-6,PS,True,False,False
88,590473,6,6-7,PS,True,False,False
88,590473,7,7-8,PS,True,False,False
88,590473,8,8-9,PS,True,False,False
88,590473,9,9-10,PS,True,False,False
88,590473,10,10-11,PS,True,False,False
88,590473,11,11-12,PS,True,False,False
88,590473,12,12-13,PS,True,False,False
88,590473,13,13-14,PS,True,False,False
88,590473,14,14-15,PS,True,False,False
88,590473,15,15-16,PS,True,False,False
88,590473,16,16-17,PS,True,False,False
89,590474,1,1-2,PS,True,False,False
89,590474,2,2-3,PS,True,False,False
89,590474,3,3-4,PS,True,False,False
89,590474,4,4-5,PS,True,False,False
89,590474,5,5-6,PS,True,False,False
89,590474,6,6-7,PS,True,False,False
89,590474,7,7-8,PS,True,False,False
89,590474,8,8-9,PS,True,False,False
89,590474,9,9-10,PS,True,False,False
89,590474,10,10-11,PS,True,False,False
89,590474,11,11-12,PS,True,False,False
89,590474,12,12-13,PS,True,False,False
89,590474,13,13-14,PS,True,False,False
89,590474,14,14-15,PS,True,False,False
89,590474,15,15-16,PS,True,False,False
89,590474,16,16-17,PS,True,False,False
90,590475,1,1-2,PS,True,False,False
90,590475,2,2-3,PS,True,False,False
90,590475,3,3-4,PS,True,False,False
90,590475,4,4-5,PS,True,False,False
90,590475,5,5-6,PS,True,False,False
90,590475,6,6-7,PS,True,False,False
90,590475,7,7-8,PS,True,False,False
90,590475,8,8-9,PS,True,False,False
90,590475,9,9-10,PS,True,False,False
90,590475,10,10-11,PS,True,False,False
90,590475,11,11-12,PS,True,False,False
90,590475,12,12-13,PS,True,False,False
90,590475,13,13-14,PS,True,False,False
90,590475,14,14-15,PS,True,False,False
90,590475,15,15-16,PS,True,False,False
90,590475,16,16-17,PS,True,False,False
91,590476,1,1-2,PS,True,False,False
91,590476,2,2-3,PS,True,False,False
91,590476,3,3-4,PS,True,False,False
91,590476,4,4-5,PS,True,False,False
91,590476,5,5-6,PS,True,False,False
91,590476,6,6-7,PS,True,False,False
91,590476,7,7-8,PS,True,False,False
91,590476,8,8-9,PS,True,False,False
91,590476,9,9-10,PS,True,False,False
91,590476,10,10-11,PS,True,False,False
91,590476,11,11-12,PS,True,False,False
91,590476,12,12-13,PS,True,False,False
91,590476,13,13-14,PS,True,False,False
91,590476,14,14-15,PS,True,False,False
91,590476,15,15-16,PS,True,False,False
91,590476,16,16-17,PS,True,False,False
92,590477,1,1-2,PS,True,False,False
92,590477,2,2-3,PS,True,False,False
92,590477,3,3-4,PS,True,False,False
92,590477,4,4-5,PS,True,False,False
92,590477,5,5-6,PS,True,False,False
92,590477,6,6-7,PS,True,False,False
92,590477,7,7-8,PS,True,False,False
92,590477,8,8-9,PS,True,False,False
92,590477,9,9-10,PS,True,False,False
92,590477,10,10-11,PS,True,False,False
92,590477,11,11-12,PS,True,False,False
92,590477,12,12-13,PS,True,False,False
92,590477,13,13-14,PS,True,False,False
92,590477,14,14-15,PS,True,False,False
92,590477,15,15-16,PS,True,False,False
92,590477,16,16-17,PS,True,False,False
93,590478,1,1-2,PS,True,False,False
93,590478,2,2-3,PS,True,False,False
93,590478,3,3-4,PS,True,False,False
93,590478,4,4-5,PS,True,False,False
93,590478,5,5-6,PS,True,False,False
93,590478,6,6-7,PS,True,False,False
93,590478,7,7-8,PS,True,False,False
93,590478,8,8-9,PS,True,False,False
93,590478,9,9-10,PS,True,False,False
93,590478,10,10-11,PS,True,False,False
93,590478,11,11-12,PS,True,False,False
93,590478,12,12-13,PS,True,False,False
93,590478,13,13-14,PS,True,False,False
93,590478,14,14-15,PS,True,False,False
93,590478,15,15-16,PS,True,False,False
93,590478,16,16-17,PS,True,False,False
94,590479,1,1-2,PS,True,False,False
94,590479,2,2-3,PS,True,False,False
94,590479,3,3-4,PS,True,False,False
94,590479,4,4-5,PS,True,False,False
94,590479,5,5-6,PS,True,False,False
94,590479,6,6-7,PS,True,False,False
94,590479,7,7-8,PS,True,False,False
94,590479,8,8-9,PS,True,False,False
94,590479,9,9-10,PS,True,False,False
94,590479,10,10-11,PS,True,False,False
94,590479,11,11-12,PS,True,False,False
94,590479,12,12-13,PS,True,False,False
94,590479,13,13-14,PS,True,False,False
94,590479,14,14-15,PS,True,False,False
94,590479,15,15-16,PS,True,False,False
94,590479,16,16-17,PS,True,False,False
95,590480,1,1-2,PS,True,False,False
95,590480,2,2-3,PS,True,False,False
95,590480,3,3-4,PS,True,False,False
95,590480,4,4-5,PS,True,False,False
95,590480,5,5-6,PS,True,False,False
95,590480,6,6-7,PS,True,False,False
95,590480,7,7-8,PS,True,False,False
95,590480,8,8-9,PS,True,False,False
95,590480,9,9-10,PS,True,False,False
95,590480,10,10-11,PS,True,False,False
95,590480,11,11-12,PS,True,False,False
95,590480,12,12-13,PS,True,False,False
95,590480,13,13-14,PS,True,False,False
95,590480,14,14-15,PS,True,False,False
95,590480,15,15-16,PS,True,False,False
95,590480,16,16-17,PS,True,False,False
96,590481,1,1-2,PS,True,False,False
96,590481,2,2-3,PS,True,False,False
96,590481,3,3-4,PS,True,False,False
96,590481,4,4-5,PS,True,False,False
96,590481,5,5-6,PS,True,False,False
96,590481,6,6-7,PS,True,False,False
96,590481,7,7-8,PS,True,False,False
96,590481,8,8-9,PS,True,False,False
96,590481,9,9-10,PS,True,False,False
96,590481,10,10-11,PS,True,False,False
96,590481,11,11-12,PS,True,False,False
96,590481,12,12-13,PS,True,False,False
96,590481,13,13-14,PS,True,False,False
96,590481,14,14-15,PS,True,False,False
96,590481,15,15-16,PS,True,False,False
96,590481,16,16-17,PS,True,False,False
97,590482,1,1-2,PS,True,False,False
97,590482,2,2-3,PS,True,False,False
97,590482,3,3-4,PS,True,False,False
97,590482,4,4-5,PS,True,False,False
97,590482,5,5-6,PS,True,False,False
97,590482,6,6-7,PS,True,False,False
97,590482,7,7-8,PS,True,False,False
97,590482,8,8-9,PS,True,False,False
97,590482,9,9-10,PS,True,False,False
97,590482,10,10-11,PS,True,False,False
97,590482,11,11-12,PS,True,False,False
97,590482,12,12-13,PS,True,False,False
97,590482,13,13-14,PS,True,False,False
97,590482,14,14-15,PS,True,False,False
97,590482,15,15-16,PS,True,False,False
97,590482,16,16-17,PS,True,False,False
98,590483,1,1-2,PS,True,False,False
98,590483,2,2-3,PS,True,False,False
98,590483,3,3-4,PS,True,False,False
98,590483,4,4-5,PS,True,False,False
98,590483,5,5-6,PS,True,False,False
98,590483,6,6-7,PS,True,False,False
98,590483,7,7-8,PS,True,False,False
98,590483,8,8-9,PS,True,False,False
98,590483,9,9-10,PS,True,False,False
98,590483,10,10-11,PS,True,False,False
98,590483,11,11-12,PS,True,False,False
98,590483,12,12-13,PS,True,False,False
98,590483,13,13-14,PS,True,False,False
98,590483,14,14-15,PS,True,False,False
98,590483,15,15-16,PS,True,False,False
98,590483,16,16-17,PS,True,False,False
99,590484,1,1-2,PS,True,False,False
99,590484,2,2-3,PS,True,False,False
99,590484,3,3-4,PS,True,False,False
99,590484,4,4-5,PS,True,False,False
99,590484,5,5-6,PS,True,False,False
99,590484,6,6-7,PS,True,False,False
99,590484,7,7-8,PS,True,False,False
99,590484,8,8-9,PS,True,False,False
99,590484,9,9-10,PS,True,False,False
99,590484,10,10-11,PS,True,False,False
99,590484,11,11-12,PS,True,False,False
99,590484,12,12-13,PS,True,False,False
99,590484,13,13-14,PS,True,False,False
99,590484,14,14-15,PS,True,False,False
99,590484,15,15-16,PS,True,False,False
99,590484,16,16-17,PS,True,False,False
100,590485,1,1-2,PS,True,False,False
100,590485,2,2-3,PS,True,False,False
100,590485,3,3-4,PS,True,False,False
100,590485,4,4-5,PS,True,False,False
100,590485,5,5-6,PS,True,False,False
100,590485,6,6-7,PS,True,False,False
100,590485,7,7-8,PS,True,False,False
100,590485,8,8-9,PS,True,False,False
100,590485,9,9-10,PS,True,False,False
100,590485,10,10-11,PS,True,False,False
100,590485,11,11-12,PS,True,False,False
100,590485,12,12-13,PS,True,False,False
100,590485,13,13-14,PS,True,False,False
100,590485,14,14-15,PS,True,False,False
100,590485,15,15-16,PS,True,False,False
100,590485,16,16-17,PS,True,False,False
101,590486,1,1-2,PS,True,False,False
101,590486,2,2-3,PS,True,False,False
101,590486,3,3-4,PS,True,False,False
101,590486,4,4-5,PS,True,False,False
101,590486,5,5-6,PS,True,False,False
101,590486,6,6-7,PS,True,False,False
101,590486,7,7-8,PS,True,False,False
101,590486,8,8-9,PS,True,False,False
101,590486,9,9-10,PS,True,False,False
101,590486,10,10-11,PS,True,False,False
101,590486,11,11-12,PS,True,False,False
101,590486,12,12-13,PS,True,False,False
101,590486,13,13-14,PS,True,False,False
101,590486,14,14-15,PS,True,False,False
101,590486,15,15-16,PS,True,False,False
101,590486,16,16-17,PS,True,False,False
102,590487,1,1-2,PS,True,False,False
102,590487,2,2-3,PS,True,False,False
102,590487,3,3-4,PS,True,False,False
102,590487,4,4-5,PS,True,False,False
102,590487,5,5-6,PS,True,False,False
102,590487,6,6-7,PS,True,False,False
102,590487,7,7-8,PS,True,False,False
102,590487,8,8-9,PS,True,False,False
102,590487,9,9-10,PS,True,False,False
102,590487,10,10-11,PS,True,False,False
102,590487,11,11-12,PS,True,False,False
102,590487,12,12-13,PS,True,False,False
102,590487,13,13-14,PS,True,False,False
102,590487,14,14-15,PS,True,False,False
102,590487,15,15-16,PS,True,False,False
102,590487,16,16-17,PS,True,False,False
103,590488,1,1-2,PS,True,False,False
103,590488,2,2-3,PS,True,False,False
103,590488,3,3-4,PS,True,False,False
103,590488,4,4-5,PS,True,False,False
103,590488,5,5-6,PS,True,False,False
103,590488,6,6-7,PS,True,False,False
103,590488,7,7-8,PS,True,False,False
103,590488,8,8-9,PS,True,False,False
103,590488,9,9-10,PS,True,False,False
103,590488,10,10-11,PS,True,False,False
103,590488,11,11-12,PS,True,False,False
103,590488,12,12-13,PS,True,False,False
103,590488,13,13-14,PS,True,False,False
103,590488,14,14-15,PS,True,False,False
103,590488,15,15-16,PS,True,False,False
103,590488,16,16-17,PS,True,False,False
104,590489,1,1-2,PS,True,False,False
104,590489,2,2-3,PS,True,False,False
104,590489,3,3-4,PS,True,False,False
104,590489,4,4-5,PS,True,False,False
104,590489,5,5-6,PS,True,False,False
104,590489,6,6-7,PS,True,False,False
104,590489,7,7-8,PS,True,False,False
104,590489,8,8-9,PS,True,False,False
104,590489,9,9-10,PS,True,False,False
104,590489,10,10-11,PS,True,False,False
104,590489,11,11-12,PS,True,False,False
104,590489,12,12-13,PS,True,False,False
104,590489,13,13-14,PS,True,False,False
104,590489,14,14-15,PS,True,False,False
104,590489,15,15-16,PS,True,False,False
104,590489,16,16-17,PS,True,False,False
105,590490,1,1-2,PS,True,False,False
105,590490,2,2-3,PS,True,False,False
105,590490,3,3-4,PS,True,False,False
105,590490,4,4-5,PS,True,False,False
105,590490,5,5-6,PS,True,False,False
105,590490,6,6-7,PS,True,False,False
105,590490,7,7-8,PS,True,False,False
105,590490,8,8-9,PS,True,False,False
105,590490,9,9-10,PS,True,False,False
105,590490,10,10-11,PS,True,False,False
105,590490,11,11-12,PS,True,False,False
105,590490,12,12-13,PS,True,False,False
105,590490,13,13-14,PS,True,False,False
105,590490,14,14-15,PS,True,False,False
105,590490,15,15-16,PS,True,False,False
105,590490,16,16-17,PS,True,False,False
106,590491,1,1-2,PS,True,False,False
106,590491,2,2-3,PS,True,False,False
106,590491,3,3-4,PS,True,False,False
106,590491,4,4-5,PS,True,False,False
106,590491,5,5-6,PS,True,False,False
106,590491,6,6-7,PS,True,False,False
106,590491,7,7-8,PS,True,False,False
106,590491,8,8-9,PS,True,False,False
106,590491,9,9-10,PS,True,False,False
106,590491,10,10-11,PS,True,False,False
106,590491,11,11-12,PS,True,False,False
106,590491,12,12-13,PS,True,False,False
106,590491,13,13-14,PS,True,False,False
106,590491,14,14-15,PS,True,False,False
106,590491,15,15-16,PS,True,False,False
106,590491,16,16-17,PS,True,False,False
107,590492,1,1-2,PS,True,False,False
107,590492,2,2-3,PS,True,False,False
107,590492,3,3-4,PS,True,False,False
107,590492,4,4-5,PS,True,False,False
107,590492,5,5-6,PS,True,False,False
107,590492,6,6-7,PS,True,False,False
107,590492,7,7-8,PS,True,False,False
107,590492,8,8-9,PS,True,False,False
107,590492,9,9-10,PS,True,False,False
107,590492,10,10-11,PS,True,False,False
107,590492,11,11-12,PS,True,False,False
107,590492,12,12-13,PS,True,False,False
107,590492,13,13-14,PS,True,False,False
107,590492,14,14-15,PS,True,False,False
107,590492,15,15-16,PS,True,False,False
107,590492,16,16-17,PS,True,False,False
108,590493,1,1-2,PS,True,False,False
108,590493,2,2-3,PS,True,False,False
108,590493,3,3-4,PS,True,False,False
108,590493,4,4-5,PS,True,False,False
108,590493,5,5-6,PS,True,False,False
108,590493,6,6-7,PS,True,False,False
108,590493,7,7-8,PS,True,False,False
108,590493,8,8-9,PS,True,False,False
108,590493,9,9-10,PS,True,False,False
108,590493,10,10-11,PS,True,False,False
108,590493,11,11-12,PS,True,False,False
108,590493,12,12-13,PS,True,False,False
108,590493,13,13-14,PS,True,False,False
108,590493,14,14-15,PS,True,False,False
108,590493,15,15-16,PS,True,False,False
108,590493,16,16-17,PS,True,False,False
109,590494,1,1-2,PS,True,False,False
109,590494,2,2-3,PS,True,False,False
109,590494,3,3-4,PS,True,False,False
109,590494,4,4-5,PS,True,False,False
109,590494,5,5-6,PS,True,False,False
109,590494,6,6-7,PS,True,False,False
109,590494,7,7-8,PS,True,False,False
109,590494,8,8-9,PS,True,False,False
109,590494,9,9-10,PS,True,False,False
109,590494,10,10-11,PS,True,False,False
109,590494,11,11-12,PS,True,False,False
109,590494,12,12-13,PS,True,False,False
109,590494,13,13-14,PS,True,False,False
109,590494,14,14-15,PS,True,False,False
109,590494,15,15-16,PS,True,False,False
109,590494,16,16-17,PS,True,False,False
110,590495,1,1-2,PS,True,False,False
110,590495,2,2-3,PS,True,False,False
110,590495,3,3-4,PS,True,False,False
110,590495,4,4-5,PS,True,False,False
110,590495,5,5-6,PS,True,False,False
110,590495,6,6-7,PS,True,False,False
110,590495,7,7-8,PS,True,False,False
110,590495,8,8-9,PS,True,False,False
110,590495,9,9-10,PS,True,False,False
110,590495,10,10-11,PS,True,False,False
110,590495,11,11-12,PS,True,False,False
110,590495,12,12-13,PS,True,False,False
110,590495,13,13-14,PS,True,False,False
110,590495,14,14-15,PS,True,False,False
110,590495,15,15-16,PS,True,False,False
110,590495,16,16-17,PS,True,False,False
111,590496,1,1-2,PS,True,False,False
111,590496,2,2-3,PS,True,False,False
111,590496,3,3-4,PS,True,False,False
111,590496,4,4-5,PS,True,False,False
111,590496,5,5-6,PS,True,False,False
111,590496,6,6-7,PS,True,False,False
111,590496,7,7-8,PS,True,False,False
111,590496,8,8-9,PS,True,False,False
111,590496,9,9-10,PS,True,False,False
111,590496,10,10-11,PS,True,False,False
111,590496,11,11-12,PS,True,False,False
111,590496,12,12-13,PS,True,False,False
111,590496,13,13-14,PS,True,False,False
111,590496,14,14-15,PS,True,False,False
111,590496,15,15-16,PS,True,False,False
111,590496,16,16-17,PS,True,False,False
112,590497,1,1-2,PS,True,False,False
112,590497,2,2-3,PS,True,False,False
112,590497,3,3-4,PS,True,False,False
112,590497,4,4-5,PS,True,False,False
112,590497,5,5-6,PS,True,False,False
112,590497,6,6-7,PS,True,False,False
112,590497,7,7-8,PS,True,False,False
112,590497,8,8-9,PS,True,False,False
112,590497,9,9-10,PS,True,False,False
112,590497,10,10-11,PS,True,False,False
112,590497,11,11-12,PS,True,False,False
112,590497,12,12-13,PS,True,False,False
112,590497,13,13-14,PS,True,False,False
112,590497,14,14-15,PS,True,False,False
112,590497,15,15-16,PS,True,False,False
112,590497,16,16-17,PS,True,False,False
113,590498,1,1-2,PS,True,False,False
113,590498,2,2-3,PS,True,False,False
113,590498,3,3-4,PS,True,False,False
113,590498,4,4-5,PS,True,False,False
113,590498,5,5-6,PS,True,False,False
113,590498,6,6-7,PS,True,False,False
113,590498,7,7-8,PS,True,False,False
113,590498,8,8-9,PS,True,False,False
113,590498,9,9-10,PS,True,False,False
113,590498,10,10-11,PS,True,False,False
113,590498,11,11-12,PS,True,False,False
113,590498,12,12-13,PS,True,False,False
113,590498,13,13-14,PS,True,False,False
113,590498,14,14-15,PS,True,False,False
113,590498,15,15-16,PS,True,False,False
113,590498,16,16-17,PS,True,False,False
114,590499,1,1-2,PS,True,False,False
114,590499,2,2-3,PS,True,False,False
114,590499,3,3-4,PS,True,False,False
114,590499,4,4-5,PS,True,False,False
114,590499,5,5-6,PS,True,False,False
114,590499,6,6-7,PS,True,False,False
114,590499,7,7-8,PS,True,False,False
114,590499,8,8-9,PS,True,False,False
114,590499,9,9-10,PS,True,False,False
114,590499,10,10-11,PS,True,False,False
114,590499,11,11-12,PS,True,False,False
114,590499,12,12-13,PS,True,False,False
114,590499,13,13-14,PS,True,False,False
114,590499,14,14-15,PS,True,False,False
114,590499,15,15-16,PS,True,False,False
114,590499,16,16-17,PS,True,False,False
115,590500,1,1-2,PS,True,False,False
115,590500,2,2-3,PS,True,False,False
115,590500,3,3-4,PS,True,False,False
115,590500,4,4-5,PS,True,False,False
115,590500,5,5-6,PS,True,False,False
115,590500,6,6-7,PS,True,False,False
115,590500,7,7-8,PS,True,False,False
115,590500,8,8-9,PS,True,False,False
115,590500,9,9-10,PS,True,False,False
115,590500,10,10-11,PS,True,False,False
115,590500,11,11-12,PS,True,False,False
115,590500,12,12-13,PS,True,False,False
115,590500,13,13-14,PS,True,False,False
115,590500,14,14-15,PS,True,False,False
115,590500,15,15-16,PS,True,False,False
115,590500,16,16-17,PS,True,False,False
116,590501,1,1-2,PS,True,False,False
116,590501,2,2-3,PS,True,False,False
116,590501,3,3-4,PS,True,False,False
116,590501,4,4-5,PS,True,False,False
116,590501,5,5-6,PS,True,False,False
116,590501,6,6-7,PS,True,False,False
116,590501,7,7-8,PS,True,False,False
116,590501,8,8-9,PS,True,False,False
116,590501,9,9-10,PS,True,False,False
116,590501,10,10-11,PS,True,False,False
116,590501,11,11-12,PS,True,False,False
116,590501,12,12-13,PS,True,False,False
116,590501,13,13-14,PS,True,False,False
116,590501,14,14-15,PS,True,False,False
116,590501,15,15-16,PS,True,False,False
116,590501,16,16-17,PS,True,False,False
117,590502,1,1-2,PS,True,False,False
117,590502,2,2-3,PS,True,False,False
117,590502,3,3-4,PS,True,False,False
117,590502,4,4-5,PS,True,False,False
117,590502,5,5-6,PS,True,False,False
117,590502,6,6-7,PS,True,False,False
117,590502,7,7-8,PS,True,False,False
117,590502,8,8-9,PS,True,False,False
117,590502,9,9-10,PS,True,False,False
117,590502,10,10-11,PS,True,False,False
117,590502,11,11-12,PS,True,False,False
117,590502,12,12-13,PS,True,False,False
117,590502,13,13-14,PS,True,False,False
117,590502,14,14-15,PS,True,False,False
117,590502,15,15-16,PS,True,False,False
117,590502,16,16-17,PS,True,False,False
118,590503,1,1-2,PS,True,False,False
118,590503,2,2-3,PS,True,False,False
118,590503,3,3-4,PS,True,False,False
118,590503,4,4-5,PS,True,False,False
118,590503,5,5-6,PS,True,False,False
118,590503,6,6-7,PS,True,False,False
118,590503,7,7-8,PS,True,False,False
118,590503,8,8-9,PS,True,False,False
118,590503,9,9-10,PS,True,False,False
118,590503,10,10-11,PS,True,False,False
118,590503,11,11-12,PS,True,False,False
118,590503,12,12-13,PS,True,False,False
118,590503,13,13-14,PS,True,False,False
118,590503,14,14-15,PS,True,False,False
118,590503,15,15-16,PS,True,False,False
118,590503,16,16-17,PS,True,False,False
119,590504,1,1-2,PS,True,False,False
119,590504,2,2-3,PS,True,False,False
119,590504,3,3-4,PS,True,False,False
119,590504,4,4-5,PS,True,False,False
119,590504,5,5-6,PS,True,False,False
119,590504,6,6-7,PS,True,False,False
119,590504,7,7-8,PS,True,False,False
119,590504,8,8-9,PS,True,False,False
119,590504,9,9-10,PS,True,False,False
119,590504,10,10-11,PS,True,False,False
119,590504,11,11-12,PS,True,False,False
119,590504,12,12-13,PS,True,False,False
119,590504,13,13-14,PS,True,False,False
119,590504,14,14-15,PS,True,False,False
119,590504,15,15-16,PS,True,False,False
119,590504,16,16-17,PS,True,False,False
120,590505,1,1-2,PS,True,False,False
120,590505,2,2-3,PS,True,False,False
120,590505,3,3-4,PS,True,False,False
120,590505,4,4-5,PS,True,False,False
120,590505,5,5-6,PS,True,False,False
120,590505,6,6-7,PS,True,False,False
120,590505,7,7-8,PS,True,False,False
120,590505,8,8-9,PS,True,False,False
120,590505,9,9-10,PS,True,False,False
120,590505,10,10-11,PS,True,False,False
120,590505,11,11-12,PS,True,False,False
120,590505,12,12-13,PS,True,False,False
120,590505,13,13-14,PS,True,False,False
120,590505,14,14-15,PS,True,False,False
120,590505,15,15-16,PS,True,False,False
120,590505,16,16-17,PS,True,False,False
121,590506,1,1-2,PS,True,False,False
121,590506,2,2-3,PS,True,False,False
121,590506,3,3-4,PS,True,False,False
121,590506,4,4-5,PS,True,False,False
121,590506,5,5-6,PS,True,False,False
121,590506,6,6-7,PS,True,False,False
121,590506,7,7-8,PS,True,False,False
121,590506,8,8-9,PS,True,False,False
121,590506,9,9-10,PS,True,False,False
121,590506,10,10-11,PS,True,False,False
121,590506,11,11-12,PS,True,False,False
121,590506,12,12-13,PS,True,False,False
121,590506,13,13-14,PS,True,False,False
121,590506,14,14-15,PS,True,False,False
121,590506,15,15-16,PS,True,False,False
121,590506,16,16-17,PS,True,False,False
122,590507,1,1-2,PS,True,False,False
122,590507,2,2-3,PS,True,False,False
122,590507,3,3-4,PS,True,False,False
122,590507,4,4-5,PS,True,False,False
122,590507,5,5-6,PS,True,False,False
122,590507,6,6-7,PS,True,False,False
122,590507,7,7-8,PS,True,False,False
122,590507,8,8-9,PS,True,False,False
122,590507,9,9-10,PS,True,False,False
122,590507,10,10-11,PS,True,False,False
122,590507,11,11-12,PS,True,False,False
122,590507,12,12-13,PS,True,False,False
122,590507,13,13-14,PS,True,False,False
122,590507,14,14-15,PS,True,False,False
122,590507,15,15-16,PS,True,False,False
122,590507,16,16-17,PS,True,False,False
123,590508,1,1-2,PS,True,False,False
123,590508,2,2-3,PS,True,False,False
123,590508,3,3-4,PS,True,False,False
123,590508,4,4-5,PS,True,False,False
123,590508,5,5-6,PS,True,False,False
123,590508,6,6-7,PS,True,False,False
123,590508,7,7-8,PS,True,False,False
123,590508,8,8-9,PS,True,False,False
123,590508,9,9-10,PS,True,False,False
123,590508,10,10-11,PS,True,False,False
123,590508,11,11-12,PS,True,False,False
123,590508,12,12-13,PS,True,False,False
123,590508,13,13-14,PS,True,False,False
123,590508,14,14-15,PS,True,False,False
123,590508,15,15-16,PS,True,False,False
123,590508,16,16-17,PS,True,False,False
124,590509,1,1-2,PS,True,False,False
124,590509,2,2-3,PS,True,False,False
124,590509,3,3-4,PS,True,False,False
124,590509,4,4-5,PS,True,False,False
124,590509,5,5-6,PS,True,False,False
124,590509,6,6-7,PS,True,False,False
124,590509,7,7-8,PS,True,False,False
124,590509,8,8-9,PS,True,False,False
124,590509,9,9-10,PS,True,False,False
124,590509,10,10-11,PS,True,False,False
124,590509,11,11-12,PS,True,False,False
124,590509,12,12-13,PS,True,False,False
124,590509,13,13-14,PS,True,False,False
124,590509,14,14-15,PS,True,False,False
124,590509,15,15-16,PS,True,False,False
124,590509,16,16-17,PS,True,False,False
125,590510,1,1-2,PS,True,False,False
125,590510,2,2-3,PS,True,False,False
125,590510,3,3-4,PS,True,False,False
125,590510,4,4-5,PS,True,False,False
125,590510,5,5-6,PS,True,False,False
125,590510,6,6-7,PS,True,False,False
125,590510,7,7-8,PS,True,False,False
125,590510,8,8-9,PS,True,False,False
125,590510,9,9-10,PS,True,False,False
125,590510,10,10-11,PS,True,False,False
125,590510,11,11-12,PS,True,False,False
125,590510,12,12-13,PS,True,False,False
125,590510,13,13-14,PS,True,False,False
125,590510,14,14-15,PS,True,False,False
125,590510,15,15-16,PS,True,False,False
125,590510,16,16-17,PS,True,False,False
126,590511,1,1-2,PS,True,False,False
126,590511,2,2-3,PS,True,False,False
126,590511,3,3-4,PS,True,False,False
126,590511,4,4-5,PS,True,False,False
126,590511,5,5-6,PS,True,False,False
126,590511,6,6-7,PS,True,False,False
126,590511,7,7-8,PS,True,False,False
126,590511,8,8-9,PS,True,False,False
126,590511,9,9-10,PS,True,False,False
126,590511,10,10-11,PS,True,False,False
126,590511,11,11-12,PS,True,False,False
126,590511,12,12-13,PS,True,False,False
126,590511,13,13-14,PS,True,False,False
126,590511,14,14-15,PS,True,False,False
126,590511,15,15-16,PS,True,False,False
126,590511,16,16-17,PS,True,False,False
127,590512,1,1-2,PS,True,False,False
127,590512,2,2-3,PS,True,False,False
127,590512,3,3-4,PS,True,False,False
127,590512,4,4-5,PS,True,False,False
127,590512,5,5-6,PS,True,False,False
127,590512,6,6-7,PS,True,False,False
127,590512,7,7-8,PS,True,False,False
127,590512,8,8-9,PS,True,False,False
127,590512,9,9-10,PS,True,False,False
127,590512,10,10-11,PS,True,False,False
127,590512,11,11-12,PS,True,False,False
127,590512,12,12-13,PS,True,False,False
127,590512,13,13-14,PS,True,False,False
127,590512,14,14-15,PS,True,False,False
127,590512,15,15-16,PS,True,False,False
127,590512,16,16-17,PS,True,False,False
128,590513,1,1-2,PS,True,False,False
128,590513,2,2-3,PS,True,False,False
128,590513,3,3-4,PS,True,False,False
128,590513,4,4-5,PS,True,False,False
128,590513,5,5-6,PS,True,False,False
128,590513,6,6-7,PS,True,False,False
128,590513,7,7-8,PS,True,False,False
128,590513,8,8-9,PS,True,False,False
128,590513,9,9-10,PS,True,False,False
128,590513,10,10-11,PS,True,False,False
128,590513,11,11-12,PS,True,False,False
128,590513,12,12-13,PS,True,False,False
128,590513,13,13-14,PS,True,False,False
128,590513,14,14-15,PS,True,False,False
128,590513,15,15-16,PS,True,False,False
128,590513,16,16-17,PS,True,False,False
129,590514,1,1-2,PS,True,False,False
129,590514,2,2-3,PS,True,False,False
129,590514,3,3-4,PS,True,False,False
129,590514,4,4-5,PS,True,False,False
129,590514,5,5-6,PS,True,False,False
129,590514,6,6-7,PS,True,False,False
129,590514,7,7-8,PS,True,False,False
129,590514,8,8-9,PS,True,False,False
129,590514,9,9-10,PS,True,False,False
129,590514,10,10-11,PS,True,False,False
129,590514,11,11-12,PS,True,False,False
129,590514,12,12-13,PS,True,False,False
129,590514,13,13-14,PS,True,False,False
129,590514,14,14-15,PS,True,False,False
129,590514,15,15-16,PS,True,False,False
129,590514,16,16-17,PS,True,False,False
130,590515,1,1-2,PS,True,False,False
130,590515,2,2-3,PS,True,False,False
130,590515,3,3-4,PS,True,False,False
130,590515,4,4-5,PS,True,False,False
130,590515,5,5-6,PS,True,False,False
130,590515,6,6-7,PS,True,False,False
130,590515,7,7-8,PS,True,False,False
130,590515,8,8-9,PS,True,False,False
130,590515,9,9-10,PS,True,False,False
130,590515,10,10-11,PS,True,False,False
130,590515,11,11-12,PS,True,False,False
130,590515,12,12-13,PS,True,False,False
130,590515,13,13-14,PS,True,False,False
130,590515,14,14-15,PS,True,False,False
130,590515,15,15-16,PS,True,False,False
130,590515,16,16-17,PS,True,False,False
131,590516,1,1-2,PS,True,False,False
131,590516,2,2-3,PS,True,False,False
131,590516,3,3-4,PS,True,False,False
131,590516,4,4-5,PS,True,False,False
131,590516,5,5-6,PS,True,False,False
131,590516,6,6-7,PS,True,False,False
131,590516,7,7-8,PS,True,False,False
131,590516,8,8-9,PS,True,False,False
131,590516,9,9-10,PS,True,False,False
131,590516,10,10-11,PS,True,False,False
131,590516,11,11-12,PS,True,False,False
131,590516,12,12-13,PS,True,False,False
131,590516,13,13-14,PS,True,False,False
131,590516,14,14-15,PS,True,False,False
131,590516,15,15-16,PS,True,False,False
131,590516,16,16-17,PS,True,False,False
132,590517,1,1-2,PS,True,False,False
132,590517,2,2-3,PS,True,False,False
132,590517,3,3-4,PS,True,False,False
132,590517,4,4-5,PS,True,False,False
132,590517,5,5-6,PS,True,False,False
132,590517,6,6-7,PS,True,False,False
132,590517,7,7-8,PS,True,False,False
132,590517,8,8-9,PS,True,False,False
132,590517,9,9-10,PS,True,False,False
132,590517,10,10-11,PS,True,False,False
132,590517,11,11-12,PS,True,False,False
132,590517,12,12-13,PS,True,False,False
132,590517,13,13-14,PS,True,False,False
132,590517,14,14-15,PS,True,False,False
132,590517,15,15-16,PS,True,False,False
132,590517,16,16-17,PS,True,False,False
133,590518,1,1-2,PS,True,False,False
133,590518,2,2-3,PS,True,False,False
133,590518,3,3-4,PS,True,False,False
133,590518,4,4-5,PS,True,False,False
133,590518,5,5-6,PS,True,False,False
133,590518,6,6-7,PS,True,False,False
133,590518,7,7-8,PS,True,False,False
133,590518,8,8-9,PS,True,False,False
133,590518,9,9-10,PS,True,False,False
133,590518,10,10-11,PS,True,False,False
133,590518,11,11-12,PS,True,False,False
133,590518,12,12-13,PS,True,False,False
133,590518,13,13-14,PS,True,False,False
133,590518,14,14-15,PS,True,False,False
133,590518,15,15-16,PS,True,False,False
133,590518,16,16-17,PS,True,False,False
134,590520,1,1-2,PS,True,False,False
134,590520,2,2-3,PS,True,False,False
134,590520,3,3-4,PS,True,False,False
134,590520,4,4-5,PS,True,False,False
134,590520,5,5-6,PS,True,False,False
134,590520,6,6-7,PS,True,False,False
134,590520,7,7-8,PS,True,False,False
134,590520,8,8-9,PS,True,False,False
134,590520,9,9-10,PS,True,False,False
134,590520,10,10-11,PS,True,False,False
134,590520,11,11-12,PS,True,False,False
134,590520,12,12-13,PS,True,False,False
134,590520,13,13-14,PS,True,False,False
134,590520,14,14-15,PS,True,False,False
134,590520,15,15-16,PS,True,False,False
134,590520,16,16-17,PS,True,False,False
135,590521,1,1-2,PS,True,False,False
135,590521,2,2-3,PS,True,False,False
135,590521,3,3-4,PS,True,False,False
135,590521,4,4-5,PS,True,False,False
135,590521,5,5-6,PS,True,False,False
135,590521,6,6-7,PS,True,False,False
135,590521,7,7-8,PS,True,False,False
135,590521,8,8-9,PS,True,False,False
135,590521,9,9-10,PS,True,False,False
135,590521,10,10-11,PS,True,False,False
135,590521,11,11-12,PS,True,False,False
135,590521,12,12-13,PS,True,False,False
135,590521,13,13-14,PS,True,False,False
135,590521,14,14-15,PS,True,False,False
135,590521,15,15-16,PS,True,False,False
135,590521,16,16-17,PS,True,False,False
136,590522,1,1-2,PS,True,False,False
136,590522,2,2-3,PS,True,False,False
136,590522,3,3-4,PS,True,False,False
136,590522,4,4-5,PS,True,False,False
136,590522,5,5-6,PS,True,False,False
136,590522,6,6-7,PS,True,False,False
136,590522,7,7-8,PS,True,False,False
136,590522,8,8-9,PS,True,False,False
136,590522,9,9-10,PS,True,False,False
136,590522,10,10-11,PS,True,False,False
136,590522,11,11-12,PS,True,False,False
136,590522,12,12-13,PS,True,False,False
136,590522,13,13-14,PS,True,False,False
136,590522,14,14-15,PS,True,False,False
136,590522,15,15-16,PS,True,False,False
136,590522,16,16-17,PS,True,False,False
137,590523,1,1-2,PS,True,False,False
137,590523,2,2-3,PS,True,False,False
137,590523,3,3-4,PS,True,False,False
137,590523,4,4-5,PS,True,False,False
137,590523,5,5-6,PS,True,False,False
137,590523,6,6-7,PS,True,False,False
137,590523,7,7-8,PS,True,False,False
137,590523,8,8-9,PS,True,False,False
137,590523,9,9-10,PS,True,False,False
137,590523,10,10-11,PS,True,False,False
137,590523,11,11-12,PS,True,False,False
137,590523,12,12-13,PS,True,False,False
137,590523,13,13-14,PS,True,False,False
137,590523,14,14-15,PS,True,False,False
137,590523,15,15-16,PS,True,False,False
137,590523,16,16-17,PS,True,False,False
138,590524,1,1-2,PS,True,False,False
138,590524,2,2-3,PS,True,False,False
138,590524,3,3-4,PS,True,False,False
138,590524,4,4-5,PS,True,False,False
138,590524,5,5-6,PS,True,False,False
138,590524,6,6-7,PS,True,False,False
138,590524,7,7-8,PS,True,False,False
138,590524,8,8-9,PS,True,False,False
138,590524,9,9-10,PS,True,False,False
138,590524,10,10-11,PS,True,False,False
138,590524,11,11-12,PS,True,False,False
138,590524,12,12-13,PS,True,False,False
138,590524,13,13-14,PS,True,False,False
138,590524,14,14-15,PS,True,False,False
138,590524,15,15-16,PS,True,False,False
138,590524,16,16-17,PS,True,False,False
139,590525,1,1-2,PS,True,False,False
139,590525,2,2-3,PS,True,False,False
139,590525,3,3-4,PS,True,False,False
139,590525,4,4-5,PS,True,False,False
139,590525,5,5-6,PS,True,False,False
139,590525,6,6-7,PS,True,False,False
139,590525,7,7-8,PS,True,False,False
139,590525,8,8-9,PS,True,False,False
139,590525,9,9-10,PS,True,False,False
139,590525,10,10-11,PS,True,False,False
139,590525,11,11-12,PS,True,False,False
139,590525,12,12-13,PS,True,False,False
139,590525,13,13-14,PS,True,False,False
139,590525,14,14-15,PS,True,False,False
139,590525,15,15-16,PS,True,False,False
139,590525,16,16-17,PS,True,False,False
140,590526,1,1-2,PS,True,False,False
140,590526,2,2-3,PS,True,False,False
140,590526,3,3-4,PS,True,False,False
140,590526,4,4-5,PS,True,False,False
140,590526,5,5-6,PS,True,False,False
140,590526,6,6-7,PS,True,False,False
140,590526,7,7-8,PS,True,False,False
140,590526,8,8-9,PS,True,False,False
140,590526,9,9-10,PS,True,False,False
140,590526,10,10-11,PS,True,False,False
140,590526,11,11-12,PS,True,False,False
140,590526,12,12-13,PS,True,False,False
140,590526,13,13-14,PS,True,False,False
140,590526,14,14-15,PS,True,False,False
140,590526,15,15-16,PS,True,False,False
140,590526,16,16-17,PS,True,False,False
141,590527,1,1-2,PS,True,False,False
141,590527,2,2-3,PS,True,False,False
141,590527,3,3-4,PS,True,False,False
141,590527,4,4-5,PS,True,False,False
141,590527,5,5-6,PS,True,False,False
141,590527,6,6-7,PS,True,False,False
141,590527,7,7-8,PS,True,False,False
141,590527,8,8-9,PS,True,False,False
141,590527,9,9-10,PS,True,False,False
141,590527,10,10-11,PS,True,False,False
141,590527,11,11-12,PS,True,False,False
141,590527,12,12-13,PS,True,False,False
141,590527,13,13-14,PS,True,False,False
141,590527,14,14-15,PS,True,False,False
141,590527,15,15-16,PS,True,False,False
141,590527,16,16-17,PS,True,False,False
142,590528,1,1-2,PS,True,False,False
142,590528,2,2-3,PS,True,False,False
142,590528,3,3-4,PS,True,False,False
142,590528,4,4-5,PS,True,False,False
142,590528,5,5-6,PS,True,False,False
142,590528,6,6-7,PS,True,False,False
142,590528,7,7-8,PS,True,False,False
142,590528,8,8-9,PS,True,False,False
142,590528,9,9-10,PS,True,False,False
142,590528,10,10-11,PS,True,False,False
142,590528,11,11-12,PS,True,False,False
142,590528,12,12-13,PS,True,False,False
142,590528,13,13-14,PS,True,False,False
142,590528,14,14-15,PS,True,False,False
142,590528,15,15-16,PS,True,False,False
142,590528,16,16-17,PS,True,False,False
143,590530,1,1-2,PS,True,False,False
143,590530,2,2-3,PS,True,False,False
143,590530,3,3-4,PS,True,False,False
143,590530,4,4-5,PS,True,False,False
143,590530,5,5-6,PS,True,False,False
143,590530,6,6-7,PS,True,False,False
143,590530,7,7-8,PS,True,False,False
143,590530,8,8-9,PS,True,False,False
143,590530,9,9-10,PS,True,False,False
143,590530,10,10-11,PS,True,False,False
143,590530,11,11-12,PS,True,False,False
143,590530,12,12-13,PS,True,False,False
143,590530,13,13-14,PS,True,False,False
143,590530,14,14-15,PS,True,False,False
143,590530,15,15-16,PS,True,False,False
143,590530,16,16-17,PS,True,False,False
144,590531,1,1-2,PS,True,False,False
144,590531,2,2-3,PS,True,False,False
144,590531,3,3-4,PS,True,False,False
144,590531,4,4-5,PS,True,False,False
144,590531,5,5-6,PS,True,False,False
144,590531,6,6-7,PS,True,False,False
144,590531,7,7-8,PS,True,False,False
144,590531,8,8-9,PS,True,False,False
144,590531,9,9-10,PS,True,False,False
144,590531,10,10-11,PS,True,False,False
144,590531,11,11-12,PS,True,False,False
144,590531,12,12-13,PS,True,False,False
144,590531,13,13-14,PS,True,False,False
144,590531,14,14-15,PS,True,False,False
144,590531,15,15-16,PS,True,False,False
144,590531,16,16-17,PS,True,False,False
145,590532,1,1-2,PS,True,False,False
145,590532,2,2-3,PS,True,False,False
145,590532,3,3-4,PS,True,False,False
145,590532,4,4-5,PS,True,False,False
145,590532,5,5-6,PS,True,False,False
145,590532,6,6-7,PS,True,False,False
145,590532,7,7-8,PS,True,False,False
145,590532,8,8-9,PS,True,False,False
145,590532,9,9-10,PS,True,False,False
145,590532,10,10-11,PS,True,False,False
145,590532,11,11-12,PS,True,False,False
145,590532,12,12-13,PS,True,False,False
145,590532,13,13-14,PS,True,False,False
145,590532,14,14-15,PS,True,False,False
145,590532,15,15-16,PS,True,False,False
145,590532,16,16-17,PS,True,False,False
146,590533,1,1-2,PS,True,False,False
146,590533,2,2-3,PS,True,False,False
146,590533,3,3-4,PS,True,False,False
146,590533,4,4-5,PS,True,False,False
146,590533,5,5-6,PS,True,False,False
146,590533,6,6-7,PS,True,False,False
146,590533,7,7-8,PS,True,False,False
146,590533,8,8-9,PS,True,False,False
146,590533,9,9-10,PS,True,False,False
146,590533,10,10-11,PS,True,False,False
146,590533,11,11-12,PS,True,False,False
146,590533,12,12-13,PS,True,False,False
146,590533,13,13-14,PS,True,False,False
146,590533,14,14-15,PS,True,False,False
146,590533,15,15-16,PS,True,False,False
146,590533,16,16-17,PS,True,False,False
147,590534,1,1-2,PS,True,False,False
147,590534,2,2-3,PS,True,False,False
147,590534,3,3-4,PS,True,False,False
147,590534,4,4-5,PS,True,False,False
147,590534,5,5-6,PS,True,False,False
147,590534,6,6-7,PS,True,False,False
147,590534,7,7-8,PS,True,False,False
147,590534,8,8-9,PS,True,False,False
147,590534,9,9-10,PS,True,False,False
147,590534,10,10-11,PS,True,False,False
147,590534,11,11-12,PS,True,False,False
147,590534,12,12-13,PS,True,False,False
147,590534,13,13-14,PS,True,False,False
147,590534,14,14-15,PS,True,False,False
147,590534,15,15-16,PS,True,False,False
147,590534,16,16-17,PS,True,False,False
148,590535,1,1-2,PS,True,False,False
148,590535,2,2-3,PS,True,False,False
148,590535,3,3-4,PS,True,False,False
148,590535,4,4-5,PS,True,False,False
148,590535,5,5-6,PS,True,False,False
148,590535,6,6-7,PS,True,False,False
148,590535,7,7-8,PS,True,False,False
148,590535,8,8-9,PS,True,False,False
148,590535,9,9-10,PS,True,False,False
148,590535,10,10-11,PS,True,False,False
148,590535,11,11-12,PS,True,False,False
148,590535,12,12-13,PS,True,False,False
148,590535,13,13-14,PS,True,False,False
148,590535,14,14-15,PS,True,False,False
148,590535,15,15-16,PS,True,False,False
148,590535,16,16-17,PS,True,False,False
149,590536,1,1-2,PS,True,False,False
149,590536,2,2-3,PS,True,False,False
149,590536,3,3-4,PS,True,False,False
149,590536,4,4-5,PS,True,False,False
149,590536,5,5-6,PS,True,False,False
149,590536,6,6-7,PS,True,False,False
149,590536,7,7-8,PS,True,False,False
149,590536,8,8-9,PS,True,False,False
149,590536,9,9-10,PS,True,False,False
149,590536,10,10-11,PS,True,False,False
149,590536,11,11-12,PS,True,False,False
149,590536,12,12-13,PS,True,False,False
149,590536,13,13-14,PS,True,False,False
149,590536,14,14-15,PS,True,False,False
149,590536,15,15-16,PS,True,False,False
149,590536,16,16-17,PS,True,False,False
150,590537,1,1-2,PS,True,False,False
150,590537,2,2-3,PS,True,False,False
150,590537,3,3-4,PS,True,False,False
150,590537,4,4-5,PS,True,False,False
150,590537,5,5-6,PS,True,False,False
150,590537,6,6-7,PS,True,False,False
150,590537,7,7-8,PS,True,False,False
150,590537,8,8-9,PS,True,False,False
150,590537,9,9-10,PS,True,False,False
150,590537,10,10-11,PS,True,False,False
150,590537,11,11-12,PS,True,False,False
150,590537,12,12-13,PS,True,False,False
150,590537,13,13-14,PS,True,False,False
150,590537,14,14-15,PS,True,False,False
150,590537,15,15-16,PS,True,False,False
150,590537,16,16-17,PS,True,False,False
151,590538,1,1-2,PS,True,False,False
151,590538,2,2-3,PS,True,False,False
151,590538,3,3-4,PS,True,False,False
151,590538,4,4-5,PS,True,False,False
151,590538,5,5-6,PS,True,False,False
151,590538,6,6-7,PS,True,False,False
151,590538,7,7-8,PS,True,False,False
151,590538,8,8-9,PS,True,False,False
151,590538,9,9-10,PS,True,False,False
151,590538,10,10-11,PS,True,False,False
151,590538,11,11-12,PS,True,False,False
151,590538,12,12-13,PS,True,False,False
151,590538,13,13-14,PS,True,False,False
151,590538,14,14-15,PS,True,False,False
151,590538,15,15-16,PS,True,False,False
151,590538,16,16-17,PS,True,False,False
152,590539,1,1-2,PS,True,False,False
152,590539,2,2-3,PS,True,False,False
152,590539,3,3-4,PS,True,False,False
152,590539,4,4-5,PS,True,False,False
152,590539,5,5-6,PS,True,False,False
152,590539,6,6-7,PS,True,False,False
152,590539,7,7-8,PS,True,False,False
152,590539,8,8-9,PS,True,False,False
152,590539,9,9-10,PS,True,False,False
152,590539,10,10-11,PS,True,False,False
152,590539,11,11-12,PS,True,False,False
152,590539,12,12-13,PS,True,False,False
152,590539,13,13-14,PS,True,False,False
152,590539,14,14-15,PS,True,False,False
152,590539,15,15-16,PS,True,False,False
152,590539,16,16-17,PS,True,False,False
153,590540,1,1-2,PS,True,False,False
153,590540,2,2-3,PS,True,False,False
153,590540,3,3-4,PS,True,False,False
153,590540,4,4-5,PS,True,False,False
153,590540,5,5-6,PS,True,False,False
153,590540,6,6-7,PS,True,False,False
153,590540,7,7-8,PS,True,False,False
153,590540,8,8-9,PS,True,False,False
153,590540,9,9-10,PS,True,False,False
153,590540,10,10-11,PS,True,False,False
153,590540,11,11-12,PS,True,False,False
153,590540,12,12-13,PS,True,False,False
153,590540,13,13-14,PS,True,False,False
153,590540,14,14-15,PS,True,False,False
153,590540,15,15-16,PS,True,False,False
153,590540,16,16-17,PS,True,False,False
154,590541,1,1-2,PS,True,False,False
154,590541,2,2-3,PS,True,False,False
154,590541,3,3-4,PS,True,False,False
154,590541,4,4-5,PS,True,False,False
154,590541,5,5-6,PS,True,False,False
154,590541,6,6-7,PS,True,False,False
154,590541,7,7-8,PS,True,False,False
154,590541,8,8-9,PS,True,False,False
154,590541,9,9-10,PS,True,False,False
154,590541,10,10-11,PS,True,False,False
154,590541,11,11-12,PS,True,False,False
154,590541,12,12-13,PS,True,False,False
154,590541,13,13-14,PS,True,False,False
154,590541,14,14-15,PS,True,False,False
154,590541,15,15-16,PS,True,False,False
154,590541,16,16-17,PS,True,False,False
155,590542,1,1-2,PS,True,False,False
155,590542,2,2-3,PS,True,False,False
155,590542,3,3-4,PS,True,False,False
155,590542,4,4-5,PS,True,False,False
155,590542,5,5-6,PS,True,False,False
155,590542,6,6-7,PS,True,False,False
155,590542,7,7-8,PS,True,False,False
155,590542,8,8-9,PS,True,False,False
155,590542,9,9-10,PS,True,False,False
155,590542,10,10-11,PS,True,False,False
155,590542,11,11-12,PS,True,False,False
155,590542,12,12-13,PS,True,False,False
155,590542,13,13-14,PS,True,False,False
155,590542,14,14-15,PS,True,False,False
155,590542,15,15-16,PS,True,False,False
155,590542,16,16-17,PS,True,False,False
156,590543,1,1-2,PS,True,False,False
156,590543,2,2-3,PS,True,False,False
156,590543,3,3-4,PS,True,False,False
156,590543,4,4-5,PS,True,False,False
156,590543,5,5-6,PS,True,False,False
156,590543,6,6-7,PS,True,False,False
156,590543,7,7-8,PS,True,False,False
156,590543,8,8-9,PS,True,False,False
156,590543,9,9-10,PS,True,False,False
156,590543,10,10-11,PS,True,False,False
156,590543,11,11-12,PS,True,False,False
156,590543,12,12-13,PS,True,False,False
156,590543,13,13-14,PS,True,False,False
156,590543,14,14-15,PS,True,False,False
156,590543,15,15-16,PS,True,False,False
156,590543,16,16-17,PS,True,False,False
157,590544,1,1-2,PS,True,False,False
157,590544,2,2-3,PS,True,False,False
157,590544,3,3-4,PS,True,False,False
157,590544,4,4-5,PS,True,False,False
157,590544,5,5-6,PS,True,False,False
157,590544,6,6-7,PS,True,False,False
157,590544,7,7-8,PS,True,False,False
157,590544,8,8-9,PS,True,False,False
157,590544,9,9-10,PS,True,False,False
157,590544,10,10-11,PS,True,False,False
157,590544,11,11-12,PS,True,False,False
157,590544,12,12-13,PS,True,False,False
157,590544,13,13-14,PS,True,False,False
157,590544,14,14-15,PS,True,False,False
157,590544,15,15-16,PS,True,False,False
157,590544,16,16-17,PS,True,False,False
158,590545,1,1-2,PS,True,False,False
158,590545,2,2-3,PS,True,False,False
158,590545,3,3-4,PS,True,False,False
158,590545,4,4-5,PS,True,False,False
158,590545,5,5-6,PS,True,False,False
158,590545,6,6-7,PS,True,False,False
158,590545,7,7-8,PS,True,False,False
158,590545,8,8-9,PS,True,False,False
158,590545,9,9-10,PS,True,False,False
158,590545,10,10-11,PS,True,False,False
158,590545,11,11-12,PS,True,False,False
158,590545,12,12-13,PS,True,False,False
158,590545,13,13-14,PS,True,False,False
158,590545,14,14-15,PS,True,False,False
158,590545,15,15-16,PS,True,False,False
158,590545,16,16-17,PS,True,False,False
159,590546,1,1-2,PS,True,False,False
159,590546,2,2-3,PS,True,False,False
159,590546,3,3-4,PS,True,False,False
159,590546,4,4-5,PS,True,False,False
159,590546,5,5-6,PS,True,False,False
159,590546,6,6-7,PS,True,False,False
159,590546,7,7-8,PS,True,False,False
159,590546,8,8-9,PS,True,False,False
159,590546,9,9-10,PS,True,False,False
159,590546,10,10-11,PS,True,False,False
159,590546,11,11-12,PS,True,False,False
159,590546,12,12-13,PS,True,False,False
159,590546,13,13-14,PS,True,False,False
159,590546,14,14-15,PS,True,False,False
159,590546,15,15-16,PS,True,False,False
159,590546,16,16-17,PS,True,False,False
160,590547,1,1-2,PS,True,False,False
160,590547,2,2-3,PS,True,False,False
160,590547,3,3-4,PS,True,False,False
160,590547,4,4-5,PS,True,False,False
160,590547,5,5-6,PS,True,False,False
160,590547,6,6-7,PS,True,False,False
160,590547,7,7-8,PS,True,False,False
160,590547,8,8-9,PS,True,False,False
160,590547,9,9-10,PS,True,False,False
160,590547,10,10-11,PS,True,False,False
160,590547,11,11-12,PS,True,False,False
160,590547,12,12-13,PS,True,False,False
160,590547,13,13-14,PS,True,False,False
160,590547,14,14-15,PS,True,False,False
160,590547,15,15-16,PS,True,False,False
160,590547,16,16-17,PS,True,False,False
161,590548,1,1-2,PS,True,False,False
161,590548,2,2-3,PS,True,False,False
161,590548,3,3-4,PS,True,False,False
161,590548,4,4-5,PS,True,False,False
161,590548,5,5-6,PS,True,False,False
161,590548,6,6-7,PS,True,False,False
161,590548,7,7-8,PS,True,False,False
161,590548,8,8-9,PS,True,False,False
161,590548,9,9-10,PS,True,False,False
161,590548,10,10-11,PS,True,False,False
161,590548,11,11-12,PS,True,False,False
161,590548,12,12-13,PS,True,False,False
161,590548,13,13-14,PS,True,False,False
161,590548,14,14-15,PS,True,False,False
161,590548,15,15-16,PS,True,False,False
161,590548,16,16-17,PS,True,False,False
162,590549,1,1-2,PS,True,False,False
162,590549,2,2-3,PS,True,False,False
162,590549,3,3-4,PS,True,False,False
162,590549,4,4-5,PS,True,False,False
162,590549,5,5-6,PS,True,False,False
162,590549,6,6-7,PS,True,False,False
162,590549,7,7-8,PS,True,False,False
162,590549,8,8-9,PS,True,False,False
162,590549,9,9-10,PS,True,False,False
162,590549,10,10-11,PS,True,False,False
162,590549,11,11-12,PS,True,False,False
162,590549,12,12-13,PS,True,False,False
162,590549,13,13-14,PS,True,False,False
162,590549,14,14-15,PS,True,False,False
162,590549,15,15-16,PS,True,False,False
162,590549,16,16-17,PS,True,False,False
163,590550,1,1-2,PS,True,False,False
163,590550,2,2-3,PS,True,False,False
163,590550,3,3-4,PS,True,False,False
163,590550,4,4-5,PS,True,False,False
163,590550,5,5-6,PS,True,False,False
163,590550,6,6-7,PS,True,False,False
163,590550,7,7-8,PS,True,False,False
163,590550,8,8-9,PS,True,False,False
163,590550,9,9-10,PS,True,False,False
163,590550,10,10-11,PS,True,False,False
163,590550,11,11-12,PS,True,False,False
163,590550,12,12-13,PS,True,False,False
163,590550,13,13-14,PS,True,False,False
163,590550,14,14-15,PS,True,False,False
163,590550,15,15-16,PS,True,False,False
163,590550,16,16-17,PS,True,False,False
164,590551,1,1-2,PS,True,False,False
164,590551,2,2-3,PS,True,False,False
164,590551,3,3-4,PS,True,False,False
164,590551,4,4-5,PS,True,False,False
164,590551,5,5-6,PS,True,False,False
164,590551,6,6-7,PS,True,False,False
164,590551,7,7-8,PS,True,False,False
164,590551,8,8-9,PS,True,False,False
164,590551,9,9-10,PS,True,False,False
164,590551,10,10-11,PS,True,False,False
164,590551,11,11-12,PS,True,False,False
164,590551,12,12-13,PS,True,False,False
164,590551,13,13-14,PS,True,False,False
164,590551,14,14-15,PS,True,False,False
164,590551,15,15-16,PS,True,False,False
164,590551,16,16-17,PS,True,False,False
165,590552,1,1-2,PS,True,False,False
165,590552,2,2-3,PS,True,False,False
165,590552,3,3-4,PS,True,False,False
165,590552,4,4-5,PS,True,False,False
165,590552,5,5-6,PS,True,False,False
165,590552,6,6-7,PS,True,False,False
165,590552,7,7-8,PS,True,False,False
165,590552,8,8-9,PS,True,False,False
165,590552,9,9-10,PS,True,False,False
165,590552,10,10-11,PS,True,False,False
165,590552,11,11-12,PS,True,False,False
165,590552,12,12-13,PS,True,False,False
165,590552,13,13-14,PS,True,False,False
165,590552,14,14-15,PS,True,False,False
165,590552,15,15-16,PS,True,False,False
165,590552,16,16-17,PS,True,False,False
166,590553,1,1-2,PS,True,False,False
166,590553,2,2-3,PS,True,False,False
166,590553,3,3-4,PS,True,False,False
166,590553,4,4-5,PS,True,False,False
166,590553,5,5-6,PS,True,False,False
166,590553,6,6-7,PS,True,False,False
166,590553,7,7-8,PS,True,False,False
166,590553,8,8-9,PS,True,False,False
166,590553,9,9-10,PS,True,False,False
166,590553,10,10-11,PS,True,False,False
166,590553,11,11-12,PS,True,False,False
166,590553,12,12-13,PS,True,False,False
166,590553,13,13-14,PS,True,False,False
166,590553,14,14-15,PS,True,False,False
166,590553,15,15-16,PS,True,False,False
166,590553,16,16-17,PS,True,False,False
167,590554,1,1-2,PS,True,False,False
167,590554,2,2-3,PS,True,False,False
167,590554,3,3-4,PS,True,False,False
167,590554,4,4-5,PS,True,False,False
167,590554,5,5-6,PS,True,False,False
167,590554,6,6-7,PS,True,False,False
167,590554,7,7-8,PS,True,False,False
167,590554,8,8-9,PS,True,False,False
167,590554,9,9-10,PS,True,False,False
167,590554,10,10-11,PS,True,False,False
167,590554,11,11-12,PS,True,False,False
167,590554,12,12-13,PS,True,False,False
167,590554,13,13-14,PS,True,False,False
167,590554,14,14-15,PS,True,False,False
167,590554,15,15-16,PS,True,False,False
167,590554,16,16-17,PS,True,False,False
168,590555,1,1-2,PS,True,False,False
168,590555,2,2-3,PS,True,False,False
168,590555,3,3-4,PS,True,False,False
168,590555,4,4-5,PS,True,False,False
168,590555,5,5-6,PS,True,False,False
168,590555,6,6-7,PS,True,False,False
168,590555,7,7-8,PS,True,False,False
168,590555,8,8-9,PS,True,False,False
168,590555,9,9-10,PS,True,False,False
168,590555,10,10-11,PS,True,False,False
168,590555,11,11-12,PS,True,False,False
168,590555,12,12-13,PS,True,False,False
168,590555,13,13-14,PS,True,False,False
168,590555,14,14-15,PS,True,False,False
168,590555,15,15-16,PS,True,False,False
168,590555,16,16-17,PS,True,False,False
169,590556,1,1-2,PS,True,False,False
169,590556,2,2-3,PS,True,False,False
169,590556,3,3-4,PS,True,False,False
169,590556,4,4-5,PS,True,False,False
169,590556,5,5-6,PS,True,False,False
169,590556,6,6-7,PS,True,False,False
169,590556,7,7-8,PS,True,False,False
169,590556,8,8-9,PS,True,False,False
169,590556,9,9-10,PS,True,False,False
169,590556,10,10-11,PS,True,False,False
169,590556,11,11-12,PS,True,False,False
169,590556,12,12-13,PS,True,False,False
169,590556,13,13-14,PS,True,False,False
169,590556,14,14-15,PS,True,False,False
169,590556,15,15-16,PS,True,False,False
169,590556,16,16-17,PS,True,False,False
170,590557,1,1-2,PS,True,False,False
170,590557,2,2-3,PS,True,False,False
170,590557,3,3-4,PS,True,False,False
170,590557,4,4-5,PS,True,False,False
170,590557,5,5-6,PS,True,False,False
170,590557,6,6-7,PS,True,False,False
170,590557,7,7-8,PS,True,False,False
170,590557,8,8-9,PS,True,False,False
170,590557,9,9-10,PS,True,False,False
170,590557,10,10-11,PS,True,False,False
170,590557,11,11-12,PS,True,False,False
170,590557,12,12-13,PS,True,False,False
170,590557,13,13-14,PS,True,False,False
170,590557,14,14-15,PS,True,False,False
170,590557,15,15-16,PS,True,False,False
170,590557,16,16-17,PS,True,False,False
171,590558,1,1-2,PS,True,False,False
171,590558,2,2-3,PS,True,False,False
171,590558,3,3-4,PS,True,False,False
171,590558,4,4-5,PS,True,False,False
171,590558,5,5-6,PS,True,False,False
171,590558,6,6-7,PS,True,False,False
171,590558,7,7-8,PS,True,False,False
171,590558,8,8-9,PS,True,False,False
171,590558,9,9-10,PS,True,False,False
171,590558,10,10-11,PS,True,False,False
171,590558,11,11-12,PS,True,False,False
171,590558,12,12-13,PS,True,False,False
171,590558,13,13-14,PS,True,False,False
171,590558,14,14-15,PS,True,False,False
171,590558,15,15-16,PS,True,False,False
171,590558,16,16-17,PS,True,False,False
172,590559,1,1-2,PS,True,False,False
172,590559,2,2-3,PS,True,False,False
172,590559,3,3-4,PS,True,False,False
172,590559,4,4-5,PS,True,False,False
172,590559,5,5-6,PS,True,False,False
172,590559,6,6-7,PS,True,False,False
172,590559,7,7-8,PS,True,False,False
172,590559,8,8-9,PS,True,False,False
172,590559,9,9-10,PS,True,False,False
172,590559,10,10-11,PS,True,False,False
172,590559,11,11-12,PS,True,False,False
172,590559,12,12-13,PS,True,False,False
172,590559,13,13-14,PS,True,False,False
172,590559,14,14-15,PS,True,False,False
172,590559,15,15-16,PS,True,False,False
172,590559,16,16-17,PS,True,False,False
173,590560,1,1-2,PS,True,False,False
173,590560,2,2-3,PS,True,False,False
173,590560,3,3-4,PS,True,False,False
173,590560,4,4-5,PS,True,False,False
173,590560,5,5-6,PS,True,False,False
173,590560,6,6-7,PS,True,False,False
173,590560,7,7-8,PS,True,False,False
173,590560,8,8-9,PS,True,False,False
173,590560,9,9-10,PS,True,False,False
173,590560,10,10-11,PS,True,False,False
173,590560,11,11-12,PS,True,False,False
173,590560,12,12-13,PS,True,False,False
173,590560,13,13-14,PS,True,False,False
173,590560,14,14-15,PS,True,False,False
173,590560,15,15-16,PS,True,False,False
173,590560,16,16-17,PS,True,False,False
174,590561,1,1-2,PS,True,False,False
174,590561,2,2-3,PS,True,False,False
174,590561,3,3-4,PS,True,False,False
174,590561,4,4-5,PS,True,False,False
174,590561,5,5-6,PS,True,False,False
174,590561,6,6-7,PS,True,False,False
174,590561,7,7-8,PS,True,False,False
174,590561,8,8-9,PS,True,False,False
174,590561,9,9-10,PS,True,False,False
174,590561,10,10-11,PS,True,False,False
174,590561,11,11-12,PS,True,False,False
174,590561,12,12-13,PS,True,False,False
174,590561,13,13-14,PS,True,False,False
174,590561,14,14-15,PS,True,False,False
174,590561,15,15-16,PS,True,False,False
174,590561,16,16-17,PS,True,False,False
175,590562,1,1-2,PS,True,False,False
175,590562,2,2-3,PS,True,False,False
175,590562,3,3-4,PS,True,False,False
175,590562,4,4-5,PS,True,False,False
175,590562,5,5-6,PS,True,False,False
175,590562,6,6-7,PS,True,False,False
175,590562,7,7-8,PS,True,False,False
175,590562,8,8-9,PS,True,False,False
175,590562,9,9-10,PS,True,False,False
175,590562,10,10-11,PS,True,False,False
175,590562,11,11-12,PS,True,False,False
175,590562,12,12-13,PS,True,False,False
175,590562,13,13-14,PS,True,False,False
175,590562,14,14-15,PS,True,False,False
175,590562,15,15-16,PS,True,False,False
175,590562,16,16-17,PS,True,False,False
176,590563,1,1-2,PS,True,False,False
176,590563,2,2-3,PS,True,False,False
176,590563,3,3-4,PS,True,False,False
176,590563,4,4-5,PS,True,False,False
176,590563,5,5-6,PS,True,False,False
176,590563,6,6-7,PS,True,False,False
176,590563,7,7-8,PS,True,False,False
176,590563,8,8-9,PS,True,False,False
176,590563,9,9-10,PS,True,False,False
176,590563,10,10-11,PS,True,False,False
176,590563,11,11-12,PS,True,False,False
176,590563,12,12-13,PS,True,False,False
176,590563,13,13-14,PS,True,False,False
176,590563,14,14-15,PS,True,False,False
176,590563,15,15-16,PS,True,False,False
176,590563,16,16-17,PS,True,False,False
177,590564,1,1-2,PS,True,False,False
177,590564,2,2-3,PS,True,False,False
177,590564,3,3-4,PS,True,False,False
177,590564,4,4-5,PS,True,False,False
177,590564,5,5-6,PS,True,False,False
177,590564,6,6-7,PS,True,False,False
177,590564,7,7-8,PS,True,False,False
177,590564,8,8-9,PS,True,False,False
177,590564,9,9-10,PS,True,False,False
177,590564,10,10-11,PS,True,False,False
177,590564,11,11-12,PS,True,False,False
177,590564,12,12-13,PS,True,False,False
177,590564,13,13-14,PS,True,False,False
177,590564,14,14-15,PS,True,False,False
177,590564,15,15-16,PS,True,False,False
177,590564,16,16-17,PS,True,False,False
178,590565,1,1-2,PS,True,False,False
178,590565,2,2-3,PS,True,False,False
178,590565,3,3-4,PS,True,False,False
178,590565,4,4-5,PS,True,False,False
178,590565,5,5-6,PS,True,False,False
178,590565,6,6-7,PS,True,False,False
178,590565,7,7-8,PS,True,False,False
178,590565,8,8-9,PS,True,False,False
178,590565,9,9-10,PS,True,False,False
178,590565,10,10-11,PS,True,False,False
178,590565,11,11-12,PS,True,False,False
178,590565,12,12-13,PS,True,False,False
178,590565,13,13-14,PS,True,False,False
178,590565,14,14-15,PS,True,False,False
178,590565,15,15-16,PS,True,False,False
178,590565,16,16-17,PS,True,False,False
179,590566,1,1-2,PS,True,False,False
179,590566,2,2-3,PS,True,False,False
179,590566,3,3-4,PS,True,False,False
179,590566,4,4-5,PS,True,False,False
179,590566,5,5-6,PS,True,False,False
179,590566,6,6-7,PS,True,False,False
179,590566,7,7-8,PS,True,False,False
179,590566,8,8-9,PS,True,False,False
179,590566,9,9-10,PS,True,False,False
179,590566,10,10-11,PS,True,False,False
179,590566,11,11-12,PS,True,False,False
179,590566,12,12-13,PS,True,False,False
179,590566,13,13-14,PS,True,False,False
179,590566,14,14-15,PS,True,False,False
179,590566,15,15-16,PS,True,False,False
179,590566,16,16-17,PS,True,False,False
180,590567,1,1-2,PS,True,False,False
180,590567,2,2-3,PS,True,False,False
180,590567,3,3-4,PS,True,False,False
180,590567,4,4-5,PS,True,False,False
180,590567,5,5-6,PS,True,False,False
180,590567,6,6-7,PS,True,False,False
180,590567,7,7-8,PS,True,False,False
180,590567,8,8-9,PS,True,False,False
180,590567,9,9-10,PS,True,False,False
180,590567,10,10-11,PS,True,False,False
180,590567,11,11-12,PS,True,False,False
180,590567,12,12-13,PS,True,False,False
180,590567,13,13-14,PS,True,False,False
180,590567,14,14-15,PS,True,False,False
180,590567,15,15-16,PS,True,False,False
180,590567,16,16-17,PS,True,False,False
181,590568,1,1-2,PS,True,False,False
181,590568,2,2-3,PS,True,False,False
181,590568,3,3-4,PS,True,False,False
181,590568,4,4-5,PS,True,False,False
181,590568,5,5-6,PS,True,False,False
181,590568,6,6-7,PS,True,False,False
181,590568,7,7-8,PS,True,False,False
181,590568,8,8-9,PS,True,False,False
181,590568,9,9-10,PS,True,False,False
181,590568,10,10-11,PS,True,False,False
181,590568,11,11-12,PS,True,False,False
181,590568,12,12-13,PS,True,False,False
181,590568,13,13-14,PS,True,False,False
181,590568,14,14-15,PS,True,False,False
181,590568,15,15-16,PS,True,False,False
181,590568,16,16-17,PS,True,False,False
182,590569,1,1-2,PS,True,False,False
182,590569,2,2-3,PS,True,False,False
182,590569,3,3-4,PS,True,False,False
182,590569,4,4-5,PS,True,False,False
182,590569,5,5-6,PS,True,False,False
182,590569,6,6-7,PS,True,False,False
182,590569,7,7-8,PS,True,False,False
182,590569,8,8-9,PS,True,False,False
182,590569,9,9-10,PS,True,False,False
182,590569,10,10-11,PS,True,False,False
182,590569,11,11-12,PS,True,False,False
182,590569,12,12-13,PS,True,False,False
182,590569,13,13-14,PS,True,False,False
182,590569,14,14-15,PS,True,False,False
182,590569,15,15-16,PS,True,False,False
182,590569,16,16-17,PS,True,False,False
183,590570,1,1-2,PS,True,False,False
183,590570,2,2-3,PS,True,False,False
183,590570,3,3-4,PS,True,False,False
183,590570,4,4-5,PS,True,False,False
183,590570,5,5-6,PS,True,False,False
183,590570,6,6-7,PS,True,False,False
183,590570,7,7-8,PS,True,False,False
183,590570,8,8-9,PS,True,False,False
183,590570,9,9-10,PS,True,False,False
183,590570,10,10-11,PS,True,False,False
183,590570,11,11-12,PS,True,False,False
183,590570,12,12-13,PS,True,False,False
183,590570,13,13-14,PS,True,False,False
183,590570,14,14-15,PS,True,False,False
183,590570,15,15-16,PS,True,False,False
183,590570,16,16-17,PS,True,False,False
184,590571,1,1-2,PS,True,False,False
184,590571,2,2-3,PS,True,False,False
184,590571,3,3-4,PS,True,False,False
184,590571,4,4-5,PS,True,False,False
184,590571,5,5-6,PS,True,False,False
184,590571,6,6-7,PS,True,False,False
184,590571,7,7-8,PS,True,False,False
184,590571,8,8-9,PS,True,False,False
184,590571,9,9-10,PS,True,False,False
184,590571,10,10-11,PS,True,False,False
184,590571,11,11-12,PS,True,False,False
184,590571,12,12-13,PS,True,False,False
184,590571,13,13-14,PS,True,False,False
184,590571,14,14-15,PS,True,False,False
184,590571,15,15-16,PS,True,False,False
184,590571,16,16-17,PS,True,False,False
185,590572,1,1-2,PS,True,False,False
185,590572,2,2-3,PS,True,False,False
185,590572,3,3-4,PS,True,False,False
185,590572,4,4-5,PS,True,False,False
185,590572,5,5-6,PS,True,False,False
185,590572,6,6-7,PS,True,False,False
185,590572,7,7-8,PS,True,False,False
185,590572,8,8-9,PS,True,False,False
185,590572,9,9-10,PS,True,False,False
185,590572,10,10-11,PS,True,False,False
185,590572,11,11-12,PS,True,False,False
185,590572,12,12-13,PS,True,False,False
185,590572,13,13-14,PS,True,False,False
185,590572,14,14-15,PS,True,False,False
185,590572,15,15-16,PS,True,False,False
185,590572,16,16-17,PS,True,False,False
186,590573,1,1-2,PS,True,False,False
186,590573,2,2-3,PS,True,False,False
186,590573,3,3-4,PS,True,False,False
186,590573,4,4-5,PS,True,False,False
186,590573,5,5-6,PS,True,False,False
186,590573,6,6-7,PS,True,False,False
186,590573,7,7-8,PS,True,False,False
186,590573,8,8-9,PS,True,False,False
186,590573,9,9-10,PS,True,False,False
186,590573,10,10-11,PS,True,False,False
186,590573,11,11-12,PS,True,False,False
186,590573,12,12-13,PS,True,False,False
186,590573,13,13-14,PS,True,False,False
186,590573,14,14-15,PS,True,False,False
186,590573,15,15-16,PS,True,False,False
186,590573,16,16-17,PS,True,False,False
187,590574,1,1-2,PS,True,False,False
187,590574,2,2-3,PS,True,False,False
187,590574,3,3-4,PS,True,False,False
187,590574,4,4-5,PS,True,False,False
187,590574,5,5-6,PS,True,False,False
187,590574,6,6-7,PS,True,False,False
187,590574,7,7-8,PS,True,False,False
187,590574,8,8-9,PS,True,False,False
187,590574,9,9-10,PS,True,False,False
187,590574,10,10-11,PS,True,False,False
187,590574,11,11-12,PS,True,False,False
187,590574,12,12-13,PS,True,False,False
187,590574,13,13-14,PS,True,False,False
187,590574,14,14-15,PS,True,False,False
187,590574,15,15-16,PS,True,False,False
187,590574,16,16-17,PS,True,False,False
188,590575,1,1-2,PS,True,False,False
188,590575,2,2-3,PS,True,False,False
188,590575,3,3-4,PS,True,False,False
188,590575,4,4-5,PS,True,False,False
188,590575,5,5-6,PS,True,False,False
188,590575,6,6-7,PS,True,False,False
188,590575,7,7-8,PS,True,False,False
188,590575,8,8-9,PS,True,False,False
188,590575,9,9-10,PS,True,False,False
188,590575,10,10-11,PS,True,False,False
188,590575,11,11-12,PS,True,False,False
188,590575,12,12-13,PS,True,False,False
188,590575,13,13-14,PS,True,False,False
188,590575,14,14-15,PS,True,False,False
188,590575,15,15-16,PS,True,False,False
188,590575,16,16-17,PS,True,False,False
189,590576,1,1-2,PS,True,False,False
189,590576,2,2-3,PS,True,False,False
189,590576,3,3-4,PS,True,False,False
189,590576,4,4-5,PS,True,False,False
189,590576,5,5-6,PS,True,False,False
189,590576,6,6-7,PS,True,False,False
189,590576,7,7-8,PS,True,False,False
189,590576,8,8-9,PS,True,False,False
189,590576,9,9-10,PS,True,False,False
189,590576,10,10-11,PS,True,False,False
189,590576,11,11-12,PS,True,False,False
189,590576,12,12-13,PS,True,False,False
189,590576,13,13-14,PS,True,False,False
189,590576,14,14-15,PS,True,False,False
189,590576,15,15-16,PS,True,False,False
189,590576,16,16-17,PS,True,False,False
190,590577,1,1-2,PS,True,False,False
190,590577,2,2-3,PS,True,False,False
190,590577,3,3-4,PS,True,False,False
190,590577,4,4-5,PS,True,False,False
190,590577,5,5-6,PS,True,False,False
190,590577,6,6-7,PS,True,False,False
190,590577,7,7-8,PS,True,False,False
190,590577,8,8-9,PS,True,False,False
190,590577,9,9-10,PS,True,False,False
190,590577,10,10-11,PS,True,False,False
190,590577,11,11-12,PS,True,False,False
190,590577,12,12-13,PS,True,False,False
190,590577,13,13-14,PS,True,False,False
190,590577,14,14-15,PS,True,False,False
190,590577,15,15-16,PS,True,False,False
190,590577,16,16-17,PS,True,False,False
191,590578,1,1-2,PS,True,False,False
191,590578,2,2-3,PS,True,False,False
191,590578,3,3-4,PS,True,False,False
191,590578,4,4-5,PS,True,False,False
191,590578,5,5-6,PS,True,False,False
191,590578,6,6-7,PS,True,False,False
191,590578,7,7-8,PS,True,False,False
191,590578,8,8-9,PS,True,False,False
191,590578,9,9-10,PS,True,False,False
191,590578,10,10-11,PS,True,False,False
191,590578,11,11-12,PS,True,False,False
191,590578,12,12-13,PS,True,False,False
191,590578,13,13-14,PS,True,False,False
191,590578,14,14-15,PS,True,False,False
191,590578,15,15-16,PS,True,False,False
191,590578,16,16-17,PS,True,False,False
192,590579,1,1-2,PS,True,False,False
192,590579,2,2-3,PS,True,False,False
192,590579,3,3-4,PS,True,False,False
192,590579,4,4-5,PS,True,False,False
192,590579,5,5-6,PS,True,False,False
192,590579,6,6-7,PS,True,False,False
192,590579,7,7-8,PS,True,False,False
192,590579,8,8-9,PS,True,False,False
192,590579,9,9-10,PS,True,False,False
192,590579,10,10-11,PS,True,False,False
192,590579,11,11-12,PS,True,False,False
192,590579,12,12-13,PS,True,False,False
192,590579,13,13-14,PS,True,False,False
192,590579,14,14-15,PS,True,False,False
192,590579,15,15-16,PS,True,False,False
192,590579,16,16-17,PS,True,False,False
193,590580,1,1-2,PS,True,False,False
193,590580,2,2-3,PS,True,False,False
193,590580,3,3-4,PS,True,False,False
193,590580,4,4-5,PS,True,False,False
193,590580,5,5-6,PS,True,False,False
193,590580,6,6-7,PS,True,False,False
193,590580,7,7-8,PS,True,False,False
193,590580,8,8-9,PS,True,False,False
193,590580,9,9-10,PS,True,False,False
193,590580,10,10-11,PS,True,False,False
193,590580,11,11-12,PS,True,False,False
193,590580,12,12-13,PS,True,False,False
193,590580,13,13-14,PS,True,False,False
193,590580,14,14-15,PS,True,False,False
193,590580,15,15-16,PS,True,False,False
193,590580,16,16-17,PS,True,False,False
194,590581,1,1-2,PS,True,False,False
194,590581,2,2-3,PS,True,False,False
194,590581,3,3-4,PS,True,False,False
194,590581,4,4-5,PS,True,False,False
194,590581,5,5-6,PS,True,False,False
194,590581,6,6-7,PS,True,False,False
194,590581,7,7-8,PS,True,False,False
194,590581,8,8-9,PS,True,False,False
194,590581,9,9-10,PS,True,False,False
194,590581,10,10-11,PS,True,False,False
194,590581,11,11-12,PS,True,False,False
194,590581,12,12-13,PS,True,False,False
194,590581,13,13-14,PS,True,False,False
194,590581,14,14-15,PS,True,False,False
194,590581,15,15-16,PS,True,False,False
194,590581,16,16-17,PS,True,False,False
195,590582,1,1-2,PS,True,False,False
195,590582,2,2-3,PS,True,False,False
195,590582,3,3-4,PS,True,False,False
195,590582,4,4-5,PS,True,False,False
195,590582,5,5-6,PS,True,False,False
195,590582,6,6-7,PS,True,False,False
195,590582,7,7-8,PS,True,False,False
195,590582,8,8-9,PS,True,False,False
195,590582,9,9-10,PS,True,False,False
195,590582,10,10-11,PS,True,False,False
195,590582,11,11-12,PS,True,False,False
195,590582,12,12-13,PS,True,False,False
195,590582,13,13-14,PS,True,False,False
195,590582,14,14-15,PS,True,False,False
195,590582,15,15-16,PS,True,False,False
195,590582,16,16-17,PS,True,False,False
196,590583,1,1-2,PS,True,False,False
196,590583,2,2-3,PS,True,False,False
196,590583,3,3-4,PS,True,False,False
196,590583,4,4-5,PS,True,False,False
196,590583,5,5-6,PS,True,False,False
196,590583,6,6-7,PS,True,False,False
196,590583,7,7-8,PS,True,False,False
196,590583,8,8-9,PS,True,False,False
196,590583,9,9-10,PS,True,False,False
196,590583,10,10-11,PS,True,False,False
196,590583,11,11-12,PS,True,False,False
196,590583,12,12-13,PS,True,False,False
196,590583,13,13-14,PS,True,False,False
196,590583,14,14-15,PS,True,False,False
196,590583,15,15-16,PS,True,False,False
196,590583,16,16-17,PS,True,False,False
197,590584,1,1-2,PS,True,False,False
197,590584,2,2-3,PS,True,False,False
197,590584,3,3-4,PS,True,False,False
197,590584,4,4-5,PS,True,False,False
197,590584,5,5-6,PS,True,False,False
197,590584,6,6-7,PS,True,False,False
197,590584,7,7-8,PS,True,False,False
197,590584,8,8-9,PS,True,False,False
197,590584,9,9-10,PS,True,False,False
197,590584,10,10-11,PS,True,False,False
197,590584,11,11-12,PS,True,False,False
197,590584,12,12-13,PS,True,False,False
197,590584,13,13-14,PS,True,False,False
197,590584,14,14-15,PS,True,False,False
197,590584,15,15-16,PS,True,False,False
197,590584,16,16-17,PS,True,False,False
198,590585,1,1-2,PS,True,False,False
198,590585,2,2-3,PS,True,False,False
198,590585,3,3-4,PS,True,False,False
198,590585,4,4-5,PS,True,False,False
198,590585,5,5-6,PS,True,False,False
198,590585,6,6-7,PS,True,False,False
198,590585,7,7-8,PS,True,False,False
198,590585,8,8-9,PS,True,False,False
198,590585,9,9-10,PS,True,False,False
198,590585,10,10-11,PS,True,False,False
198,590585,11,11-12,PS,True,False,False
198,590585,12,12-13,PS,True,False,False
198,590585,13,13-14,PS,True,False,False
198,590585,14,14-15,PS,True,False,False
198,590585,15,15-16,PS,True,False,False
198,590585,16,16-17,PS,True,False,False
199,590586,1,1-2,PS,True,False,False
199,590586,2,2-3,PS,True,False,False
199,590586,3,3-4,PS,True,False,False
199,590586,4,4-5,PS,True,False,False
199,590586,5,5-6,PS,True,False,False
199,590586,6,6-7,PS,True,False,False
199,590586,7,7-8,PS,True,False,False
199,590586,8,8-9,PS,True,False,False
199,590586,9,9-10,PS,True,False,False
199,590586,10,10-11,PS,True,False,False
199,590586,11,11-12,PS,True,False,False
199,590586,12,12-13,PS,True,False,False
199,590586,13,13-14,PS,True,False,False
199,590586,14,14-15,PS,True,False,False
199,590586,15,15-16,PS,True,False,False
199,590586,16,16-17,PS,True,False,False
200,590587,1,1-2,PS,True,False,False
200,590587,2,2-3,PS,True,False,False
200,590587,3,3-4,PS,True,False,False
200,590587,4,4-5,PS,True,False,False
200,590587,5,5-6,PS,True,False,False
200,590587,6,6-7,PS,True,False,False
200,590587,7,7-8,PS,True,False,False
200,590587,8,8-9,PS,True,False,False
200,590587,9,9-10,PS,True,False,False
200,590587,10,10-11,PS,True,False,False
200,590587,11,11-12,PS,True,False,False
200,590587,12,12-13,PS,True,False,False
200,590587,13,13-14,PS,True,False,False
200,590587,14,14-15,PS,True,False,False
200,590587,15,15-16,PS,True,False,False
200,590587,16,16-17,PS,True,False,False
201,590588,1,1-2,PS,True,False,False
201,590588,2,2-3,PS,True,False,False
201,590588,3,3-4,PS,True,False,False
201,590588,4,4-5,PS,True,False,False
201,590588,5,5-6,PS,True,False,False
201,590588,6,6-7,PS,True,False,False
201,590588,7,7-8,PS,True,False,False
201,590588,8,8-9,PS,True,False,False
201,590588,9,9-10,PS,True,False,False
201,590588,10,10-11,PS,True,False,False
201,590588,11,11-12,PS,True,False,False
201,590588,12,12-13,PS,True,False,False
201,590588,13,13-14,PS,True,False,False
201,590588,14,14-15,PS,True,False,False
201,590588,15,15-16,PS,True,False,False
201,590588,16,16-17,PS,True,False,False
202,590589,1,1-2,PS,True,False,False
202,590589,2,2-3,PS,True,False,False
202,590589,3,3-4,PS,True,False,False
202,590589,4,4-5,PS,True,False,False
202,590589,5,5-6,PS,True,False,False
202,590589,6,6-7,PS,True,False,False
202,590589,7,7-8,PS,True,False,False
202,590589,8,8-9,PS,True,False,False
202,590589,9,9-10,PS,True,False,False
202,590589,10,10-11,PS,True,False,False
202,590589,11,11-12,PS,True,False,False
202,590589,12,12-13,PS,True,False,False
202,590589,13,13-14,PS,True,False,False
202,590589,14,14-15,PS,True,False,False
202,590589,15,15-16,PS,True,False,False
202,590589,16,16-17,PS,True,False,False
203,590590,1,1-2,PS,True,False,False
203,590590,2,2-3,PS,True,False,False
203,590590,3,3-4,PS,True,False,False
203,590590,4,4-5,PS,True,False,False
203,590590,5,5-6,PS,True,False,False
203,590590,6,6-7,PS,True,False,False
203,590590,7,7-8,PS,True,False,False
203,590590,8,8-9,PS,True,False,False
203,590590,9,9-10,PS,True,False,False
203,590590,10,10-11,PS,True,False,False
203,590590,11,11-12,PS,True,False,False
203,590590,12,12-13,PS,True,False,False
203,590590,13,13-14,PS,True,False,False
203,590590,14,14-15,PS,True,False,False
203,590590,15,15-16,PS,True,False,False
203,590590,16,16-17,PS,True,False,False
204,590591,1,1-2,PS,True,False,False
204,590591,2,2-3,PS,True,False,False
204,590591,3,3-4,PS,True,False,False
204,590591,4,4-5,PS,True,False,False
204,590591,5,5-6,PS,True,False,False
204,590591,6,6-7,PS,True,False,False
204,590591,7,7-8,PS,True,False,False
204,590591,8,8-9,PS,True,False,False
204,590591,9,9-10,PS,True,False,False
204,590591,10,10-11,PS,True,False,False
204,590591,11,11-12,PS,True,False,False
204,590591,12,12-13,PS,True,False,False
204,590591,13,13-14,PS,True,False,False
204,590591,14,14-15,PS,True,False,False
204,590591,15,15-16,PS,True,False,False
204,590591,16,16-17,PS,True,False,False
205,590592,1,1-2,PS,True,False,False
205,590592,2,2-3,PS,True,False,False
205,590592,3,3-4,PS,True,False,False
205,590592,4,4-5,PS,True,False,False
205,590592,5,5-6,PS,True,False,False
205,590592,6,6-7,PS,True,False,False
205,590592,7,7-8,PS,True,False,False
205,590592,8,8-9,PS,True,False,False
205,590592,9,9-10,PS,True,False,False
205,590592,10,10-11,PS,True,False,False
205,590592,11,11-12,PS,True,False,False
205,590592,12,12-13,PS,True,False,False
205,590592,13,13-14,PS,True,False,False
205,590592,14,14-15,PS,True,False,False
205,590592,15,15-16,PS,True,False,False
205,590592,16,16-17,PS,True,False,False
206,590593,1,1-2,PS,True,False,False
206,590593,2,2-3,PS,True,False,False
206,590593,3,3-4,PS,True,False,False
206,590593,4,4-5,PS,True,False,False
206,590593,5,5-6,PS,True,False,False
206,590593,6,6-7,PS,True,False,False
206,590593,7,7-8,PS,True,False,False
206,590593,8,8-9,PS,True,False,False
206,590593,9,9-10,PS,True,False,False
206,590593,10,10-11,PS,True,False,False
206,590593,11,11-12,PS,True,False,False
206,590593,12,12-13,PS,True,False,False
206,590593,13,13-14,PS,True,False,False
206,590593,14,14-15,PS,True,False,False
206,590593,15,15-16,PS,True,False,False
206,590593,16,16-17,PS,True,False,False
207,590594,1,1-2,PS,True,False,False
207,590594,2,2-3,PS,True,False,False
207,590594,3,3-4,PS,True,False,False
207,590594,4,4-5,PS,True,False,False
207,590594,5,5-6,PS,True,False,False
207,590594,6,6-7,PS,True,False,False
207,590594,7,7-8,PS,True,False,False
207,590594,8,8-9,PS,True,False,False
207,590594,9,9-10,PS,True,False,False
207,590594,10,10-11,PS,True,False,False
207,590594,11,11-12,PS,True,False,False
207,590594,12,12-13,PS,True,False,False
207,590594,13,13-14,PS,True,False,False
207,590594,14,14-15,PS,True,False,False
207,590594,15,15-16,PS,True,False,False
207,590594,16,16-17,PS,True,False,False
208,590595,1,1-2,PS,True,False,False
208,590595,2,2-3,PS,True,False,False
208,590595,3,3-4,PS,True,False,False
208,590595,4,4-5,PS,True,False,False
208,590595,5,5-6,PS,True,False,False
208,590595,6,6-7,PS,True,False,False
208,590595,7,7-8,PS,True,False,False
208,590595,8,8-9,PS,True,False,False
208,590595,9,9-10,PS,True,False,False
208,590595,10,10-11,PS,True,False,False
208,590595,11,11-12,PS,True,False,False
208,590595,12,12-13,PS,True,False,False
208,590595,13,13-14,PS,True,False,False
208,590595,14,14-15,PS,True,False,False
208,590595,15,15-16,PS,True,False,False
208,590595,16,16-17,PS,True,False,False
209,590596,1,1-2,PS,True,False,False
209,590596,2,2-3,PS,True,False,False
209,590596,3,3-4,PS,True,False,False
209,590596,4,4-5,PS,True,False,False
209,590596,5,5-6,PS,True,False,False
209,590596,6,6-7,PS,True,False,False
209,590596,7,7-8,PS,True,False,False
209,590596,8,8-9,PS,True,False,False
209,590596,9,9-10,PS,True,False,False
209,590596,10,10-11,PS,True,False,False
209,590596,11,11-12,PS,True,False,False
209,590596,12,12-13,PS,True,False,False
209,590596,13,13-14,PS,True,False,False
209,590596,14,14-15,PS,True,False,False
209,590596,15,15-16,PS,True,False,False
209,590596,16,16-17,PS,True,False,False
210,590597,1,1-2,PS,True,False,False
210,590597,2,2-3,PS,True,False,False
210,590597,3,3-4,PS,True,False,False
210,590597,4,4-5,PS,True,False,False
210,590597,5,5-6,PS,True,False,False
210,590597,6,6-7,PS,True,False,False
210,590597,7,7-8,PS,True,False,False
210,590597,8,8-9,PS,True,False,False
210,590597,9,9-10,PS,True,False,False
210,590597,10,10-11,PS,True,False,False
210,590597,11,11-12,PS,True,False,False
210,590597,12,12-13,PS,True,False,False
210,590597,13,13-14,PS,True,False,False
210,590597,14,14-15,PS,True,False,False
210,590597,15,15-16,PS,True,False,False
210,590597,16,16-17,PS,True,False,False
211,590598,1,1-2,PS,True,False,False
211,590598,2,2-3,PS,True,False,False
211,590598,3,3-4,PS,True,False,False
211,590598,4,4-5,PS,True,False,False
211,590598,5,5-6,PS,True,False,False
211,590598,6,6-7,PS,True,False,False
211,590598,7,7-8,PS,True,False,False
211,590598,8,8-9,PS,True,False,False
211,590598,9,9-10,PS,True,False,False
211,590598,10,10-11,PS,True,False,False
211,590598,11,11-12,PS,True,False,False
211,590598,12,12-13,PS,True,False,False
211,590598,13,13-14,PS,True,False,False
211,590598,14,14-15,PS,True,False,False
211,590598,15,15-16,PS,True,False,False
211,590598,16,16-17,PS,True,False,False
212,590599,1,1-2,PS,True,False,False
212,590599,2,2-3,PS,True,False,False
212,590599,3,3-4,PS,True,False,False
212,590599,4,4-5,PS,True,False,False
212,590599,5,5-6,PS,True,False,False
212,590599,6,6-7,PS,True,False,False
212,590599,7,7-8,PS,True,False,False
212,590599,8,8-9,PS,True,False,False
212,590599,9,9-10,PS,True,False,False
212,590599,10,10-11,PS,True,False,False
212,590599,11,11-12,PS,True,False,False
212,590599,12,12-13,PS,True,False,False
212,590599,13,13-14,PS,True,False,False
212,590599,14,14-15,PS,True,False,False
212,590599,15,15-16,PS,True,False,False
212,590599,16,16-17,PS,True,False,False
213,590600,1,1-2,PS,True,False,False
213,590600,2,2-3,PS,True,False,False
213,590600,3,3-4,PS,True,False,False
213,590600,4,4-5,PS,True,False,False
213,590600,5,5-6,PS,True,False,False
213,590600,6,6-7,PS,True,False,False
213,590600,7,7-8,PS,True,False,False
213,590600,8,8-9,PS,True,False,False
213,590600,9,9-10,PS,True,False,False
213,590600,10,10-11,PS,True,False,False
213,590600,11,11-12,PS,True,False,False
213,590600,12,12-13,PS,True,False,False
213,590600,13,13-14,PS,True,False,False
213,590600,14,14-15,PS,True,False,False
213,590600,15,15-16,PS,True,False,False
213,590600,16,16-17,PS,True,False,False
214,590601,1,1-2,PS,True,False,False
214,590601,2,2-3,PS,True,False,False
214,590601,3,3-4,PS,True,False,False
214,590601,4,4-5,PS,True,False,False
214,590601,5,5-6,PS,True,False,False
214,590601,6,6-7,PS,True,False,False
214,590601,7,7-8,PS,True,False,False
214,590601,8,8-9,PS,True,False,False
214,590601,9,9-10,PS,True,False,False
214,590601,10,10-11,PS,True,False,False
214,590601,11,11-12,PS,True,False,False
214,590601,12,12-13,PS,True,False,False
214,590601,13,13-14,PS,True,False,False
214,590601,14,14-15,PS,True,False,False
214,590601,15,15-16,PS,True,False,False
214,590601,16,16-17,PS,True,False,False
215,590602,1,1-2,PS,True,False,False
215,590602,2,2-3,PS,True,False,False
215,590602,3,3-4,PS,True,False,False
215,590602,4,4-5,PS,True,False,False
215,590602,5,5-6,PS,True,False,False
215,590602,6,6-7,PS,True,False,False
215,590602,7,7-8,PS,True,False,False
215,590602,8,8-9,PS,True,False,False
215,590602,9,9-10,PS,True,False,False
215,590602,10,10-11,PS,True,False,False
215,590602,11,11-12,PS,True,False,False
215,590602,12,12-13,PS,True,False,False
215,590602,13,13-14,PS,True,False,False
215,590602,14,14-15,PS,True,False,False
215,590602,15,15-16,PS,True,False,False
215,590602,16,16-17,PS,True,False,False
216,590603,1,1-2,PS,True,False,False
216,590603,2,2-3,PS,True,False,False
216,590603,3,3-4,PS,True,False,False
216,590603,4,4-5,PS,True,False,False
216,590603,5,5-6,PS,True,False,False
216,590603,6,6-7,PS,True,False,False
216,590603,7,7-8,PS,True,False,False
216,590603,8,8-9,PS,True,False,False
216,590603,9,9-10,PS,True,False,False
216,590603,10,10-11,PS,True,False,False
216,590603,11,11-12,PS,True,False,False
216,590603,12,12-13,PS,True,False,False
216,590603,13,13-14,PS,True,False,False
216,590603,14,14-15,PS,True,False,False
216,590603,15,15-16,PS,True,False,False
216,590603,16,16-17,PS,True,False,False
217,590604,1,1-2,PS,True,False,False
217,590604,2,2-3,PS,True,False,False
217,590604,3,3-4,PS,True,False,False
217,590604,4,4-5,PS,True,False,False
217,590604,5,5-6,PS,True,False,False
217,590604,6,6-7,PS,True,False,False
217,590604,7,7-8,PS,True,False,False
217,590604,8,8-9,PS,True,False,False
217,590604,9,9-10,PS,True,False,False
217,590604,10,10-11,PS,True,False,False
217,590604,11,11-12,PS,True,False,False
217,590604,12,12-13,PS,True,False,False
217,590604,13,13-14,PS,True,False,False
217,590604,14,14-15,PS,True,False,False
217,590604,15,15-16,PS,True,False,False
217,590604,16,16-17,PS,True,False,False
218,590605,1,1-2,PS,True,False,False
218,590605,2,2-3,PS,True,False,False
218,590605,3,3-4,PS,True,False,False
218,590605,4,4-5,PS,True,False,False
218,590605,5,5-6,PS,True,False,False
218,590605,6,6-7,PS,True,False,False
218,590605,7,7-8,PS,True,False,False
218,590605,8,8-9,PS,True,False,False
218,590605,9,9-10,PS,True,False,False
218,590605,10,10-11,PS,True,False,False
218,590605,11,11-12,PS,True,False,False
218,590605,12,12-13,PS,True,False,False
218,590605,13,13-14,PS,True,False,False
218,590605,14,14-15,PS,True,False,False
218,590605,15,15-16,PS,True,False,False
218,590605,16,16-17,PS,True,False,False
219,590606,1,1-2,PS,True,False,False
219,590606,2,2-3,PS,True,False,False
219,590606,3,3-4,PS,True,False,False
219,590606,4,4-5,PS,True,False,False
219,590606,5,5-6,PS,True,False,False
219,590606,6,6-7,PS,True,False,False
219,590606,7,7-8,PS,True,False,False
219,590606,8,8-9,PS,True,False,False
219,590606,9,9-10,PS,True,False,False
219,590606,10,10-11,PS,True,False,False
219,590606,11,11-12,PS,True,False,False
219,590606,12,12-13,PS,True,False,False
219,590606,13,13-14,PS,True,False,False
219,590606,14,14-15,PS,True,False,False
219,590606,15,15-16,PS,True,False,False
219,590606,16,16-17,PS,True,False,False
220,590607,1,1-2,PS,True,False,False
220,590607,2,2-3,PS,True,False,False
220,590607,3,3-4,PS,True,False,False
220,590607,4,4-5,PS,True,False,False
220,590607,5,5-6,PS,True,False,False
220,590607,6,6-7,PS,True,False,False
220,590607,7,7-8,PS,True,False,False
220,590607,8,8-9,PS,True,False,False
220,590607,9,9-10,PS,True,False,False
220,590607,10,10-11,PS,True,False,False
220,590607,11,11-12,PS,True,False,False
220,590607,12,12-13,PS,True,False,False
220,590607,13,13-14,PS,True,False,False
220,590607,14,14-15,PS,True,False,False
220,590607,15,15-16,PS,True,False,False
220,590607,16,16-17,PS,True,False,False
221,590608,1,1-2,PS,True,False,False
221,590608,2,2-3,PS,True,False,False
221,590608,3,3-4,PS,True,False,False
221,590608,4,4-5,PS,True,False,False
221,590608,5,5-6,PS,True,False,False
221,590608,6,6-7,PS,True,False,False
221,590608,7,7-8,PS,True,False,False
221,590608,8,8-9,PS,True,False,False
221,590608,9,9-10,PS,True,False,False
221,590608,10,10-11,PS,True,False,False
221,590608,11,11-12,PS,True,False,False
221,590608,12,12-13,PS,True,False,False
221,590608,13,13-14,PS,True,False,False
221,590608,14,14-15,PS,True,False,False
221,590608,15,15-16,PS,True,False,False
221,590608,16,16-17,PS,True,False,False
222,590609,1,1-2,PS,True,False,False
222,590609,2,2-3,PS,True,False,False
222,590609,3,3-4,PS,True,False,False
222,590609,4,4-5,PS,True,False,False
222,590609,5,5-6,PS,True,False,False
222,590609,6,6-7,PS,True,False,False
222,590609,7,7-8,PS,True,False,False
222,590609,8,8-9,PS,True,False,False
222,590609,9,9-10,PS,True,False,False
222,590609,10,10-11,PS,True,False,False
222,590609,11,11-12,PS,True,False,False
222,590609,12,12-13,PS,True,False,False
222,590609,13,13-14,PS,True,False,False
222,590609,14,14-15,PS,True,False,False
222,590609,15,15-16,PS,True,False,False
222,590609,16,16-17,PS,True,False,False
223,590610,1,1-2,PS,True,False,False
223,590610,2,2-3,PS,True,False,False
223,590610,3,3-4,PS,True,False,False
223,590610,4,4-5,PS,True,False,False
223,590610,5,5-6,PS,True,False,False
223,590610,6,6-7,PS,True,False,False
223,590610,7,7-8,PS,True,False,False
223,590610,8,8-9,PS,True,False,False
223,590610,9,9-10,PS,True,False,False
223,590610,10,10-11,PS,True,False,False
223,590610,11,11-12,PS,True,False,False
223,590610,12,12-13,PS,True,False,False
223,590610,13,13-14,PS,True,False,False
223,590610,14,14-15,PS,True,False,False
223,590610,15,15-16,PS,True,False,False
223,590610,16,16-17,PS,True,False,False
224,590611,1,1-2,PS,True,False,False
224,590611,2,2-3,PS,True,False,False
224,590611,3,3-4,PS,True,False,False
224,590611,4,4-5,PS,True,False,False
224,590611,5,5-6,PS,True,False,False
224,590611,6,6-7,PS,True,False,False
224,590611,7,7-8,PS,True,False,False
224,590611,8,8-9,PS,True,False,False
224,590611,9,9-10,PS,True,False,False
224,590611,10,10-11,PS,True,False,False
224,590611,11,11-12,PS,True,False,False
224,590611,12,12-13,PS,True,False,False
224,590611,13,13-14,PS,True,False,False
224,590611,14,14-15,PS,True,False,False
224,590611,15,15-16,PS,True,False,False
224,590611,16,16-17,PS,True,False,False
225,590612,1,1-2,PS,True,False,False
225,590612,2,2-3,PS,True,False,False
225,590612,3,3-4,PS,True,False,False
225,590612,4,4-5,PS,True,False,False
225,590612,5,5-6,PS,True,False,False
225,590612,6,6-7,PS,True,False,False
225,590612,7,7-8,PS,True,False,False
225,590612,8,8-9,PS,True,False,False
225,590612,9,9-10,PS,True,False,False
225,590612,10,10-11,PS,True,False,False
225,590612,11,11-12,PS,True,False,False
225,590612,12,12-13,PS,True,False,False
225,590612,13,13-14,PS,True,False,False
225,590612,14,14-15,PS,True,False,False
225,590612,15,15-16,PS,True,False,False
225,590612,16,16-17,PS,True,False,False
226,590613,1,1-2,PS,True,False,False
226,590613,2,2-3,PS,True,False,False
226,590613,3,3-4,PS,True,False,False
226,590613,4,4-5,PS,True,False,False
226,590613,5,5-6,PS,True,False,False
226,590613,6,6-7,PS,True,False,False
226,590613,7,7-8,PS,True,False,False
226,590613,8,8-9,PS,True,False,False
226,590613,9,9-10,PS,True,False,False
226,590613,10,10-11,PS,True,False,False
226,590613,11,11-12,PS,True,False,False
226,590613,12,12-13,PS,True,False,False
226,590613,13,13-14,PS,True,False,False
226,590613,14,14-15,PS,True,False,False
226,590613,15,15-16,PS,True,False,False
226,590613,16,16-17,PS,True,False,False
227,590614,1,1-2,PS,True,False,False
227,590614,2,2-3,PS,True,False,False
227,590614,3,3-4,PS,True,False,False
227,590614,4,4-5,PS,True,False,False
227,590614,5,5-6,PS,True,False,False
227,590614,6,6-7,PS,True,False,False
227,590614,7,7-8,PS,True,False,False
227,590614,8,8-9,PS,True,False,False
227,590614,9,9-10,PS,True,False,False
227,590614,10,10-11,PS,True,False,False
227,590614,11,11-12,PS,True,False,False
227,590614,12,12-13,PS,True,False,False
227,590614,13,13-14,PS,True,False,False
227,590614,14,14-15,PS,True,False,False
227,590614,15,15-16,PS,True,False,False
227,590614,16,16-17,PS,True,False,False
228,590615,1,1-2,PS,True,False,False
228,590615,2,2-3,PS,True,False,False
228,590615,3,3-4,PS,True,False,False
228,590615,4,4-5,PS,True,False,False
228,590615,5,5-6,PS,True,False,False
228,590615,6,6-7,PS,True,False,False
228,590615,7,7-8,PS,True,False,False
228,590615,8,8-9,PS,True,False,False
228,590615,9,9-10,PS,True,False,False
228,590615,10,10-11,PS,True,False,False
228,590615,11,11-12,PS,True,False,False
228,590615,12,12-13,PS,True,False,False
228,590615,13,13-14,PS,True,False,False
228,590615,14,14-15,PS,True,False,False
228,590615,15,15-16,PS,True,False,False
228,590615,16,16-17,PS,True,False,False
229,590616,1,1-2,PS,True,False,False
229,590616,2,2-3,PS,True,False,False
229,590616,3,3-4,PS,True,False,False
229,590616,4,4-5,PS,True,False,False
229,590616,5,5-6,PS,True,False,False
229,590616,6,6-7,PS,True,False,False
229,590616,7,7-8,PS,True,False,False
229,590616,8,8-9,PS,True,False,False
229,590616,9,9-10,PS,True,False,False
229,590616,10,10-11,PS,True,False,False
229,590616,11,11-12,PS,True,False,False
229,590616,12,12-13,PS,True,False,False
229,590616,13,13-14,PS,True,False,False
229,590616,14,14-15,PS,True,False,False
229,590616,15,15-16,PS,True,False,False
229,590616,16,16-17,PS,True,False,False
230,590617,1,1-2,PS,True,False,False
230,590617,2,2-3,PS,True,False,False
230,590617,3,3-4,PS,True,False,False
230,590617,4,4-5,PS,True,False,False
230,590617,5,5-6,PS,True,False,False
230,590617,6,6-7,PS,True,False,False
230,590617,7,7-8,PS,True,False,False
230,590617,8,8-9,PS,True,False,False
230,590617,9,9-10,PS,True,False,False
230,590617,10,10-11,PS,True,False,False
230,590617,11,11-12,PS,True,False,False
230,590617,12,12-13,PS,True,False,False
230,590617,13,13-14,PS,True,False,False
230,590617,14,14-15,PS,True,False,False
230,590617,15,15-16,PS,True,False,False
230,590617,16,16-17,PS,True,False,False
231,590618,1,1-2,PS,True,False,False
231,590618,2,2-3,PS,True,False,False
231,590618,3,3-4,PS,True,False,False
231,590618,4,4-5,PS,True,False,False
231,590618,5,5-6,PS,True,False,False
231,590618,6,6-7,PS,True,False,False
231,590618,7,7-8,PS,True,False,False
231,590618,8,8-9,PS,True,False,False
231,590618,9,9-10,PS,True,False,False
231,590618,10,10-11,PS,True,False,False
231,590618,11,11-12,PS,True,False,False
231,590618,12,12-13,PS,True,False,False
231,590618,13,13-14,PS,True,False,False
231,590618,14,14-15,PS,True,False,False
231,590618,15,15-16,PS,True,False,False
231,590618,16,16-17,PS,True,False,False
232,590619,1,1-2,PS,True,False,False
232,590619,2,2-3,PS,True,False,False
232,590619,3,3-4,PS,True,False,False
232,590619,4,4-5,PS,True,False,False
232,590619,5,5-6,PS,True,False,False
232,590619,6,6-7,PS,True,False,False
232,590619,7,7-8,PS,True,False,False
232,590619,8,8-9,PS,True,False,False
232,590619,9,9-10,PS,True,False,False
232,590619,10,10-11,PS,True,False,False
232,590619,11,11-12,PS,True,False,False
232,590619,12,12-13,PS,True,False,False
232,590619,13,13-14,PS,True,False,False
232,590619,14,14-15,PS,True,False,False
232,590619,15,15-16,PS,True,False,False
232,590619,16,16-17,PS,True,False,False
233,590620,1,1-2,PS,True,False,False
233,590620,2,2-3,PS,True,False,False
233,590620,3,3-4,PS,True,False,False
233,590620,4,4-5,PS,True,False,False
233,590620,5,5-6,PS,True,False,False
233,590620,6,6-7,PS,True,False,False
233,590620,7,7-8,PS,True,False,False
233,590620,8,8-9,PS,True,False,False
233,590620,9,9-10,PS,True,False,False
233,590620,10,10-11,PS,True,False,False
233,590620,11,11-12,PS,True,False,False
233,590620,12,12-13,PS,True,False,False
233,590620,13,13-14,PS,True,False,False
233,590620,14,14-15,PS,True,False,False
233,590620,15,15-16,PS,True,False,False
233,590620,16,16-17,PS,True,False,False
234,590621,1,1-2,PS,True,False,False
234,590621,2,2-3,PS,True,False,False
234,590621,3,3-4,PS,True,False,False
234,590621,4,4-5,PS,True,False,False
234,590621,5,5-6,PS,True,False,False
234,590621,6,6-7,PS,True,False,False
234,590621,7,7-8,PS,True,False,False
234,590621,8,8-9,PS,True,False,False
234,590621,9,9-10,PS,True,False,False
234,590621,10,10-11,PS,True,False,False
234,590621,11,11-12,PS,True,False,False
234,590621,12,12-13,PS,True,False,False
234,590621,13,13-14,PS,True,False,False
234,590621,14,14-15,PS,True,False,False
234,590621,15,15-16,PS,True,False,False
234,590621,16,16-17,PS,True,False,False
235,590622,1,1-2,PS,True,False,False
235,590622,2,2-3,PS,True,False,False
235,590622,3,3-4,PS,True,False,False
235,590622,4,4-5,PS,True,False,False
235,590622,5,5-6,PS,True,False,False
235,590622,6,6-7,PS,True,False,False
235,590622,7,7-8,PS,True,False,False
235,590622,8,8-9,PS,True,False,False
235,590622,9,9-10,PS,True,False,False
235,590622,10,10-11,PS,True,False,False
235,590622,11,11-12,PS,True,False,False
235,590622,12,12-13,PS,True,False,False
235,590622,13,13-14,PS,True,False,False
235,590622,14,14-15,PS,True,False,False
235,590622,15,15-16,PS,True,False,False
235,590622,16,16-17,PS,True,False,False
236,590623,1,1-2,PS,True,False,False
236,590623,2,2-3,PS,True,False,False
236,590623,3,3-4,PS,True,False,False
236,590623,4,4-5,PS,True,False,False
236,590623,5,5-6,PS,True,False,False
236,590623,6,6-7,PS,True,False,False
236,590623,7,7-8,PS,True,False,False
236,590623,8,8-9,PS,True,False,False
236,590623,9,9-10,PS,True,False,False
236,590623,10,10-11,PS,True,False,False
236,590623,11,11-12,PS,True,False,False
236,590623,12,12-13,PS,True,False,False
236,590623,13,13-14,PS,True,False,False
236,590623,14,14-15,PS,True,False,False
236,590623,15,15-16,PS,True,False,False
236,590623,16,16-17,PS,True,False,False
237,590624,1,1-2,PS,True,False,False
237,590624,2,2-3,PS,True,False,False
237,590624,3,3-4,PS,True,False,False
237,590624,4,4-5,PS,True,False,False
237,590624,5,5-6,PS,True,False,False
237,590624,6,6-7,PS,True,False,False
237,590624,7,7-8,PS,True,False,False
237,590624,8,8-9,PS,True,False,False
237,590624,9,9-10,PS,True,False,False
237,590624,10,10-11,PS,True,False,False
237,590624,11,11-12,PS,True,False,False
237,590624,12,12-13,PS,True,False,False
237,590624,13,13-14,PS,True,False,False
237,590624,14,14-15,PS,True,False,False
237,590624,15,15-16,PS,True,False,False
237,590624,16,16-17,PS,True,False,False
238,590625,1,1-2,PS,True,False,False
238,590625,2,2-3,PS,True,False,False
238,590625,3,3-4,PS,True,False,False
238,590625,4,4-5,PS,True,False,False
238,590625,5,5-6,PS,True,False,False
238,590625,6,6-7,PS,True,False,False
238,590625,7,7-8,PS,True,False,False
238,590625,8,8-9,PS,True,False,False
238,590625,9,9-10,PS,True,False,False
238,590625,10,10-11,PS,True,False,False
238,590625,11,11-12,PS,True,False,False
238,590625,12,12-13,PS,True,False,False
238,590625,13,13-14,PS,True,False,False
238,590625,14,14-15,PS,True,False,False
238,590625,15,15-16,PS,True,False,False
238,590625,16,16-17,PS,True,False,False
239,590626,1,1-2,PS,True,False,False
239,590626,2,2-3,PS,True,False,False
239,590626,3,3-4,PS,True,False,False
239,590626,4,4-5,PS,True,False,False
239,590626,5,5-6,PS,True,False,False
239,590626,6,6-7,PS,True,False,False
239,590626,7,7-8,PS,True,False,False
239,590626,8,8-9,PS,True,False,False
239,590626,9,9-10,PS,True,False,False
239,590626,10,10-11,PS,True,False,False
239,590626,11,11-12,PS,True,False,False
239,590626,12,12-13,PS,True,False,False
239,590626,13,13-14,PS,True,False,False
239,590626,14,14-15,PS,True,False,False
239,590626,15,15-16,PS,True,False,False
239,590626,16,16-17,PS,True,False,False
240,590627,1,1-2,PS,True,False,False
240,590627,2,2-3,PS,True,False,False
240,590627,3,3-4,PS,True,False,False
240,590627,4,4-5,PS,True,False,False
240,590627,5,5-6,PS,True,False,False
240,590627,6,6-7,PS,True,False,False
240,590627,7,7-8,PS,True,False,False
240,590627,8,8-9,PS,True,False,False
240,590627,9,9-10,PS,True,False,False
240,590627,10,10-11,PS,True,False,False
240,590627,11,11-12,PS,True,False,False
240,590627,12,12-13,PS,True,False,False
240,590627,13,13-14,PS,True,False,False
240,590627,14,14-15,PS,True,False,False
240,590627,15,15-16,PS,True,False,False
240,590627,16,16-17,PS,True,False,False
241,590628,1,1-2,PS,True,False,False
241,590628,2,2-3,PS,True,False,False
241,590628,3,3-4,PS,True,False,False
241,590628,4,4-5,PS,True,False,False
241,590628,5,5-6,PS,True,False,False
241,590628,6,6-7,PS,True,False,False
241,590628,7,7-8,PS,True,False,False
241,590628,8,8-9,PS,True,False,False
241,590628,9,9-10,PS,True,False,False
241,590628,10,10-11,PS,True,False,False
241,590628,11,11-12,PS,True,False,False
241,590628,12,12-13,PS,True,False,False
241,590628,13,13-14,PS,True,False,False
241,590628,14,14-15,PS,True,False,False
241,590628,15,15-16,PS,True,False,False
241,590628,16,16-17,PS,True,False,False
242,590629,1,1-2,PS,True,False,False
242,590629,2,2-3,PS,True,False,False
242,590629,3,3-4,PS,True,False,False
242,590629,4,4-5,PS,True,False,False
242,590629,5,5-6,PS,True,False,False
242,590629,6,6-7,PS,True,False,False
242,590629,7,7-8,PS,True,False,False
242,590629,8,8-9,PS,True,False,False
242,590629,9,9-10,PS,True,False,False
242,590629,10,10-11,PS,True,False,False
242,590629,11,11-12,PS,True,False,False
242,590629,12,12-13,PS,True,False,False
242,590629,13,13-14,PS,True,False,False
242,590629,14,14-15,PS,True,False,False
242,590629,15,15-16,PS,True,False,False
242,590629,16,16-17,PS,True,False,False
243,590630,1,1-2,PS,True,False,False
243,590630,2,2-3,PS,True,False,False
243,590630,3,3-4,PS,True,False,False
243,590630,4,4-5,PS,True,False,False
243,590630,5,5-6,PS,True,False,False
243,590630,6,6-7,PS,True,False,False
243,590630,7,7-8,PS,True,False,False
243,590630,8,8-9,PS,True,False,False
243,590630,9,9-10,PS,True,False,False
243,590630,10,10-11,PS,True,False,False
243,590630,11,11-12,PS,True,False,False
243,590630,12,12-13,PS,True,False,False
243,590630,13,13-14,PS,True,False,False
243,590630,14,14-15,PS,True,False,False
243,590630,15,15-16,PS,True,False,False
243,590630,16,16-17,PS,True,False,False
244,590631,1,1-2,PS,True,False,False
244,590631,2,2-3,PS,True,False,False
244,590631,3,3-4,PS,True,False,False
244,590631,4,4-5,PS,True,False,False
244,590631,5,5-6,PS,True,False,False
244,590631,6,6-7,PS,True,False,False
244,590631,7,7-8,PS,True,False,False
244,590631,8,8-9,PS,True,False,False
244,590631,9,9-10,PS,True,False,False
244,590631,10,10-11,PS,True,False,False
244,590631,11,11-12,PS,True,False,False
244,590631,12,12-13,PS,True,False,False
244,590631,13,13-14,PS,True,False,False
244,590631,14,14-15,PS,True,False,False
244,590631,15,15-16,PS,True,False,False
244,590631,16,16-17,PS,True,False,False
245,590632,1,1-2,PS,True,False,False
245,590632,2,2-3,PS,True,False,False
245,590632,3,3-4,PS,True,False,False
245,590632,4,4-5,PS,True,False,False
245,590632,5,5-6,PS,True,False,False
245,590632,6,6-7,PS,True,False,False
245,590632,7,7-8,PS,True,False,False
245,590632,8,8-9,PS,True,False,False
245,590632,9,9-10,PS,True,False,False
245,590632,10,10-11,PS,True,False,False
245,590632,11,11-12,PS,True,False,False
245,590632,12,12-13,PS,True,False,False
245,590632,13,13-14,PS,True,False,False
245,590632,14,14-15,PS,True,False,False
245,590632,15,15-16,PS,True,False,False
245,590632,16,16-17,PS,True,False,False
246,590633,1,1-2,PS,True,False,False
246,590633,2,2-3,PS,True,False,False
246,590633,3,3-4,PS,True,False,False
246,590633,4,4-5,PS,True,False,False
246,590633,5,5-6,PS,True,False,False
246,590633,6,6-7,PS,True,False,False
246,590633,7,7-8,PS,True,False,False
246,590633,8,8-9,PS,True,False,False
246,590633,9,9-10,PS,True,False,False
246,590633,10,10-11,PS,True,False,False
246,590633,11,11-12,PS,True,False,False
246,590633,12,12-13,PS,True,False,False
246,590633,13,13-14,PS,True,False,False
246,590633,14,14-15,PS,True,False,False
246,590633,15,15-16,PS,True,False,False
246,590633,16,16-17,PS,True,False,False
247,590634,1,1-2,PS,True,False,False
247,590634,2,2-3,PS,True,False,False
247,590634,3,3-4,PS,True,False,False
247,590634,4,4-5,PS,True,False,False
247,590634,5,5-6,PS,True,False,False
247,590634,6,6-7,PS,True,False,False
247,590634,7,7-8,PS,True,False,False
247,590634,8,8-9,PS,True,False,False
247,590634,9,9-10,PS,True,False,False
247,590634,10,10-11,PS,True,False,False
247,590634,11,11-12,PS,True,False,False
247,590634,12,12-13,PS,True,False,False
247,590634,13,13-14,PS,True,False,False
247,590634,14,14-15,PS,True,False,False
247,590634,15,15-16,PS,True,False,False
247,590634,16,16-17,PS,True,False,False
248,590635,1,1-2,PS,True,False,False
248,590635,2,2-3,PS,True,False,False
248,590635,3,3-4,PS,True,False,False
248,590635,4,4-5,PS,True,False,False
248,590635,5,5-6,PS,True,False,False
248,590635,6,6-7,PS,True,False,False
248,590635,7,7-8,PS,True,False,False
248,590635,8,8-9,PS,True,False,False
248,590635,9,9-10,PS,True,False,False
248,590635,10,10-11,PS,True,False,False
248,590635,11,11-12,PS,True,False,False
248,590635,12,12-13,PS,True,False,False
248,590635,13,13-14,PS,True,False,False
248,590635,14,14-15,PS,True,False,False
248,590635,15,15-16,PS,True,False,False
248,590635,16,16-17,PS,True,False,False
249,590636,1,1-2,PS,True,False,False
249,590636,2,2-3,PS,True,False,False
249,590636,3,3-4,PS,True,False,False
249,590636,4,4-5,PS,True,False,False
249,590636,5,5-6,PS,True,False,False
249,590636,6,6-7,PS,True,False,False
249,590636,7,7-8,PS,True,False,False
249,590636,8,8-9,PS,True,False,False
249,590636,9,9-10,PS,True,False,False
249,590636,10,10-11,PS,True,False,False
249,590636,11,11-12,PS,True,False,False
249,590636,12,12-13,PS,True,False,False
249,590636,13,13-14,PS,True,False,False
249,590636,14,14-15,PS,True,False,False
249,590636,15,15-16,PS,True,False,False
249,590636,16,16-17,PS,True,False,False
250,590637,1,1-2,PS,True,False,False
250,590637,2,2-3,PS,True,False,False
250,590637,3,3-4,PS,True,False,False
250,590637,4,4-5,PS,True,False,False
250,590637,5,5-6,PS,True,False,False
250,590637,6,6-7,PS,True,False,False
250,590637,7,7-8,PS,True,False,False
250,590637,8,8-9,PS,True,False,False
250,590637,9,9-10,PS,True,False,False
250,590637,10,10-11,PS,True,False,False
250,590637,11,11-12,PS,True,False,False
250,590637,12,12-13,PS,True,False,False
250,590637,13,13-14,PS,True,False,False
250,590637,14,14-15,PS,True,False,False
250,590637,15,15-16,PS,True,False,False
250,590637,16,16-17,PS,True,False,False
251,590638,1,1-2,PS,True,False,False
251,590638,2,2-3,PS,True,False,False
251,590638,3,3-4,PS,True,False,False
251,590638,4,4-5,PS,True,False,False
251,590638,5,5-6,PS,True,False,False
251,590638,6,6-7,PS,True,False,False
251,590638,7,7-8,PS,True,False,False
251,590638,8,8-9,PS,True,False,False
251,590638,9,9-10,PS,True,False,False
251,590638,10,10-11,PS,True,False,False
251,590638,11,11-12,PS,True,False,False
251,590638,12,12-13,PS,True,False,False
251,590638,13,13-14,PS,True,False,False
251,590638,14,14-15,PS,True,False,False
251,590638,15,15-16,PS,True,False,False
251,590638,16,16-17,PS,True,False,False
252,590639,1,1-2,PS,True,False,False
252,590639,2,2-3,PS,True,False,False
252,590639,3,3-4,PS,True,False,False
252,590639,4,4-5,PS,True,False,False
252,590639,5,5-6,PS,True,False,False
252,590639,6,6-7,PS,True,False,False
252,590639,7,7-8,PS,True,False,False
252,590639,8,8-9,PS,True,False,False
252,590639,9,9-10,PS,True,False,False
252,590639,10,10-11,PS,True,False,False
252,590639,11,11-12,PS,True,False,False
252,590639,12,12-13,PS,True,False,False
252,590639,13,13-14,PS,True,False,False
252,590639,14,14-15,PS,True,False,False
252,590639,15,15-16,PS,True,False,False
252,590639,16,16-17,PS,True,False,False
253,590640,1,1-2,PS,True,False,False
253,590640,2,2-3,PS,True,False,False
253,590640,3,3-4,PS,True,False,False
253,590640,4,4-5,PS,True,False,False
253,590640,5,5-6,PS,True,False,False
253,590640,6,6-7,PS,True,False,False
253,590640,7,7-8,PS,True,False,False
253,590640,8,8-9,PS,True,False,False
253,590640,9,9-10,PS,True,False,False
253,590640,10,10-11,PS,True,False,False
253,590640,11,11-12,PS,True,False,False
253,590640,12,12-13,PS,True,False,False
253,590640,13,13-14,PS,True,False,False
253,590640,14,14-15,PS,True,False,False
253,590640,15,15-16,PS,True,False,False
253,590640,16,16-17,PS,True,False,False
254,590641,1,1-2,PS,True,False,False
254,590641,2,2-3,PS,True,False,False
254,590641,3,3-4,PS,True,False,False
254,590641,4,4-5,PS,True,False,False
254,590641,5,5-6,PS,True,False,False
254,590641,6,6-7,PS,True,False,False
254,590641,7,7-8,PS,True,False,False
254,590641,8,8-9,PS,True,False,False
254,590641,9,9-10,PS,True,False,False
254,590641,10,10-11,PS,True,False,False
254,590641,11,11-12,PS,True,False,False
254,590641,12,12-13,PS,True,False,False
254,590641,13,13-14,PS,True,False,False
254,590641,14,14-15,PS,True,False,False
254,590641,15,15-16,PS,True,False,False
254,590641,16,16-17,PS,True,False,False
255,590642,1,1-2,PS,True,False,False
255,590642,2,2-3,PS,True,False,False
255,590642,3,3-4,PS,True,False,False
255,590642,4,4-5,PS,True,False,False
255,590642,5,5-6,PS,True,False,False
255,590642,6,6-7,PS,True,False,False
255,590642,7,7-8,PS,True,False,False
255,590642,8,8-9,PS,True,False,False
255,590642,9,9-10,PS,True,False,False
255,590642,10,10-11,PS,True,False,False
255,590642,11,11-12,PS,True,False,False
255,590642,12,12-13,PS,True,False,False
255,590642,13,13-14,PS,True,False,False
255,590642,14,14-15,PS,True,False,False
255,590642,15,15-16,PS,True,False,False
255,590642,16,16-17,PS,True,False,False
256,590643,1,1-2,PS,True,False,False
256,590643,2,2-3,PS,True,False,False
256,590643,3,3-4,PS,True,False,False
256,590643,4,4-5,PS,True,False,False
256,590643,5,5-6,PS,True,False,False
256,590643,6,6-7,PS,True,False,False
256,590643,7,7-8,PS,True,False,False
256,590643,8,8-9,PS,True,False,False
256,590643,9,9-10,PS,True,False,False
256,590643,10,10-11,PS,True,False,False
256,590643,11,11-12,PS,True,False,False
256,590643,12,12-13,PS,True,False,False
256,590643,13,13-14,PS,True,False,False
256,590643,14,14-15,PS,True,False,False
256,590643,15,15-16,PS,True,False,False
256,590643,16,16-17,PS,True,False,False
257,590644,1,1-2,PS,True,False,False
257,590644,2,2-3,PS,True,False,False
257,590644,3,3-4,PS,True,False,False
257,590644,4,4-5,PS,True,False,False
257,590644,5,5-6,PS,True,False,False
257,590644,6,6-7,PS,True,False,False
257,590644,7,7-8,PS,True,False,False
257,590644,8,8-9,PS,True,False,False
257,590644,9,9-10,PS,True,False,False
257,590644,10,10-11,PS,True,False,False
257,590644,11,11-12,PS,True,False,False
257,590644,12,12-13,PS,True,False,False
257,590644,13,13-14,PS,True,False,False
257,590644,14,14-15,PS,True,False,False
257,590644,15,15-16,PS,True,False,False
257,590644,16,16-17,PS,True,False,False
258,590645,1,1-2,PS,True,False,False
258,590645,2,2-3,PS,True,False,False
258,590645,3,3-4,PS,True,False,False
258,590645,4,4-5,PS,True,False,False
258,590645,5,5-6,PS,True,False,False
258,590645,6,6-7,PS,True,False,False
258,590645,7,7-8,PS,True,False,False
258,590645,8,8-9,PS,True,False,False
258,590645,9,9-10,PS,True,False,False
258,590645,10,10-11,PS,True,False,False
258,590645,11,11-12,PS,True,False,False
258,590645,12,12-13,PS,True,False,False
258,590645,13,13-14,PS,True,False,False
258,590645,14,14-15,PS,True,False,False
258,590645,15,15-16,PS,True,False,False
258,590645,16,16-17,PS,True,False,False
259,590646,1,1-2,PS,True,False,False
259,590646,2,2-3,PS,True,False,False
259,590646,3,3-4,PS,True,False,False
259,590646,4,4-5,PS,True,False,False
259,590646,5,5-6,PS,True,False,False
259,590646,6,6-7,PS,True,False,False
259,590646,7,7-8,PS,True,False,False
259,590646,8,8-9,PS,True,False,False
259,590646,9,9-10,PS,True,False,False
259,590646,10,10-11,PS,True,False,False
259,590646,11,11-12,PS,True,False,False
259,590646,12,12-13,PS,True,False,False
259,590646,13,13-14,PS,True,False,False
259,590646,14,14-15,PS,True,False,False
259,590646,15,15-16,PS,True,False,False
259,590646,16,16-17,PS,True,False,False
260,590647,1,1-2,PS,True,False,False
260,590647,2,2-3,PS,True,False,False
260,590647,3,3-4,PS,True,False,False
260,590647,4,4-5,PS,True,False,False
260,590647,5,5-6,PS,True,False,False
260,590647,6,6-7,PS,True,False,False
260,590647,7,7-8,PS,True,False,False
260,590647,8,8-9,PS,True,False,False
260,590647,9,9-10,PS,True,False,False
260,590647,10,10-11,PS,True,False,False
260,590647,11,11-12,PS,True,False,False
260,590647,12,12-13,PS,True,False,False
260,590647,13,13-14,PS,True,False,False
260,590647,14,14-15,PS,True,False,False
260,590647,15,15-16,PS,True,False,False
260,590647,16,16-17,PS,True,False,False
261,590648,1,1-2,PS,True,False,False
261,590648,2,2-3,PS,True,False,False
261,590648,3,3-4,PS,True,False,False
261,590648,4,4-5,PS,True,False,False
261,590648,5,5-6,PS,True,False,False
261,590648,6,6-7,PS,True,False,False
261,590648,7,7-8,PS,True,False,False
261,590648,8,8-9,PS,True,False,False
261,590648,9,9-10,PS,True,False,False
261,590648,10,10-11,PS,True,False,False
261,590648,11,11-12,PS,True,False,False
261,590648,12,12-13,PS,True,False,False
261,590648,13,13-14,PS,True,False,False
261,590648,14,14-15,PS,True,False,False
261,590648,15,15-16,PS,True,False,False
261,590648,16,16-17,PS,True,False,False
262,590649,1,1-2,PS,True,False,False
262,590649,2,2-3,PS,True,False,False
262,590649,3,3-4,PS,True,False,False
262,590649,4,4-5,PS,True,False,False
262,590649,5,5-6,PS,True,False,False
262,590649,6,6-7,PS,True,False,False
262,590649,7,7-8,PS,True,False,False
262,590649,8,8-9,PS,True,False,False
262,590649,9,9-10,PS,True,False,False
262,590649,10,10-11,PS,True,False,False
262,590649,11,11-12,PS,True,False,False
262,590649,12,12-13,PS,True,False,False
262,590649,13,13-14,PS,True,False,False
262,590649,14,14-15,PS,True,False,False
262,590649,15,15-16,PS,True,False,False
262,590649,16,16-17,PS,True,False,False
263,590650,1,1-2,PS,True,False,False
263,590650,2,2-3,PS,True,False,False
263,590650,3,3-4,PS,True,False,False
263,590650,4,4-5,PS,True,False,False
263,590650,5,5-6,PS,True,False,False
263,590650,6,6-7,PS,True,False,False
263,590650,7,7-8,PS,True,False,False
263,590650,8,8-9,PS,True,False,False
263,590650,9,9-10,PS,True,False,False
263,590650,10,10-11,PS,True,False,False
263,590650,11,11-12,PS,True,False,False
263,590650,12,12-13,PS,True,False,False
263,590650,13,13-14,PS,True,False,False
263,590650,14,14-15,PS,True,False,False
263,590650,15,15-16,PS,True,False,False
263,590650,16,16-17,PS,True,False,False
264,590651,1,1-2,PS,True,False,False
264,590651,2,2-3,PS,True,False,False
264,590651,3,3-4,PS,True,False,False
264,590651,4,4-5,PS,True,False,False
264,590651,5,5-6,PS,True,False,False
264,590651,6,6-7,PS,True,False,False
264,590651,7,7-8,PS,True,False,False
264,590651,8,8-9,PS,True,False,False
264,590651,9,9-10,PS,True,False,False
264,590651,10,10-11,PS,True,False,False
264,590651,11,11-12,PS,True,False,False
264,590651,12,12-13,PS,True,False,False
264,590651,13,13-14,PS,True,False,False
264,590651,14,14-15,PS,True,False,False
264,590651,15,15-16,PS,True,False,False
264,590651,16,16-17,PS,True,False,False
265,590652,1,1-2,PS,True,False,False
265,590652,2,2-3,PS,True,False,False
265,590652,3,3-4,PS,True,False,False
265,590652,4,4-5,PS,True,False,False
265,590652,5,5-6,PS,True,False,False
265,590652,6,6-7,PS,True,False,False
265,590652,7,7-8,PS,True,False,False
265,590652,8,8-9,PS,True,False,False
265,590652,9,9-10,PS,True,False,False
265,590652,10,10-11,PS,True,False,False
265,590652,11,11-12,PS,True,False,False
265,590652,12,12-13,PS,True,False,False
265,590652,13,13-14,PS,True,False,False
265,590652,14,14-15,PS,True,False,False
265,590652,15,15-16,PS,True,False,False
265,590652,16,16-17,PS,True,False,False
266,590653,1,1-2,PS,True,False,False
266,590653,2,2-3,PS,True,False,False
266,590653,3,3-4,PS,True,False,False
266,590653,4,4-5,PS,True,False,False
266,590653,5,5-6,PS,True,False,False
266,590653,6,6-7,PS,True,False,False
266,590653,7,7-8,PS,True,False,False
266,590653,8,8-9,PS,True,False,False
266,590653,9,9-10,PS,True,False,False
266,590653,10,10-11,PS,True,False,False
266,590653,11,11-12,PS,True,False,False
266,590653,12,12-13,PS,True,False,False
266,590653,13,13-14,PS,True,False,False
266,590653,14,14-15,PS,True,False,False
266,590653,15,15-16,PS,True,False,False
266,590653,16,16-17,PS,True,False,False
267,590654,1,1-2,PS,True,False,False
267,590654,2,2-3,PS,True,False,False
267,590654,3,3-4,PS,True,False,False
267,590654,4,4-5,PS,True,False,False
267,590654,5,5-6,PS,True,False,False
267,590654,6,6-7,PS,True,False,False
267,590654,7,7-8,PS,True,False,False
267,590654,8,8-9,PS,True,False,False
267,590654,9,9-10,PS,True,False,False
267,590654,10,10-11,PS,True,False,False
267,590654,11,11-12,PS,True,False,False
267,590654,12,12-13,PS,True,False,False
267,590654,13,13-14,PS,True,False,False
267,590654,14,14-15,PS,True,False,False
267,590654,15,15-16,PS,True,False,False
267,590654,16,16-17,PS,True,False,False
268,590655,1,1-2,PS,True,False,False
268,590655,2,2-3,PS,True,False,False
268,590655,3,3-4,PS,True,False,False
268,590655,4,4-5,PS,True,False,False
268,590655,5,5-6,PS,True,False,False
268,590655,6,6-7,PS,True,False,False
268,590655,7,7-8,PS,True,False,False
268,590655,8,8-9,PS,True,False,False
268,590655,9,9-10,PS,True,False,False
268,590655,10,10-11,PS,True,False,False
268,590655,11,11-12,PS,True,False,False
268,590655,12,12-13,PS,True,False,False
268,590655,13,13-14,PS,True,False,False
268,590655,14,14-15,PS,True,False,False
268,590655,15,15-16,PS,True,False,False
268,590655,16,16-17,PS,True,False,False
269,590656,1,1-2,PS,True,False,False
269,590656,2,2-3,PS,True,False,False
269,590656,3,3-4,PS,True,False,False
269,590656,4,4-5,PS,True,False,False
269,590656,5,5-6,PS,True,False,False
269,590656,6,6-7,PS,True,False,False
269,590656,7,7-8,PS,True,False,False
269,590656,8,8-9,PS,True,False,False
269,590656,9,9-10,PS,True,False,False
269,590656,10,10-11,PS,True,False,False
269,590656,11,11-12,PS,True,False,False
269,590656,12,12-13,PS,True,False,False
269,590656,13,13-14,PS,True,False,False
269,590656,14,14-15,PS,True,False,False
269,590656,15,15-16,PS,True,False,False
269,590656,16,16-17,PS,True,False,False
270,590657,1,1-2,PS,True,False,False
270,590657,2,2-3,PS,True,False,False
270,590657,3,3-4,PS,True,False,False
270,590657,4,4-5,PS,True,False,False
270,590657,5,5-6,PS,True,False,False
270,590657,6,6-7,PS,True,False,False
270,590657,7,7-8,PS,True,False,False
270,590657,8,8-9,PS,True,False,False
270,590657,9,9-10,PS,True,False,False
270,590657,10,10-11,PS,True,False,False
270,590657,11,11-12,PS,True,False,False
270,590657,12,12-13,PS,True,False,False
270,590657,13,13-14,PS,True,False,False
270,590657,14,14-15,PS,True,False,False
270,590657,15,15-16,PS,True,False,False
270,590657,16,16-17,PS,True,False,False
271,590658,1,1-2,PS,True,False,False
271,590658,2,2-3,PS,True,False,False
271,590658,3,3-4,PS,True,False,False
271,590658,4,4-5,PS,True,False,False
271,590658,5,5-6,PS,True,False,False
271,590658,6,6-7,PS,True,False,False
271,590658,7,7-8,PS,True,False,False
271,590658,8,8-9,PS,True,False,False
271,590658,9,9-10,PS,True,False,False
271,590658,10,10-11,PS,True,False,False
271,590658,11,11-12,PS,True,False,False
271,590658,12,12-13,PS,True,False,False
271,590658,13,13-14,PS,True,False,False
271,590658,14,14-15,PS,True,False,False
271,590658,15,15-16,PS,True,False,False
271,590658,16,16-17,PS,True,False,False
272,590659,1,1-2,PS,True,False,False
272,590659,2,2-3,PS,True,False,False
272,590659,3,3-4,PS,True,False,False
272,590659,4,4-5,PS,True,False,False
272,590659,5,5-6,PS,True,False,False
272,590659,6,6-7,PS,True,False,False
272,590659,7,7-8,PS,True,False,False
272,590659,8,8-9,PS,True,False,False
272,590659,9,9-10,PS,True,False,False
272,590659,10,10-11,PS,True,False,False
272,590659,11,11-12,PS,True,False,False
272,590659,12,12-13,PS,True,False,False
272,590659,13,13-14,PS,True,False,False
272,590659,14,14-15,PS,True,False,False
272,590659,15,15-16,PS,True,False,False
272,590659,16,16-17,PS,True,False,False
273,590660,1,1-2,PS,True,False,False
273,590660,2,2-3,PS,True,False,False
273,590660,3,3-4,PS,True,False,False
273,590660,4,4-5,PS,True,False,False
273,590660,5,5-6,PS,True,False,False
273,590660,6,6-7,PS,True,False,False
273,590660,7,7-8,PS,True,False,False
273,590660,8,8-9,PS,True,False,False
273,590660,9,9-10,PS,True,False,False
273,590660,10,10-11,PS,True,False,False
273,590660,11,11-12,PS,True,False,False
273,590660,12,12-13,PS,True,False,False
273,590660,13,13-14,PS,True,False,False
273,590660,14,14-15,PS,True,False,False
273,590660,15,15-16,PS,True,False,False
273,590660,16,16-17,PS,True,False,False
274,590661,1,1-2,PS,True,False,False
274,590661,2,2-3,PS,True,False,False
274,590661,3,3-4,PS,True,False,False
274,590661,4,4-5,PS,True,False,False
274,590661,5,5-6,PS,True,False,False
274,590661,6,6-7,PS,True,False,False
274,590661,7,7-8,PS,True,False,False
274,590661,8,8-9,PS,True,False,False
274,590661,9,9-10,PS,True,False,False
274,590661,10,10-11,PS,True,False,False
274,590661,11,11-12,PS,True,False,False
274,590661,12,12-13,PS,True,False,False
274,590661,13,13-14,PS,True,False,False
274,590661,14,14-15,PS,True,False,False
274,590661,15,15-16,PS,True,False,False
274,590661,16,16-17,PS,True,False,False
275,590662,1,1-2,PS,True,False,False
275,590662,2,2-3,PS,True,False,False
275,590662,3,3-4,PS,True,False,False
275,590662,4,4-5,PS,True,False,False
275,590662,5,5-6,PS,True,False,False
275,590662,6,6-7,PS,True,False,False
275,590662,7,7-8,PS,True,False,False
275,590662,8,8-9,PS,True,False,False
275,590662,9,9-10,PS,True,False,False
275,590662,10,10-11,PS,True,False,False
275,590662,11,11-12,PS,True,False,False
275,590662,12,12-13,PS,True,False,False
275,590662,13,13-14,PS,True,False,False
275,590662,14,14-15,PS,True,False,False
275,590662,15,15-16,PS,True,False,False
275,590662,16,16-17,PS,True,False,False
276,590663,1,1-2,PS,True,False,False
276,590663,2,2-3,PS,True,False,False
276,590663,3,3-4,PS,True,False,False
276,590663,4,4-5,PS,True,False,False
276,590663,5,5-6,PS,True,False,False
276,590663,6,6-7,PS,True,False,False
276,590663,7,7-8,PS,True,False,False
276,590663,8,8-9,PS,True,False,False
276,590663,9,9-10,PS,True,False,False
276,590663,10,10-11,PS,True,False,False
276,590663,11,11-12,PS,True,False,False
276,590663,12,12-13,PS,True,False,False
276,590663,13,13-14,PS,True,False,False
276,590663,14,14-15,PS,True,False,False
276,590663,15,15-16,PS,True,False,False
276,590663,16,16-17,PS,True,False,False
277,590664,1,1-2,PS,True,False,False
277,590664,2,2-3,PS,True,False,False
277,590664,3,3-4,PS,True,False,False
277,590664,4,4-5,PS,True,False,False
277,590664,5,5-6,PS,True,False,False
277,590664,6,6-7,PS,True,False,False
277,590664,7,7-8,PS,True,False,False
277,590664,8,8-9,PS,True,False,False
277,590664,9,9-10,PS,True,False,False
277,590664,10,10-11,PS,True,False,False
277,590664,11,11-12,PS,True,False,False
277,590664,12,12-13,PS,True,False,False
277,590664,13,13-14,PS,True,False,False
277,590664,14,14-15,PS,True,False,False
277,590664,15,15-16,PS,True,False,False
277,590664,16,16-17,PS,True,False,False
278,590665,1,1-2,PS,True,False,False
278,590665,2,2-3,PS,True,False,False
278,590665,3,3-4,PS,True,False,False
278,590665,4,4-5,PS,True,False,False
278,590665,5,5-6,PS,True,False,False
278,590665,6,6-7,PS,True,False,False
278,590665,7,7-8,PS,True,False,False
278,590665,8,8-9,PS,True,False,False
278,590665,9,9-10,PS,True,False,False
278,590665,10,10-11,PS,True,False,False
278,590665,11,11-12,PS,True,False,False
278,590665,12,12-13,PS,True,False,False
278,590665,13,13-14,PS,True,False,False
278,590665,14,14-15,PS,True,False,False
278,590665,15,15-16,PS,True,False,False
278,590665,16,16-17,PS,True,False,False
279,590666,1,1-2,PS,True,False,False
279,590666,2,2-3,PS,True,False,False
279,590666,3,3-4,PS,True,False,False
279,590666,4,4-5,PS,True,False,False
279,590666,5,5-6,PS,True,False,False
279,590666,6,6-7,PS,True,False,False
279,590666,7,7-8,PS,True,False,False
279,590666,8,8-9,PS,True,False,False
279,590666,9,9-10,PS,True,False,False
279,590666,10,10-11,PS,True,False,False
279,590666,11,11-12,PS,True,False,False
279,590666,12,12-13,PS,True,False,False
279,590666,13,13-14,PS,True,False,False
279,590666,14,14-15,PS,True,False,False
279,590666,15,15-16,PS,True,False,False
279,590666,16,16-17,PS,True,False,False
280,590667,1,1-2,PS,True,False,False
280,590667,2,2-3,PS,True,False,False
280,590667,3,3-4,PS,True,False,False
280,590667,4,4-5,PS,True,False,False
280,590667,5,5-6,PS,True,False,False
280,590667,6,6-7,PS,True,False,False
280,590667,7,7-8,PS,True,False,False
280,590667,8,8-9,PS,True,False,False
280,590667,9,9-10,PS,True,False,False
280,590667,10,10-11,PS,True,False,False
280,590667,11,11-12,PS,True,False,False
280,590667,12,12-13,PS,True,False,False
280,590667,13,13-14,PS,True,False,False
280,590667,14,14-15,PS,True,False,False
280,590667,15,15-16,PS,True,False,False
280,590667,16,16-17,PS,True,False,False
281,590668,1,1-2,PS,True,False,False
281,590668,2,2-3,PS,True,False,False
281,590668,3,3-4,PS,True,False,False
281,590668,4,4-5,PS,True,False,False
281,590668,5,5-6,PS,True,False,False
281,590668,6,6-7,PS,True,False,False
281,590668,7,7-8,PS,True,False,False
281,590668,8,8-9,PS,True,False,False
281,590668,9,9-10,PS,True,False,False
281,590668,10,10-11,PS,True,False,False
281,590668,11,11-12,PS,True,False,False
281,590668,12,12-13,PS,True,False,False
281,590668,13,13-14,PS,True,False,False
281,590668,14,14-15,PS,True,False,False
281,590668,15,15-16,PS,True,False,False
281,590668,16,16-17,PS,True,False,False
282,590669,1,1-2,PS,True,False,False
282,590669,2,2-3,PS,True,False,False
282,590669,3,3-4,PS,True,False,False
282,590669,4,4-5,PS,True,False,False
282,590669,5,5-6,PS,True,False,False
282,590669,6,6-7,PS,True,False,False
282,590669,7,7-8,PS,True,False,False
282,590669,8,8-9,PS,True,False,False
282,590669,9,9-10,PS,True,False,False
282,590669,10,10-11,PS,True,False,False
282,590669,11,11-12,PS,True,False,False
282,590669,12,12-13,PS,True,False,False
282,590669,13,13-14,PS,True,False,False
282,590669,14,14-15,PS,True,False,False
282,590669,15,15-16,PS,True,False,False
282,590669,16,16-17,PS,True,False,False
283,590670,1,1-2,PS,True,False,False
283,590670,2,2-3,PS,True,False,False
283,590670,3,3-4,PS,True,False,False
283,590670,4,4-5,PS,True,False,False
283,590670,5,5-6,PS,True,False,False
283,590670,6,6-7,PS,True,False,False
283,590670,7,7-8,PS,True,False,False
283,590670,8,8-9,PS,True,False,False
283,590670,9,9-10,PS,True,False,False
283,590670,10,10-11,PS,True,False,False
283,590670,11,11-12,PS,True,False,False
283,590670,12,12-13,PS,True,False,False
283,590670,13,13-14,PS,True,False,False
283,590670,14,14-15,PS,True,False,False
283,590670,15,15-16,PS,True,False,False
283,590670,16,16-17,PS,True,False,False
284,590671,1,1-2,PS,True,False,False
284,590671,2,2-3,PS,True,False,False
284,590671,3,3-4,PS,True,False,False
284,590671,4,4-5,PS,True,False,False
284,590671,5,5-6,PS,True,False,False
284,590671,6,6-7,PS,True,False,False
284,590671,7,7-8,PS,True,False,False
284,590671,8,8-9,PS,True,False,False
284,590671,9,9-10,PS,True,False,False
284,590671,10,10-11,PS,True,False,False
284,590671,11,11-12,PS,True,False,False
284,590671,12,12-13,PS,True,False,False
284,590671,13,13-14,PS,True,False,False
284,590671,14,14-15,PS,True,False,False
284,590671,15,15-16,PS,True,False,False
284,590671,16,16-17,PS,True,False,False
285,590672,1,1-2,PS,True,False,False
285,590672,2,2-3,PS,True,False,False
285,590672,3,3-4,PS,True,False,False
285,590672,4,4-5,PS,True,False,False
285,590672,5,5-6,PS,True,False,False
285,590672,6,6-7,PS,True,False,False
285,590672,7,7-8,PS,True,False,False
285,590672,8,8-9,PS,True,False,False
285,590672,9,9-10,PS,True,False,False
285,590672,10,10-11,PS,True,False,False
285,590672,11,11-12,PS,True,False,False
285,590672,12,12-13,PS,True,False,False
285,590672,13,13-14,PS,True,False,False
285,590672,14,14-15,PS,True,False,False
285,590672,15,15-16,PS,True,False,False
285,590672,16,16-17,PS,True,False,False
286,590673,1,1-2,PS,True,False,False
286,590673,2,2-3,PS,True,False,False
286,590673,3,3-4,PS,True,False,False
286,590673,4,4-5,PS,True,False,False
286,590673,5,5-6,PS,True,False,False
286,590673,6,6-7,PS,True,False,False
286,590673,7,7-8,PS,True,False,False
286,590673,8,8-9,PS,True,False,False
286,590673,9,9-10,PS,True,False,False
286,590673,10,10-11,PS,True,False,False
286,590673,11,11-12,PS,True,False,False
286,590673,12,12-13,PS,True,False,False
286,590673,13,13-14,PS,True,False,False
286,590673,14,14-15,PS,True,False,False
286,590673,15,15-16,PS,True,False,False
286,590673,16,16-17,PS,True,False,False
287,590674,1,1-2,PS,True,False,False
287,590674,2,2-3,PS,True,False,False
287,590674,3,3-4,PS,True,False,False
287,590674,4,4-5,PS,True,False,False
287,590674,5,5-6,PS,True,False,False
287,590674,6,6-7,PS,True,False,False
287,590674,7,7-8,PS,True,False,False
287,590674,8,8-9,PS,True,False,False
287,590674,9,9-10,PS,True,False,False
287,590674,10,10-11,PS,True,False,False
287,590674,11,11-12,PS,True,False,False
287,590674,12,12-13,PS,True,False,False
287,590674,13,13-14,PS,True,False,False
287,590674,14,14-15,PS,True,False,False
287,590674,15,15-16,PS,True,False,False
287,590674,16,16-17,PS,True,False,False
288,590675,1,1-2,PS,True,False,False
288,590675,2,2-3,PS,True,False,False
288,590675,3,3-4,PS,True,False,False
288,590675,4,4-5,PS,True,False,False
288,590675,5,5-6,PS,True,False,False
288,590675,6,6-7,PS,True,False,False
288,590675,7,7-8,PS,True,False,False
288,590675,8,8-9,PS,True,False,False
288,590675,9,9-10,PS,True,False,False
288,590675,10,10-11,PS,True,False,False
288,590675,11,11-12,PS,True,False,False
288,590675,12,12-13,PS,True,False,False
288,590675,13,13-14,PS,True,False,False
288,590675,14,14-15,PS,True,False,False
288,590675,15,15-16,PS,True,False,False
288,590675,16,16-17,PS,True,False,False
289,590676,1,1-2,PS,True,False,False
289,590676,2,2-3,PS,True,False,False
289,590676,3,3-4,PS,True,False,False
289,590676,4,4-5,PS,True,False,False
289,590676,5,5-6,PS,True,False,False
289,590676,6,6-7,PS,True,False,False
289,590676,7,7-8,PS,True,False,False
289,590676,8,8-9,PS,True,False,False
289,590676,9,9-10,PS,True,False,False
289,590676,10,10-11,PS,True,False,False
289,590676,11,11-12,PS,True,False,False
289,590676,12,12-13,PS,True,False,False
289,590676,13,13-14,PS,True,False,False
289,590676,14,14-15,PS,True,False,False
289,590676,15,15-16,PS,True,False,False
289,590676,16,16-17,PS,True,False,False
290,590677,1,1-2,PS,True,False,False
290,590677,2,2-3,PS,True,False,False
290,590677,3,3-4,PS,True,False,False
290,590677,4,4-5,PS,True,False,False
290,590677,5,5-6,PS,True,False,False
290,590677,6,6-7,PS,True,False,False
290,590677,7,7-8,PS,True,False,False
290,590677,8,8-9,PS,True,False,False
290,590677,9,9-10,PS,True,False,False
290,590677,10,10-11,PS,True,False,False
290,590677,11,11-12,PS,True,False,False
290,590677,12,12-13,PS,True,False,False
290,590677,13,13-14,PS,True,False,False
290,590677,14,14-15,PS,True,False,False
290,590677,15,15-16,PS,True,False,False
290,590677,16,16-17,PS,True,False,False
291,590678,1,1-2,PS,True,False,False
291,590678,2,2-3,PS,True,False,False
291,590678,3,3-4,PS,True,False,False
291,590678,4,4-5,PS,True,False,False
291,590678,5,5-6,PS,True,False,False
291,590678,6,6-7,PS,True,False,False
291,590678,7,7-8,PS,True,False,False
291,590678,8,8-9,PS,True,False,False
291,590678,9,9-10,PS,True,False,False
291,590678,10,10-11,PS,True,False,False
291,590678,11,11-12,PS,True,False,False
291,590678,12,12-13,PS,True,False,False
291,590678,13,13-14,PS,True,False,False
291,590678,14,14-15,PS,True,False,False
291,590678,15,15-16,PS,True,False,False
291,590678,16,16-17,PS,True,False,False
292,590679,1,1-2,PS,True,False,False
292,590679,2,2-3,PS,True,False,False
292,590679,3,3-4,PS,True,False,False
292,590679,4,4-5,PS,True,False,False
292,590679,5,5-6,PS,True,False,False
292,590679,6,6-7,PS,True,False,False
292,590679,7,7-8,PS,True,False,False
292,590679,8,8-9,PS,True,False,False
292,590679,9,9-10,PS,True,False,False
292,590679,10,10-11,PS,True,False,False
292,590679,11,11-12,PS,True,False,False
292,590679,12,12-13,PS,True,False,False
292,590679,13,13-14,PS,True,False,False
292,590679,14,14-15,PS,True,False,False
292,590679,15,15-16,PS,True,False,False
292,590679,16,16-17,PS,True,False,False
293,590680,1,1-2,PS,True,False,False
293,590680,2,2-3,PS,True,False,False
293,590680,3,3-4,PS,True,False,False
293,590680,4,4-5,PS,True,False,False
293,590680,5,5-6,PS,True,False,False
293,590680,6,6-7,PS,True,False,False
293,590680,7,7-8,PS,True,False,False
293,590680,8,8-9,PS,True,False,False
293,590680,9,9-10,PS,True,False,False
293,590680,10,10-11,PS,True,False,False
293,590680,11,11-12,PS,True,False,False
293,590680,12,12-13,PS,True,False,False
293,590680,13,13-14,PS,True,False,False
293,590680,14,14-15,PS,True,False,False
293,590680,15,15-16,PS,True,False,False
293,590680,16,16-17,PS,True,False,False
294,590681,1,1-2,PS,True,False,False
294,590681,2,2-3,PS,True,False,False
294,590681,3,3-4,PS,True,False,False
294,590681,4,4-5,PS,True,False,False
294,590681,5,5-6,PS,True,False,False
294,590681,6,6-7,PS,True,False,False
294,590681,7,7-8,PS,True,False,False
294,590681,8,8-9,PS,True,False,False
294,590681,9,9-10,PS,True,False,False
294,590681,10,10-11,PS,True,False,False
294,590681,11,11-12,PS,True,False,False
294,590681,12,12-13,PS,True,False,False
294,590681,13,13-14,PS,True,False,False
294,590681,14,14-15,PS,True,False,False
294,590681,15,15-16,PS,True,False,False
294,590681,16,16-17,PS,True,False,False
295,590682,1,1-2,PS,True,False,False
295,590682,2,2-3,PS,True,False,False
295,590682,3,3-4,PS,True,False,False
295,590682,4,4-5,PS,True,False,False
295,590682,5,5-6,PS,True,False,False
295,590682,6,6-7,PS,True,False,False
295,590682,7,7-8,PS,True,False,False
295,590682,8,8-9,PS,True,False,False
295,590682,9,9-10,PS,True,False,False
295,590682,10,10-11,PS,True,False,False
295,590682,11,11-12,PS,True,False,False
295,590682,12,12-13,PS,True,False,False
295,590682,13,13-14,PS,True,False,False
295,590682,14,14-15,PS,True,False,False
295,590682,15,15-16,PS,True,False,False
295,590682,16,16-17,PS,True,False,False
296,590683,1,1-2,PS,True,False,False
296,590683,2,2-3,PS,True,False,False
296,590683,3,3-4,PS,True,False,False
296,590683,4,4-5,PS,True,False,False
296,590683,5,5-6,PS,True,False,False
296,590683,6,6-7,PS,True,False,False
296,590683,7,7-8,PS,True,False,False
296,590683,8,8-9,PS,True,False,False
296,590683,9,9-10,PS,True,False,False
296,590683,10,10-11,PS,True,False,False
296,590683,11,11-12,PS,True,False,False
296,590683,12,12-13,PS,True,False,False
296,590683,13,13-14,PS,True,False,False
296,590683,14,14-15,PS,True,False,False
296,590683,15,15-16,PS,True,False,False
296,590683,16,16-17,PS,True,False,False
297,590684,1,1-2,PS,True,False,False
297,590684,2,2-3,PS,True,False,False
297,590684,3,3-4,PS,True,False,False
297,590684,4,4-5,PS,True,False,False
297,590684,5,5-6,PS,True,False,False
297,590684,6,6-7,PS,True,False,False
297,590684,7,7-8,PS,True,False,False
297,590684,8,8-9,PS,True,False,False
297,590684,9,9-10,PS,True,False,False
297,590684,10,10-11,PS,True,False,False
297,590684,11,11-12,PS,True,False,False
297,590684,12,12-13,PS,True,False,False
297,590684,13,13-14,PS,True,False,False
297,590684,14,14-15,PS,True,False,False
297,590684,15,15-16,PS,True,False,False
297,590684,16,16-17,PS,True,False,False
298,590685,1,1-2,PS,True,False,False
298,590685,2,2-3,PS,True,False,False
298,590685,3,3-4,PS,True,False,False
298,590685,4,4-5,PS,True,False,False
298,590685,5,5-6,PS,True,False,False
298,590685,6,6-7,PS,True,False,False
298,590685,7,7-8,PS,True,False,False
298,590685,8,8-9,PS,True,False,False
298,590685,9,9-10,PS,True,False,False
298,590685,10,10-11,PS,True,False,False
298,590685,11,11-12,PS,True,False,False
298,590685,12,12-13,PS,True,False,False
298,590685,13,13-14,PS,True,False,False
298,590685,14,14-15,PS,True,False,False
298,590685,15,15-16,PS,True,False,False
298,590685,16,16-17,PS,True,False,False
299,590686,1,1-2,PS,True,False,False
299,590686,2,2-3,PS,True,False,False
299,590686,3,3-4,PS,True,False,False
299,590686,4,4-5,PS,True,False,False
299,590686,5,5-6,PS,True,False,False
299,590686,6,6-7,PS,True,False,False
299,590686,7,7-8,PS,True,False,False
299,590686,8,8-9,PS,True,False,False
299,590686,9,9-10,PS,True,False,False
299,590686,10,10-11,PS,True,False,False
299,590686,11,11-12,PS,True,False,False
299,590686,12,12-13,PS,True,False,False
299,590686,13,13-14,PS,True,False,False
299,590686,14,14-15,PS,True,False,False
299,590686,15,15-16,PS,True,False,False
299,590686,16,16-17,PS,True,False,False
300,590687,1,1-2,PS,True,False,False
300,590687,2,2-3,PS,True,False,False
300,590687,3,3-4,PS,True,False,False
300,590687,4,4-5,PS,True,False,False
300,590687,5,5-6,PS,True,False,False
300,590687,6,6-7,PS,True,False,False
300,590687,7,7-8,PS,True,False,False
300,590687,8,8-9,PS,True,False,False
300,590687,9,9-10,PS,True,False,False
300,590687,10,10-11,PS,True,False,False
300,590687,11,11-12,PS,True,False,False
300,590687,12,12-13,PS,True,False,False
300,590687,13,13-14,PS,True,False,False
300,590687,14,14-15,PS,True,False,False
300,590687,15,15-16,PS,True,False,False
300,590687,16,16-17,PS,True,False,False
301,590688,1,1-2,PS,True,False,False
301,590688,2,2-3,PS,True,False,False
301,590688,3,3-4,PS,True,False,False
301,590688,4,4-5,PS,True,False,False
301,590688,5,5-6,PS,True,False,False
301,590688,6,6-7,PS,True,False,False
301,590688,7,7-8,PS,True,False,False
301,590688,8,8-9,PS,True,False,False
301,590688,9,9-10,PS,True,False,False
301,590688,10,10-11,PS,True,False,False
301,590688,11,11-12,PS,True,False,False
301,590688,12,12-13,PS,True,False,False
301,590688,13,13-14,PS,True,False,False
301,590688,14,14-15,PS,True,False,False
301,590688,15,15-16,PS,True,False,False
301,590688,16,16-17,PS,True,False,False
302,590689,1,1-2,PS,True,False,False
302,590689,2,2-3,PS,True,False,False
302,590689,3,3-4,PS,True,False,False
302,590689,4,4-5,PS,True,False,False
302,590689,5,5-6,PS,True,False,False
302,590689,6,6-7,PS,True,False,False
302,590689,7,7-8,PS,True,False,False
302,590689,8,8-9,PS,True,False,False
302,590689,9,9-10,PS,True,False,False
302,590689,10,10-11,PS,True,False,False
302,590689,11,11-12,PS,True,False,False
302,590689,12,12-13,PS,True,False,False
302,590689,13,13-14,PS,True,False,False
302,590689,14,14-15,PS,True,False,False
302,590689,15,15-16,PS,True,False,False
302,590689,16,16-17,PS,True,False,False
303,590690,1,1-2,PS,True,False,False
303,590690,2,2-3,PS,True,False,False
303,590690,3,3-4,PS,True,False,False
303,590690,4,4-5,PS,True,False,False
303,590690,5,5-6,PS,True,False,False
303,590690,6,6-7,PS,True,False,False
303,590690,7,7-8,PS,True,False,False
303,590690,8,8-9,PS,True,False,False
303,590690,9,9-10,PS,True,False,False
303,590690,10,10-11,PS,True,False,False
303,590690,11,11-12,PS,True,False,False
303,590690,12,12-13,PS,True,False,False
303,590690,13,13-14,PS,True,False,False
303,590690,14,14-15,PS,True,False,False
303,590690,15,15-16,PS,True,False,False
303,590690,16,16-17,PS,True,False,False
304,590691,1,1-2,PS,True,False,False
304,590691,2,2-3,PS,True,False,False
304,590691,3,3-4,PS,True,False,False
304,590691,4,4-5,PS,True,False,False
304,590691,5,5-6,PS,True,False,False
304,590691,6,6-7,PS,True,False,False
304,590691,7,7-8,PS,True,False,False
304,590691,8,8-9,PS,True,False,False
304,590691,9,9-10,PS,True,False,False
304,590691,10,10-11,PS,True,False,False
304,590691,11,11-12,PS,True,False,False
304,590691,12,12-13,PS,True,False,False
304,590691,13,13-14,PS,True,False,False
304,590691,14,14-15,PS,True,False,False
304,590691,15,15-16,PS,True,False,False
304,590691,16,16-17,PS,True,False,False
305,590692,1,1-2,PS,True,False,False
305,590692,2,2-3,PS,True,False,False
305,590692,3,3-4,PS,True,False,False
305,590692,4,4-5,PS,True,False,False
305,590692,5,5-6,PS,True,False,False
305,590692,6,6-7,PS,True,False,False
305,590692,7,7-8,PS,True,False,False
305,590692,8,8-9,PS,True,False,False
305,590692,9,9-10,PS,True,False,False
305,590692,10,10-11,PS,True,False,False
305,590692,11,11-12,PS,True,False,False
305,590692,12,12-13,PS,True,False,False
305,590692,13,13-14,PS,True,False,False
305,590692,14,14-15,PS,True,False,False
305,590692,15,15-16,PS,True,False,False
305,590692,16,16-17,PS,True,False,False
306,590693,1,1-2,PS,True,False,False
306,590693,2,2-3,PS,True,False,False
306,590693,3,3-4,PS,True,False,False
306,590693,4,4-5,PS,True,False,False
306,590693,5,5-6,PS,True,False,False
306,590693,6,6-7,PS,True,False,False
306,590693,7,7-8,PS,True,False,False
306,590693,8,8-9,PS,True,False,False
306,590693,9,9-10,PS,True,False,False
306,590693,10,10-11,PS,True,False,False
306,590693,11,11-12,PS,True,False,False
306,590693,12,12-13,PS,True,False,False
306,590693,13,13-14,PS,True,False,False
306,590693,14,14-15,PS,True,False,False
306,590693,15,15-16,PS,True,False,False
306,590693,16,16-17,PS,True,False,False
307,590694,1,1-2,PS,True,False,False
307,590694,2,2-3,PS,True,False,False
307,590694,3,3-4,PS,True,False,False
307,590694,4,4-5,PS,True,False,False
307,590694,5,5-6,PS,True,False,False
307,590694,6,6-7,PS,True,False,False
307,590694,7,7-8,PS,True,False,False
307,590694,8,8-9,PS,True,False,False
307,590694,9,9-10,PS,True,False,False
307,590694,10,10-11,PS,True,False,False
307,590694,11,11-12,PS,True,False,False
307,590694,12,12-13,PS,True,False,False
307,590694,13,13-14,PS,True,False,False
307,590694,14,14-15,PS,True,False,False
307,590694,15,15-16,PS,True,False,False
307,590694,16,16-17,PS,True,False,False
308,590695,1,1-2,PS,True,False,False
308,590695,2,2-3,PS,True,False,False
308,590695,3,3-4,PS,True,False,False
308,590695,4,4-5,PS,True,False,False
308,590695,5,5-6,PS,True,False,False
308,590695,6,6-7,PS,True,False,False
308,590695,7,7-8,PS,True,False,False
308,590695,8,8-9,PS,True,False,False
308,590695,9,9-10,PS,True,False,False
308,590695,10,10-11,PS,True,False,False
308,590695,11,11-12,PS,True,False,False
308,590695,12,12-13,PS,True,False,False
308,590695,13,13-14,PS,True,False,False
308,590695,14,14-15,PS,True,False,False
308,590695,15,15-16,PS,True,False,False
308,590695,16,16-17,PS,True,False,False
309,590696,1,1-2,PS,True,False,False
309,590696,2,2-3,PS,True,False,False
309,590696,3,3-4,PS,True,False,False
309,590696,4,4-5,PS,True,False,False
309,590696,5,5-6,PS,True,False,False
309,590696,6,6-7,PS,True,False,False
309,590696,7,7-8,PS,True,False,False
309,590696,8,8-9,PS,True,False,False
309,590696,9,9-10,PS,True,False,False
309,590696,10,10-11,PS,True,False,False
309,590696,11,11-12,PS,True,False,False
309,590696,12,12-13,PS,True,False,False
309,590696,13,13-14,PS,True,False,False
309,590696,14,14-15,PS,True,False,False
309,590696,15,15-16,PS,True,False,False
309,590696,16,16-17,PS,True,False,False
310,590697,1,1-2,PS,True,False,False
310,590697,2,2-3,PS,True,False,False
310,590697,3,3-4,PS,True,False,False
310,590697,4,4-5,PS,True,False,False
310,590697,5,5-6,PS,True,False,False
310,590697,6,6-7,PS,True,False,False
310,590697,7,7-8,PS,True,False,False
310,590697,8,8-9,PS,True,False,False
310,590697,9,9-10,PS,True,False,False
310,590697,10,10-11,PS,True,False,False
310,590697,11,11-12,PS,True,False,False
310,590697,12,12-13,PS,True,False,False
310,590697,13,13-14,PS,True,False,False
310,590697,14,14-15,PS,True,False,False
310,590697,15,15-16,PS,True,False,False
310,590697,16,16-17,PS,True,False,False
311,590698,1,1-2,PS,True,False,False
311,590698,2,2-3,PS,True,False,False
311,590698,3,3-4,PS,True,False,False
311,590698,4,4-5,PS,True,False,False
311,590698,5,5-6,PS,True,False,False
311,590698,6,6-7,PS,True,False,False
311,590698,7,7-8,PS,True,False,False
311,590698,8,8-9,PS,True,False,False
311,590698,9,9-10,PS,True,False,False
311,590698,10,10-11,PS,True,False,False
311,590698,11,11-12,PS,True,False,False
311,590698,12,12-13,PS,True,False,False
311,590698,13,13-14,PS,True,False,False
311,590698,14,14-15,PS,True,False,False
311,590698,15,15-16,PS,True,False,False
311,590698,16,16-17,PS,True,False,False
312,590699,1,1-2,PS,True,False,False
312,590699,2,2-3,PS,True,False,False
312,590699,3,3-4,PS,True,False,False
312,590699,4,4-5,PS,True,False,False
312,590699,5,5-6,PS,True,False,False
312,590699,6,6-7,PS,True,False,False
312,590699,7,7-8,PS,True,False,False
312,590699,8,8-9,PS,True,False,False
312,590699,9,9-10,PS,True,False,False
312,590699,10,10-11,PS,True,False,False
312,590699,11,11-12,PS,True,False,False
312,590699,12,12-13,PS,True,False,False
312,590699,13,13-14,PS,True,False,False
312,590699,14,14-15,PS,True,False,False
312,590699,15,15-16,PS,True,False,False
312,590699,16,16-17,PS,True,False,False
313,590700,1,1-2,PS,True,False,False
313,590700,2,2-3,PS,True,False,False
313,590700,3,3-4,PS,True,False,False
313,590700,4,4-5,PS,True,False,False
313,590700,5,5-6,PS,True,False,False
313,590700,6,6-7,PS,True,False,False
313,590700,7,7-8,PS,True,False,False
313,590700,8,8-9,PS,True,False,False
313,590700,9,9-10,PS,True,False,False
313,590700,10,10-11,PS,True,False,False
313,590700,11,11-12,PS,True,False,False
313,590700,12,12-13,PS,True,False,False
313,590700,13,13-14,PS,True,False,False
313,590700,14,14-15,PS,True,False,False
313,590700,15,15-16,PS,True,False,False
313,590700,16,16-17,PS,True,False,False
314,590701,1,1-2,PS,True,False,False
314,590701,2,2-3,PS,True,False,False
314,590701,3,3-4,PS,True,False,False
314,590701,4,4-5,PS,True,False,False
314,590701,5,5-6,PS,True,False,False
314,590701,6,6-7,PS,True,False,False
314,590701,7,7-8,PS,True,False,False
314,590701,8,8-9,PS,True,False,False
314,590701,9,9-10,PS,True,False,False
314,590701,10,10-11,PS,True,False,False
314,590701,11,11-12,PS,True,False,False
314,590701,12,12-13,PS,True,False,False
314,590701,13,13-14,PS,True,False,False
314,590701,14,14-15,PS,True,False,False
314,590701,15,15-16,PS,True,False,False
314,590701,16,16-17,PS,True,False,False
315,590702,1,1-2,PS,True,False,False
315,590702,2,2-3,PS,True,False,False
315,590702,3,3-4,PS,True,False,False
315,590702,4,4-5,PS,True,False,False
315,590702,5,5-6,PS,True,False,False
315,590702,6,6-7,PS,True,False,False
315,590702,7,7-8,PS,True,False,False
315,590702,8,8-9,PS,True,False,False
315,590702,9,9-10,PS,True,False,False
315,590702,10,10-11,PS,True,False,False
315,590702,11,11-12,PS,True,False,False
315,590702,12,12-13,PS,True,False,False
315,590702,13,13-14,PS,True,False,False
315,590702,14,14-15,PS,True,False,False
315,590702,15,15-16,PS,True,False,False
315,590702,16,16-17,PS,True,False,False
316,590703,1,1-2,PS,True,False,False
316,590703,2,2-3,PS,True,False,False
316,590703,3,3-4,PS,True,False,False
316,590703,4,4-5,PS,True,False,False
316,590703,5,5-6,PS,True,False,False
316,590703,6,6-7,PS,True,False,False
316,590703,7,7-8,PS,True,False,False
316,590703,8,8-9,PS,True,False,False
316,590703,9,9-10,PS,True,False,False
316,590703,10,10-11,PS,True,False,False
316,590703,11,11-12,PS,True,False,False
316,590703,12,12-13,PS,True,False,False
316,590703,13,13-14,PS,True,False,False
316,590703,14,14-15,PS,True,False,False
316,590703,15,15-16,PS,True,False,False
316,590703,16,16-17,PS,True,False,False
317,590704,1,1-2,PS,True,False,False
317,590704,2,2-3,PS,True,False,False
317,590704,3,3-4,PS,True,False,False
317,590704,4,4-5,PS,True,False,False
317,590704,5,5-6,PS,True,False,False
317,590704,6,6-7,PS,True,False,False
317,590704,7,7-8,PS,True,False,False
317,590704,8,8-9,PS,True,False,False
317,590704,9,9-10,PS,True,False,False
317,590704,10,10-11,PS,True,False,False
317,590704,11,11-12,PS,True,False,False
317,590704,12,12-13,PS,True,False,False
317,590704,13,13-14,PS,True,False,False
317,590704,14,14-15,PS,True,False,False
317,590704,15,15-16,PS,True,False,False
317,590704,16,16-17,PS,True,False,False
318,590705,1,1-2,PS,True,False,False
318,590705,2,2-3,PS,True,False,False
318,590705,3,3-4,PS,True,False,False
318,590705,4,4-5,PS,True,False,False
318,590705,5,5-6,PS,True,False,False
318,590705,6,6-7,PS,True,False,False
318,590705,7,7-8,PS,True,False,False
318,590705,8,8-9,PS,True,False,False
318,590705,9,9-10,PS,True,False,False
318,590705,10,10-11,PS,True,False,False
318,590705,11,11-12,PS,True,False,False
318,590705,12,12-13,PS,True,False,False
318,590705,13,13-14,PS,True,False,False
318,590705,14,14-15,PS,True,False,False
318,590705,15,15-16,PS,True,False,False
318,590705,16,16-17,PS,True,False,False
319,590706,1,1-2,PS,True,False,False
319,590706,2,2-3,PS,True,False,False
319,590706,3,3-4,PS,True,False,False
319,590706,4,4-5,PS,True,False,False
319,590706,5,5-6,PS,True,False,False
319,590706,6,6-7,PS,True,False,False
319,590706,7,7-8,PS,True,False,False
319,590706,8,8-9,PS,True,False,False
319,590706,9,9-10,PS,True,False,False
319,590706,10,10-11,PS,True,False,False
319,590706,11,11-12,PS,True,False,False
319,590706,12,12-13,PS,True,False,False
319,590706,13,13-14,PS,True,False,False
319,590706,14,14-15,PS,True,False,False
319,590706,15,15-16,PS,True,False,False
319,590706,16,16-17,PS,True,False,False
320,590707,1,1-2,PS,True,False,False
320,590707,2,2-3,PS,True,False,False
320,590707,3,3-4,PS,True,False,False
320,590707,4,4-5,PS,True,False,False
320,590707,5,5-6,PS,True,False,False
320,590707,6,6-7,PS,True,False,False
320,590707,7,7-8,PS,True,False,False
320,590707,8,8-9,PS,True,False,False
320,590707,9,9-10,PS,True,False,False
320,590707,10,10-11,PS,True,False,False
320,590707,11,11-12,PS,True,False,False
320,590707,12,12-13,PS,True,False,False
320,590707,13,13-14,PS,True,False,False
320,590707,14,14-15,PS,True,False,False
320,590707,15,15-16,PS,True,False,False
320,590707,16,16-17,PS,True,False,False
321,590708,1,1-2,PS,True,False,False
321,590708,2,2-3,PS,True,False,False
321,590708,3,3-4,PS,True,False,False
321,590708,4,4-5,PS,True,False,False
321,590708,5,5-6,PS,True,False,False
321,590708,6,6-7,PS,True,False,False
321,590708,7,7-8,PS,True,False,False
321,590708,8,8-9,PS,True,False,False
321,590708,9,9-10,PS,True,False,False
321,590708,10,10-11,PS,True,False,False
321,590708,11,11-12,PS,True,False,False
321,590708,12,12-13,PS,True,False,False
321,590708,13,13-14,PS,True,False,False
321,590708,14,14-15,PS,True,False,False
321,590708,15,15-16,PS,True,False,False
321,590708,16,16-17,PS,True,False,False
322,590709,1,1-2,PS,True,False,False
322,590709,2,2-3,PS,True,False,False
322,590709,3,3-4,PS,True,False,False
322,590709,4,4-5,PS,True,False,False
322,590709,5,5-6,PS,True,False,False
322,590709,6,6-7,PS,True,False,False
322,590709,7,7-8,PS,True,False,False
322,590709,8,8-9,PS,True,False,False
322,590709,9,9-10,PS,True,False,False
322,590709,10,10-11,PS,True,False,False
322,590709,11,11-12,PS,True,False,False
322,590709,12,12-13,PS,True,False,False
322,590709,13,13-14,PS,True,False,False
322,590709,14,14-15,PS,True,False,False
322,590709,15,15-16,PS,True,False,False
322,590709,16,16-17,PS,True,False,False
323,590710,1,1-2,PS,True,False,False
323,590710,2,2-3,PS,True,False,False
323,590710,3,3-4,PS,True,False,False
323,590710,4,4-5,PS,True,False,False
323,590710,5,5-6,PS,True,False,False
323,590710,6,6-7,PS,True,False,False
323,590710,7,7-8,PS,True,False,False
323,590710,8,8-9,PS,True,False,False
323,590710,9,9-10,PS,True,False,False
323,590710,10,10-11,PS,True,False,False
323,590710,11,11-12,PS,True,False,False
323,590710,12,12-13,PS,True,False,False
323,590710,13,13-14,PS,True,False,False
323,590710,14,14-15,PS,True,False,False
323,590710,15,15-16,PS,True,False,False
323,590710,16,16-17,PS,True,False,False
324,590711,1,1-2,PS,True,False,False
324,590711,2,2-3,PS,True,False,False
324,590711,3,3-4,PS,True,False,False
324,590711,4,4-5,PS,True,False,False
324,590711,5,5-6,PS,True,False,False
324,590711,6,6-7,PS,True,False,False
324,590711,7,7-8,PS,True,False,False
324,590711,8,8-9,PS,True,False,False
324,590711,9,9-10,PS,True,False,False
324,590711,10,10-11,PS,True,False,False
324,590711,11,11-12,PS,True,False,False
324,590711,12,12-13,PS,True,False,False
324,590711,13,13-14,PS,True,False,False
324,590711,14,14-15,PS,True,False,False
324,590711,15,15-16,PS,True,False,False
324,590711,16,16-17,PS,True,False,False
325,590712,1,1-2,PS,True,False,False
325,590712,2,2-3,PS,True,False,False
325,590712,3,3-4,PS,True,False,False
325,590712,4,4-5,PS,True,False,False
325,590712,5,5-6,PS,True,False,False
325,590712,6,6-7,PS,True,False,False
325,590712,7,7-8,PS,True,False,False
325,590712,8,8-9,PS,True,False,False
325,590712,9,9-10,PS,True,False,False
325,590712,10,10-11,PS,True,False,False
325,590712,11,11-12,PS,True,False,False
325,590712,12,12-13,PS,True,False,False
325,590712,13,13-14,PS,True,False,False
325,590712,14,14-15,PS,True,False,False
325,590712,15,15-16,PS,True,False,False
325,590712,16,16-17,PS,True,False,False
326,590713,1,1-2,PS,True,False,False
326,590713,2,2-3,PS,True,False,False
326,590713,3,3-4,PS,True,False,False
326,590713,4,4-5,PS,True,False,False
326,590713,5,5-6,PS,True,False,False
326,590713,6,6-7,PS,True,False,False
326,590713,7,7-8,PS,True,False,False
326,590713,8,8-9,PS,True,False,False
326,590713,9,9-10,PS,True,False,False
326,590713,10,10-11,PS,True,False,False
326,590713,11,11-12,PS,True,False,False
326,590713,12,12-13,PS,True,False,False
326,590713,13,13-14,PS,True,False,False
326,590713,14,14-15,PS,True,False,False
326,590713,15,15-16,PS,True,False,False
326,590713,16,16-17,PS,True,False,False
327,590714,1,1-2,PS,True,False,False
327,590714,2,2-3,PS,True,False,False
327,590714,3,3-4,PS,True,False,False
327,590714,4,4-5,PS,True,False,False
327,590714,5,5-6,PS,True,False,False
327,590714,6,6-7,PS,True,False,False
327,590714,7,7-8,PS,True,False,False
327,590714,8,8-9,PS,True,False,False
327,590714,9,9-10,PS,True,False,False
327,590714,10,10-11,PS,True,False,False
327,590714,11,11-12,PS,True,False,False
327,590714,12,12-13,PS,True,False,False
327,590714,13,13-14,PS,True,False,False
327,590714,14,14-15,PS,True,False,False
327,590714,15,15-16,PS,True,False,False
327,590714,16,16-17,PS,True,False,False
328,590715,1,1-2,PS,True,False,False
328,590715,2,2-3,PS,True,False,False
328,590715,3,3-4,PS,True,False,False
328,590715,4,4-5,PS,True,False,False
328,590715,5,5-6,PS,True,False,False
328,590715,6,6-7,PS,True,False,False
328,590715,7,7-8,PS,True,False,False
328,590715,8,8-9,PS,True,False,False
328,590715,9,9-10,PS,True,False,False
328,590715,10,10-11,PS,True,False,False
328,590715,11,11-12,PS,True,False,False
328,590715,12,12-13,PS,True,False,False
328,590715,13,13-14,PS,True,False,False
328,590715,14,14-15,PS,True,False,False
328,590715,15,15-16,PS,True,False,False
328,590715,16,16-17,PS,True,False,False
329,590716,1,1-2,PS,True,False,False
329,590716,2,2-3,PS,True,False,False
329,590716,3,3-4,PS,True,False,False
329,590716,4,4-5,PS,True,False,False
329,590716,5,5-6,PS,True,False,False
329,590716,6,6-7,PS,True,False,False
329,590716,7,7-8,PS,True,False,False
329,590716,8,8-9,PS,True,False,False
329,590716,9,9-10,PS,True,False,False
329,590716,10,10-11,PS,True,False,False
329,590716,11,11-12,PS,True,False,False
329,590716,12,12-13,PS,True,False,False
329,590716,13,13-14,PS,True,False,False
329,590716,14,14-15,PS,True,False,False
329,590716,15,15-16,PS,True,False,False
329,590716,16,16-17,PS,True,False,False
330,590717,1,1-2,PS,True,False,False
330,590717,2,2-3,PS,True,False,False
330,590717,3,3-4,PS,True,False,False
330,590717,4,4-5,PS,True,False,False
330,590717,5,5-6,PS,True,False,False
330,590717,6,6-7,PS,True,False,False
330,590717,7,7-8,PS,True,False,False
330,590717,8,8-9,PS,True,False,False
330,590717,9,9-10,PS,True,False,False
330,590717,10,10-11,PS,True,False,False
330,590717,11,11-12,PS,True,False,False
330,590717,12,12-13,PS,True,False,False
330,590717,13,13-14,PS,True,False,False
330,590717,14,14-15,PS,True,False,False
330,590717,15,15-16,PS,True,False,False
330,590717,16,16-17,PS,True,False,False
331,590718,1,1-2,PS,True,False,False
331,590718,2,2-3,PS,True,False,False
331,590718,3,3-4,PS,True,False,False
331,590718,4,4-5,PS,True,False,False
331,590718,5,5-6,PS,True,False,False
331,590718,6,6-7,PS,True,False,False
331,590718,7,7-8,PS,True,False,False
331,590718,8,8-9,PS,True,False,False
331,590718,9,9-10,PS,True,False,False
331,590718,10,10-11,PS,True,False,False
331,590718,11,11-12,PS,True,False,False
331,590718,12,12-13,PS,True,False,False
331,590718,13,13-14,PS,True,False,False
331,590718,14,14-15,PS,True,False,False
331,590718,15,15-16,PS,True,False,False
331,590718,16,16-17,PS,True,False,False
332,590719,1,1-2,PS,True,False,False
332,590719,2,2-3,PS,True,False,False
332,590719,3,3-4,PS,True,False,False
332,590719,4,4-5,PS,True,False,False
332,590719,5,5-6,PS,True,False,False
332,590719,6,6-7,PS,True,False,False
332,590719,7,7-8,PS,True,False,False
332,590719,8,8-9,PS,True,False,False
332,590719,9,9-10,PS,True,False,False
332,590719,10,10-11,PS,True,False,False
332,590719,11,11-12,PS,True,False,False
332,590719,12,12-13,PS,True,False,False
332,590719,13,13-14,PS,True,False,False
332,590719,14,14-15,PS,True,False,False
332,590719,15,15-16,PS,True,False,False
332,590719,16,16-17,PS,True,False,False
333,590720,1,1-2,PS,True,False,False
333,590720,2,2-3,PS,True,False,False
333,590720,3,3-4,PS,True,False,False
333,590720,4,4-5,PS,True,False,False
333,590720,5,5-6,PS,True,False,False
333,590720,6,6-7,PS,True,False,False
333,590720,7,7-8,PS,True,False,False
333,590720,8,8-9,PS,True,False,False
333,590720,9,9-10,PS,True,False,False
333,590720,10,10-11,PS,True,False,False
333,590720,11,11-12,PS,True,False,False
333,590720,12,12-13,PS,True,False,False
333,590720,13,13-14,PS,True,False,False
333,590720,14,14-15,PS,True,False,False
333,590720,15,15-16,PS,True,False,False
333,590720,16,16-17,PS,True,False,False
334,590721,1,1-2,PS,True,False,False
334,590721,2,2-3,PS,True,False,False
334,590721,3,3-4,PS,True,False,False
334,590721,4,4-5,PS,True,False,False
334,590721,5,5-6,PS,True,False,False
334,590721,6,6-7,PS,True,False,False
334,590721,7,7-8,PS,True,False,False
334,590721,8,8-9,PS,True,False,False
334,590721,9,9-10,PS,True,False,False
334,590721,10,10-11,PS,True,False,False
334,590721,11,11-12,PS,True,False,False
334,590721,12,12-13,PS,True,False,False
334,590721,13,13-14,PS,True,False,False
334,590721,14,14-15,PS,True,False,False
334,590721,15,15-16,PS,True,False,False
334,590721,16,16-17,PS,True,False,False
335,590722,1,1-2,PS,True,False,False
335,590722,2,2-3,PS,True,False,False
335,590722,3,3-4,PS,True,False,False
335,590722,4,4-5,PS,True,False,False
335,590722,5,5-6,PS,True,False,False
335,590722,6,6-7,PS,True,False,False
335,590722,7,7-8,PS,True,False,False
335,590722,8,8-9,PS,True,False,False
335,590722,9,9-10,PS,True,False,False
335,590722,10,10-11,PS,True,False,False
335,590722,11,11-12,PS,True,False,False
335,590722,12,12-13,PS,True,False,False
335,590722,13,13-14,PS,True,False,False
335,590722,14,14-15,PS,True,False,False
335,590722,15,15-16,PS,True,False,False
335,590722,16,16-17,PS,True,False,False
336,590723,1,1-2,PS,True,False,False
336,590723,2,2-3,PS,True,False,False
336,590723,3,3-4,PS,True,False,False
336,590723,4,4-5,PS,True,False,False
336,590723,5,5-6,PS,True,False,False
336,590723,6,6-7,PS,True,False,False
336,590723,7,7-8,PS,True,False,False
336,590723,8,8-9,PS,True,False,False
336,590723,9,9-10,PS,True,False,False
336,590723,10,10-11,PS,True,False,False
336,590723,11,11-12,PS,True,False,False
336,590723,12,12-13,PS,True,False,False
336,590723,13,13-14,PS,True,False,False
336,590723,14,14-15,PS,True,False,False
336,590723,15,15-16,PS,True,False,False
336,590723,16,16-17,PS,True,False,False
337,590724,1,1-2,PS,True,False,False
337,590724,2,2-3,PS,True,False,False
337,590724,3,3-4,PS,True,False,False
337,590724,4,4-5,PS,True,False,False
337,590724,5,5-6,PS,True,False,False
337,590724,6,6-7,PS,True,False,False
337,590724,7,7-8,PS,True,False,False
337,590724,8,8-9,PS,True,False,False
337,590724,9,9-10,PS,True,False,False
337,590724,10,10-11,PS,True,False,False
337,590724,11,11-12,PS,True,False,False
337,590724,12,12-13,PS,True,False,False
337,590724,13,13-14,PS,True,False,False
337,590724,14,14-15,PS,True,False,False
337,590724,15,15-16,PS,True,False,False
337,590724,16,16-17,PS,True,False,False
338,590725,1,1-2,PS,True,False,False
338,590725,2,2-3,PS,True,False,False
338,590725,3,3-4,PS,True,False,False
338,590725,4,4-5,PS,True,False,False
338,590725,5,5-6,PS,True,False,False
338,590725,6,6-7,PS,True,False,False
338,590725,7,7-8,PS,True,False,False
338,590725,8,8-9,PS,True,False,False
338,590725,9,9-10,PS,True,False,False
338,590725,10,10-11,PS,True,False,False
338,590725,11,11-12,PS,True,False,False
338,590725,12,12-13,PS,True,False,False
338,590725,13,13-14,PS,True,False,False
338,590725,14,14-15,PS,True,False,False
338,590725,15,15-16,PS,True,False,False
338,590725,16,16-17,PS,True,False,False
339,590726,1,1-2,PS,True,False,False
339,590726,2,2-3,PS,True,False,False
339,590726,3,3-4,PS,True,False,False
339,590726,4,4-5,PS,True,False,False
339,590726,5,5-6,PS,True,False,False
339,590726,6,6-7,PS,True,False,False
339,590726,7,7-8,PS,True,False,False
339,590726,8,8-9,PS,True,False,False
339,590726,9,9-10,PS,True,False,False
339,590726,10,10-11,PS,True,False,False
339,590726,11,11-12,PS,True,False,False
339,590726,12,12-13,PS,True,False,False
339,590726,13,13-14,PS,True,False,False
339,590726,14,14-15,PS,True,False,False
339,590726,15,15-16,PS,True,False,False
339,590726,16,16-17,PS,True,False,False
340,590727,1,1-2,PS,True,False,False
340,590727,2,2-3,PS,True,False,False
340,590727,3,3-4,PS,True,False,False
340,590727,4,4-5,PS,True,False,False
340,590727,5,5-6,PS,True,False,False
340,590727,6,6-7,PS,True,False,False
340,590727,7,7-8,PS,True,False,False
340,590727,8,8-9,PS,True,False,False
340,590727,9,9-10,PS,True,False,False
340,590727,10,10-11,PS,True,False,False
340,590727,11,11-12,PS,True,False,False
340,590727,12,12-13,PS,True,False,False
340,590727,13,13-14,PS,True,False,False
340,590727,14,14-15,PS,True,False,False
340,590727,15,15-16,PS,True,False,False
340,590727,16,16-17,PS,True,False,False
341,590728,1,1-2,PS,True,False,False
341,590728,2,2-3,PS,True,False,False
341,590728,3,3-4,PS,True,False,False
341,590728,4,4-5,PS,True,False,False
341,590728,5,5-6,PS,True,False,False
341,590728,6,6-7,PS,True,False,False
341,590728,7,7-8,PS,True,False,False
341,590728,8,8-9,PS,True,False,False
341,590728,9,9-10,PS,True,False,False
341,590728,10,10-11,PS,True,False,False
341,590728,11,11-12,PS,True,False,False
341,590728,12,12-13,PS,True,False,False
341,590728,13,13-14,PS,True,False,False
341,590728,14,14-15,PS,True,False,False
341,590728,15,15-16,PS,True,False,False
341,590728,16,16-17,PS,True,False,False
342,590729,1,1-2,PS,True,False,False
342,590729,2,2-3,PS,True,False,False
342,590729,3,3-4,PS,True,False,False
342,590729,4,4-5,PS,True,False,False
342,590729,5,5-6,PS,True,False,False
342,590729,6,6-7,PS,True,False,False
342,590729,7,7-8,PS,True,False,False
342,590729,8,8-9,PS,True,False,False
342,590729,9,9-10,PS,True,False,False
342,590729,10,10-11,PS,True,False,False
342,590729,11,11-12,PS,True,False,False
342,590729,12,12-13,PS,True,False,False
342,590729,13,13-14,PS,True,False,False
342,590729,14,14-15,PS,True,False,False
342,590729,15,15-16,PS,True,False,False
342,590729,16,16-17,PS,True,False,False
343,590731,1,1-2,PS,True,False,False
343,590731,2,2-3,PS,True,False,False
343,590731,3,3-4,PS,True,False,False
343,590731,4,4-5,PS,True,False,False
343,590731,5,5-6,PS,True,False,False
343,590731,6,6-7,PS,True,False,False
343,590731,7,7-8,PS,True,False,False
343,590731,8,8-9,PS,True,False,False
343,590731,9,9-10,PS,True,False,False
343,590731,10,10-11,PS,True,False,False
343,590731,11,11-12,PS,True,False,False
343,590731,12,12-13,PS,True,False,False
343,590731,13,13-14,PS,True,False,False
343,590731,14,14-15,PS,True,False,False
343,590731,15,15-16,PS,True,False,False
343,590731,16,16-17,PS,True,False,False
344,590732,1,1-2,PS,True,False,False
344,590732,2,2-3,PS,True,False,False
344,590732,3,3-4,PS,True,False,False
344,590732,4,4-5,PS,True,False,False
344,590732,5,5-6,PS,True,False,False
344,590732,6,6-7,PS,True,False,False
344,590732,7,7-8,PS,True,False,False
344,590732,8,8-9,PS,True,False,False
344,590732,9,9-10,PS,True,False,False
344,590732,10,10-11,PS,True,False,False
344,590732,11,11-12,PS,True,False,False
344,590732,12,12-13,PS,True,False,False
344,590732,13,13-14,PS,True,False,False
344,590732,14,14-15,PS,True,False,False
344,590732,15,15-16,PS,True,False,False
344,590732,16,16-17,PS,True,False,False
345,590733,1,1-2,PS,True,False,False
345,590733,2,2-3,PS,True,False,False
345,590733,3,3-4,PS,True,False,False
345,590733,4,4-5,PS,True,False,False
345,590733,5,5-6,PS,True,False,False
345,590733,6,6-7,PS,True,False,False
345,590733,7,7-8,PS,True,False,False
345,590733,8,8-9,PS,True,False,False
345,590733,9,9-10,PS,True,False,False
345,590733,10,10-11,PS,True,False,False
345,590733,11,11-12,PS,True,False,False
345,590733,12,12-13,PS,True,False,False
345,590733,13,13-14,PS,True,False,False
345,590733,14,14-15,PS,True,False,False
345,590733,15,15-16,PS,True,False,False
345,590733,16,16-17,PS,True,False,False
346,590734,1,1-2,PS,True,False,False
346,590734,2,2-3,PS,True,False,False
346,590734,3,3-4,PS,True,False,False
346,590734,4,4-5,PS,True,False,False
346,590734,5,5-6,PS,True,False,False
346,590734,6,6-7,PS,True,False,False
346,590734,7,7-8,PS,True,False,False
346,590734,8,8-9,PS,True,False,False
346,590734,9,9-10,PS,True,False,False
346,590734,10,10-11,PS,True,False,False
346,590734,11,11-12,PS,True,False,False
346,590734,12,12-13,PS,True,False,False
346,590734,13,13-14,PS,True,False,False
346,590734,14,14-15,PS,True,False,False
346,590734,15,15-16,PS,True,False,False
346,590734,16,16-17,PS,True,False,False
347,590735,1,1-2,PS,True,False,False
347,590735,2,2-3,PS,True,False,False
347,590735,3,3-4,PS,True,False,False
347,590735,4,4-5,PS,True,False,False
347,590735,5,5-6,PS,True,False,False
347,590735,6,6-7,PS,True,False,False
347,590735,7,7-8,PS,True,False,False
347,590735,8,8-9,PS,True,False,False
347,590735,9,9-10,PS,True,False,False
347,590735,10,10-11,PS,True,False,False
347,590735,11,11-12,PS,True,False,False
347,590735,12,12-13,PS,True,False,False
347,590735,13,13-14,PS,True,False,False
347,590735,14,14-15,PS,True,False,False
347,590735,15,15-16,PS,True,False,False
347,590735,16,16-17,PS,True,False,False
348,590736,1,1-2,PS,True,False,False
348,590736,2,2-3,PS,True,False,False
348,590736,3,3-4,PS,True,False,False
348,590736,4,4-5,PS,True,False,False
348,590736,5,5-6,PS,True,False,False
348,590736,6,6-7,PS,True,False,False
348,590736,7,7-8,PS,True,False,False
348,590736,8,8-9,PS,True,False,False
348,590736,9,9-10,PS,True,False,False
348,590736,10,10-11,PS,True,False,False
348,590736,11,11-12,PS,True,False,False
348,590736,12,12-13,PS,True,False,False
348,590736,13,13-14,PS,True,False,False
348,590736,14,14-15,PS,True,False,False
348,590736,15,15-16,PS,True,False,False
348,590736,16,16-17,PS,True,False,False
349,590737,1,1-2,PS,True,False,False
349,590737,2,2-3,PS,True,False,False
349,590737,3,3-4,PS,True,False,False
349,590737,4,4-5,PS,True,False,False
349,590737,5,5-6,PS,True,False,False
349,590737,6,6-7,PS,True,False,False
349,590737,7,7-8,PS,True,False,False
349,590737,8,8-9,PS,True,False,False
349,590737,9,9-10,PS,True,False,False
349,590737,10,10-11,PS,True,False,False
349,590737,11,11-12,PS,True,False,False
349,590737,12,12-13,PS,True,False,False
349,590737,13,13-14,PS,True,False,False
349,590737,14,14-15,PS,True,False,False
349,590737,15,15-16,PS,True,False,False
349,590737,16,16-17,PS,True,False,False
350,590738,1,1-2,PS,True,False,False
350,590738,2,2-3,PS,True,False,False
350,590738,3,3-4,PS,True,False,False
350,590738,4,4-5,PS,True,False,False
350,590738,5,5-6,PS,True,False,False
350,590738,6,6-7,PS,True,False,False
350,590738,7,7-8,PS,True,False,False
350,590738,8,8-9,PS,True,False,False
350,590738,9,9-10,PS,True,False,False
350,590738,10,10-11,PS,True,False,False
350,590738,11,11-12,PS,True,False,False
350,590738,12,12-13,PS,True,False,False
350,590738,13,13-14,PS,True,False,False
350,590738,14,14-15,PS,True,False,False
350,590738,15,15-16,PS,True,False,False
350,590738,16,16-17,PS,True,False,False
351,590739,1,1-2,PS,True,False,False
351,590739,2,2-3,PS,True,False,False
351,590739,3,3-4,PS,True,False,False
351,590739,4,4-5,PS,True,False,False
351,590739,5,5-6,PS,True,False,False
351,590739,6,6-7,PS,True,False,False
351,590739,7,7-8,PS,True,False,False
351,590739,8,8-9,PS,True,False,False
351,590739,9,9-10,PS,True,False,False
351,590739,10,10-11,PS,True,False,False
351,590739,11,11-12,PS,True,False,False
351,590739,12,12-13,PS,True,False,False
351,590739,13,13-14,PS,True,False,False
351,590739,14,14-15,PS,True,False,False
351,590739,15,15-16,PS,True,False,False
351,590739,16,16-17,PS,True,False,False
352,590740,1,1-2,PS,True,False,False
352,590740,2,2-3,PS,True,False,False
352,590740,3,3-4,PS,True,False,False
352,590740,4,4-5,PS,True,False,False
352,590740,5,5-6,PS,True,False,False
352,590740,6,6-7,PS,True,False,False
352,590740,7,7-8,PS,True,False,False
352,590740,8,8-9,PS,True,False,False
352,590740,9,9-10,PS,True,False,False
352,590740,10,10-11,PS,True,False,False
352,590740,11,11-12,PS,True,False,False
352,590740,12,12-13,PS,True,False,False
352,590740,13,13-14,PS,True,False,False
352,590740,14,14-15,PS,True,False,False
352,590740,15,15-16,PS,True,False,False
352,590740,16,16-17,PS,True,False,False
353,590741,1,1-2,PS,True,False,False
353,590741,2,2-3,PS,True,False,False
353,590741,3,3-4,PS,True,False,False
353,590741,4,4-5,PS,True,False,False
353,590741,5,5-6,PS,True,False,False
353,590741,6,6-7,PS,True,False,False
353,590741,7,7-8,PS,True,False,False
353,590741,8,8-9,PS,True,False,False
353,590741,9,9-10,PS,True,False,False
353,590741,10,10-11,PS,True,False,False
353,590741,11,11-12,PS,True,False,False
353,590741,12,12-13,PS,True,False,False
353,590741,13,13-14,PS,True,False,False
353,590741,14,14-15,PS,True,False,False
353,590741,15,15-16,PS,True,False,False
353,590741,16,16-17,PS,True,False,False
354,590742,1,1-2,PS,True,False,False
354,590742,2,2-3,PS,True,False,False
354,590742,3,3-4,PS,True,False,False
354,590742,4,4-5,PS,True,False,False
354,590742,5,5-6,PS,True,False,False
354,590742,6,6-7,PS,True,False,False
354,590742,7,7-8,PS,True,False,False
354,590742,8,8-9,PS,True,False,False
354,590742,9,9-10,PS,True,False,False
354,590742,10,10-11,PS,True,False,False
354,590742,11,11-12,PS,True,False,False
354,590742,12,12-13,PS,True,False,False
354,590742,13,13-14,PS,True,False,False
354,590742,14,14-15,PS,True,False,False
354,590742,15,15-16,PS,True,False,False
354,590742,16,16-17,PS,True,False,False
355,590743,1,1-2,PS,True,False,False
355,590743,2,2-3,PS,True,False,False
355,590743,3,3-4,PS,True,False,False
355,590743,4,4-5,PS,True,False,False
355,590743,5,5-6,PS,True,False,False
355,590743,6,6-7,PS,True,False,False
355,590743,7,7-8,PS,True,False,False
355,590743,8,8-9,PS,True,False,False
355,590743,9,9-10,PS,True,False,False
355,590743,10,10-11,PS,True,False,False
355,590743,11,11-12,PS,True,False,False
355,590743,12,12-13,PS,True,False,False
355,590743,13,13-14,PS,True,False,False
355,590743,14,14-15,PS,True,False,False
355,590743,15,15-16,PS,True,False,False
355,590743,16,16-17,PS,True,False,False
356,590744,1,1-2,PS,True,False,False
356,590744,2,2-3,PS,True,False,False
356,590744,3,3-4,PS,True,False,False
356,590744,4,4-5,PS,True,False,False
356,590744,5,5-6,PS,True,False,False
356,590744,6,6-7,PS,True,False,False
356,590744,7,7-8,PS,True,False,False
356,590744,8,8-9,PS,True,False,False
356,590744,9,9-10,PS,True,False,False
356,590744,10,10-11,PS,True,False,False
356,590744,11,11-12,PS,True,False,False
356,590744,12,12-13,PS,True,False,False
356,590744,13,13-14,PS,True,False,False
356,590744,14,14-15,PS,True,False,False
356,590744,15,15-16,PS,True,False,False
356,590744,16,16-17,PS,True,False,False
357,590745,1,1-2,PS,True,False,False
357,590745,2,2-3,PS,True,False,False
357,590745,3,3-4,PS,True,False,False
357,590745,4,4-5,PS,True,False,False
357,590745,5,5-6,PS,True,False,False
357,590745,6,6-7,PS,True,False,False
357,590745,7,7-8,PS,True,False,False
357,590745,8,8-9,PS,True,False,False
357,590745,9,9-10,PS,True,False,False
357,590745,10,10-11,PS,True,False,False
357,590745,11,11-12,PS,True,False,False
357,590745,12,12-13,PS,True,False,False
357,590745,13,13-14,PS,True,False,False
357,590745,14,14-15,PS,True,False,False
357,590745,15,15-16,PS,True,False,False
357,590745,16,16-17,PS,True,False,False
358,596168,1,1-2,PS,True,False,False
358,596168,2,2-3,PS,True,False,False
358,596168,3,3-4,PS,True,False,False
358,596168,4,4-5,PS,True,False,False
358,596168,5,5-6,PS,True,False,False
358,596168,6,6-7,PS,True,False,False
358,596168,7,7-8,PS,True,False,False
358,596168,8,8-9,PS,True,False,False
358,596168,9,9-10,PS,True,False,False
358,596168,10,10-11,PS,True,False,False
358,596168,11,11-12,PS,True,False,False
358,596168,12,12-13,PS,True,False,False
358,596168,13,13-14,PS,True,False,False
358,596168,14,14-15,PS,True,False,False
358,596168,15,15-16,PS,True,False,False
358,596168,16,16-17,PS,True,False,False
358,596168,17,17-18,PS,True,False,False
358,596168,18,18-19,PS,True,False,False
358,596168,19,19-20,PS,True,False,False
359,596169,1,1-2,PS,True,False,False
359,596169,2,2-3,PS,True,False,False
359,596169,3,3-4,PS,True,False,False
359,596169,4,4-5,PS,True,False,False
359,596169,5,5-6,PS,True,False,False
359,596169,6,6-7,PS,True,False,False
359,596169,7,7-8,PS,True,False,False
359,596169,8,8-9,PS,True,False,False
359,596169,9,9-10,PS,True,False,False
359,596169,10,10-11,PS,True,False,False
359,596169,11,11-12,PS,True,False,False
359,596169,12,12-13,PS,True,False,False
359,596169,13,13-14,PS,True,False,False
359,596169,14,14-15,PS,True,False,False
359,596169,15,15-16,PS,True,False,False
359,596169,16,16-17,PS,True,False,False
359,596169,17,17-18,PS,True,False,False
359,596169,18,18-19,PS,True,False,False
359,596169,19,19-20,PS,True,False,False
360,596170,1,1-2,PS,True,False,False
360,596170,2,2-3,PS,True,False,False
360,596170,3,3-4,PS,True,False,False
360,596170,4,4-5,PS,True,False,False
360,596170,5,5-6,PS,True,False,False
360,596170,6,6-7,PS,True,False,False
360,596170,7,7-8,PS,True,False,False
360,596170,8,8-9,PS,True,False,False
360,596170,9,9-10,PS,True,False,False
360,596170,10,10-11,PS,True,False,False
360,596170,11,11-12,PS,True,False,False
360,596170,12,12-13,PS,True,False,False
360,596170,13,13-14,PS,True,False,False
360,596170,14,14-15,PS,True,False,False
360,596170,15,15-16,PS,True,False,False
360,596170,16,16-17,PS,True,False,False
360,596170,17,17-18,PS,True,False,False
360,596170,18,18-19,PS,True,False,False
360,596170,19,19-20,PS,True,False,False
361,596171,1,1-2,PS,True,False,False
361,596171,2,2-3,PS,True,False,False
361,596171,3,3-4,PS,True,False,False
361,596171,4,4-5,PS,True,False,False
361,596171,5,5-6,PS,True,False,False
361,596171,6,6-7,PS,True,False,False
361,596171,7,7-8,PS,True,False,False
361,596171,8,8-9,PS,True,False,False
361,596171,9,9-10,PS,True,False,False
361,596171,10,10-11,PS,True,False,False
361,596171,11,11-12,PS,True,False,False
361,596171,12,12-13,PS,True,False,False
361,596171,13,13-14,PS,True,False,False
361,596171,14,14-15,PS,True,False,False
361,596171,15,15-16,PS,True,False,False
361,596171,16,16-17,PS,True,False,False
361,596171,17,17-18,PS,True,False,False
361,596171,18,18-19,PS,True,False,False
361,596171,19,19-20,PS,True,False,False
362,596172,1,1-2,PS,True,False,False
362,596172,2,2-3,PS,True,False,False
362,596172,3,3-4,PS,True,False,False
362,596172,4,4-5,PS,True,False,False
362,596172,5,5-6,PS,True,False,False
362,596172,6,6-7,PS,True,False,False
362,596172,7,7-8,PS,True,False,False
362,596172,8,8-9,PS,True,False,False
362,596172,9,9-10,PS,True,False,False
362,596172,10,10-11,PS,True,False,False
362,596172,11,11-12,PS,True,False,False
362,596172,12,12-13,PS,True,False,False
362,596172,13,13-14,PS,True,False,False
362,596172,14,14-15,PS,True,False,False
362,596172,15,15-16,PS,True,False,False
362,596172,16,16-17,PS,True,False,False
362,596172,17,17-18,PS,True,False,False
362,596172,18,18-19,PS,True,False,False
362,596172,19,19-20,PS,True,False,False
363,596173,1,1-2,PS,True,False,False
363,596173,2,2-3,PS,True,False,False
363,596173,3,3-4,PS,True,False,False
363,596173,4,4-5,PS,True,False,False
363,596173,5,5-6,PS,True,False,False
363,596173,6,6-7,PS,True,False,False
363,596173,7,7-8,PS,True,False,False
363,596173,8,8-9,PS,True,False,False
363,596173,9,9-10,PS,True,False,False
363,596173,10,10-11,PS,True,False,False
363,596173,11,11-12,PS,True,False,False
363,596173,12,12-13,PS,True,False,False
363,596173,13,13-14,PS,True,False,False
363,596173,14,14-15,PS,True,False,False
363,596173,15,15-16,PS,True,False,False
363,596173,16,16-17,PS,True,False,False
363,596173,17,17-18,PS,True,False,False
363,596173,18,18-19,PS,True,False,False
363,596173,19,19-20,PS,True,False,False
364,596174,1,1-2,PS,True,False,False
364,596174,2,2-3,PS,True,False,False
364,596174,3,3-4,PS,True,False,False
364,596174,4,4-5,PS,True,False,False
364,596174,5,5-6,PS,True,False,False
364,596174,6,6-7,PS,True,False,False
364,596174,7,7-8,PS,True,False,False
364,596174,8,8-9,PS,True,False,False
364,596174,9,9-10,PS,True,False,False
364,596174,10,10-11,PS,True,False,False
364,596174,11,11-12,PS,True,False,False
364,596174,12,12-13,PS,True,False,False
364,596174,13,13-14,PS,True,False,False
364,596174,14,14-15,PS,True,False,False
364,596174,15,15-16,PS,True,False,False
364,596174,16,16-17,PS,True,False,False
364,596174,17,17-18,PS,True,False,False
364,596174,18,18-19,PS,True,False,False
364,596174,19,19-20,PS,True,False,False
365,596175,1,1-2,PS,True,False,False
365,596175,2,2-3,PS,True,False,False
365,596175,3,3-4,PS,True,False,False
365,596175,4,4-5,PS,True,False,False
365,596175,5,5-6,PS,True,False,False
365,596175,6,6-7,PS,True,False,False
365,596175,7,7-8,PS,True,False,False
365,596175,8,8-9,PS,True,False,False
365,596175,9,9-10,PS,True,False,False
365,596175,10,10-11,PS,True,False,False
365,596175,11,11-12,PS,True,False,False
365,596175,12,12-13,PS,True,False,False
365,596175,13,13-14,PS,True,False,False
365,596175,14,14-15,PS,True,False,False
365,596175,15,15-16,PS,True,False,False
365,596175,16,16-17,PS,True,False,False
365,596175,17,17-18,PS,True,False,False
365,596175,18,18-19,PS,True,False,False
365,596175,19,19-20,PS,True,False,False
366,596176,1,1-2,PS,True,False,False
366,596176,2,2-3,PS,True,False,False
366,596176,3,3-4,PS,True,False,False
366,596176,4,4-5,PS,True,False,False
366,596176,5,5-6,PS,True,False,False
366,596176,6,6-7,PS,True,False,False
366,596176,7,7-8,PS,True,False,False
366,596176,8,8-9,PS,True,False,False
366,596176,9,9-10,PS,True,False,False
366,596176,10,10-11,PS,True,False,False
366,596176,11,11-12,PS,True,False,False
366,596176,12,12-13,PS,True,False,False
366,596176,13,13-14,PS,True,False,False
366,596176,14,14-15,PS,True,False,False
366,596176,15,15-16,PS,True,False,False
366,596176,16,16-17,PS,True,False,False
366,596176,17,17-18,PS,True,False,False
366,596176,18,18-19,PS,True,False,False
366,596176,19,19-20,PS,True,False,False
367,596177,1,1-2,PS,True,False,False
367,596177,2,2-3,PS,True,False,False
367,596177,3,3-4,PS,True,False,False
367,596177,4,4-5,PS,True,False,False
367,596177,5,5-6,PS,True,False,False
367,596177,6,6-7,PS,True,False,False
367,596177,7,7-8,PS,True,False,False
367,596177,8,8-9,PS,True,False,False
367,596177,9,9-10,PS,True,False,False
367,596177,10,10-11,PS,True,False,False
367,596177,11,11-12,PS,True,False,False
367,596177,12,12-13,PS,True,False,False
367,596177,13,13-14,PS,True,False,False
367,596177,14,14-15,PS,True,False,False
367,596177,15,15-16,PS,True,False,False
367,596177,16,16-17,PS,True,False,False
367,596177,17,17-18,PS,True,False,False
367,596177,18,18-19,PS,True,False,False
367,596177,19,19-20,PS,True,False,False
368,596178,1,1-2,PS,True,False,False
368,596178,2,2-3,PS,True,False,False
368,596178,3,3-4,PS,True,False,False
368,596178,4,4-5,PS,True,False,False
368,596178,5,5-6,PS,True,False,False
368,596178,6,6-7,PS,True,False,False
368,596178,7,7-8,PS,True,False,False
368,596178,8,8-9,PS,True,False,False
368,596178,9,9-10,PS,True,False,False
368,596178,10,10-11,PS,True,False,False
368,596178,11,11-12,PS,True,False,False
368,596178,12,12-13,PS,True,False,False
368,596178,13,13-14,PS,True,False,False
368,596178,14,14-15,PS,True,False,False
368,596178,15,15-16,PS,True,False,False
368,596178,16,16-17,PS,True,False,False
368,596178,17,17-18,PS,True,False,False
368,596178,18,18-19,PS,True,False,False
368,596178,19,19-20,PS,True,False,False
369,596179,1,1-2,PS,True,False,False
369,596179,2,2-3,PS,True,False,False
369,596179,3,3-4,PS,True,False,False
369,596179,4,4-5,PS,True,False,False
369,596179,5,5-6,PS,True,False,False
369,596179,6,6-7,PS,True,False,False
369,596179,7,7-8,PS,True,False,False
369,596179,8,8-9,PS,True,False,False
369,596179,9,9-10,PS,True,False,False
369,596179,10,10-11,PS,True,False,False
369,596179,11,11-12,PS,True,False,False
369,596179,12,12-13,PS,True,False,False
369,596179,13,13-14,PS,True,False,False
369,596179,14,14-15,PS,True,False,False
369,596179,15,15-16,PS,True,False,False
369,596179,16,16-17,PS,True,False,False
369,596179,17,17-18,PS,True,False,False
369,596179,18,18-19,PS,True,False,False
369,596179,19,19-20,PS,True,False,False
370,596180,1,1-2,PS,True,False,False
370,596180,2,2-3,PS,True,False,False
370,596180,3,3-4,PS,True,False,False
370,596180,4,4-5,PS,True,False,False
370,596180,5,5-6,PS,True,False,False
370,596180,6,6-7,PS,True,False,False
370,596180,7,7-8,PS,True,False,False
370,596180,8,8-9,PS,True,False,False
370,596180,9,9-10,PS,True,False,False
370,596180,10,10-11,PS,True,False,False
370,596180,11,11-12,PS,True,False,False
370,596180,12,12-13,PS,True,False,False
370,596180,13,13-14,PS,True,False,False
370,596180,14,14-15,PS,True,False,False
370,596180,15,15-16,PS,True,False,False
370,596180,16,16-17,PS,True,False,False
370,596180,17,17-18,PS,True,False,False
370,596180,18,18-19,PS,True,False,False
370,596180,19,19-20,PS,True,False,False
371,596181,1,1-2,PS,True,False,False
371,596181,2,2-3,PS,True,False,False
371,596181,3,3-4,PS,True,False,False
371,596181,4,4-5,PS,True,False,False
371,596181,5,5-6,PS,True,False,False
371,596181,6,6-7,PS,True,False,False
371,596181,7,7-8,PS,True,False,False
371,596181,8,8-9,PS,True,False,False
371,596181,9,9-10,PS,True,False,False
371,596181,10,10-11,PS,True,False,False
371,596181,11,11-12,PS,True,False,False
371,596181,12,12-13,PS,True,False,False
371,596181,13,13-14,PS,True,False,False
371,596181,14,14-15,PS,True,False,False
371,596181,15,15-16,PS,True,False,False
371,596181,16,16-17,PS,True,False,False
371,596181,17,17-18,PS,True,False,False
371,596181,18,18-19,PS,True,False,False
371,596181,19,19-20,PS,True,False,False
372,596182,1,1-2,PS,True,False,False
372,596182,2,2-3,PS,True,False,False
372,596182,3,3-4,PS,True,False,False
372,596182,4,4-5,PS,True,False,False
372,596182,5,5-6,PS,True,False,False
372,596182,6,6-7,PS,True,False,False
372,596182,7,7-8,PS,True,False,False
372,596182,8,8-9,PS,True,False,False
372,596182,9,9-10,PS,True,False,False
372,596182,10,10-11,PS,True,False,False
372,596182,11,11-12,PS,True,False,False
372,596182,12,12-13,PS,True,False,False
372,596182,13,13-14,PS,True,False,False
372,596182,14,14-15,PS,True,False,False
372,596182,15,15-16,PS,True,False,False
372,596182,16,16-17,PS,True,False,False
372,596182,17,17-18,PS,True,False,False
372,596182,18,18-19,PS,True,False,False
372,596182,19,19-20,PS,True,False,False
373,596183,1,1-2,PS,True,False,False
373,596183,2,2-3,PS,True,False,False
373,596183,3,3-4,PS,True,False,False
373,596183,4,4-5,PS,True,False,False
373,596183,5,5-6,PS,True,False,False
373,596183,6,6-7,PS,True,False,False
373,596183,7,7-8,PS,True,False,False
373,596183,8,8-9,PS,True,False,False
373,596183,9,9-10,PS,True,False,False
373,596183,10,10-11,PS,True,False,False
373,596183,11,11-12,PS,True,False,False
373,596183,12,12-13,PS,True,False,False
373,596183,13,13-14,PS,True,False,False
373,596183,14,14-15,PS,True,False,False
373,596183,15,15-16,PS,True,False,False
373,596183,16,16-17,PS,True,False,False
373,596183,17,17-18,PS,True,False,False
373,596183,18,18-19,PS,True,False,False
373,596183,19,19-20,PS,True,False,False
374,596184,1,1-2,PS,True,False,False
374,596184,2,2-3,PS,True,False,False
374,596184,3,3-4,PS,True,False,False
374,596184,4,4-5,PS,True,False,False
374,596184,5,5-6,PS,True,False,False
374,596184,6,6-7,PS,True,False,False
374,596184,7,7-8,PS,True,False,False
374,596184,8,8-9,PS,True,False,False
374,596184,9,9-10,PS,True,False,False
374,596184,10,10-11,PS,True,False,False
374,596184,11,11-12,PS,True,False,False
374,596184,12,12-13,PS,True,False,False
374,596184,13,13-14,PS,True,False,False
374,596184,14,14-15,PS,True,False,False
374,596184,15,15-16,PS,True,False,False
374,596184,16,16-17,PS,True,False,False
374,596184,17,17-18,PS,True,False,False
374,596184,18,18-19,PS,True,False,False
374,596184,19,19-20,PS,True,False,False
375,596185,1,1-2,PS,True,False,False
375,596185,2,2-3,PS,True,False,False
375,596185,3,3-4,PS,True,False,False
375,596185,4,4-5,PS,True,False,False
375,596185,5,5-6,PS,True,False,False
375,596185,6,6-7,PS,True,False,False
375,596185,7,7-8,PS,True,False,False
375,596185,8,8-9,PS,True,False,False
375,596185,9,9-10,PS,True,False,False
375,596185,10,10-11,PS,True,False,False
375,596185,11,11-12,PS,True,False,False
375,596185,12,12-13,PS,True,False,False
375,596185,13,13-14,PS,True,False,False
375,596185,14,14-15,PS,True,False,False
375,596185,15,15-16,PS,True,False,False
375,596185,16,16-17,PS,True,False,False
375,596185,17,17-18,PS,True,False,False
375,596185,18,18-19,PS,True,False,False
375,596185,19,19-20,PS,True,False,False
376,596186,1,1-2,PS,True,False,False
376,596186,2,2-3,PS,True,False,False
376,596186,3,3-4,PS,True,False,False
376,596186,4,4-5,PS,True,False,False
376,596186,5,5-6,PS,True,False,False
376,596186,6,6-7,PS,True,False,False
376,596186,7,7-8,PS,True,False,False
376,596186,8,8-9,PS,True,False,False
376,596186,9,9-10,PS,True,False,False
376,596186,10,10-11,PS,True,False,False
376,596186,11,11-12,PS,True,False,False
376,596186,12,12-13,PS,True,False,False
376,596186,13,13-14,PS,True,False,False
376,596186,14,14-15,PS,True,False,False
376,596186,15,15-16,PS,True,False,False
376,596186,16,16-17,PS,True,False,False
376,596186,17,17-18,PS,True,False,False
376,596186,18,18-19,PS,True,False,False
376,596186,19,19-20,PS,True,False,False
377,596187,1,1-2,PS,True,False,False
377,596187,2,2-3,PS,True,False,False
377,596187,3,3-4,PS,True,False,False
377,596187,4,4-5,PS,True,False,False
377,596187,5,5-6,PS,True,False,False
377,596187,6,6-7,PS,True,False,False
377,596187,7,7-8,PS,True,False,False
377,596187,8,8-9,PS,True,False,False
377,596187,9,9-10,PS,True,False,False
377,596187,10,10-11,PS,True,False,False
377,596187,11,11-12,PS,True,False,False
377,596187,12,12-13,PS,True,False,False
377,596187,13,13-14,PS,True,False,False
377,596187,14,14-15,PS,True,False,False
377,596187,15,15-16,PS,True,False,False
377,596187,16,16-17,PS,True,False,False
377,596187,17,17-18,PS,True,False,False
377,596187,18,18-19,PS,True,False,False
377,596187,19,19-20,PS,True,False,False
378,596188,1,1-2,PS,True,False,False
378,596188,2,2-3,PS,True,False,False
378,596188,3,3-4,PS,True,False,False
378,596188,4,4-5,PS,True,False,False
378,596188,5,5-6,PS,True,False,False
378,596188,6,6-7,PS,True,False,False
378,596188,7,7-8,PS,True,False,False
378,596188,8,8-9,PS,True,False,False
378,596188,9,9-10,PS,True,False,False
378,596188,10,10-11,PS,True,False,False
378,596188,11,11-12,PS,True,False,False
378,596188,12,12-13,PS,True,False,False
378,596188,13,13-14,PS,True,False,False
378,596188,14,14-15,PS,True,False,False
378,596188,15,15-16,PS,True,False,False
378,596188,16,16-17,PS,True,False,False
378,596188,17,17-18,PS,True,False,False
378,596188,18,18-19,PS,True,False,False
378,596188,19,19-20,PS,True,False,False
379,596189,1,1-2,PS,True,False,False
379,596189,2,2-3,PS,True,False,False
379,596189,3,3-4,PS,True,False,False
379,596189,4,4-5,PS,True,False,False
379,596189,5,5-6,PS,True,False,False
379,596189,6,6-7,PS,True,False,False
379,596189,7,7-8,PS,True,False,False
379,596189,8,8-9,PS,True,False,False
379,596189,9,9-10,PS,True,False,False
379,596189,10,10-11,PS,True,False,False
379,596189,11,11-12,PS,True,False,False
379,596189,12,12-13,PS,True,False,False
379,596189,13,13-14,PS,True,False,False
379,596189,14,14-15,PS,True,False,False
379,596189,15,15-16,PS,True,False,False
379,596189,16,16-17,PS,True,False,False
379,596189,17,17-18,PS,True,False,False
379,596189,18,18-19,PS,True,False,False
379,596189,19,19-20,PS,True,False,False
380,596190,1,1-2,PS,True,False,False
380,596190,2,2-3,PS,True,False,False
380,596190,3,3-4,PS,True,False,False
380,596190,4,4-5,PS,True,False,False
380,596190,5,5-6,PS,True,False,False
380,596190,6,6-7,PS,True,False,False
380,596190,7,7-8,PS,True,False,False
380,596190,8,8-9,PS,True,False,False
380,596190,9,9-10,PS,True,False,False
380,596190,10,10-11,PS,True,False,False
380,596190,11,11-12,PS,True,False,False
380,596190,12,12-13,PS,True,False,False
380,596190,13,13-14,PS,True,False,False
380,596190,14,14-15,PS,True,False,False
380,596190,15,15-16,PS,True,False,False
380,596190,16,16-17,PS,True,False,False
380,596190,17,17-18,PS,True,False,False
380,596190,18,18-19,PS,True,False,False
380,596190,19,19-20,PS,True,False,False
381,596191,1,1-2,PS,True,False,False
381,596191,2,2-3,PS,True,False,False
381,596191,3,3-4,PS,True,False,False
381,596191,4,4-5,PS,True,False,False
381,596191,5,5-6,PS,True,False,False
381,596191,6,6-7,PS,True,False,False
381,596191,7,7-8,PS,True,False,False
381,596191,8,8-9,PS,True,False,False
381,596191,9,9-10,PS,True,False,False
381,596191,10,10-11,PS,True,False,False
381,596191,11,11-12,PS,True,False,False
381,596191,12,12-13,PS,True,False,False
381,596191,13,13-14,PS,True,False,False
381,596191,14,14-15,PS,True,False,False
381,596191,15,15-16,PS,True,False,False
381,596191,16,16-17,PS,True,False,False
381,596191,17,17-18,PS,True,False,False
381,596191,18,18-19,PS,True,False,False
381,596191,19,19-20,PS,True,False,False
382,596192,1,1-2,PS,True,False,False
382,596192,2,2-3,PS,True,False,False
382,596192,3,3-4,PS,True,False,False
382,596192,4,4-5,PS,True,False,False
382,596192,5,5-6,PS,True,False,False
382,596192,6,6-7,PS,True,False,False
382,596192,7,7-8,PS,True,False,False
382,596192,8,8-9,PS,True,False,False
382,596192,9,9-10,PS,True,False,False
382,596192,10,10-11,PS,True,False,False
382,596192,11,11-12,PS,True,False,False
382,596192,12,12-13,PS,True,False,False
382,596192,13,13-14,PS,True,False,False
382,596192,14,14-15,PS,True,False,False
382,596192,15,15-16,PS,True,False,False
382,596192,16,16-17,PS,True,False,False
382,596192,17,17-18,PS,True,False,False
382,596192,18,18-19,PS,True,False,False
382,596192,19,19-20,PS,True,False,False
383,596193,1,1-2,PS,True,False,False
383,596193,2,2-3,PS,True,False,False
383,596193,3,3-4,PS,True,False,False
383,596193,4,4-5,PS,True,False,False
383,596193,5,5-6,PS,True,False,False
383,596193,6,6-7,PS,True,False,False
383,596193,7,7-8,PS,True,False,False
383,596193,8,8-9,PS,True,False,False
383,596193,9,9-10,PS,True,False,False
383,596193,10,10-11,PS,True,False,False
383,596193,11,11-12,PS,True,False,False
383,596193,12,12-13,PS,True,False,False
383,596193,13,13-14,PS,True,False,False
383,596193,14,14-15,PS,True,False,False
383,596193,15,15-16,PS,True,False,False
383,596193,16,16-17,PS,True,False,False
383,596193,17,17-18,PS,True,False,False
383,596193,18,18-19,PS,True,False,False
383,596193,19,19-20,PS,True,False,False
384,596194,1,1-2,PS,True,False,False
384,596194,2,2-3,PS,True,False,False
384,596194,3,3-4,PS,True,False,False
384,596194,4,4-5,PS,True,False,False
384,596194,5,5-6,PS,True,False,False
384,596194,6,6-7,PS,True,False,False
384,596194,7,7-8,PS,True,False,False
384,596194,8,8-9,PS,True,False,False
384,596194,9,9-10,PS,True,False,False
384,596194,10,10-11,PS,True,False,False
384,596194,11,11-12,PS,True,False,False
384,596194,12,12-13,PS,True,False,False
384,596194,13,13-14,PS,True,False,False
384,596194,14,14-15,PS,True,False,False
384,596194,15,15-16,PS,True,False,False
384,596194,16,16-17,PS,True,False,False
384,596194,17,17-18,PS,True,False,False
384,596194,18,18-19,PS,True,False,False
384,596194,19,19-20,PS,True,False,False
385,596195,1,1-2,PS,True,False,False
385,596195,2,2-3,PS,True,False,False
385,596195,3,3-4,PS,True,False,False
385,596195,4,4-5,PS,True,False,False
385,596195,5,5-6,PS,True,False,False
385,596195,6,6-7,PS,True,False,False
385,596195,7,7-8,PS,True,False,False
385,596195,8,8-9,PS,True,False,False
385,596195,9,9-10,PS,True,False,False
385,596195,10,10-11,PS,True,False,False
385,596195,11,11-12,PS,True,False,False
385,596195,12,12-13,PS,True,False,False
385,596195,13,13-14,PS,True,False,False
385,596195,14,14-15,PS,True,False,False
385,596195,15,15-16,PS,True,False,False
385,596195,16,16-17,PS,True,False,False
385,596195,17,17-18,PS,True,False,False
385,596195,18,18-19,PS,True,False,False
385,596195,19,19-20,PS,True,False,False
386,596196,1,1-2,PS,True,False,False
386,596196,2,2-3,PS,True,False,False
386,596196,3,3-4,PS,True,False,False
386,596196,4,4-5,PS,True,False,False
386,596196,5,5-6,PS,True,False,False
386,596196,6,6-7,PS,True,False,False
386,596196,7,7-8,PS,True,False,False
386,596196,8,8-9,PS,True,False,False
386,596196,9,9-10,PS,True,False,False
386,596196,10,10-11,PS,True,False,False
386,596196,11,11-12,PS,True,False,False
386,596196,12,12-13,PS,True,False,False
386,596196,13,13-14,PS,True,False,False
386,596196,14,14-15,PS,True,False,False
386,596196,15,15-16,PS,True,False,False
386,596196,16,16-17,PS,True,False,False
386,596196,17,17-18,PS,True,False,False
386,596196,18,18-19,PS,True,False,False
386,596196,19,19-20,PS,True,False,False
387,596197,1,1-2,PS,True,False,False
387,596197,2,2-3,PS,True,False,False
387,596197,3,3-4,PS,True,False,False
387,596197,4,4-5,PS,True,False,False
387,596197,5,5-6,PS,True,False,False
387,596197,6,6-7,PS,True,False,False
387,596197,7,7-8,PS,True,False,False
387,596197,8,8-9,PS,True,False,False
387,596197,9,9-10,PS,True,False,False
387,596197,10,10-11,PS,True,False,False
387,596197,11,11-12,PS,True,False,False
387,596197,12,12-13,PS,True,False,False
387,596197,13,13-14,PS,True,False,False
387,596197,14,14-15,PS,True,False,False
387,596197,15,15-16,PS,True,False,False
387,596197,16,16-17,PS,True,False,False
387,596197,17,17-18,PS,True,False,False
387,596197,18,18-19,PS,True,False,False
387,596197,19,19-20,PS,True,False,False
388,596198,1,1-2,PS,True,False,False
388,596198,2,2-3,PS,True,False,False
388,596198,3,3-4,PS,True,False,False
388,596198,4,4-5,PS,True,False,False
388,596198,5,5-6,PS,True,False,False
388,596198,6,6-7,PS,True,False,False
388,596198,7,7-8,PS,True,False,False
388,596198,8,8-9,PS,True,False,False
388,596198,9,9-10,PS,True,False,False
388,596198,10,10-11,PS,True,False,False
388,596198,11,11-12,PS,True,False,False
388,596198,12,12-13,PS,True,False,False
388,596198,13,13-14,PS,True,False,False
388,596198,14,14-15,PS,True,False,False
388,596198,15,15-16,PS,True,False,False
388,596198,16,16-17,PS,True,False,False
388,596198,17,17-18,PS,True,False,False
388,596198,18,18-19,PS,True,False,False
388,596198,19,19-20,PS,True,False,False
389,596199,1,1-2,PS,True,False,False
389,596199,2,2-3,PS,True,False,False
389,596199,3,3-4,PS,True,False,False
389,596199,4,4-5,PS,True,False,False
389,596199,5,5-6,PS,True,False,False
389,596199,6,6-7,PS,True,False,False
389,596199,7,7-8,PS,True,False,False
389,596199,8,8-9,PS,True,False,False
389,596199,9,9-10,PS,True,False,False
389,596199,10,10-11,PS,True,False,False
389,596199,11,11-12,PS,True,False,False
389,596199,12,12-13,PS,True,False,False
389,596199,13,13-14,PS,True,False,False
389,596199,14,14-15,PS,True,False,False
389,596199,15,15-16,PS,True,False,False
389,596199,16,16-17,PS,True,False,False
389,596199,17,17-18,PS,True,False,False
389,596199,18,18-19,PS,True,False,False
389,596199,19,19-20,PS,True,False,False
390,596200,1,1-2,PS,True,False,False
390,596200,2,2-3,PS,True,False,False
390,596200,3,3-4,PS,True,False,False
390,596200,4,4-5,PS,True,False,False
390,596200,5,5-6,PS,True,False,False
390,596200,6,6-7,PS,True,False,False
390,596200,7,7-8,PS,True,False,False
390,596200,8,8-9,PS,True,False,False
390,596200,9,9-10,PS,True,False,False
390,596200,10,10-11,PS,True,False,False
390,596200,11,11-12,PS,True,False,False
390,596200,12,12-13,PS,True,False,False
390,596200,13,13-14,PS,True,False,False
390,596200,14,14-15,PS,True,False,False
390,596200,15,15-16,PS,True,False,False
390,596200,16,16-17,PS,True,False,False
390,596200,17,17-18,PS,True,False,False
390,596200,18,18-19,PS,True,False,False
390,596200,19,19-20,PS,True,False,False
391,596201,1,1-2,PS,True,False,False
391,596201,2,2-3,PS,True,False,False
391,596201,3,3-4,PS,True,False,False
391,596201,4,4-5,PS,True,False,False
391,596201,5,5-6,PS,True,False,False
391,596201,6,6-7,PS,True,False,False
391,596201,7,7-8,PS,True,False,False
391,596201,8,8-9,PS,True,False,False
391,596201,9,9-10,PS,True,False,False
391,596201,10,10-11,PS,True,False,False
391,596201,11,11-12,PS,True,False,False
391,596201,12,12-13,PS,True,False,False
391,596201,13,13-14,PS,True,False,False
391,596201,14,14-15,PS,True,False,False
391,596201,15,15-16,PS,True,False,False
391,596201,16,16-17,PS,True,False,False
391,596201,17,17-18,PS,True,False,False
391,596201,18,18-19,PS,True,False,False
391,596201,19,19-20,PS,True,False,False
392,596202,1,1-2,PS,True,False,False
392,596202,2,2-3,PS,True,False,False
392,596202,3,3-4,PS,True,False,False
392,596202,4,4-5,PS,True,False,False
392,596202,5,5-6,PS,True,False,False
392,596202,6,6-7,PS,True,False,False
392,596202,7,7-8,PS,True,False,False
392,596202,8,8-9,PS,True,False,False
392,596202,9,9-10,PS,True,False,False
392,596202,10,10-11,PS,True,False,False
392,596202,11,11-12,PS,True,False,False
392,596202,12,12-13,PS,True,False,False
392,596202,13,13-14,PS,True,False,False
392,596202,14,14-15,PS,True,False,False
392,596202,15,15-16,PS,True,False,False
392,596202,16,16-17,PS,True,False,False
392,596202,17,17-18,PS,True,False,False
392,596202,18,18-19,PS,True,False,False
392,596202,19,19-20,PS,True,False,False
393,596203,1,1-2,PS,True,False,False
393,596203,2,2-3,PS,True,False,False
393,596203,3,3-4,PS,True,False,False
393,596203,4,4-5,PS,True,False,False
393,596203,5,5-6,PS,True,False,False
393,596203,6,6-7,PS,True,False,False
393,596203,7,7-8,PS,True,False,False
393,596203,8,8-9,PS,True,False,False
393,596203,9,9-10,PS,True,False,False
393,596203,10,10-11,PS,True,False,False
393,596203,11,11-12,PS,True,False,False
393,596203,12,12-13,PS,True,False,False
393,596203,13,13-14,PS,True,False,False
393,596203,14,14-15,PS,True,False,False
393,596203,15,15-16,PS,True,False,False
393,596203,16,16-17,PS,True,False,False
393,596203,17,17-18,PS,True,False,False
393,596203,18,18-19,PS,True,False,False
393,596203,19,19-20,PS,True,False,False
394,596204,1,1-2,PS,True,False,False
394,596204,2,2-3,PS,True,False,False
394,596204,3,3-4,PS,True,False,False
394,596204,4,4-5,PS,True,False,False
394,596204,5,5-6,PS,True,False,False
394,596204,6,6-7,PS,True,False,False
394,596204,7,7-8,PS,True,False,False
394,596204,8,8-9,PS,True,False,False
394,596204,9,9-10,PS,True,False,False
394,596204,10,10-11,PS,True,False,False
394,596204,11,11-12,PS,True,False,False
394,596204,12,12-13,PS,True,False,False
394,596204,13,13-14,PS,True,False,False
394,596204,14,14-15,PS,True,False,False
394,596204,15,15-16,PS,True,False,False
394,596204,16,16-17,PS,True,False,False
394,596204,17,17-18,PS,True,False,False
394,596204,18,18-19,PS,True,False,False
394,596204,19,19-20,PS,True,False,False
395,596205,1,1-2,PS,True,False,False
395,596205,2,2-3,PS,True,False,False
395,596205,3,3-4,PS,True,False,False
395,596205,4,4-5,PS,True,False,False
395,596205,5,5-6,PS,True,False,False
395,596205,6,6-7,PS,True,False,False
395,596205,7,7-8,PS,True,False,False
395,596205,8,8-9,PS,True,False,False
395,596205,9,9-10,PS,True,False,False
395,596205,10,10-11,PS,True,False,False
395,596205,11,11-12,PS,True,False,False
395,596205,12,12-13,PS,True,False,False
395,596205,13,13-14,PS,True,False,False
395,596205,14,14-15,PS,True,False,False
395,596205,15,15-16,PS,True,False,False
395,596205,16,16-17,PS,True,False,False
395,596205,17,17-18,PS,True,False,False
395,596205,18,18-19,PS,True,False,False
395,596205,19,19-20,PS,True,False,False
396,596206,1,1-2,PS,True,False,False
396,596206,2,2-3,PS,True,False,False
396,596206,3,3-4,PS,True,False,False
396,596206,4,4-5,PS,True,False,False
396,596206,5,5-6,PS,True,False,False
396,596206,6,6-7,PS,True,False,False
396,596206,7,7-8,PS,True,False,False
396,596206,8,8-9,PS,True,False,False
396,596206,9,9-10,PS,True,False,False
396,596206,10,10-11,PS,True,False,False
396,596206,11,11-12,PS,True,False,False
396,596206,12,12-13,PS,True,False,False
396,596206,13,13-14,PS,True,False,False
396,596206,14,14-15,PS,True,False,False
396,596206,15,15-16,PS,True,False,False
396,596206,16,16-17,PS,True,False,False
396,596206,17,17-18,PS,True,False,False
396,596206,18,18-19,PS,True,False,False
396,596206,19,19-20,PS,True,False,False
397,596207,1,1-2,PS,True,False,False
397,596207,2,2-3,PS,True,False,False
397,596207,3,3-4,PS,True,False,False
397,596207,4,4-5,PS,True,False,False
397,596207,5,5-6,PS,True,False,False
397,596207,6,6-7,PS,True,False,False
397,596207,7,7-8,PS,True,False,False
397,596207,8,8-9,PS,True,False,False
397,596207,9,9-10,PS,True,False,False
397,596207,10,10-11,PS,True,False,False
397,596207,11,11-12,PS,True,False,False
397,596207,12,12-13,PS,True,False,False
397,596207,13,13-14,PS,True,False,False
397,596207,14,14-15,PS,True,False,False
397,596207,15,15-16,PS,True,False,False
397,596207,16,16-17,PS,True,False,False
397,596207,17,17-18,PS,True,False,False
397,596207,18,18-19,PS,True,False,False
397,596207,19,19-20,PS,True,False,False
398,596208,1,1-2,PS,True,False,False
398,596208,2,2-3,PS,True,False,False
398,596208,3,3-4,PS,True,False,False
398,596208,4,4-5,PS,True,False,False
398,596208,5,5-6,PS,True,False,False
398,596208,6,6-7,PS,True,False,False
398,596208,7,7-8,PS,True,False,False
398,596208,8,8-9,PS,True,False,False
398,596208,9,9-10,PS,True,False,False
398,596208,10,10-11,PS,True,False,False
398,596208,11,11-12,PS,True,False,False
398,596208,12,12-13,PS,True,False,False
398,596208,13,13-14,PS,True,False,False
398,596208,14,14-15,PS,True,False,False
398,596208,15,15-16,PS,True,False,False
398,596208,16,16-17,PS,True,False,False
398,596208,17,17-18,PS,True,False,False
398,596208,18,18-19,PS,True,False,False
398,596208,19,19-20,PS,True,False,False
399,596209,1,1-2,PS,True,False,False
399,596209,2,2-3,PS,True,False,False
399,596209,3,3-4,PS,True,False,False
399,596209,4,4-5,PS,True,False,False
399,596209,5,5-6,PS,True,False,False
399,596209,6,6-7,PS,True,False,False
399,596209,7,7-8,PS,True,False,False
399,596209,8,8-9,PS,True,False,False
399,596209,9,9-10,PS,True,False,False
399,596209,10,10-11,PS,True,False,False
399,596209,11,11-12,PS,True,False,False
399,596209,12,12-13,PS,True,False,False
399,596209,13,13-14,PS,True,False,False
399,596209,14,14-15,PS,True,False,False
399,596209,15,15-16,PS,True,False,False
399,596209,16,16-17,PS,True,False,False
399,596209,17,17-18,PS,True,False,False
399,596209,18,18-19,PS,True,False,False
399,596209,19,19-20,PS,True,False,False
400,596210,1,1-2,PS,True,False,False
400,596210,2,2-3,PS,True,False,False
400,596210,3,3-4,PS,True,False,False
400,596210,4,4-5,PS,True,False,False
400,596210,5,5-6,PS,True,False,False
400,596210,6,6-7,PS,True,False,False
400,596210,7,7-8,PS,True,False,False
400,596210,8,8-9,PS,True,False,False
400,596210,9,9-10,PS,True,False,False
400,596210,10,10-11,PS,True,False,False
400,596210,11,11-12,PS,True,False,False
400,596210,12,12-13,PS,True,False,False
400,596210,13,13-14,PS,True,False,False
400,596210,14,14-15,PS,True,False,False
400,596210,15,15-16,PS,True,False,False
400,596210,16,16-17,PS,True,False,False
400,596210,17,17-18,PS,True,False,False
400,596210,18,18-19,PS,True,False,False
400,596210,19,19-20,PS,True,False,False
401,596211,1,1-2,PS,True,False,False
401,596211,2,2-3,PS,True,False,False
401,596211,3,3-4,PS,True,False,False
401,596211,4,4-5,PS,True,False,False
401,596211,5,5-6,PS,True,False,False
401,596211,6,6-7,PS,True,False,False
401,596211,7,7-8,PS,True,False,False
401,596211,8,8-9,PS,True,False,False
401,596211,9,9-10,PS,True,False,False
401,596211,10,10-11,PS,True,False,False
401,596211,11,11-12,PS,True,False,False
401,596211,12,12-13,PS,True,False,False
401,596211,13,13-14,PS,True,False,False
401,596211,14,14-15,PS,True,False,False
401,596211,15,15-16,PS,True,False,False
401,596211,16,16-17,PS,True,False,False
401,596211,17,17-18,PS,True,False,False
401,596211,18,18-19,PS,True,False,False
401,596211,19,19-20,PS,True,False,False
402,596212,1,1-2,PS,True,False,False
402,596212,2,2-3,PS,True,False,False
402,596212,3,3-4,PS,True,False,False
402,596212,4,4-5,PS,True,False,False
402,596212,5,5-6,PS,True,False,False
402,596212,6,6-7,PS,True,False,False
402,596212,7,7-8,PS,True,False,False
402,596212,8,8-9,PS,True,False,False
402,596212,9,9-10,PS,True,False,False
402,596212,10,10-11,PS,True,False,False
402,596212,11,11-12,PS,True,False,False
402,596212,12,12-13,PS,True,False,False
402,596212,13,13-14,PS,True,False,False
402,596212,14,14-15,PS,True,False,False
402,596212,15,15-16,PS,True,False,False
402,596212,16,16-17,PS,True,False,False
402,596212,17,17-18,PS,True,False,False
402,596212,18,18-19,PS,True,False,False
402,596212,19,19-20,PS,True,False,False
403,596213,1,1-2,PS,True,False,False
403,596213,2,2-3,PS,True,False,False
403,596213,3,3-4,PS,True,False,False
403,596213,4,4-5,PS,True,False,False
403,596213,5,5-6,PS,True,False,False
403,596213,6,6-7,PS,True,False,False
403,596213,7,7-8,PS,True,False,False
403,596213,8,8-9,PS,True,False,False
403,596213,9,9-10,PS,True,False,False
403,596213,10,10-11,PS,True,False,False
403,596213,11,11-12,PS,True,False,False
403,596213,12,12-13,PS,True,False,False
403,596213,13,13-14,PS,True,False,False
403,596213,14,14-15,PS,True,False,False
403,596213,15,15-16,PS,True,False,False
403,596213,16,16-17,PS,True,False,False
403,596213,17,17-18,PS,True,False,False
403,596213,18,18-19,PS,True,False,False
403,596213,19,19-20,PS,True,False,False
404,596214,1,1-2,PS,True,False,False
404,596214,2,2-3,PS,True,False,False
404,596214,3,3-4,PS,True,False,False
404,596214,4,4-5,PS,True,False,False
404,596214,5,5-6,PS,True,False,False
404,596214,6,6-7,PS,True,False,False
404,596214,7,7-8,PS,True,False,False
404,596214,8,8-9,PS,True,False,False
404,596214,9,9-10,PS,True,False,False
404,596214,10,10-11,PS,True,False,False
404,596214,11,11-12,PS,True,False,False
404,596214,12,12-13,PS,True,False,False
404,596214,13,13-14,PS,True,False,False
404,596214,14,14-15,PS,True,False,False
404,596214,15,15-16,PS,True,False,False
404,596214,16,16-17,PS,True,False,False
404,596214,17,17-18,PS,True,False,False
404,596214,18,18-19,PS,True,False,False
404,596214,19,19-20,PS,True,False,False
405,596215,1,1-2,PS,True,False,False
405,596215,2,2-3,PS,True,False,False
405,596215,3,3-4,PS,True,False,False
405,596215,4,4-5,PS,True,False,False
405,596215,5,5-6,PS,True,False,False
405,596215,6,6-7,PS,True,False,False
405,596215,7,7-8,PS,True,False,False
405,596215,8,8-9,PS,True,False,False
405,596215,9,9-10,PS,True,False,False
405,596215,10,10-11,PS,True,False,False
405,596215,11,11-12,PS,True,False,False
405,596215,12,12-13,PS,True,False,False
405,596215,13,13-14,PS,True,False,False
405,596215,14,14-15,PS,True,False,False
405,596215,15,15-16,PS,True,False,False
405,596215,16,16-17,PS,True,False,False
405,596215,17,17-18,PS,True,False,False
405,596215,18,18-19,PS,True,False,False
405,596215,19,19-20,PS,True,False,False
406,596216,1,1-2,PS,True,False,False
406,596216,2,2-3,PS,True,False,False
406,596216,3,3-4,PS,True,False,False
406,596216,4,4-5,PS,True,False,False
406,596216,5,5-6,PS,True,False,False
406,596216,6,6-7,PS,True,False,False
406,596216,7,7-8,PS,True,False,False
406,596216,8,8-9,PS,True,False,False
406,596216,9,9-10,PS,True,False,False
406,596216,10,10-11,PS,True,False,False
406,596216,11,11-12,PS,True,False,False
406,596216,12,12-13,PS,True,False,False
406,596216,13,13-14,PS,True,False,False
406,596216,14,14-15,PS,True,False,False
406,596216,15,15-16,PS,True,False,False
406,596216,16,16-17,PS,True,False,False
406,596216,17,17-18,PS,True,False,False
406,596216,18,18-19,PS,True,False,False
406,596216,19,19-20,PS,True,False,False
407,596217,1,1-2,PS,True,False,False
407,596217,2,2-3,PS,True,False,False
407,596217,3,3-4,PS,True,False,False
407,596217,4,4-5,PS,True,False,False
407,596217,5,5-6,PS,True,False,False
407,596217,6,6-7,PS,True,False,False
407,596217,7,7-8,PS,True,False,False
407,596217,8,8-9,PS,True,False,False
407,596217,9,9-10,PS,True,False,False
407,596217,10,10-11,PS,True,False,False
407,596217,11,11-12,PS,True,False,False
407,596217,12,12-13,PS,True,False,False
407,596217,13,13-14,PS,True,False,False
407,596217,14,14-15,PS,True,False,False
407,596217,15,15-16,PS,True,False,False
407,596217,16,16-17,PS,True,False,False
407,596217,17,17-18,PS,True,False,False
407,596217,18,18-19,PS,True,False,False
407,596217,19,19-20,PS,True,False,False
408,596218,1,1-2,PS,True,False,False
408,596218,2,2-3,PS,True,False,False
408,596218,3,3-4,PS,True,False,False
408,596218,4,4-5,PS,True,False,False
408,596218,5,5-6,PS,True,False,False
408,596218,6,6-7,PS,True,False,False
408,596218,7,7-8,PS,True,False,False
408,596218,8,8-9,PS,True,False,False
408,596218,9,9-10,PS,True,False,False
408,596218,10,10-11,PS,True,False,False
408,596218,11,11-12,PS,True,False,False
408,596218,12,12-13,PS,True,False,False
408,596218,13,13-14,PS,True,False,False
408,596218,14,14-15,PS,True,False,False
408,596218,15,15-16,PS,True,False,False
408,596218,16,16-17,PS,True,False,False
408,596218,17,17-18,PS,True,False,False
408,596218,18,18-19,PS,True,False,False
408,596218,19,19-20,PS,True,False,False
409,596219,1,1-2,PS,True,False,False
409,596219,2,2-3,PS,True,False,False
409,596219,3,3-4,PS,True,False,False
409,596219,4,4-5,PS,True,False,False
409,596219,5,5-6,PS,True,False,False
409,596219,6,6-7,PS,True,False,False
409,596219,7,7-8,PS,True,False,False
409,596219,8,8-9,PS,True,False,False
409,596219,9,9-10,PS,True,False,False
409,596219,10,10-11,PS,True,False,False
409,596219,11,11-12,PS,True,False,False
409,596219,12,12-13,PS,True,False,False
409,596219,13,13-14,PS,True,False,False
409,596219,14,14-15,PS,True,False,False
409,596219,15,15-16,PS,True,False,False
409,596219,16,16-17,PS,True,False,False
409,596219,17,17-18,PS,True,False,False
409,596219,18,18-19,PS,True,False,False
409,596219,19,19-20,PS,True,False,False
410,596220,1,1-2,PS,True,False,False
410,596220,2,2-3,PS,True,False,False
410,596220,3,3-4,PS,True,False,False
410,596220,4,4-5,PS,True,False,False
410,596220,5,5-6,PS,True,False,False
410,596220,6,6-7,PS,True,False,False
410,596220,7,7-8,PS,True,False,False
410,596220,8,8-9,PS,True,False,False
410,596220,9,9-10,PS,True,False,False
410,596220,10,10-11,PS,True,False,False
410,596220,11,11-12,PS,True,False,False
410,596220,12,12-13,PS,True,False,False
410,596220,13,13-14,PS,True,False,False
410,596220,14,14-15,PS,True,False,False
410,596220,15,15-16,PS,True,False,False
410,596220,16,16-17,PS,True,False,False
410,596220,17,17-18,PS,True,False,False
410,596220,18,18-19,PS,True,False,False
410,596220,19,19-20,PS,True,False,False
411,596221,1,1-2,PS,True,False,False
411,596221,2,2-3,PS,True,False,False
411,596221,3,3-4,PS,True,False,False
411,596221,4,4-5,PS,True,False,False
411,596221,5,5-6,PS,True,False,False
411,596221,6,6-7,PS,True,False,False
411,596221,7,7-8,PS,True,False,False
411,596221,8,8-9,PS,True,False,False
411,596221,9,9-10,PS,True,False,False
411,596221,10,10-11,PS,True,False,False
411,596221,11,11-12,PS,True,False,False
411,596221,12,12-13,PS,True,False,False
411,596221,13,13-14,PS,True,False,False
411,596221,14,14-15,PS,True,False,False
411,596221,15,15-16,PS,True,False,False
411,596221,16,16-17,PS,True,False,False
411,596221,17,17-18,PS,True,False,False
411,596221,18,18-19,PS,True,False,False
411,596221,19,19-20,PS,True,False,False
412,596222,1,1-2,PS,True,False,False
412,596222,2,2-3,PS,True,False,False
412,596222,3,3-4,PS,True,False,False
412,596222,4,4-5,PS,True,False,False
412,596222,5,5-6,PS,True,False,False
412,596222,6,6-7,PS,True,False,False
412,596222,7,7-8,PS,True,False,False
412,596222,8,8-9,PS,True,False,False
412,596222,9,9-10,PS,True,False,False
412,596222,10,10-11,PS,True,False,False
412,596222,11,11-12,PS,True,False,False
412,596222,12,12-13,PS,True,False,False
412,596222,13,13-14,PS,True,False,False
412,596222,14,14-15,PS,True,False,False
412,596222,15,15-16,PS,True,False,False
412,596222,16,16-17,PS,True,False,False
412,596222,17,17-18,PS,True,False,False
412,596222,18,18-19,PS,True,False,False
412,596222,19,19-20,PS,True,False,False
413,596223,1,1-2,PS,True,False,False
413,596223,2,2-3,PS,True,False,False
413,596223,3,3-4,PS,True,False,False
413,596223,4,4-5,PS,True,False,False
413,596223,5,5-6,PS,True,False,False
413,596223,6,6-7,PS,True,False,False
413,596223,7,7-8,PS,True,False,False
413,596223,8,8-9,PS,True,False,False
413,596223,9,9-10,PS,True,False,False
413,596223,10,10-11,PS,True,False,False
413,596223,11,11-12,PS,True,False,False
413,596223,12,12-13,PS,True,False,False
413,596223,13,13-14,PS,True,False,False
413,596223,14,14-15,PS,True,False,False
413,596223,15,15-16,PS,True,False,False
413,596223,16,16-17,PS,True,False,False
413,596223,17,17-18,PS,True,False,False
413,596223,18,18-19,PS,True,False,False
413,596223,19,19-20,PS,True,False,False
414,596224,1,1-2,PS,True,False,False
414,596224,2,2-3,PS,True,False,False
414,596224,3,3-4,PS,True,False,False
414,596224,4,4-5,PS,True,False,False
414,596224,5,5-6,PS,True,False,False
414,596224,6,6-7,PS,True,False,False
414,596224,7,7-8,PS,True,False,False
414,596224,8,8-9,PS,True,False,False
414,596224,9,9-10,PS,True,False,False
414,596224,10,10-11,PS,True,False,False
414,596224,11,11-12,PS,True,False,False
414,596224,12,12-13,PS,True,False,False
414,596224,13,13-14,PS,True,False,False
414,596224,14,14-15,PS,True,False,False
414,596224,15,15-16,PS,True,False,False
414,596224,16,16-17,PS,True,False,False
414,596224,17,17-18,PS,True,False,False
414,596224,18,18-19,PS,True,False,False
414,596224,19,19-20,PS,True,False,False
415,596225,1,1-2,PS,True,False,False
415,596225,2,2-3,PS,True,False,False
415,596225,3,3-4,PS,True,False,False
415,596225,4,4-5,PS,True,False,False
415,596225,5,5-6,PS,True,False,False
415,596225,6,6-7,PS,True,False,False
415,596225,7,7-8,PS,True,False,False
415,596225,8,8-9,PS,True,False,False
415,596225,9,9-10,PS,True,False,False
415,596225,10,10-11,PS,True,False,False
415,596225,11,11-12,PS,True,False,False
415,596225,12,12-13,PS,True,False,False
415,596225,13,13-14,PS,True,False,False
415,596225,14,14-15,PS,True,False,False
415,596225,15,15-16,PS,True,False,False
415,596225,16,16-17,PS,True,False,False
415,596225,17,17-18,PS,True,False,False
415,596225,18,18-19,PS,True,False,False
415,596225,19,19-20,PS,True,False,False
416,596226,1,1-2,PS,True,False,False
416,596226,2,2-3,PS,True,False,False
416,596226,3,3-4,PS,True,False,False
416,596226,4,4-5,PS,True,False,False
416,596226,5,5-6,PS,True,False,False
416,596226,6,6-7,PS,True,False,False
416,596226,7,7-8,PS,True,False,False
416,596226,8,8-9,PS,True,False,False
416,596226,9,9-10,PS,True,False,False
416,596226,10,10-11,PS,True,False,False
416,596226,11,11-12,PS,True,False,False
416,596226,12,12-13,PS,True,False,False
416,596226,13,13-14,PS,True,False,False
416,596226,14,14-15,PS,True,False,False
416,596226,15,15-16,PS,True,False,False
416,596226,16,16-17,PS,True,False,False
416,596226,17,17-18,PS,True,False,False
416,596226,18,18-19,PS,True,False,False
416,596226,19,19-20,PS,True,False,False
417,596227,1,1-2,PS,True,False,False
417,596227,2,2-3,PS,True,False,False
417,596227,3,3-4,PS,True,False,False
417,596227,4,4-5,PS,True,False,False
417,596227,5,5-6,PS,True,False,False
417,596227,6,6-7,PS,True,False,False
417,596227,7,7-8,PS,True,False,False
417,596227,8,8-9,PS,True,False,False
417,596227,9,9-10,PS,True,False,False
417,596227,10,10-11,PS,True,False,False
417,596227,11,11-12,PS,True,False,False
417,596227,12,12-13,PS,True,False,False
417,596227,13,13-14,PS,True,False,False
417,596227,14,14-15,PS,True,False,False
417,596227,15,15-16,PS,True,False,False
417,596227,16,16-17,PS,True,False,False
417,596227,17,17-18,PS,True,False,False
417,596227,18,18-19,PS,True,False,False
417,596227,19,19-20,PS,True,False,False
418,596228,1,1-2,PS,True,False,False
418,596228,2,2-3,PS,True,False,False
418,596228,3,3-4,PS,True,False,False
418,596228,4,4-5,PS,True,False,False
418,596228,5,5-6,PS,True,False,False
418,596228,6,6-7,PS,True,False,False
418,596228,7,7-8,PS,True,False,False
418,596228,8,8-9,PS,True,False,False
418,596228,9,9-10,PS,True,False,False
418,596228,10,10-11,PS,True,False,False
418,596228,11,11-12,PS,True,False,False
418,596228,12,12-13,PS,True,False,False
418,596228,13,13-14,PS,True,False,False
418,596228,14,14-15,PS,True,False,False
418,596228,15,15-16,PS,True,False,False
418,596228,16,16-17,PS,True,False,False
418,596228,17,17-18,PS,True,False,False
418,596228,18,18-19,PS,True,False,False
418,596228,19,19-20,PS,True,False,False
419,596229,1,1-2,PS,True,False,False
419,596229,2,2-3,PS,True,False,False
419,596229,3,3-4,PS,True,False,False
419,596229,4,4-5,PS,True,False,False
419,596229,5,5-6,PS,True,False,False
419,596229,6,6-7,PS,True,False,False
419,596229,7,7-8,PS,True,False,False
419,596229,8,8-9,PS,True,False,False
419,596229,9,9-10,PS,True,False,False
419,596229,10,10-11,PS,True,False,False
419,596229,11,11-12,PS,True,False,False
419,596229,12,12-13,PS,True,False,False
419,596229,13,13-14,PS,True,False,False
419,596229,14,14-15,PS,True,False,False
419,596229,15,15-16,PS,True,False,False
419,596229,16,16-17,PS,True,False,False
419,596229,17,17-18,PS,True,False,False
419,596229,18,18-19,PS,True,False,False
419,596229,19,19-20,PS,True,False,False
420,596230,1,1-2,PS,True,False,False
420,596230,2,2-3,PS,True,False,False
420,596230,3,3-4,PS,True,False,False
420,596230,4,4-5,PS,True,False,False
420,596230,5,5-6,PS,True,False,False
420,596230,6,6-7,PS,True,False,False
420,596230,7,7-8,PS,True,False,False
420,596230,8,8-9,PS,True,False,False
420,596230,9,9-10,PS,True,False,False
420,596230,10,10-11,PS,True,False,False
420,596230,11,11-12,PS,True,False,False
420,596230,12,12-13,PS,True,False,False
420,596230,13,13-14,PS,True,False,False
420,596230,14,14-15,PS,True,False,False
420,596230,15,15-16,PS,True,False,False
420,596230,16,16-17,PS,True,False,False
420,596230,17,17-18,PS,True,False,False
420,596230,18,18-19,PS,True,False,False
420,596230,19,19-20,PS,True,False,False
421,596231,1,1-2,PS,True,False,False
421,596231,2,2-3,PS,True,False,False
421,596231,3,3-4,PS,True,False,False
421,596231,4,4-5,PS,True,False,False
421,596231,5,5-6,PS,True,False,False
421,596231,6,6-7,PS,True,False,False
421,596231,7,7-8,PS,True,False,False
421,596231,8,8-9,PS,True,False,False
421,596231,9,9-10,PS,True,False,False
421,596231,10,10-11,PS,True,False,False
421,596231,11,11-12,PS,True,False,False
421,596231,12,12-13,PS,True,False,False
421,596231,13,13-14,PS,True,False,False
421,596231,14,14-15,PS,True,False,False
421,596231,15,15-16,PS,True,False,False
421,596231,16,16-17,PS,True,False,False
421,596231,17,17-18,PS,True,False,False
421,596231,18,18-19,PS,True,False,False
421,596231,19,19-20,PS,True,False,False
422,596232,1,1-2,PS,True,False,False
422,596232,2,2-3,PS,True,False,False
422,596232,3,3-4,PS,True,False,False
422,596232,4,4-5,PS,True,False,False
422,596232,5,5-6,PS,True,False,False
422,596232,6,6-7,PS,True,False,False
422,596232,7,7-8,PS,True,False,False
422,596232,8,8-9,PS,True,False,False
422,596232,9,9-10,PS,True,False,False
422,596232,10,10-11,PS,True,False,False
422,596232,11,11-12,PS,True,False,False
422,596232,12,12-13,PS,True,False,False
422,596232,13,13-14,PS,True,False,False
422,596232,14,14-15,PS,True,False,False
422,596232,15,15-16,PS,True,False,False
422,596232,16,16-17,PS,True,False,False
422,596232,17,17-18,PS,True,False,False
422,596232,18,18-19,PS,True,False,False
422,596232,19,19-20,PS,True,False,False
423,596233,1,1-2,PS,True,False,False
423,596233,2,2-3,PS,True,False,False
423,596233,3,3-4,PS,True,False,False
423,596233,4,4-5,PS,True,False,False
423,596233,5,5-6,PS,True,False,False
423,596233,6,6-7,PS,True,False,False
423,596233,7,7-8,PS,True,False,False
423,596233,8,8-9,PS,True,False,False
423,596233,9,9-10,PS,True,False,False
423,596233,10,10-11,PS,True,False,False
423,596233,11,11-12,PS,True,False,False
423,596233,12,12-13,PS,True,False,False
423,596233,13,13-14,PS,True,False,False
423,596233,14,14-15,PS,True,False,False
423,596233,15,15-16,PS,True,False,False
423,596233,16,16-17,PS,True,False,False
423,596233,17,17-18,PS,True,False,False
423,596233,18,18-19,PS,True,False,False
423,596233,19,19-20,PS,True,False,False
424,596234,1,1-2,PS,True,False,False
424,596234,2,2-3,PS,True,False,False
424,596234,3,3-4,PS,True,False,False
424,596234,4,4-5,PS,True,False,False
424,596234,5,5-6,PS,True,False,False
424,596234,6,6-7,PS,True,False,False
424,596234,7,7-8,PS,True,False,False
424,596234,8,8-9,PS,True,False,False
424,596234,9,9-10,PS,True,False,False
424,596234,10,10-11,PS,True,False,False
424,596234,11,11-12,PS,True,False,False
424,596234,12,12-13,PS,True,False,False
424,596234,13,13-14,PS,True,False,False
424,596234,14,14-15,PS,True,False,False
424,596234,15,15-16,PS,True,False,False
424,596234,16,16-17,PS,True,False,False
424,596234,17,17-18,PS,True,False,False
424,596234,18,18-19,PS,True,False,False
424,596234,19,19-20,PS,True,False,False
425,596235,1,1-2,PS,True,False,False
425,596235,2,2-3,PS,True,False,False
425,596235,3,3-4,PS,True,False,False
425,596235,4,4-5,PS,True,False,False
425,596235,5,5-6,PS,True,False,False
425,596235,6,6-7,PS,True,False,False
425,596235,7,7-8,PS,True,False,False
425,596235,8,8-9,PS,True,False,False
425,596235,9,9-10,PS,True,False,False
425,596235,10,10-11,PS,True,False,False
425,596235,11,11-12,PS,True,False,False
425,596235,12,12-13,PS,True,False,False
425,596235,13,13-14,PS,True,False,False
425,596235,14,14-15,PS,True,False,False
425,596235,15,15-16,PS,True,False,False
425,596235,16,16-17,PS,True,False,False
425,596235,17,17-18,PS,True,False,False
425,596235,18,18-19,PS,True,False,False
425,596235,19,19-20,PS,True,False,False
426,596236,1,1-2,PS,True,False,False
426,596236,2,2-3,PS,True,False,False
426,596236,3,3-4,PS,True,False,False
426,596236,4,4-5,PS,True,False,False
426,596236,5,5-6,PS,True,False,False
426,596236,6,6-7,PS,True,False,False
426,596236,7,7-8,PS,True,False,False
426,596236,8,8-9,PS,True,False,False
426,596236,9,9-10,PS,True,False,False
426,596236,10,10-11,PS,True,False,False
426,596236,11,11-12,PS,True,False,False
426,596236,12,12-13,PS,True,False,False
426,596236,13,13-14,PS,True,False,False
426,596236,14,14-15,PS,True,False,False
426,596236,15,15-16,PS,True,False,False
426,596236,16,16-17,PS,True,False,False
426,596236,17,17-18,PS,True,False,False
426,596236,18,18-19,PS,True,False,False
426,596236,19,19-20,PS,True,False,False
427,596237,1,1-2,PS,True,False,False
427,596237,2,2-3,PS,True,False,False
427,596237,3,3-4,PS,True,False,False
427,596237,4,4-5,PS,True,False,False
427,596237,5,5-6,PS,True,False,False
427,596237,6,6-7,PS,True,False,False
427,596237,7,7-8,PS,True,False,False
427,596237,8,8-9,PS,True,False,False
427,596237,9,9-10,PS,True,False,False
427,596237,10,10-11,PS,True,False,False
427,596237,11,11-12,PS,True,False,False
427,596237,12,12-13,PS,True,False,False
427,596237,13,13-14,PS,True,False,False
427,596237,14,14-15,PS,True,False,False
427,596237,15,15-16,PS,True,False,False
427,596237,16,16-17,PS,True,False,False
427,596237,17,17-18,PS,True,False,False
427,596237,18,18-19,PS,True,False,False
427,596237,19,19-20,PS,True,False,False
428,596238,1,1-2,PS,True,False,False
428,596238,2,2-3,PS,True,False,False
428,596238,3,3-4,PS,True,False,False
428,596238,4,4-5,PS,True,False,False
428,596238,5,5-6,PS,True,False,False
428,596238,6,6-7,PS,True,False,False
428,596238,7,7-8,PS,True,False,False
428,596238,8,8-9,PS,True,False,False
428,596238,9,9-10,PS,True,False,False
428,596238,10,10-11,PS,True,False,False
428,596238,11,11-12,PS,True,False,False
428,596238,12,12-13,PS,True,False,False
428,596238,13,13-14,PS,True,False,False
428,596238,14,14-15,PS,True,False,False
428,596238,15,15-16,PS,True,False,False
428,596238,16,16-17,PS,True,False,False
428,596238,17,17-18,PS,True,False,False
428,596238,18,18-19,PS,True,False,False
428,596238,19,19-20,PS,True,False,False
429,596239,1,1-2,PS,True,False,False
429,596239,2,2-3,PS,True,False,False
429,596239,3,3-4,PS,True,False,False
429,596239,4,4-5,PS,True,False,False
429,596239,5,5-6,PS,True,False,False
429,596239,6,6-7,PS,True,False,False
429,596239,7,7-8,PS,True,False,False
429,596239,8,8-9,PS,True,False,False
429,596239,9,9-10,PS,True,False,False
429,596239,10,10-11,PS,True,False,False
429,596239,11,11-12,PS,True,False,False
429,596239,12,12-13,PS,True,False,False
429,596239,13,13-14,PS,True,False,False
429,596239,14,14-15,PS,True,False,False
429,596239,15,15-16,PS,True,False,False
429,596239,16,16-17,PS,True,False,False
429,596239,17,17-18,PS,True,False,False
429,596239,18,18-19,PS,True,False,False
429,596239,19,19-20,PS,True,False,False
430,596240,1,1-2,PS,True,False,False
430,596240,2,2-3,PS,True,False,False
430,596240,3,3-4,PS,True,False,False
430,596240,4,4-5,PS,True,False,False
430,596240,5,5-6,PS,True,False,False
430,596240,6,6-7,PS,True,False,False
430,596240,7,7-8,PS,True,False,False
430,596240,8,8-9,PS,True,False,False
430,596240,9,9-10,PS,True,False,False
430,596240,10,10-11,PS,True,False,False
430,596240,11,11-12,PS,True,False,False
430,596240,12,12-13,PS,True,False,False
430,596240,13,13-14,PS,True,False,False
430,596240,14,14-15,PS,True,False,False
430,596240,15,15-16,PS,True,False,False
430,596240,16,16-17,PS,True,False,False
430,596240,17,17-18,PS,True,False,False
430,596240,18,18-19,PS,True,False,False
430,596240,19,19-20,PS,True,False,False
431,596241,1,1-2,PS,True,False,False
431,596241,2,2-3,PS,True,False,False
431,596241,3,3-4,PS,True,False,False
431,596241,4,4-5,PS,True,False,False
431,596241,5,5-6,PS,True,False,False
431,596241,6,6-7,PS,True,False,False
431,596241,7,7-8,PS,True,False,False
431,596241,8,8-9,PS,True,False,False
431,596241,9,9-10,PS,True,False,False
431,596241,10,10-11,PS,True,False,False
431,596241,11,11-12,PS,True,False,False
431,596241,12,12-13,PS,True,False,False
431,596241,13,13-14,PS,True,False,False
431,596241,14,14-15,PS,True,False,False
431,596241,15,15-16,PS,True,False,False
431,596241,16,16-17,PS,True,False,False
431,596241,17,17-18,PS,True,False,False
431,596241,18,18-19,PS,True,False,False
431,596241,19,19-20,PS,True,False,False
432,596242,1,1-2,PS,True,False,False
432,596242,2,2-3,PS,True,False,False
432,596242,3,3-4,PS,True,False,False
432,596242,4,4-5,PS,True,False,False
432,596242,5,5-6,PS,True,False,False
432,596242,6,6-7,PS,True,False,False
432,596242,7,7-8,PS,True,False,False
432,596242,8,8-9,PS,True,False,False
432,596242,9,9-10,PS,True,False,False
432,596242,10,10-11,PS,True,False,False
432,596242,11,11-12,PS,True,False,False
432,596242,12,12-13,PS,True,False,False
432,596242,13,13-14,PS,True,False,False
432,596242,14,14-15,PS,True,False,False
432,596242,15,15-16,PS,True,False,False
432,596242,16,16-17,PS,True,False,False
432,596242,17,17-18,PS,True,False,False
432,596242,18,18-19,PS,True,False,False
432,596242,19,19-20,PS,True,False,False
433,596243,1,1-2,PS,True,False,False
433,596243,2,2-3,PS,True,False,False
433,596243,3,3-4,PS,True,False,False
433,596243,4,4-5,PS,True,False,False
433,596243,5,5-6,PS,True,False,False
433,596243,6,6-7,PS,True,False,False
433,596243,7,7-8,PS,True,False,False
433,596243,8,8-9,PS,True,False,False
433,596243,9,9-10,PS,True,False,False
433,596243,10,10-11,PS,True,False,False
433,596243,11,11-12,PS,True,False,False
433,596243,12,12-13,PS,True,False,False
433,596243,13,13-14,PS,True,False,False
433,596243,14,14-15,PS,True,False,False
433,596243,15,15-16,PS,True,False,False
433,596243,16,16-17,PS,True,False,False
433,596243,17,17-18,PS,True,False,False
433,596243,18,18-19,PS,True,False,False
433,596243,19,19-20,PS,True,False,False
434,596244,1,1-2,PS,True,False,False
434,596244,2,2-3,PS,True,False,False
434,596244,3,3-4,PS,True,False,False
434,596244,4,4-5,PS,True,False,False
434,596244,5,5-6,PS,True,False,False
434,596244,6,6-7,PS,True,False,False
434,596244,7,7-8,PS,True,False,False
434,596244,8,8-9,PS,True,False,False
434,596244,9,9-10,PS,True,False,False
434,596244,10,10-11,PS,True,False,False
434,596244,11,11-12,PS,True,False,False
434,596244,12,12-13,PS,True,False,False
434,596244,13,13-14,PS,True,False,False
434,596244,14,14-15,PS,True,False,False
434,596244,15,15-16,PS,True,False,False
434,596244,16,16-17,PS,True,False,False
434,596244,17,17-18,PS,True,False,False
434,596244,18,18-19,PS,True,False,False
434,596244,19,19-20,PS,True,False,False
435,596245,1,1-2,PS,True,False,False
435,596245,2,2-3,PS,True,False,False
435,596245,3,3-4,PS,True,False,False
435,596245,4,4-5,PS,True,False,False
435,596245,5,5-6,PS,True,False,False
435,596245,6,6-7,PS,True,False,False
435,596245,7,7-8,PS,True,False,False
435,596245,8,8-9,PS,True,False,False
435,596245,9,9-10,PS,True,False,False
435,596245,10,10-11,PS,True,False,False
435,596245,11,11-12,PS,True,False,False
435,596245,12,12-13,PS,True,False,False
435,596245,13,13-14,PS,True,False,False
435,596245,14,14-15,PS,True,False,False
435,596245,15,15-16,PS,True,False,False
435,596245,16,16-17,PS,True,False,False
435,596245,17,17-18,PS,True,False,False
435,596245,18,18-19,PS,True,False,False
435,596245,19,19-20,PS,True,False,False
436,596246,1,1-2,PS,True,False,False
436,596246,2,2-3,PS,True,False,False
436,596246,3,3-4,PS,True,False,False
436,596246,4,4-5,PS,True,False,False
436,596246,5,5-6,PS,True,False,False
436,596246,6,6-7,PS,True,False,False
436,596246,7,7-8,PS,True,False,False
436,596246,8,8-9,PS,True,False,False
436,596246,9,9-10,PS,True,False,False
436,596246,10,10-11,PS,True,False,False
436,596246,11,11-12,PS,True,False,False
436,596246,12,12-13,PS,True,False,False
436,596246,13,13-14,PS,True,False,False
436,596246,14,14-15,PS,True,False,False
436,596246,15,15-16,PS,True,False,False
436,596246,16,16-17,PS,True,False,False
436,596246,17,17-18,PS,True,False,False
436,596246,18,18-19,PS,True,False,False
436,596246,19,19-20,PS,True,False,False
437,596247,1,1-2,PS,True,False,False
437,596247,2,2-3,PS,True,False,False
437,596247,3,3-4,PS,True,False,False
437,596247,4,4-5,PS,True,False,False
437,596247,5,5-6,PS,True,False,False
437,596247,6,6-7,PS,True,False,False
437,596247,7,7-8,PS,True,False,False
437,596247,8,8-9,PS,True,False,False
437,596247,9,9-10,PS,True,False,False
437,596247,10,10-11,PS,True,False,False
437,596247,11,11-12,PS,True,False,False
437,596247,12,12-13,PS,True,False,False
437,596247,13,13-14,PS,True,False,False
437,596247,14,14-15,PS,True,False,False
437,596247,15,15-16,PS,True,False,False
437,596247,16,16-17,PS,True,False,False
437,596247,17,17-18,PS,True,False,False
437,596247,18,18-19,PS,True,False,False
437,596247,19,19-20,PS,True,False,False
438,596248,1,1-2,PS,True,False,False
438,596248,2,2-3,PS,True,False,False
438,596248,3,3-4,PS,True,False,False
438,596248,4,4-5,PS,True,False,False
438,596248,5,5-6,PS,True,False,False
438,596248,6,6-7,PS,True,False,False
438,596248,7,7-8,PS,True,False,False
438,596248,8,8-9,PS,True,False,False
438,596248,9,9-10,PS,True,False,False
438,596248,10,10-11,PS,True,False,False
438,596248,11,11-12,PS,True,False,False
438,596248,12,12-13,PS,True,False,False
438,596248,13,13-14,PS,True,False,False
438,596248,14,14-15,PS,True,False,False
438,596248,15,15-16,PS,True,False,False
438,596248,16,16-17,PS,True,False,False
438,596248,17,17-18,PS,True,False,False
438,596248,18,18-19,PS,True,False,False
438,596248,19,19-20,PS,True,False,False
439,596249,1,1-2,PS,True,False,False
439,596249,2,2-3,PS,True,False,False
439,596249,3,3-4,PS,True,False,False
439,596249,4,4-5,PS,True,False,False
439,596249,5,5-6,PS,True,False,False
439,596249,6,6-7,PS,True,False,False
439,596249,7,7-8,PS,True,False,False
439,596249,8,8-9,PS,True,False,False
439,596249,9,9-10,PS,True,False,False
439,596249,10,10-11,PS,True,False,False
439,596249,11,11-12,PS,True,False,False
439,596249,12,12-13,PS,True,False,False
439,596249,13,13-14,PS,True,False,False
439,596249,14,14-15,PS,True,False,False
439,596249,15,15-16,PS,True,False,False
439,596249,16,16-17,PS,True,False,False
439,596249,17,17-18,PS,True,False,False
439,596249,18,18-19,PS,True,False,False
439,596249,19,19-20,PS,True,False,False
440,596250,1,1-2,PS,True,False,False
440,596250,2,2-3,PS,True,False,False
440,596250,3,3-4,PS,True,False,False
440,596250,4,4-5,PS,True,False,False
440,596250,5,5-6,PS,True,False,False
440,596250,6,6-7,PS,True,False,False
440,596250,7,7-8,PS,True,False,False
440,596250,8,8-9,PS,True,False,False
440,596250,9,9-10,PS,True,False,False
440,596250,10,10-11,PS,True,False,False
440,596250,11,11-12,PS,True,False,False
440,596250,12,12-13,PS,True,False,False
440,596250,13,13-14,PS,True,False,False
440,596250,14,14-15,PS,True,False,False
440,596250,15,15-16,PS,True,False,False
440,596250,16,16-17,PS,True,False,False
440,596250,17,17-18,PS,True,False,False
440,596250,18,18-19,PS,True,False,False
440,596250,19,19-20,PS,True,False,False
441,596251,1,1-2,PS,True,False,False
441,596251,2,2-3,PS,True,False,False
441,596251,3,3-4,PS,True,False,False
441,596251,4,4-5,PS,True,False,False
441,596251,5,5-6,PS,True,False,False
441,596251,6,6-7,PS,True,False,False
441,596251,7,7-8,PS,True,False,False
441,596251,8,8-9,PS,True,False,False
441,596251,9,9-10,PS,True,False,False
441,596251,10,10-11,PS,True,False,False
441,596251,11,11-12,PS,True,False,False
441,596251,12,12-13,PS,True,False,False
441,596251,13,13-14,PS,True,False,False
441,596251,14,14-15,PS,True,False,False
441,596251,15,15-16,PS,True,False,False
441,596251,16,16-17,PS,True,False,False
441,596251,17,17-18,PS,True,False,False
441,596251,18,18-19,PS,True,False,False
441,596251,19,19-20,PS,True,False,False
442,596252,1,1-2,PS,True,False,False
442,596252,2,2-3,PS,True,False,False
442,596252,3,3-4,PS,True,False,False
442,596252,4,4-5,PS,True,False,False
442,596252,5,5-6,PS,True,False,False
442,596252,6,6-7,PS,True,False,False
442,596252,7,7-8,PS,True,False,False
442,596252,8,8-9,PS,True,False,False
442,596252,9,9-10,PS,True,False,False
442,596252,10,10-11,PS,True,False,False
442,596252,11,11-12,PS,True,False,False
442,596252,12,12-13,PS,True,False,False
442,596252,13,13-14,PS,True,False,False
442,596252,14,14-15,PS,True,False,False
442,596252,15,15-16,PS,True,False,False
442,596252,16,16-17,PS,True,False,False
442,596252,17,17-18,PS,True,False,False
442,596252,18,18-19,PS,True,False,False
442,596252,19,19-20,PS,True,False,False
443,596253,1,1-2,PS,True,False,False
443,596253,2,2-3,PS,True,False,False
443,596253,3,3-4,PS,True,False,False
443,596253,4,4-5,PS,True,False,False
443,596253,5,5-6,PS,True,False,False
443,596253,6,6-7,PS,True,False,False
443,596253,7,7-8,PS,True,False,False
443,596253,8,8-9,PS,True,False,False
443,596253,9,9-10,PS,True,False,False
443,596253,10,10-11,PS,True,False,False
443,596253,11,11-12,PS,True,False,False
443,596253,12,12-13,PS,True,False,False
443,596253,13,13-14,PS,True,False,False
443,596253,14,14-15,PS,True,False,False
443,596253,15,15-16,PS,True,False,False
443,596253,16,16-17,PS,True,False,False
443,596253,17,17-18,PS,True,False,False
443,596253,18,18-19,PS,True,False,False
443,596253,19,19-20,PS,True,False,False
444,596254,1,1-2,PS,True,False,False
444,596254,2,2-3,PS,True,False,False
444,596254,3,3-4,PS,True,False,False
444,596254,4,4-5,PS,True,False,False
444,596254,5,5-6,PS,True,False,False
444,596254,6,6-7,PS,True,False,False
444,596254,7,7-8,PS,True,False,False
444,596254,8,8-9,PS,True,False,False
444,596254,9,9-10,PS,True,False,False
444,596254,10,10-11,PS,True,False,False
444,596254,11,11-12,PS,True,False,False
444,596254,12,12-13,PS,True,False,False
444,596254,13,13-14,PS,True,False,False
444,596254,14,14-15,PS,True,False,False
444,596254,15,15-16,PS,True,False,False
444,596254,16,16-17,PS,True,False,False
444,596254,17,17-18,PS,True,False,False
444,596254,18,18-19,PS,True,False,False
444,596254,19,19-20,PS,True,False,False
445,596255,1,1-2,PS,True,False,False
445,596255,2,2-3,PS,True,False,False
445,596255,3,3-4,PS,True,False,False
445,596255,4,4-5,PS,True,False,False
445,596255,5,5-6,PS,True,False,False
445,596255,6,6-7,PS,True,False,False
445,596255,7,7-8,PS,True,False,False
445,596255,8,8-9,PS,True,False,False
445,596255,9,9-10,PS,True,False,False
445,596255,10,10-11,PS,True,False,False
445,596255,11,11-12,PS,True,False,False
445,596255,12,12-13,PS,True,False,False
445,596255,13,13-14,PS,True,False,False
445,596255,14,14-15,PS,True,False,False
445,596255,15,15-16,PS,True,False,False
445,596255,16,16-17,PS,True,False,False
445,596255,17,17-18,PS,True,False,False
445,596255,18,18-19,PS,True,False,False
445,596255,19,19-20,PS,True,False,False
446,596256,1,1-2,PS,True,False,False
446,596256,2,2-3,PS,True,False,False
446,596256,3,3-4,PS,True,False,False
446,596256,4,4-5,PS,True,False,False
446,596256,5,5-6,PS,True,False,False
446,596256,6,6-7,PS,True,False,False
446,596256,7,7-8,PS,True,False,False
446,596256,8,8-9,PS,True,False,False
446,596256,9,9-10,PS,True,False,False
446,596256,10,10-11,PS,True,False,False
446,596256,11,11-12,PS,True,False,False
446,596256,12,12-13,PS,True,False,False
446,596256,13,13-14,PS,True,False,False
446,596256,14,14-15,PS,True,False,False
446,596256,15,15-16,PS,True,False,False
446,596256,16,16-17,PS,True,False,False
446,596256,17,17-18,PS,True,False,False
446,596256,18,18-19,PS,True,False,False
446,596256,19,19-20,PS,True,False,False
447,596257,1,1-2,PS,True,False,False
447,596257,2,2-3,PS,True,False,False
447,596257,3,3-4,PS,True,False,False
447,596257,4,4-5,PS,True,False,False
447,596257,5,5-6,PS,True,False,False
447,596257,6,6-7,PS,True,False,False
447,596257,7,7-8,PS,True,False,False
447,596257,8,8-9,PS,True,False,False
447,596257,9,9-10,PS,True,False,False
447,596257,10,10-11,PS,True,False,False
447,596257,11,11-12,PS,True,False,False
447,596257,12,12-13,PS,True,False,False
447,596257,13,13-14,PS,True,False,False
447,596257,14,14-15,PS,True,False,False
447,596257,15,15-16,PS,True,False,False
447,596257,16,16-17,PS,True,False,False
447,596257,17,17-18,PS,True,False,False
447,596257,18,18-19,PS,True,False,False
447,596257,19,19-20,PS,True,False,False
448,596258,1,1-2,PS,True,False,False
448,596258,2,2-3,PS,True,False,False
448,596258,3,3-4,PS,True,False,False
448,596258,4,4-5,PS,True,False,False
448,596258,5,5-6,PS,True,False,False
448,596258,6,6-7,PS,True,False,False
448,596258,7,7-8,PS,True,False,False
448,596258,8,8-9,PS,True,False,False
448,596258,9,9-10,PS,True,False,False
448,596258,10,10-11,PS,True,False,False
448,596258,11,11-12,PS,True,False,False
448,596258,12,12-13,PS,True,False,False
448,596258,13,13-14,PS,True,False,False
448,596258,14,14-15,PS,True,False,False
448,596258,15,15-16,PS,True,False,False
448,596258,16,16-17,PS,True,False,False
448,596258,17,17-18,PS,True,False,False
448,596258,18,18-19,PS,True,False,False
448,596258,19,19-20,PS,True,False,False
449,596259,1,1-2,PS,True,False,False
449,596259,2,2-3,PS,True,False,False
449,596259,3,3-4,PS,True,False,False
449,596259,4,4-5,PS,True,False,False
449,596259,5,5-6,PS,True,False,False
449,596259,6,6-7,PS,True,False,False
449,596259,7,7-8,PS,True,False,False
449,596259,8,8-9,PS,True,False,False
449,596259,9,9-10,PS,True,False,False
449,596259,10,10-11,PS,True,False,False
449,596259,11,11-12,PS,True,False,False
449,596259,12,12-13,PS,True,False,False
449,596259,13,13-14,PS,True,False,False
449,596259,14,14-15,PS,True,False,False
449,596259,15,15-16,PS,True,False,False
449,596259,16,16-17,PS,True,False,False
449,596259,17,17-18,PS,True,False,False
449,596259,18,18-19,PS,True,False,False
449,596259,19,19-20,PS,True,False,False
450,596260,1,1-2,PS,True,False,False
450,596260,2,2-3,PS,True,False,False
450,596260,3,3-4,PS,True,False,False
450,596260,4,4-5,PS,True,False,False
450,596260,5,5-6,PS,True,False,False
450,596260,6,6-7,PS,True,False,False
450,596260,7,7-8,PS,True,False,False
450,596260,8,8-9,PS,True,False,False
450,596260,9,9-10,PS,True,False,False
450,596260,10,10-11,PS,True,False,False
450,596260,11,11-12,PS,True,False,False
450,596260,12,12-13,PS,True,False,False
450,596260,13,13-14,PS,True,False,False
450,596260,14,14-15,PS,True,False,False
450,596260,15,15-16,PS,True,False,False
450,596260,16,16-17,PS,True,False,False
450,596260,17,17-18,PS,True,False,False
450,596260,18,18-19,PS,True,False,False
450,596260,19,19-20,PS,True,False,False
451,596261,1,1-2,PS,True,False,False
451,596261,2,2-3,PS,True,False,False
451,596261,3,3-4,PS,True,False,False
451,596261,4,4-5,PS,True,False,False
451,596261,5,5-6,PS,True,False,False
451,596261,6,6-7,PS,True,False,False
451,596261,7,7-8,PS,True,False,False
451,596261,8,8-9,PS,True,False,False
451,596261,9,9-10,PS,True,False,False
451,596261,10,10-11,PS,True,False,False
451,596261,11,11-12,PS,True,False,False
451,596261,12,12-13,PS,True,False,False
451,596261,13,13-14,PS,True,False,False
451,596261,14,14-15,PS,True,False,False
451,596261,15,15-16,PS,True,False,False
451,596261,16,16-17,PS,True,False,False
451,596261,17,17-18,PS,True,False,False
451,596261,18,18-19,PS,True,False,False
451,596261,19,19-20,PS,True,False,False
452,596262,1,1-2,PS,True,False,False
452,596262,2,2-3,PS,True,False,False
452,596262,3,3-4,PS,True,False,False
452,596262,4,4-5,PS,True,False,False
452,596262,5,5-6,PS,True,False,False
452,596262,6,6-7,PS,True,False,False
452,596262,7,7-8,PS,True,False,False
452,596262,8,8-9,PS,True,False,False
452,596262,9,9-10,PS,True,False,False
452,596262,10,10-11,PS,True,False,False
452,596262,11,11-12,PS,True,False,False
452,596262,12,12-13,PS,True,False,False
452,596262,13,13-14,PS,True,False,False
452,596262,14,14-15,PS,True,False,False
452,596262,15,15-16,PS,True,False,False
452,596262,16,16-17,PS,True,False,False
452,596262,17,17-18,PS,True,False,False
452,596262,18,18-19,PS,True,False,False
452,596262,19,19-20,PS,True,False,False
453,596263,1,1-2,PS,True,False,False
453,596263,2,2-3,PS,True,False,False
453,596263,3,3-4,PS,True,False,False
453,596263,4,4-5,PS,True,False,False
453,596263,5,5-6,PS,True,False,False
453,596263,6,6-7,PS,True,False,False
453,596263,7,7-8,PS,True,False,False
453,596263,8,8-9,PS,True,False,False
453,596263,9,9-10,PS,True,False,False
453,596263,10,10-11,PS,True,False,False
453,596263,11,11-12,PS,True,False,False
453,596263,12,12-13,PS,True,False,False
453,596263,13,13-14,PS,True,False,False
453,596263,14,14-15,PS,True,False,False
453,596263,15,15-16,PS,True,False,False
453,596263,16,16-17,PS,True,False,False
453,596263,17,17-18,PS,True,False,False
453,596263,18,18-19,PS,True,False,False
453,596263,19,19-20,PS,True,False,False
454,596264,1,1-2,PS,True,False,False
454,596264,2,2-3,PS,True,False,False
454,596264,3,3-4,PS,True,False,False
454,596264,4,4-5,PS,True,False,False
454,596264,5,5-6,PS,True,False,False
454,596264,6,6-7,PS,True,False,False
454,596264,7,7-8,PS,True,False,False
454,596264,8,8-9,PS,True,False,False
454,596264,9,9-10,PS,True,False,False
454,596264,10,10-11,PS,True,False,False
454,596264,11,11-12,PS,True,False,False
454,596264,12,12-13,PS,True,False,False
454,596264,13,13-14,PS,True,False,False
454,596264,14,14-15,PS,True,False,False
454,596264,15,15-16,PS,True,False,False
454,596264,16,16-17,PS,True,False,False
454,596264,17,17-18,PS,True,False,False
454,596264,18,18-19,PS,True,False,False
454,596264,19,19-20,PS,True,False,False
455,596265,1,1-2,PS,True,False,False
455,596265,2,2-3,PS,True,False,False
455,596265,3,3-4,PS,True,False,False
455,596265,4,4-5,PS,True,False,False
455,596265,5,5-6,PS,True,False,False
455,596265,6,6-7,PS,True,False,False
455,596265,7,7-8,PS,True,False,False
455,596265,8,8-9,PS,True,False,False
455,596265,9,9-10,PS,True,False,False
455,596265,10,10-11,PS,True,False,False
455,596265,11,11-12,PS,True,False,False
455,596265,12,12-13,PS,True,False,False
455,596265,13,13-14,PS,True,False,False
455,596265,14,14-15,PS,True,False,False
455,596265,15,15-16,PS,True,False,False
455,596265,16,16-17,PS,True,False,False
455,596265,17,17-18,PS,True,False,False
455,596265,18,18-19,PS,True,False,False
455,596265,19,19-20,PS,True,False,False
456,596266,1,1-2,PS,True,False,False
456,596266,2,2-3,PS,True,False,False
456,596266,3,3-4,PS,True,False,False
456,596266,4,4-5,PS,True,False,False
456,596266,5,5-6,PS,True,False,False
456,596266,6,6-7,PS,True,False,False
456,596266,7,7-8,PS,True,False,False
456,596266,8,8-9,PS,True,False,False
456,596266,9,9-10,PS,True,False,False
456,596266,10,10-11,PS,True,False,False
456,596266,11,11-12,PS,True,False,False
456,596266,12,12-13,PS,True,False,False
456,596266,13,13-14,PS,True,False,False
456,596266,14,14-15,PS,True,False,False
456,596266,15,15-16,PS,True,False,False
456,596266,16,16-17,PS,True,False,False
456,596266,17,17-18,PS,True,False,False
456,596266,18,18-19,PS,True,False,False
456,596266,19,19-20,PS,True,False,False
457,596267,1,1-2,PS,True,False,False
457,596267,2,2-3,PS,True,False,False
457,596267,3,3-4,PS,True,False,False
457,596267,4,4-5,PS,True,False,False
457,596267,5,5-6,PS,True,False,False
457,596267,6,6-7,PS,True,False,False
457,596267,7,7-8,PS,True,False,False
457,596267,8,8-9,PS,True,False,False
457,596267,9,9-10,PS,True,False,False
457,596267,10,10-11,PS,True,False,False
457,596267,11,11-12,PS,True,False,False
457,596267,12,12-13,PS,True,False,False
457,596267,13,13-14,PS,True,False,False
457,596267,14,14-15,PS,True,False,False
457,596267,15,15-16,PS,True,False,False
457,596267,16,16-17,PS,True,False,False
457,596267,17,17-18,PS,True,False,False
457,596267,18,18-19,PS,True,False,False
457,596267,19,19-20,PS,True,False,False
458,596268,1,1-2,PS,True,False,False
458,596268,2,2-3,PS,True,False,False
458,596268,3,3-4,PS,True,False,False
458,596268,4,4-5,PS,True,False,False
458,596268,5,5-6,PS,True,False,False
458,596268,6,6-7,PS,True,False,False
458,596268,7,7-8,PS,True,False,False
458,596268,8,8-9,PS,True,False,False
458,596268,9,9-10,PS,True,False,False
458,596268,10,10-11,PS,True,False,False
458,596268,11,11-12,PS,True,False,False
458,596268,12,12-13,PS,True,False,False
458,596268,13,13-14,PS,True,False,False
458,596268,14,14-15,PS,True,False,False
458,596268,15,15-16,PS,True,False,False
458,596268,16,16-17,PS,True,False,False
458,596268,17,17-18,PS,True,False,False
458,596268,18,18-19,PS,True,False,False
458,596268,19,19-20,PS,True,False,False
459,596269,1,1-2,PS,True,False,False
459,596269,2,2-3,PS,True,False,False
459,596269,3,3-4,PS,True,False,False
459,596269,4,4-5,PS,True,False,False
459,596269,5,5-6,PS,True,False,False
459,596269,6,6-7,PS,True,False,False
459,596269,7,7-8,PS,True,False,False
459,596269,8,8-9,PS,True,False,False
459,596269,9,9-10,PS,True,False,False
459,596269,10,10-11,PS,True,False,False
459,596269,11,11-12,PS,True,False,False
459,596269,12,12-13,PS,True,False,False
459,596269,13,13-14,PS,True,False,False
459,596269,14,14-15,PS,True,False,False
459,596269,15,15-16,PS,True,False,False
459,596269,16,16-17,PS,True,False,False
459,596269,17,17-18,PS,True,False,False
459,596269,18,18-19,PS,True,False,False
459,596269,19,19-20,PS,True,False,False
460,596270,1,1-2,PS,True,False,False
460,596270,2,2-3,PS,True,False,False
460,596270,3,3-4,PS,True,False,False
460,596270,4,4-5,PS,True,False,False
460,596270,5,5-6,PS,True,False,False
460,596270,6,6-7,PS,True,False,False
460,596270,7,7-8,PS,True,False,False
460,596270,8,8-9,PS,True,False,False
460,596270,9,9-10,PS,True,False,False
460,596270,10,10-11,PS,True,False,False
460,596270,11,11-12,PS,True,False,False
460,596270,12,12-13,PS,True,False,False
460,596270,13,13-14,PS,True,False,False
460,596270,14,14-15,PS,True,False,False
460,596270,15,15-16,PS,True,False,False
460,596270,16,16-17,PS,True,False,False
460,596270,17,17-18,PS,True,False,False
460,596270,18,18-19,PS,True,False,False
460,596270,19,19-20,PS,True,False,False
461,596271,1,1-2,PS,True,False,False
461,596271,2,2-3,PS,True,False,False
461,596271,3,3-4,PS,True,False,False
461,596271,4,4-5,PS,True,False,False
461,596271,5,5-6,PS,True,False,False
461,596271,6,6-7,PS,True,False,False
461,596271,7,7-8,PS,True,False,False
461,596271,8,8-9,PS,True,False,False
461,596271,9,9-10,PS,True,False,False
461,596271,10,10-11,PS,True,False,False
461,596271,11,11-12,PS,True,False,False
461,596271,12,12-13,PS,True,False,False
461,596271,13,13-14,PS,True,False,False
461,596271,14,14-15,PS,True,False,False
461,596271,15,15-16,PS,True,False,False
461,596271,16,16-17,PS,True,False,False
461,596271,17,17-18,PS,True,False,False
461,596271,18,18-19,PS,True,False,False
461,596271,19,19-20,PS,True,False,False
462,596272,1,1-2,PS,True,False,False
462,596272,2,2-3,PS,True,False,False
462,596272,3,3-4,PS,True,False,False
462,596272,4,4-5,PS,True,False,False
462,596272,5,5-6,PS,True,False,False
462,596272,6,6-7,PS,True,False,False
462,596272,7,7-8,PS,True,False,False
462,596272,8,8-9,PS,True,False,False
462,596272,9,9-10,PS,True,False,False
462,596272,10,10-11,PS,True,False,False
462,596272,11,11-12,PS,True,False,False
462,596272,12,12-13,PS,True,False,False
462,596272,13,13-14,PS,True,False,False
462,596272,14,14-15,PS,True,False,False
462,596272,15,15-16,PS,True,False,False
462,596272,16,16-17,PS,True,False,False
462,596272,17,17-18,PS,True,False,False
462,596272,18,18-19,PS,True,False,False
462,596272,19,19-20,PS,True,False,False
463,596273,1,1-2,PS,True,False,False
463,596273,2,2-3,PS,True,False,False
463,596273,3,3-4,PS,True,False,False
463,596273,4,4-5,PS,True,False,False
463,596273,5,5-6,PS,True,False,False
463,596273,6,6-7,PS,True,False,False
463,596273,7,7-8,PS,True,False,False
463,596273,8,8-9,PS,True,False,False
463,596273,9,9-10,PS,True,False,False
463,596273,10,10-11,PS,True,False,False
463,596273,11,11-12,PS,True,False,False
463,596273,12,12-13,PS,True,False,False
463,596273,13,13-14,PS,True,False,False
463,596273,14,14-15,PS,True,False,False
463,596273,15,15-16,PS,True,False,False
463,596273,16,16-17,PS,True,False,False
463,596273,17,17-18,PS,True,False,False
463,596273,18,18-19,PS,True,False,False
463,596273,19,19-20,PS,True,False,False
464,596274,1,1-2,PS,True,False,False
464,596274,2,2-3,PS,True,False,False
464,596274,3,3-4,PS,True,False,False
464,596274,4,4-5,PS,True,False,False
464,596274,5,5-6,PS,True,False,False
464,596274,6,6-7,PS,True,False,False
464,596274,7,7-8,PS,True,False,False
464,596274,8,8-9,PS,True,False,False
464,596274,9,9-10,PS,True,False,False
464,596274,10,10-11,PS,True,False,False
464,596274,11,11-12,PS,True,False,False
464,596274,12,12-13,PS,True,False,False
464,596274,13,13-14,PS,True,False,False
464,596274,14,14-15,PS,True,False,False
464,596274,15,15-16,PS,True,False,False
464,596274,16,16-17,PS,True,False,False
464,596274,17,17-18,PS,True,False,False
464,596274,18,18-19,PS,True,False,False
464,596274,19,19-20,PS,True,False,False
465,596275,1,1-2,PS,True,False,False
465,596275,2,2-3,PS,True,False,False
465,596275,3,3-4,PS,True,False,False
465,596275,4,4-5,PS,True,False,False
465,596275,5,5-6,PS,True,False,False
465,596275,6,6-7,PS,True,False,False
465,596275,7,7-8,PS,True,False,False
465,596275,8,8-9,PS,True,False,False
465,596275,9,9-10,PS,True,False,False
465,596275,10,10-11,PS,True,False,False
465,596275,11,11-12,PS,True,False,False
465,596275,12,12-13,PS,True,False,False
465,596275,13,13-14,PS,True,False,False
465,596275,14,14-15,PS,True,False,False
465,596275,15,15-16,PS,True,False,False
465,596275,16,16-17,PS,True,False,False
465,596275,17,17-18,PS,True,False,False
465,596275,18,18-19,PS,True,False,False
465,596275,19,19-20,PS,True,False,False
466,596276,1,1-2,PS,True,False,False
466,596276,2,2-3,PS,True,False,False
466,596276,3,3-4,PS,True,False,False
466,596276,4,4-5,PS,True,False,False
466,596276,5,5-6,PS,True,False,False
466,596276,6,6-7,PS,True,False,False
466,596276,7,7-8,PS,True,False,False
466,596276,8,8-9,PS,True,False,False
466,596276,9,9-10,PS,True,False,False
466,596276,10,10-11,PS,True,False,False
466,596276,11,11-12,PS,True,False,False
466,596276,12,12-13,PS,True,False,False
466,596276,13,13-14,PS,True,False,False
466,596276,14,14-15,PS,True,False,False
466,596276,15,15-16,PS,True,False,False
466,596276,16,16-17,PS,True,False,False
466,596276,17,17-18,PS,True,False,False
466,596276,18,18-19,PS,True,False,False
466,596276,19,19-20,PS,True,False,False
467,596277,1,1-2,PS,True,False,False
467,596277,2,2-3,PS,True,False,False
467,596277,3,3-4,PS,True,False,False
467,596277,4,4-5,PS,True,False,False
467,596277,5,5-6,PS,True,False,False
467,596277,6,6-7,PS,True,False,False
467,596277,7,7-8,PS,True,False,False
467,596277,8,8-9,PS,True,False,False
467,596277,9,9-10,PS,True,False,False
467,596277,10,10-11,PS,True,False,False
467,596277,11,11-12,PS,True,False,False
467,596277,12,12-13,PS,True,False,False
467,596277,13,13-14,PS,True,False,False
467,596277,14,14-15,PS,True,False,False
467,596277,15,15-16,PS,True,False,False
467,596277,16,16-17,PS,True,False,False
467,596277,17,17-18,PS,True,False,False
467,596277,18,18-19,PS,True,False,False
467,596277,19,19-20,PS,True,False,False
468,596278,1,1-2,PS,True,False,False
468,596278,2,2-3,PS,True,False,False
468,596278,3,3-4,PS,True,False,False
468,596278,4,4-5,PS,True,False,False
468,596278,5,5-6,PS,True,False,False
468,596278,6,6-7,PS,True,False,False
468,596278,7,7-8,PS,True,False,False
468,596278,8,8-9,PS,True,False,False
468,596278,9,9-10,PS,True,False,False
468,596278,10,10-11,PS,True,False,False
468,596278,11,11-12,PS,True,False,False
468,596278,12,12-13,PS,True,False,False
468,596278,13,13-14,PS,True,False,False
468,596278,14,14-15,PS,True,False,False
468,596278,15,15-16,PS,True,False,False
468,596278,16,16-17,PS,True,False,False
468,596278,17,17-18,PS,True,False,False
468,596278,18,18-19,PS,True,False,False
468,596278,19,19-20,PS,True,False,False
469,596279,1,1-2,PS,True,False,False
469,596279,2,2-3,PS,True,False,False
469,596279,3,3-4,PS,True,False,False
469,596279,4,4-5,PS,True,False,False
469,596279,5,5-6,PS,True,False,False
469,596279,6,6-7,PS,True,False,False
469,596279,7,7-8,PS,True,False,False
469,596279,8,8-9,PS,True,False,False
469,596279,9,9-10,PS,True,False,False
469,596279,10,10-11,PS,True,False,False
469,596279,11,11-12,PS,True,False,False
469,596279,12,12-13,PS,True,False,False
469,596279,13,13-14,PS,True,False,False
469,596279,14,14-15,PS,True,False,False
469,596279,15,15-16,PS,True,False,False
469,596279,16,16-17,PS,True,False,False
469,596279,17,17-18,PS,True,False,False
469,596279,18,18-19,PS,True,False,False
469,596279,19,19-20,PS,True,False,False
470,596281,1,1-2,PS,True,False,False
470,596281,2,2-3,PS,True,False,False
470,596281,3,3-4,PS,True,False,False
470,596281,4,4-5,PS,True,False,False
470,596281,5,5-6,PS,True,False,False
470,596281,6,6-7,PS,True,False,False
470,596281,7,7-8,PS,True,False,False
470,596281,8,8-9,PS,True,False,False
470,596281,9,9-10,PS,True,False,False
470,596281,10,10-11,PS,True,False,False
470,596281,11,11-12,PS,True,False,False
470,596281,12,12-13,PS,True,False,False
470,596281,13,13-14,PS,True,False,False
470,596281,14,14-15,PS,True,False,False
470,596281,15,15-16,PS,True,False,False
470,596281,16,16-17,PS,True,False,False
470,596281,17,17-18,PS,True,False,False
470,596281,18,18-19,PS,True,False,False
470,596281,19,19-20,PS,True,False,False
471,596282,1,1-2,PS,True,False,False
471,596282,2,2-3,PS,True,False,False
471,596282,3,3-4,PS,True,False,False
471,596282,4,4-5,PS,True,False,False
471,596282,5,5-6,PS,True,False,False
471,596282,6,6-7,PS,True,False,False
471,596282,7,7-8,PS,True,False,False
471,596282,8,8-9,PS,True,False,False
471,596282,9,9-10,PS,True,False,False
471,596282,10,10-11,PS,True,False,False
471,596282,11,11-12,PS,True,False,False
471,596282,12,12-13,PS,True,False,False
471,596282,13,13-14,PS,True,False,False
471,596282,14,14-15,PS,True,False,False
471,596282,15,15-16,PS,True,False,False
471,596282,16,16-17,PS,True,False,False
471,596282,17,17-18,PS,True,False,False
471,596282,18,18-19,PS,True,False,False
471,596282,19,19-20,PS,True,False,False
472,596283,1,1-2,PS,True,False,False
472,596283,2,2-3,PS,True,False,False
472,596283,3,3-4,PS,True,False,False
472,596283,4,4-5,PS,True,False,False
472,596283,5,5-6,PS,True,False,False
472,596283,6,6-7,PS,True,False,False
472,596283,7,7-8,PS,True,False,False
472,596283,8,8-9,PS,True,False,False
472,596283,9,9-10,PS,True,False,False
472,596283,10,10-11,PS,True,False,False
472,596283,11,11-12,PS,True,False,False
472,596283,12,12-13,PS,True,False,False
472,596283,13,13-14,PS,True,False,False
472,596283,14,14-15,PS,True,False,False
472,596283,15,15-16,PS,True,False,False
472,596283,16,16-17,PS,True,False,False
472,596283,17,17-18,PS,True,False,False
472,596283,18,18-19,PS,True,False,False
472,596283,19,19-20,PS,True,False,False
473,596284,1,1-2,PS,True,False,False
473,596284,2,2-3,PS,True,False,False
473,596284,3,3-4,PS,True,False,False
473,596284,4,4-5,PS,True,False,False
473,596284,5,5-6,PS,True,False,False
473,596284,6,6-7,PS,True,False,False
473,596284,7,7-8,PS,True,False,False
473,596284,8,8-9,PS,True,False,False
473,596284,9,9-10,PS,True,False,False
473,596284,10,10-11,PS,True,False,False
473,596284,11,11-12,PS,True,False,False
473,596284,12,12-13,PS,True,False,False
473,596284,13,13-14,PS,True,False,False
473,596284,14,14-15,PS,True,False,False
473,596284,15,15-16,PS,True,False,False
473,596284,16,16-17,PS,True,False,False
473,596284,17,17-18,PS,True,False,False
473,596284,18,18-19,PS,True,False,False
473,596284,19,19-20,PS,True,False,False
474,596285,1,1-2,PS,True,False,False
474,596285,2,2-3,PS,True,False,False
474,596285,3,3-4,PS,True,False,False
474,596285,4,4-5,PS,True,False,False
474,596285,5,5-6,PS,True,False,False
474,596285,6,6-7,PS,True,False,False
474,596285,7,7-8,PS,True,False,False
474,596285,8,8-9,PS,True,False,False
474,596285,9,9-10,PS,True,False,False
474,596285,10,10-11,PS,True,False,False
474,596285,11,11-12,PS,True,False,False
474,596285,12,12-13,PS,True,False,False
474,596285,13,13-14,PS,True,False,False
474,596285,14,14-15,PS,True,False,False
474,596285,15,15-16,PS,True,False,False
474,596285,16,16-17,PS,True,False,False
474,596285,17,17-18,PS,True,False,False
474,596285,18,18-19,PS,True,False,False
474,596285,19,19-20,PS,True,False,False
475,596286,1,1-2,PS,True,False,False
475,596286,2,2-3,PS,True,False,False
475,596286,3,3-4,PS,True,False,False
475,596286,4,4-5,PS,True,False,False
475,596286,5,5-6,PS,True,False,False
475,596286,6,6-7,PS,True,False,False
475,596286,7,7-8,PS,True,False,False
475,596286,8,8-9,PS,True,False,False
475,596286,9,9-10,PS,True,False,False
475,596286,10,10-11,PS,True,False,False
475,596286,11,11-12,PS,True,False,False
475,596286,12,12-13,PS,True,False,False
475,596286,13,13-14,PS,True,False,False
475,596286,14,14-15,PS,True,False,False
475,596286,15,15-16,PS,True,False,False
475,596286,16,16-17,PS,True,False,False
475,596286,17,17-18,PS,True,False,False
475,596286,18,18-19,PS,True,False,False
475,596286,19,19-20,PS,True,False,False
476,596287,1,1-2,PS,True,False,False
476,596287,2,2-3,PS,True,False,False
476,596287,3,3-4,PS,True,False,False
476,596287,4,4-5,PS,True,False,False
476,596287,5,5-6,PS,True,False,False
476,596287,6,6-7,PS,True,False,False
476,596287,7,7-8,PS,True,False,False
476,596287,8,8-9,PS,True,False,False
476,596287,9,9-10,PS,True,False,False
476,596287,10,10-11,PS,True,False,False
476,596287,11,11-12,PS,True,False,False
476,596287,12,12-13,PS,True,False,False
476,596287,13,13-14,PS,True,False,False
476,596287,14,14-15,PS,True,False,False
476,596287,15,15-16,PS,True,False,False
476,596287,16,16-17,PS,True,False,False
476,596287,17,17-18,PS,True,False,False
476,596287,18,18-19,PS,True,False,False
476,596287,19,19-20,PS,True,False,False
477,596288,1,1-2,PS,True,False,False
477,596288,2,2-3,PS,True,False,False
477,596288,3,3-4,PS,True,False,False
477,596288,4,4-5,PS,True,False,False
477,596288,5,5-6,PS,True,False,False
477,596288,6,6-7,PS,True,False,False
477,596288,7,7-8,PS,True,False,False
477,596288,8,8-9,PS,True,False,False
477,596288,9,9-10,PS,True,False,False
477,596288,10,10-11,PS,True,False,False
477,596288,11,11-12,PS,True,False,False
477,596288,12,12-13,PS,True,False,False
477,596288,13,13-14,PS,True,False,False
477,596288,14,14-15,PS,True,False,False
477,596288,15,15-16,PS,True,False,False
477,596288,16,16-17,PS,True,False,False
477,596288,17,17-18,PS,True,False,False
477,596288,18,18-19,PS,True,False,False
477,596288,19,19-20,PS,True,False,False
478,596289,1,1-2,PS,True,False,False
478,596289,2,2-3,PS,True,False,False
478,596289,3,3-4,PS,True,False,False
478,596289,4,4-5,PS,True,False,False
478,596289,5,5-6,PS,True,False,False
478,596289,6,6-7,PS,True,False,False
478,596289,7,7-8,PS,True,False,False
478,596289,8,8-9,PS,True,False,False
478,596289,9,9-10,PS,True,False,False
478,596289,10,10-11,PS,True,False,False
478,596289,11,11-12,PS,True,False,False
478,596289,12,12-13,PS,True,False,False
478,596289,13,13-14,PS,True,False,False
478,596289,14,14-15,PS,True,False,False
478,596289,15,15-16,PS,True,False,False
478,596289,16,16-17,PS,True,False,False
478,596289,17,17-18,PS,True,False,False
478,596289,18,18-19,PS,True,False,False
478,596289,19,19-20,PS,True,False,False
479,596290,1,1-2,PS,True,False,False
479,596290,2,2-3,PS,True,False,False
479,596290,3,3-4,PS,True,False,False
479,596290,4,4-5,PS,True,False,False
479,596290,5,5-6,PS,True,False,False
479,596290,6,6-7,PS,True,False,False
479,596290,7,7-8,PS,True,False,False
479,596290,8,8-9,PS,True,False,False
479,596290,9,9-10,PS,True,False,False
479,596290,10,10-11,PS,True,False,False
479,596290,11,11-12,PS,True,False,False
479,596290,12,12-13,PS,True,False,False
479,596290,13,13-14,PS,True,False,False
479,596290,14,14-15,PS,True,False,False
479,596290,15,15-16,PS,True,False,False
479,596290,16,16-17,PS,True,False,False
479,596290,17,17-18,PS,True,False,False
479,596290,18,18-19,PS,True,False,False
479,596290,19,19-20,PS,True,False,False
480,596291,1,1-2,PS,True,False,False
480,596291,2,2-3,PS,True,False,False
480,596291,3,3-4,PS,True,False,False
480,596291,4,4-5,PS,True,False,False
480,596291,5,5-6,PS,True,False,False
480,596291,6,6-7,PS,True,False,False
480,596291,7,7-8,PS,True,False,False
480,596291,8,8-9,PS,True,False,False
480,596291,9,9-10,PS,True,False,False
480,596291,10,10-11,PS,True,False,False
480,596291,11,11-12,PS,True,False,False
480,596291,12,12-13,PS,True,False,False
480,596291,13,13-14,PS,True,False,False
480,596291,14,14-15,PS,True,False,False
480,596291,15,15-16,PS,True,False,False
480,596291,16,16-17,PS,True,False,False
480,596291,17,17-18,PS,True,False,False
480,596291,18,18-19,PS,True,False,False
480,596291,19,19-20,PS,True,False,False
481,596292,1,1-2,PS,True,False,False
481,596292,2,2-3,PS,True,False,False
481,596292,3,3-4,PS,True,False,False
481,596292,4,4-5,PS,True,False,False
481,596292,5,5-6,PS,True,False,False
481,596292,6,6-7,PS,True,False,False
481,596292,7,7-8,PS,True,False,False
481,596292,8,8-9,PS,True,False,False
481,596292,9,9-10,PS,True,False,False
481,596292,10,10-11,PS,True,False,False
481,596292,11,11-12,PS,True,False,False
481,596292,12,12-13,PS,True,False,False
481,596292,13,13-14,PS,True,False,False
481,596292,14,14-15,PS,True,False,False
481,596292,15,15-16,PS,True,False,False
481,596292,16,16-17,PS,True,False,False
481,596292,17,17-18,PS,True,False,False
481,596292,18,18-19,PS,True,False,False
481,596292,19,19-20,PS,True,False,False
482,596293,1,1-2,PS,True,False,False
482,596293,2,2-3,PS,True,False,False
482,596293,3,3-4,PS,True,False,False
482,596293,4,4-5,PS,True,False,False
482,596293,5,5-6,PS,True,False,False
482,596293,6,6-7,PS,True,False,False
482,596293,7,7-8,PS,True,False,False
482,596293,8,8-9,PS,True,False,False
482,596293,9,9-10,PS,True,False,False
482,596293,10,10-11,PS,True,False,False
482,596293,11,11-12,PS,True,False,False
482,596293,12,12-13,PS,True,False,False
482,596293,13,13-14,PS,True,False,False
482,596293,14,14-15,PS,True,False,False
482,596293,15,15-16,PS,True,False,False
482,596293,16,16-17,PS,True,False,False
482,596293,17,17-18,PS,True,False,False
482,596293,18,18-19,PS,True,False,False
482,596293,19,19-20,PS,True,False,False
483,596294,1,1-2,PS,True,False,False
483,596294,2,2-3,PS,True,False,False
483,596294,3,3-4,PS,True,False,False
483,596294,4,4-5,PS,True,False,False
483,596294,5,5-6,PS,True,False,False
483,596294,6,6-7,PS,True,False,False
483,596294,7,7-8,PS,True,False,False
483,596294,8,8-9,PS,True,False,False
483,596294,9,9-10,PS,True,False,False
483,596294,10,10-11,PS,True,False,False
483,596294,11,11-12,PS,True,False,False
483,596294,12,12-13,PS,True,False,False
483,596294,13,13-14,PS,True,False,False
483,596294,14,14-15,PS,True,False,False
483,596294,15,15-16,PS,True,False,False
483,596294,16,16-17,PS,True,False,False
483,596294,17,17-18,PS,True,False,False
483,596294,18,18-19,PS,True,False,False
483,596294,19,19-20,PS,True,False,False
484,596295,1,1-2,PS,True,False,False
484,596295,2,2-3,PS,True,False,False
484,596295,3,3-4,PS,True,False,False
484,596295,4,4-5,PS,True,False,False
484,596295,5,5-6,PS,True,False,False
484,596295,6,6-7,PS,True,False,False
484,596295,7,7-8,PS,True,False,False
484,596295,8,8-9,PS,True,False,False
484,596295,9,9-10,PS,True,False,False
484,596295,10,10-11,PS,True,False,False
484,596295,11,11-12,PS,True,False,False
484,596295,12,12-13,PS,True,False,False
484,596295,13,13-14,PS,True,False,False
484,596295,14,14-15,PS,True,False,False
484,596295,15,15-16,PS,True,False,False
484,596295,16,16-17,PS,True,False,False
484,596295,17,17-18,PS,True,False,False
484,596295,18,18-19,PS,True,False,False
484,596295,19,19-20,PS,True,False,False
485,596296,1,1-2,PS,True,False,False
485,596296,2,2-3,PS,True,False,False
485,596296,3,3-4,PS,True,False,False
485,596296,4,4-5,PS,True,False,False
485,596296,5,5-6,PS,True,False,False
485,596296,6,6-7,PS,True,False,False
485,596296,7,7-8,PS,True,False,False
485,596296,8,8-9,PS,True,False,False
485,596296,9,9-10,PS,True,False,False
485,596296,10,10-11,PS,True,False,False
485,596296,11,11-12,PS,True,False,False
485,596296,12,12-13,PS,True,False,False
485,596296,13,13-14,PS,True,False,False
485,596296,14,14-15,PS,True,False,False
485,596296,15,15-16,PS,True,False,False
485,596296,16,16-17,PS,True,False,False
485,596296,17,17-18,PS,True,False,False
485,596296,18,18-19,PS,True,False,False
485,596296,19,19-20,PS,True,False,False
486,596297,1,1-2,PS,True,False,False
486,596297,2,2-3,PS,True,False,False
486,596297,3,3-4,PS,True,False,False
486,596297,4,4-5,PS,True,False,False
486,596297,5,5-6,PS,True,False,False
486,596297,6,6-7,PS,True,False,False
486,596297,7,7-8,PS,True,False,False
486,596297,8,8-9,PS,True,False,False
486,596297,9,9-10,PS,True,False,False
486,596297,10,10-11,PS,True,False,False
486,596297,11,11-12,PS,True,False,False
486,596297,12,12-13,PS,True,False,False
486,596297,13,13-14,PS,True,False,False
486,596297,14,14-15,PS,True,False,False
486,596297,15,15-16,PS,True,False,False
486,596297,16,16-17,PS,True,False,False
486,596297,17,17-18,PS,True,False,False
486,596297,18,18-19,PS,True,False,False
486,596297,19,19-20,PS,True,False,False
487,596298,1,1-2,PS,True,False,False
487,596298,2,2-3,PS,True,False,False
487,596298,3,3-4,PS,True,False,False
487,596298,4,4-5,PS,True,False,False
487,596298,5,5-6,PS,True,False,False
487,596298,6,6-7,PS,True,False,False
487,596298,7,7-8,PS,True,False,False
487,596298,8,8-9,PS,True,False,False
487,596298,9,9-10,PS,True,False,False
487,596298,10,10-11,PS,True,False,False
487,596298,11,11-12,PS,True,False,False
487,596298,12,12-13,PS,True,False,False
487,596298,13,13-14,PS,True,False,False
487,596298,14,14-15,PS,True,False,False
487,596298,15,15-16,PS,True,False,False
487,596298,16,16-17,PS,True,False,False
487,596298,17,17-18,PS,True,False,False
487,596298,18,18-19,PS,True,False,False
487,596298,19,19-20,PS,True,False,False
488,596299,1,1-2,PS,True,False,False
488,596299,2,2-3,PS,True,False,False
488,596299,3,3-4,PS,True,False,False
488,596299,4,4-5,PS,True,False,False
488,596299,5,5-6,PS,True,False,False
488,596299,6,6-7,PS,True,False,False
488,596299,7,7-8,PS,True,False,False
488,596299,8,8-9,PS,True,False,False
488,596299,9,9-10,PS,True,False,False
488,596299,10,10-11,PS,True,False,False
488,596299,11,11-12,PS,True,False,False
488,596299,12,12-13,PS,True,False,False
488,596299,13,13-14,PS,True,False,False
488,596299,14,14-15,PS,True,False,False
488,596299,15,15-16,PS,True,False,False
488,596299,16,16-17,PS,True,False,False
488,596299,17,17-18,PS,True,False,False
488,596299,18,18-19,PS,True,False,False
488,596299,19,19-20,PS,True,False,False
489,596300,1,1-2,PS,True,False,False
489,596300,2,2-3,PS,True,False,False
489,596300,3,3-4,PS,True,False,False
489,596300,4,4-5,PS,True,False,False
489,596300,5,5-6,PS,True,False,False
489,596300,6,6-7,PS,True,False,False
489,596300,7,7-8,PS,True,False,False
489,596300,8,8-9,PS,True,False,False
489,596300,9,9-10,PS,True,False,False
489,596300,10,10-11,PS,True,False,False
489,596300,11,11-12,PS,True,False,False
489,596300,12,12-13,PS,True,False,False
489,596300,13,13-14,PS,True,False,False
489,596300,14,14-15,PS,True,False,False
489,596300,15,15-16,PS,True,False,False
489,596300,16,16-17,PS,True,False,False
489,596300,17,17-18,PS,True,False,False
489,596300,18,18-19,PS,True,False,False
489,596300,19,19-20,PS,True,False,False
490,596302,1,1-2,PS,True,False,False
490,596302,2,2-3,PS,True,False,False
490,596302,3,3-4,PS,True,False,False
490,596302,4,4-5,PS,True,False,False
490,596302,5,5-6,PS,True,False,False
490,596302,6,6-7,PS,True,False,False
490,596302,7,7-8,PS,True,False,False
490,596302,8,8-9,PS,True,False,False
490,596302,9,9-10,PS,True,False,False
490,596302,10,10-11,PS,True,False,False
490,596302,11,11-12,PS,True,False,False
490,596302,12,12-13,PS,True,False,False
490,596302,13,13-14,PS,True,False,False
490,596302,14,14-15,PS,True,False,False
490,596302,15,15-16,PS,True,False,False
490,596302,16,16-17,PS,True,False,False
490,596302,17,17-18,PS,True,False,False
490,596302,18,18-19,PS,True,False,False
490,596302,19,19-20,PS,True,False,False
491,596303,1,1-2,PS,True,False,False
491,596303,2,2-3,PS,True,False,False
491,596303,3,3-4,PS,True,False,False
491,596303,4,4-5,PS,True,False,False
491,596303,5,5-6,PS,True,False,False
491,596303,6,6-7,PS,True,False,False
491,596303,7,7-8,PS,True,False,False
491,596303,8,8-9,PS,True,False,False
491,596303,9,9-10,PS,True,False,False
491,596303,10,10-11,PS,True,False,False
491,596303,11,11-12,PS,True,False,False
491,596303,12,12-13,PS,True,False,False
491,596303,13,13-14,PS,True,False,False
491,596303,14,14-15,PS,True,False,False
491,596303,15,15-16,PS,True,False,False
491,596303,16,16-17,PS,True,False,False
491,596303,17,17-18,PS,True,False,False
491,596303,18,18-19,PS,True,False,False
491,596303,19,19-20,PS,True,False,False
492,596304,1,1-2,PS,True,False,False
492,596304,2,2-3,PS,True,False,False
492,596304,3,3-4,PS,True,False,False
492,596304,4,4-5,PS,True,False,False
492,596304,5,5-6,PS,True,False,False
492,596304,6,6-7,PS,True,False,False
492,596304,7,7-8,PS,True,False,False
492,596304,8,8-9,PS,True,False,False
492,596304,9,9-10,PS,True,False,False
492,596304,10,10-11,PS,True,False,False
492,596304,11,11-12,PS,True,False,False
492,596304,12,12-13,PS,True,False,False
492,596304,13,13-14,PS,True,False,False
492,596304,14,14-15,PS,True,False,False
492,596304,15,15-16,PS,True,False,False
492,596304,16,16-17,PS,True,False,False
492,596304,17,17-18,PS,True,False,False
492,596304,18,18-19,PS,True,False,False
492,596304,19,19-20,PS,True,False,False
493,596305,1,1-2,PS,True,False,False
493,596305,2,2-3,PS,True,False,False
493,596305,3,3-4,PS,True,False,False
493,596305,4,4-5,PS,True,False,False
493,596305,5,5-6,PS,True,False,False
493,596305,6,6-7,PS,True,False,False
493,596305,7,7-8,PS,True,False,False
493,596305,8,8-9,PS,True,False,False
493,596305,9,9-10,PS,True,False,False
493,596305,10,10-11,PS,True,False,False
493,596305,11,11-12,PS,True,False,False
493,596305,12,12-13,PS,True,False,False
493,596305,13,13-14,PS,True,False,False
493,596305,14,14-15,PS,True,False,False
493,596305,15,15-16,PS,True,False,False
493,596305,16,16-17,PS,True,False,False
493,596305,17,17-18,PS,True,False,False
493,596305,18,18-19,PS,True,False,False
493,596305,19,19-20,PS,True,False,False
494,596306,1,1-2,PS,True,False,False
494,596306,2,2-3,PS,True,False,False
494,596306,3,3-4,PS,True,False,False
494,596306,4,4-5,PS,True,False,False
494,596306,5,5-6,PS,True,False,False
494,596306,6,6-7,PS,True,False,False
494,596306,7,7-8,PS,True,False,False
494,596306,8,8-9,PS,True,False,False
494,596306,9,9-10,PS,True,False,False
494,596306,10,10-11,PS,True,False,False
494,596306,11,11-12,PS,True,False,False
494,596306,12,12-13,PS,True,False,False
494,596306,13,13-14,PS,True,False,False
494,596306,14,14-15,PS,True,False,False
494,596306,15,15-16,PS,True,False,False
494,596306,16,16-17,PS,True,False,False
494,596306,17,17-18,PS,True,False,False
494,596306,18,18-19,PS,True,False,False
494,596306,19,19-20,PS,True,False,False
495,596307,1,1-2,PS,True,False,False
495,596307,2,2-3,PS,True,False,False
495,596307,3,3-4,PS,True,False,False
495,596307,4,4-5,PS,True,False,False
495,596307,5,5-6,PS,True,False,False
495,596307,6,6-7,PS,True,False,False
495,596307,7,7-8,PS,True,False,False
495,596307,8,8-9,PS,True,False,False
495,596307,9,9-10,PS,True,False,False
495,596307,10,10-11,PS,True,False,False
495,596307,11,11-12,PS,True,False,False
495,596307,12,12-13,PS,True,False,False
495,596307,13,13-14,PS,True,False,False
495,596307,14,14-15,PS,True,False,False
495,596307,15,15-16,PS,True,False,False
495,596307,16,16-17,PS,True,False,False
495,596307,17,17-18,PS,True,False,False
495,596307,18,18-19,PS,True,False,False
495,596307,19,19-20,PS,True,False,False
496,596308,1,1-2,PS,True,False,False
496,596308,2,2-3,PS,True,False,False
496,596308,3,3-4,PS,True,False,False
496,596308,4,4-5,PS,True,False,False
496,596308,5,5-6,PS,True,False,False
496,596308,6,6-7,PS,True,False,False
496,596308,7,7-8,PS,True,False,False
496,596308,8,8-9,PS,True,False,False
496,596308,9,9-10,PS,True,False,False
496,596308,10,10-11,PS,True,False,False
496,596308,11,11-12,PS,True,False,False
496,596308,12,12-13,PS,True,False,False
496,596308,13,13-14,PS,True,False,False
496,596308,14,14-15,PS,True,False,False
496,596308,15,15-16,PS,True,False,False
496,596308,16,16-17,PS,True,False,False
496,596308,17,17-18,PS,True,False,False
496,596308,18,18-19,PS,True,False,False
496,596308,19,19-20,PS,True,False,False
497,596309,1,1-2,PS,True,False,False
497,596309,2,2-3,PS,True,False,False
497,596309,3,3-4,PS,True,False,False
497,596309,4,4-5,PS,True,False,False
497,596309,5,5-6,PS,True,False,False
497,596309,6,6-7,PS,True,False,False
497,596309,7,7-8,PS,True,False,False
497,596309,8,8-9,PS,True,False,False
497,596309,9,9-10,PS,True,False,False
497,596309,10,10-11,PS,True,False,False
497,596309,11,11-12,PS,True,False,False
497,596309,12,12-13,PS,True,False,False
497,596309,13,13-14,PS,True,False,False
497,596309,14,14-15,PS,True,False,False
497,596309,15,15-16,PS,True,False,False
497,596309,16,16-17,PS,True,False,False
497,596309,17,17-18,PS,True,False,False
497,596309,18,18-19,PS,True,False,False
497,596309,19,19-20,PS,True,False,False
498,596310,1,1-2,PS,True,False,False
498,596310,2,2-3,PS,True,False,False
498,596310,3,3-4,PS,True,False,False
498,596310,4,4-5,PS,True,False,False
498,596310,5,5-6,PS,True,False,False
498,596310,6,6-7,PS,True,False,False
498,596310,7,7-8,PS,True,False,False
498,596310,8,8-9,PS,True,False,False
498,596310,9,9-10,PS,True,False,False
498,596310,10,10-11,PS,True,False,False
498,596310,11,11-12,PS,True,False,False
498,596310,12,12-13,PS,True,False,False
498,596310,13,13-14,PS,True,False,False
498,596310,14,14-15,PS,True,False,False
498,596310,15,15-16,PS,True,False,False
498,596310,16,16-17,PS,True,False,False
498,596310,17,17-18,PS,True,False,False
498,596310,18,18-19,PS,True,False,False
498,596310,19,19-20,PS,True,False,False
499,596311,1,1-2,PS,True,False,False
499,596311,2,2-3,PS,True,False,False
499,596311,3,3-4,PS,True,False,False
499,596311,4,4-5,PS,True,False,False
499,596311,5,5-6,PS,True,False,False
499,596311,6,6-7,PS,True,False,False
499,596311,7,7-8,PS,True,False,False
499,596311,8,8-9,PS,True,False,False
499,596311,9,9-10,PS,True,False,False
499,596311,10,10-11,PS,True,False,False
499,596311,11,11-12,PS,True,False,False
499,596311,12,12-13,PS,True,False,False
499,596311,13,13-14,PS,True,False,False
499,596311,14,14-15,PS,True,False,False
499,596311,15,15-16,PS,True,False,False
499,596311,16,16-17,PS,True,False,False
499,596311,17,17-18,PS,True,False,False
499,596311,18,18-19,PS,True,False,False
499,596311,19,19-20,PS,True,False,False
500,596312,1,1-2,PS,True,False,False
500,596312,2,2-3,PS,True,False,False
500,596312,3,3-4,PS,True,False,False
500,596312,4,4-5,PS,True,False,False
500,596312,5,5-6,PS,True,False,False
500,596312,6,6-7,PS,True,False,False
500,596312,7,7-8,PS,True,False,False
500,596312,8,8-9,PS,True,False,False
500,596312,9,9-10,PS,True,False,False
500,596312,10,10-11,PS,True,False,False
500,596312,11,11-12,PS,True,False,False
500,596312,12,12-13,PS,True,False,False
500,596312,13,13-14,PS,True,False,False
500,596312,14,14-15,PS,True,False,False
500,596312,15,15-16,PS,True,False,False
500,596312,16,16-17,PS,True,False,False
500,596312,17,17-18,PS,True,False,False
500,596312,18,18-19,PS,True,False,False
500,596312,19,19-20,PS,True,False,False
501,596313,1,1-2,PS,True,False,False
501,596313,2,2-3,PS,True,False,False
501,596313,3,3-4,PS,True,False,False
501,596313,4,4-5,PS,True,False,False
501,596313,5,5-6,PS,True,False,False
501,596313,6,6-7,PS,True,False,False
501,596313,7,7-8,PS,True,False,False
501,596313,8,8-9,PS,True,False,False
501,596313,9,9-10,PS,True,False,False
501,596313,10,10-11,PS,True,False,False
501,596313,11,11-12,PS,True,False,False
501,596313,12,12-13,PS,True,False,False
501,596313,13,13-14,PS,True,False,False
501,596313,14,14-15,PS,True,False,False
501,596313,15,15-16,PS,True,False,False
501,596313,16,16-17,PS,True,False,False
501,596313,17,17-18,PS,True,False,False
501,596313,18,18-19,PS,True,False,False
501,596313,19,19-20,PS,True,False,False
502,596314,1,1-2,PS,True,False,False
502,596314,2,2-3,PS,True,False,False
502,596314,3,3-4,PS,True,False,False
502,596314,4,4-5,PS,True,False,False
502,596314,5,5-6,PS,True,False,False
502,596314,6,6-7,PS,True,False,False
502,596314,7,7-8,PS,True,False,False
502,596314,8,8-9,PS,True,False,False
502,596314,9,9-10,PS,True,False,False
502,596314,10,10-11,PS,True,False,False
502,596314,11,11-12,PS,True,False,False
502,596314,12,12-13,PS,True,False,False
502,596314,13,13-14,PS,True,False,False
502,596314,14,14-15,PS,True,False,False
502,596314,15,15-16,PS,True,False,False
502,596314,16,16-17,PS,True,False,False
502,596314,17,17-18,PS,True,False,False
502,596314,18,18-19,PS,True,False,False
502,596314,19,19-20,PS,True,False,False
503,596315,1,1-2,PS,True,False,False
503,596315,2,2-3,PS,True,False,False
503,596315,3,3-4,PS,True,False,False
503,596315,4,4-5,PS,True,False,False
503,596315,5,5-6,PS,True,False,False
503,596315,6,6-7,PS,True,False,False
503,596315,7,7-8,PS,True,False,False
503,596315,8,8-9,PS,True,False,False
503,596315,9,9-10,PS,True,False,False
503,596315,10,10-11,PS,True,False,False
503,596315,11,11-12,PS,True,False,False
503,596315,12,12-13,PS,True,False,False
503,596315,13,13-14,PS,True,False,False
503,596315,14,14-15,PS,True,False,False
503,596315,15,15-16,PS,True,False,False
503,596315,16,16-17,PS,True,False,False
503,596315,17,17-18,PS,True,False,False
503,596315,18,18-19,PS,True,False,False
503,596315,19,19-20,PS,True,False,False
504,596316,1,1-2,PS,True,False,False
504,596316,2,2-3,PS,True,False,False
504,596316,3,3-4,PS,True,False,False
504,596316,4,4-5,PS,True,False,False
504,596316,5,5-6,PS,True,False,False
504,596316,6,6-7,PS,True,False,False
504,596316,7,7-8,PS,True,False,False
504,596316,8,8-9,PS,True,False,False
504,596316,9,9-10,PS,True,False,False
504,596316,10,10-11,PS,True,False,False
504,596316,11,11-12,PS,True,False,False
504,596316,12,12-13,PS,True,False,False
504,596316,13,13-14,PS,True,False,False
504,596316,14,14-15,PS,True,False,False
504,596316,15,15-16,PS,True,False,False
504,596316,16,16-17,PS,True,False,False
504,596316,17,17-18,PS,True,False,False
504,596316,18,18-19,PS,True,False,False
504,596316,19,19-20,PS,True,False,False
505,596317,1,1-2,PS,True,False,False
505,596317,2,2-3,PS,True,False,False
505,596317,3,3-4,PS,True,False,False
505,596317,4,4-5,PS,True,False,False
505,596317,5,5-6,PS,True,False,False
505,596317,6,6-7,PS,True,False,False
505,596317,7,7-8,PS,True,False,False
505,596317,8,8-9,PS,True,False,False
505,596317,9,9-10,PS,True,False,False
505,596317,10,10-11,PS,True,False,False
505,596317,11,11-12,PS,True,False,False
505,596317,12,12-13,PS,True,False,False
505,596317,13,13-14,PS,True,False,False
505,596317,14,14-15,PS,True,False,False
505,596317,15,15-16,PS,True,False,False
505,596317,16,16-17,PS,True,False,False
505,596317,17,17-18,PS,True,False,False
505,596317,18,18-19,PS,True,False,False
505,596317,19,19-20,PS,True,False,False
506,596318,1,1-2,PS,True,False,False
506,596318,2,2-3,PS,True,False,False
506,596318,3,3-4,PS,True,False,False
506,596318,4,4-5,PS,True,False,False
506,596318,5,5-6,PS,True,False,False
506,596318,6,6-7,PS,True,False,False
506,596318,7,7-8,PS,True,False,False
506,596318,8,8-9,PS,True,False,False
506,596318,9,9-10,PS,True,False,False
506,596318,10,10-11,PS,True,False,False
506,596318,11,11-12,PS,True,False,False
506,596318,12,12-13,PS,True,False,False
506,596318,13,13-14,PS,True,False,False
506,596318,14,14-15,PS,True,False,False
506,596318,15,15-16,PS,True,False,False
506,596318,16,16-17,PS,True,False,False
506,596318,17,17-18,PS,True,False,False
506,596318,18,18-19,PS,True,False,False
506,596318,19,19-20,PS,True,False,False
507,596319,1,1-2,PS,True,False,False
507,596319,2,2-3,PS,True,False,False
507,596319,3,3-4,PS,True,False,False
507,596319,4,4-5,PS,True,False,False
507,596319,5,5-6,PS,True,False,False
507,596319,6,6-7,PS,True,False,False
507,596319,7,7-8,PS,True,False,False
507,596319,8,8-9,PS,True,False,False
507,596319,9,9-10,PS,True,False,False
507,596319,10,10-11,PS,True,False,False
507,596319,11,11-12,PS,True,False,False
507,596319,12,12-13,PS,True,False,False
507,596319,13,13-14,PS,True,False,False
507,596319,14,14-15,PS,True,False,False
507,596319,15,15-16,PS,True,False,False
507,596319,16,16-17,PS,True,False,False
507,596319,17,17-18,PS,True,False,False
507,596319,18,18-19,PS,True,False,False
507,596319,19,19-20,PS,True,False,False
508,596320,1,1-2,PS,True,False,False
508,596320,2,2-3,PS,True,False,False
508,596320,3,3-4,PS,True,False,False
508,596320,4,4-5,PS,True,False,False
508,596320,5,5-6,PS,True,False,False
508,596320,6,6-7,PS,True,False,False
508,596320,7,7-8,PS,True,False,False
508,596320,8,8-9,PS,True,False,False
508,596320,9,9-10,PS,True,False,False
508,596320,10,10-11,PS,True,False,False
508,596320,11,11-12,PS,True,False,False
508,596320,12,12-13,PS,True,False,False
508,596320,13,13-14,PS,True,False,False
508,596320,14,14-15,PS,True,False,False
508,596320,15,15-16,PS,True,False,False
508,596320,16,16-17,PS,True,False,False
508,596320,17,17-18,PS,True,False,False
508,596320,18,18-19,PS,True,False,False
508,596320,19,19-20,PS,True,False,False
509,596321,1,1-2,PS,True,False,False
509,596321,2,2-3,PS,True,False,False
509,596321,3,3-4,PS,True,False,False
509,596321,4,4-5,PS,True,False,False
509,596321,5,5-6,PS,True,False,False
509,596321,6,6-7,PS,True,False,False
509,596321,7,7-8,PS,True,False,False
509,596321,8,8-9,PS,True,False,False
509,596321,9,9-10,PS,True,False,False
509,596321,10,10-11,PS,True,False,False
509,596321,11,11-12,PS,True,False,False
509,596321,12,12-13,PS,True,False,False
509,596321,13,13-14,PS,True,False,False
509,596321,14,14-15,PS,True,False,False
509,596321,15,15-16,PS,True,False,False
509,596321,16,16-17,PS,True,False,False
509,596321,17,17-18,PS,True,False,False
509,596321,18,18-19,PS,True,False,False
509,596321,19,19-20,PS,True,False,False
510,596322,1,1-2,PS,True,False,False
510,596322,2,2-3,PS,True,False,False
510,596322,3,3-4,PS,True,False,False
510,596322,4,4-5,PS,True,False,False
510,596322,5,5-6,PS,True,False,False
510,596322,6,6-7,PS,True,False,False
510,596322,7,7-8,PS,True,False,False
510,596322,8,8-9,PS,True,False,False
510,596322,9,9-10,PS,True,False,False
510,596322,10,10-11,PS,True,False,False
510,596322,11,11-12,PS,True,False,False
510,596322,12,12-13,PS,True,False,False
510,596322,13,13-14,PS,True,False,False
510,596322,14,14-15,PS,True,False,False
510,596322,15,15-16,PS,True,False,False
510,596322,16,16-17,PS,True,False,False
510,596322,17,17-18,PS,True,False,False
510,596322,18,18-19,PS,True,False,False
510,596322,19,19-20,PS,True,False,False
511,596323,1,1-2,PS,True,False,False
511,596323,2,2-3,PS,True,False,False
511,596323,3,3-4,PS,True,False,False
511,596323,4,4-5,PS,True,False,False
511,596323,5,5-6,PS,True,False,False
511,596323,6,6-7,PS,True,False,False
511,596323,7,7-8,PS,True,False,False
511,596323,8,8-9,PS,True,False,False
511,596323,9,9-10,PS,True,False,False
511,596323,10,10-11,PS,True,False,False
511,596323,11,11-12,PS,True,False,False
511,596323,12,12-13,PS,True,False,False
511,596323,13,13-14,PS,True,False,False
511,596323,14,14-15,PS,True,False,False
511,596323,15,15-16,PS,True,False,False
511,596323,16,16-17,PS,True,False,False
511,596323,17,17-18,PS,True,False,False
511,596323,18,18-19,PS,True,False,False
511,596323,19,19-20,PS,True,False,False
512,596324,1,1-2,PS,True,False,False
512,596324,2,2-3,PS,True,False,False
512,596324,3,3-4,PS,True,False,False
512,596324,4,4-5,PS,True,False,False
512,596324,5,5-6,PS,True,False,False
512,596324,6,6-7,PS,True,False,False
512,596324,7,7-8,PS,True,False,False
512,596324,8,8-9,PS,True,False,False
512,596324,9,9-10,PS,True,False,False
512,596324,10,10-11,PS,True,False,False
512,596324,11,11-12,PS,True,False,False
512,596324,12,12-13,PS,True,False,False
512,596324,13,13-14,PS,True,False,False
512,596324,14,14-15,PS,True,False,False
512,596324,15,15-16,PS,True,False,False
512,596324,16,16-17,PS,True,False,False
512,596324,17,17-18,PS,True,False,False
512,596324,18,18-19,PS,True,False,False
512,596324,19,19-20,PS,True,False,False
513,596325,1,1-2,PS,True,False,False
513,596325,2,2-3,PS,True,False,False
513,596325,3,3-4,PS,True,False,False
513,596325,4,4-5,PS,True,False,False
513,596325,5,5-6,PS,True,False,False
513,596325,6,6-7,PS,True,False,False
513,596325,7,7-8,PS,True,False,False
513,596325,8,8-9,PS,True,False,False
513,596325,9,9-10,PS,True,False,False
513,596325,10,10-11,PS,True,False,False
513,596325,11,11-12,PS,True,False,False
513,596325,12,12-13,PS,True,False,False
513,596325,13,13-14,PS,True,False,False
513,596325,14,14-15,PS,True,False,False
513,596325,15,15-16,PS,True,False,False
513,596325,16,16-17,PS,True,False,False
513,596325,17,17-18,PS,True,False,False
513,596325,18,18-19,PS,True,False,False
513,596325,19,19-20,PS,True,False,False
514,596326,1,1-2,PS,True,False,False
514,596326,2,2-3,PS,True,False,False
514,596326,3,3-4,PS,True,False,False
514,596326,4,4-5,PS,True,False,False
514,596326,5,5-6,PS,True,False,False
514,596326,6,6-7,PS,True,False,False
514,596326,7,7-8,PS,True,False,False
514,596326,8,8-9,PS,True,False,False
514,596326,9,9-10,PS,True,False,False
514,596326,10,10-11,PS,True,False,False
514,596326,11,11-12,PS,True,False,False
514,596326,12,12-13,PS,True,False,False
514,596326,13,13-14,PS,True,False,False
514,596326,14,14-15,PS,True,False,False
514,596326,15,15-16,PS,True,False,False
514,596326,16,16-17,PS,True,False,False
514,596326,17,17-18,PS,True,False,False
514,596326,18,18-19,PS,True,False,False
514,596326,19,19-20,PS,True,False,False
515,596327,1,1-2,PS,True,False,False
515,596327,2,2-3,PS,True,False,False
515,596327,3,3-4,PS,True,False,False
515,596327,4,4-5,PS,True,False,False
515,596327,5,5-6,PS,True,False,False
515,596327,6,6-7,PS,True,False,False
515,596327,7,7-8,PS,True,False,False
515,596327,8,8-9,PS,True,False,False
515,596327,9,9-10,PS,True,False,False
515,596327,10,10-11,PS,True,False,False
515,596327,11,11-12,PS,True,False,False
515,596327,12,12-13,PS,True,False,False
515,596327,13,13-14,PS,True,False,False
515,596327,14,14-15,PS,True,False,False
515,596327,15,15-16,PS,True,False,False
515,596327,16,16-17,PS,True,False,False
515,596327,17,17-18,PS,True,False,False
515,596327,18,18-19,PS,True,False,False
515,596327,19,19-20,PS,True,False,False
516,596328,1,1-2,PS,True,False,False
516,596328,2,2-3,PS,True,False,False
516,596328,3,3-4,PS,True,False,False
516,596328,4,4-5,PS,True,False,False
516,596328,5,5-6,PS,True,False,False
516,596328,6,6-7,PS,True,False,False
516,596328,7,7-8,PS,True,False,False
516,596328,8,8-9,PS,True,False,False
516,596328,9,9-10,PS,True,False,False
516,596328,10,10-11,PS,True,False,False
516,596328,11,11-12,PS,True,False,False
516,596328,12,12-13,PS,True,False,False
516,596328,13,13-14,PS,True,False,False
516,596328,14,14-15,PS,True,False,False
516,596328,15,15-16,PS,True,False,False
516,596328,16,16-17,PS,True,False,False
516,596328,17,17-18,PS,True,False,False
516,596328,18,18-19,PS,True,False,False
516,596328,19,19-20,PS,True,False,False
517,596329,1,1-2,PS,True,False,False
517,596329,2,2-3,PS,True,False,False
517,596329,3,3-4,PS,True,False,False
517,596329,4,4-5,PS,True,False,False
517,596329,5,5-6,PS,True,False,False
517,596329,6,6-7,PS,True,False,False
517,596329,7,7-8,PS,True,False,False
517,596329,8,8-9,PS,True,False,False
517,596329,9,9-10,PS,True,False,False
517,596329,10,10-11,PS,True,False,False
517,596329,11,11-12,PS,True,False,False
517,596329,12,12-13,PS,True,False,False
517,596329,13,13-14,PS,True,False,False
517,596329,14,14-15,PS,True,False,False
517,596329,15,15-16,PS,True,False,False
517,596329,16,16-17,PS,True,False,False
517,596329,17,17-18,PS,True,False,False
517,596329,18,18-19,PS,True,False,False
517,596329,19,19-20,PS,True,False,False
518,596330,1,1-2,PS,True,False,False
518,596330,2,2-3,PS,True,False,False
518,596330,3,3-4,PS,True,False,False
518,596330,4,4-5,PS,True,False,False
518,596330,5,5-6,PS,True,False,False
518,596330,6,6-7,PS,True,False,False
518,596330,7,7-8,PS,True,False,False
518,596330,8,8-9,PS,True,False,False
518,596330,9,9-10,PS,True,False,False
518,596330,10,10-11,PS,True,False,False
518,596330,11,11-12,PS,True,False,False
518,596330,12,12-13,PS,True,False,False
518,596330,13,13-14,PS,True,False,False
518,596330,14,14-15,PS,True,False,False
518,596330,15,15-16,PS,True,False,False
518,596330,16,16-17,PS,True,False,False
518,596330,17,17-18,PS,True,False,False
518,596330,18,18-19,PS,True,False,False
518,596330,19,19-20,PS,True,False,False
519,596331,1,1-2,PS,True,False,False
519,596331,2,2-3,PS,True,False,False
519,596331,3,3-4,PS,True,False,False
519,596331,4,4-5,PS,True,False,False
519,596331,5,5-6,PS,True,False,False
519,596331,6,6-7,PS,True,False,False
519,596331,7,7-8,PS,True,False,False
519,596331,8,8-9,PS,True,False,False
519,596331,9,9-10,PS,True,False,False
519,596331,10,10-11,PS,True,False,False
519,596331,11,11-12,PS,True,False,False
519,596331,12,12-13,PS,True,False,False
519,596331,13,13-14,PS,True,False,False
519,596331,14,14-15,PS,True,False,False
519,596331,15,15-16,PS,True,False,False
519,596331,16,16-17,PS,True,False,False
519,596331,17,17-18,PS,True,False,False
519,596331,18,18-19,PS,True,False,False
519,596331,19,19-20,PS,True,False,False
520,596332,1,1-2,PS,True,False,False
520,596332,2,2-3,PS,True,False,False
520,596332,3,3-4,PS,True,False,False
520,596332,4,4-5,PS,True,False,False
520,596332,5,5-6,PS,True,False,False
520,596332,6,6-7,PS,True,False,False
520,596332,7,7-8,PS,True,False,False
520,596332,8,8-9,PS,True,False,False
520,596332,9,9-10,PS,True,False,False
520,596332,10,10-11,PS,True,False,False
520,596332,11,11-12,PS,True,False,False
520,596332,12,12-13,PS,True,False,False
520,596332,13,13-14,PS,True,False,False
520,596332,14,14-15,PS,True,False,False
520,596332,15,15-16,PS,True,False,False
520,596332,16,16-17,PS,True,False,False
520,596332,17,17-18,PS,True,False,False
520,596332,18,18-19,PS,True,False,False
520,596332,19,19-20,PS,True,False,False
521,596333,1,1-2,PS,True,False,False
521,596333,2,2-3,PS,True,False,False
521,596333,3,3-4,PS,True,False,False
521,596333,4,4-5,PS,True,False,False
521,596333,5,5-6,PS,True,False,False
521,596333,6,6-7,PS,True,False,False
521,596333,7,7-8,PS,True,False,False
521,596333,8,8-9,PS,True,False,False
521,596333,9,9-10,PS,True,False,False
521,596333,10,10-11,PS,True,False,False
521,596333,11,11-12,PS,True,False,False
521,596333,12,12-13,PS,True,False,False
521,596333,13,13-14,PS,True,False,False
521,596333,14,14-15,PS,True,False,False
521,596333,15,15-16,PS,True,False,False
521,596333,16,16-17,PS,True,False,False
521,596333,17,17-18,PS,True,False,False
521,596333,18,18-19,PS,True,False,False
521,596333,19,19-20,PS,True,False,False
522,596334,1,1-2,PS,True,False,False
522,596334,2,2-3,PS,True,False,False
522,596334,3,3-4,PS,True,False,False
522,596334,4,4-5,PS,True,False,False
522,596334,5,5-6,PS,True,False,False
522,596334,6,6-7,PS,True,False,False
522,596334,7,7-8,PS,True,False,False
522,596334,8,8-9,PS,True,False,False
522,596334,9,9-10,PS,True,False,False
522,596334,10,10-11,PS,True,False,False
522,596334,11,11-12,PS,True,False,False
522,596334,12,12-13,PS,True,False,False
522,596334,13,13-14,PS,True,False,False
522,596334,14,14-15,PS,True,False,False
522,596334,15,15-16,PS,True,False,False
522,596334,16,16-17,PS,True,False,False
522,596334,17,17-18,PS,True,False,False
522,596334,18,18-19,PS,True,False,False
522,596334,19,19-20,PS,True,False,False
523,596335,1,1-2,PS,True,False,False
523,596335,2,2-3,PS,True,False,False
523,596335,3,3-4,PS,True,False,False
523,596335,4,4-5,PS,True,False,False
523,596335,5,5-6,PS,True,False,False
523,596335,6,6-7,PS,True,False,False
523,596335,7,7-8,PS,True,False,False
523,596335,8,8-9,PS,True,False,False
523,596335,9,9-10,PS,True,False,False
523,596335,10,10-11,PS,True,False,False
523,596335,11,11-12,PS,True,False,False
523,596335,12,12-13,PS,True,False,False
523,596335,13,13-14,PS,True,False,False
523,596335,14,14-15,PS,True,False,False
523,596335,15,15-16,PS,True,False,False
523,596335,16,16-17,PS,True,False,False
523,596335,17,17-18,PS,True,False,False
523,596335,18,18-19,PS,True,False,False
523,596335,19,19-20,PS,True,False,False
524,596336,1,1-2,PS,True,False,False
524,596336,2,2-3,PS,True,False,False
524,596336,3,3-4,PS,True,False,False
524,596336,4,4-5,PS,True,False,False
524,596336,5,5-6,PS,True,False,False
524,596336,6,6-7,PS,True,False,False
524,596336,7,7-8,PS,True,False,False
524,596336,8,8-9,PS,True,False,False
524,596336,9,9-10,PS,True,False,False
524,596336,10,10-11,PS,True,False,False
524,596336,11,11-12,PS,True,False,False
524,596336,12,12-13,PS,True,False,False
524,596336,13,13-14,PS,True,False,False
524,596336,14,14-15,PS,True,False,False
524,596336,15,15-16,PS,True,False,False
524,596336,16,16-17,PS,True,False,False
524,596336,17,17-18,PS,True,False,False
524,596336,18,18-19,PS,True,False,False
524,596336,19,19-20,PS,True,False,False
525,596337,1,1-2,PS,True,False,False
525,596337,2,2-3,PS,True,False,False
525,596337,3,3-4,PS,True,False,False
525,596337,4,4-5,PS,True,False,False
525,596337,5,5-6,PS,True,False,False
525,596337,6,6-7,PS,True,False,False
525,596337,7,7-8,PS,True,False,False
525,596337,8,8-9,PS,True,False,False
525,596337,9,9-10,PS,True,False,False
525,596337,10,10-11,PS,True,False,False
525,596337,11,11-12,PS,True,False,False
525,596337,12,12-13,PS,True,False,False
525,596337,13,13-14,PS,True,False,False
525,596337,14,14-15,PS,True,False,False
525,596337,15,15-16,PS,True,False,False
525,596337,16,16-17,PS,True,False,False
525,596337,17,17-18,PS,True,False,False
525,596337,18,18-19,PS,True,False,False
525,596337,19,19-20,PS,True,False,False
526,596338,1,1-2,PS,True,False,False
526,596338,2,2-3,PS,True,False,False
526,596338,3,3-4,PS,True,False,False
526,596338,4,4-5,PS,True,False,False
526,596338,5,5-6,PS,True,False,False
526,596338,6,6-7,PS,True,False,False
526,596338,7,7-8,PS,True,False,False
526,596338,8,8-9,PS,True,False,False
526,596338,9,9-10,PS,True,False,False
526,596338,10,10-11,PS,True,False,False
526,596338,11,11-12,PS,True,False,False
526,596338,12,12-13,PS,True,False,False
526,596338,13,13-14,PS,True,False,False
526,596338,14,14-15,PS,True,False,False
526,596338,15,15-16,PS,True,False,False
526,596338,16,16-17,PS,True,False,False
526,596338,17,17-18,PS,True,False,False
526,596338,18,18-19,PS,True,False,False
526,596338,19,19-20,PS,True,False,False
527,596339,1,1-2,PS,True,False,False
527,596339,2,2-3,PS,True,False,False
527,596339,3,3-4,PS,True,False,False
527,596339,4,4-5,PS,True,False,False
527,596339,5,5-6,PS,True,False,False
527,596339,6,6-7,PS,True,False,False
527,596339,7,7-8,PS,True,False,False
527,596339,8,8-9,PS,True,False,False
527,596339,9,9-10,PS,True,False,False
527,596339,10,10-11,PS,True,False,False
527,596339,11,11-12,PS,True,False,False
527,596339,12,12-13,PS,True,False,False
527,596339,13,13-14,PS,True,False,False
527,596339,14,14-15,PS,True,False,False
527,596339,15,15-16,PS,True,False,False
527,596339,16,16-17,PS,True,False,False
527,596339,17,17-18,PS,True,False,False
527,596339,18,18-19,PS,True,False,False
527,596339,19,19-20,PS,True,False,False
528,596340,1,1-2,PS,True,False,False
528,596340,2,2-3,PS,True,False,False
528,596340,3,3-4,PS,True,False,False
528,596340,4,4-5,PS,True,False,False
528,596340,5,5-6,PS,True,False,False
528,596340,6,6-7,PS,True,False,False
528,596340,7,7-8,PS,True,False,False
528,596340,8,8-9,PS,True,False,False
528,596340,9,9-10,PS,True,False,False
528,596340,10,10-11,PS,True,False,False
528,596340,11,11-12,PS,True,False,False
528,596340,12,12-13,PS,True,False,False
528,596340,13,13-14,PS,True,False,False
528,596340,14,14-15,PS,True,False,False
528,596340,15,15-16,PS,True,False,False
528,596340,16,16-17,PS,True,False,False
528,596340,17,17-18,PS,True,False,False
528,596340,18,18-19,PS,True,False,False
528,596340,19,19-20,PS,True,False,False
529,596341,1,1-2,PS,True,False,False
529,596341,2,2-3,PS,True,False,False
529,596341,3,3-4,PS,True,False,False
529,596341,4,4-5,PS,True,False,False
529,596341,5,5-6,PS,True,False,False
529,596341,6,6-7,PS,True,False,False
529,596341,7,7-8,PS,True,False,False
529,596341,8,8-9,PS,True,False,False
529,596341,9,9-10,PS,True,False,False
529,596341,10,10-11,PS,True,False,False
529,596341,11,11-12,PS,True,False,False
529,596341,12,12-13,PS,True,False,False
529,596341,13,13-14,PS,True,False,False
529,596341,14,14-15,PS,True,False,False
529,596341,15,15-16,PS,True,False,False
529,596341,16,16-17,PS,True,False,False
529,596341,17,17-18,PS,True,False,False
529,596341,18,18-19,PS,True,False,False
529,596341,19,19-20,PS,True,False,False
530,596342,1,1-2,PS,True,False,False
530,596342,2,2-3,PS,True,False,False
530,596342,3,3-4,PS,True,False,False
530,596342,4,4-5,PS,True,False,False
530,596342,5,5-6,PS,True,False,False
530,596342,6,6-7,PS,True,False,False
530,596342,7,7-8,PS,True,False,False
530,596342,8,8-9,PS,True,False,False
530,596342,9,9-10,PS,True,False,False
530,596342,10,10-11,PS,True,False,False
530,596342,11,11-12,PS,True,False,False
530,596342,12,12-13,PS,True,False,False
530,596342,13,13-14,PS,True,False,False
530,596342,14,14-15,PS,True,False,False
530,596342,15,15-16,PS,True,False,False
530,596342,16,16-17,PS,True,False,False
530,596342,17,17-18,PS,True,False,False
530,596342,18,18-19,PS,True,False,False
530,596342,19,19-20,PS,True,False,False
531,596343,1,1-2,PS,True,False,False
531,596343,2,2-3,PS,True,False,False
531,596343,3,3-4,PS,True,False,False
531,596343,4,4-5,PS,True,False,False
531,596343,5,5-6,PS,True,False,False
531,596343,6,6-7,PS,True,False,False
531,596343,7,7-8,PS,True,False,False
531,596343,8,8-9,PS,True,False,False
531,596343,9,9-10,PS,True,False,False
531,596343,10,10-11,PS,True,False,False
531,596343,11,11-12,PS,True,False,False
531,596343,12,12-13,PS,True,False,False
531,596343,13,13-14,PS,True,False,False
531,596343,14,14-15,PS,True,False,False
531,596343,15,15-16,PS,True,False,False
531,596343,16,16-17,PS,True,False,False
531,596343,17,17-18,PS,True,False,False
531,596343,18,18-19,PS,True,False,False
531,596343,19,19-20,PS,True,False,False
532,596344,1,1-2,PS,True,False,False
532,596344,2,2-3,PS,True,False,False
532,596344,3,3-4,PS,True,False,False
532,596344,4,4-5,PS,True,False,False
532,596344,5,5-6,PS,True,False,False
532,596344,6,6-7,PS,True,False,False
532,596344,7,7-8,PS,True,False,False
532,596344,8,8-9,PS,True,False,False
532,596344,9,9-10,PS,True,False,False
532,596344,10,10-11,PS,True,False,False
532,596344,11,11-12,PS,True,False,False
532,596344,12,12-13,PS,True,False,False
532,596344,13,13-14,PS,True,False,False
532,596344,14,14-15,PS,True,False,False
532,596344,15,15-16,PS,True,False,False
532,596344,16,16-17,PS,True,False,False
532,596344,17,17-18,PS,True,False,False
532,596344,18,18-19,PS,True,False,False
532,596344,19,19-20,PS,True,False,False
533,596345,1,1-2,PS,True,False,False
533,596345,2,2-3,PS,True,False,False
533,596345,3,3-4,PS,True,False,False
533,596345,4,4-5,PS,True,False,False
533,596345,5,5-6,PS,True,False,False
533,596345,6,6-7,PS,True,False,False
533,596345,7,7-8,PS,True,False,False
533,596345,8,8-9,PS,True,False,False
533,596345,9,9-10,PS,True,False,False
533,596345,10,10-11,PS,True,False,False
533,596345,11,11-12,PS,True,False,False
533,596345,12,12-13,PS,True,False,False
533,596345,13,13-14,PS,True,False,False
533,596345,14,14-15,PS,True,False,False
533,596345,15,15-16,PS,True,False,False
533,596345,16,16-17,PS,True,False,False
533,596345,17,17-18,PS,True,False,False
533,596345,18,18-19,PS,True,False,False
533,596345,19,19-20,PS,True,False,False
534,596346,1,1-2,PS,True,False,False
534,596346,2,2-3,PS,True,False,False
534,596346,3,3-4,PS,True,False,False
534,596346,4,4-5,PS,True,False,False
534,596346,5,5-6,PS,True,False,False
534,596346,6,6-7,PS,True,False,False
534,596346,7,7-8,PS,True,False,False
534,596346,8,8-9,PS,True,False,False
534,596346,9,9-10,PS,True,False,False
534,596346,10,10-11,PS,True,False,False
534,596346,11,11-12,PS,True,False,False
534,596346,12,12-13,PS,True,False,False
534,596346,13,13-14,PS,True,False,False
534,596346,14,14-15,PS,True,False,False
534,596346,15,15-16,PS,True,False,False
534,596346,16,16-17,PS,True,False,False
534,596346,17,17-18,PS,True,False,False
534,596346,18,18-19,PS,True,False,False
534,596346,19,19-20,PS,True,False,False
535,596347,1,1-2,PS,True,False,False
535,596347,2,2-3,PS,True,False,False
535,596347,3,3-4,PS,True,False,False
535,596347,4,4-5,PS,True,False,False
535,596347,5,5-6,PS,True,False,False
535,596347,6,6-7,PS,True,False,False
535,596347,7,7-8,PS,True,False,False
535,596347,8,8-9,PS,True,False,False
535,596347,9,9-10,PS,True,False,False
535,596347,10,10-11,PS,True,False,False
535,596347,11,11-12,PS,True,False,False
535,596347,12,12-13,PS,True,False,False
535,596347,13,13-14,PS,True,False,False
535,596347,14,14-15,PS,True,False,False
535,596347,15,15-16,PS,True,False,False
535,596347,16,16-17,PS,True,False,False
535,596347,17,17-18,PS,True,False,False
535,596347,18,18-19,PS,True,False,False
535,596347,19,19-20,PS,True,False,False
536,596348,1,1-2,PS,True,False,False
536,596348,2,2-3,PS,True,False,False
536,596348,3,3-4,PS,True,False,False
536,596348,4,4-5,PS,True,False,False
536,596348,5,5-6,PS,True,False,False
536,596348,6,6-7,PS,True,False,False
536,596348,7,7-8,PS,True,False,False
536,596348,8,8-9,PS,True,False,False
536,596348,9,9-10,PS,True,False,False
536,596348,10,10-11,PS,True,False,False
536,596348,11,11-12,PS,True,False,False
536,596348,12,12-13,PS,True,False,False
536,596348,13,13-14,PS,True,False,False
536,596348,14,14-15,PS,True,False,False
536,596348,15,15-16,PS,True,False,False
536,596348,16,16-17,PS,True,False,False
536,596348,17,17-18,PS,True,False,False
536,596348,18,18-19,PS,True,False,False
536,596348,19,19-20,PS,True,False,False
537,596349,1,1-2,PS,True,False,False
537,596349,2,2-3,PS,True,False,False
537,596349,3,3-4,PS,True,False,False
537,596349,4,4-5,PS,True,False,False
537,596349,5,5-6,PS,True,False,False
537,596349,6,6-7,PS,True,False,False
537,596349,7,7-8,PS,True,False,False
537,596349,8,8-9,PS,True,False,False
537,596349,9,9-10,PS,True,False,False
537,596349,10,10-11,PS,True,False,False
537,596349,11,11-12,PS,True,False,False
537,596349,12,12-13,PS,True,False,False
537,596349,13,13-14,PS,True,False,False
537,596349,14,14-15,PS,True,False,False
537,596349,15,15-16,PS,True,False,False
537,596349,16,16-17,PS,True,False,False
537,596349,17,17-18,PS,True,False,False
537,596349,18,18-19,PS,True,False,False
537,596349,19,19-20,PS,True,False,False
538,596350,1,1-2,PS,True,False,False
538,596350,2,2-3,PS,True,False,False
538,596350,3,3-4,PS,True,False,False
538,596350,4,4-5,PS,True,False,False
538,596350,5,5-6,PS,True,False,False
538,596350,6,6-7,PS,True,False,False
538,596350,7,7-8,PS,True,False,False
538,596350,8,8-9,PS,True,False,False
538,596350,9,9-10,PS,True,False,False
538,596350,10,10-11,PS,True,False,False
538,596350,11,11-12,PS,True,False,False
538,596350,12,12-13,PS,True,False,False
538,596350,13,13-14,PS,True,False,False
538,596350,14,14-15,PS,True,False,False
538,596350,15,15-16,PS,True,False,False
538,596350,16,16-17,PS,True,False,False
538,596350,17,17-18,PS,True,False,False
538,596350,18,18-19,PS,True,False,False
538,596350,19,19-20,PS,True,False,False
539,596351,1,1-2,PS,True,False,False
539,596351,2,2-3,PS,True,False,False
539,596351,3,3-4,PS,True,False,False
539,596351,4,4-5,PS,True,False,False
539,596351,5,5-6,PS,True,False,False
539,596351,6,6-7,PS,True,False,False
539,596351,7,7-8,PS,True,False,False
539,596351,8,8-9,PS,True,False,False
539,596351,9,9-10,PS,True,False,False
539,596351,10,10-11,PS,True,False,False
539,596351,11,11-12,PS,True,False,False
539,596351,12,12-13,PS,True,False,False
539,596351,13,13-14,PS,True,False,False
539,596351,14,14-15,PS,True,False,False
539,596351,15,15-16,PS,True,False,False
539,596351,16,16-17,PS,True,False,False
539,596351,17,17-18,PS,True,False,False
539,596351,18,18-19,PS,True,False,False
539,596351,19,19-20,PS,True,False,False
540,596352,1,1-2,PS,True,False,False
540,596352,2,2-3,PS,True,False,False
540,596352,3,3-4,PS,True,False,False
540,596352,4,4-5,PS,True,False,False
540,596352,5,5-6,PS,True,False,False
540,596352,6,6-7,PS,True,False,False
540,596352,7,7-8,PS,True,False,False
540,596352,8,8-9,PS,True,False,False
540,596352,9,9-10,PS,True,False,False
540,596352,10,10-11,PS,True,False,False
540,596352,11,11-12,PS,True,False,False
540,596352,12,12-13,PS,True,False,False
540,596352,13,13-14,PS,True,False,False
540,596352,14,14-15,PS,True,False,False
540,596352,15,15-16,PS,True,False,False
540,596352,16,16-17,PS,True,False,False
540,596352,17,17-18,PS,True,False,False
540,596352,18,18-19,PS,True,False,False
540,596352,19,19-20,PS,True,False,False
541,596353,1,1-2,PS,True,False,False
541,596353,2,2-3,PS,True,False,False
541,596353,3,3-4,PS,True,False,False
541,596353,4,4-5,PS,True,False,False
541,596353,5,5-6,PS,True,False,False
541,596353,6,6-7,PS,True,False,False
541,596353,7,7-8,PS,True,False,False
541,596353,8,8-9,PS,True,False,False
541,596353,9,9-10,PS,True,False,False
541,596353,10,10-11,PS,True,False,False
541,596353,11,11-12,PS,True,False,False
541,596353,12,12-13,PS,True,False,False
541,596353,13,13-14,PS,True,False,False
541,596353,14,14-15,PS,True,False,False
541,596353,15,15-16,PS,True,False,False
541,596353,16,16-17,PS,True,False,False
541,596353,17,17-18,PS,True,False,False
541,596353,18,18-19,PS,True,False,False
541,596353,19,19-20,PS,True,False,False
542,596354,1,1-2,PS,True,False,False
542,596354,2,2-3,PS,True,False,False
542,596354,3,3-4,PS,True,False,False
542,596354,4,4-5,PS,True,False,False
542,596354,5,5-6,PS,True,False,False
542,596354,6,6-7,PS,True,False,False
542,596354,7,7-8,PS,True,False,False
542,596354,8,8-9,PS,True,False,False
542,596354,9,9-10,PS,True,False,False
542,596354,10,10-11,PS,True,False,False
542,596354,11,11-12,PS,True,False,False
542,596354,12,12-13,PS,True,False,False
542,596354,13,13-14,PS,True,False,False
542,596354,14,14-15,PS,True,False,False
542,596354,15,15-16,PS,True,False,False
542,596354,16,16-17,PS,True,False,False
542,596354,17,17-18,PS,True,False,False
542,596354,18,18-19,PS,True,False,False
542,596354,19,19-20,PS,True,False,False
543,596355,1,1-2,PS,True,False,False
543,596355,2,2-3,PS,True,False,False
543,596355,3,3-4,PS,True,False,False
543,596355,4,4-5,PS,True,False,False
543,596355,5,5-6,PS,True,False,False
543,596355,6,6-7,PS,True,False,False
543,596355,7,7-8,PS,True,False,False
543,596355,8,8-9,PS,True,False,False
543,596355,9,9-10,PS,True,False,False
543,596355,10,10-11,PS,True,False,False
543,596355,11,11-12,PS,True,False,False
543,596355,12,12-13,PS,True,False,False
543,596355,13,13-14,PS,True,False,False
543,596355,14,14-15,PS,True,False,False
543,596355,15,15-16,PS,True,False,False
543,596355,16,16-17,PS,True,False,False
543,596355,17,17-18,PS,True,False,False
543,596355,18,18-19,PS,True,False,False
543,596355,19,19-20,PS,True,False,False
544,596356,1,1-2,PS,True,False,False
544,596356,2,2-3,PS,True,False,False
544,596356,3,3-4,PS,True,False,False
544,596356,4,4-5,PS,True,False,False
544,596356,5,5-6,PS,True,False,False
544,596356,6,6-7,PS,True,False,False
544,596356,7,7-8,PS,True,False,False
544,596356,8,8-9,PS,True,False,False
544,596356,9,9-10,PS,True,False,False
544,596356,10,10-11,PS,True,False,False
544,596356,11,11-12,PS,True,False,False
544,596356,12,12-13,PS,True,False,False
544,596356,13,13-14,PS,True,False,False
544,596356,14,14-15,PS,True,False,False
544,596356,15,15-16,PS,True,False,False
544,596356,16,16-17,PS,True,False,False
544,596356,17,17-18,PS,True,False,False
544,596356,18,18-19,PS,True,False,False
544,596356,19,19-20,PS,True,False,False
545,596357,1,1-2,PS,True,False,False
545,596357,2,2-3,PS,True,False,False
545,596357,3,3-4,PS,True,False,False
545,596357,4,4-5,PS,True,False,False
545,596357,5,5-6,PS,True,False,False
545,596357,6,6-7,PS,True,False,False
545,596357,7,7-8,PS,True,False,False
545,596357,8,8-9,PS,True,False,False
545,596357,9,9-10,PS,True,False,False
545,596357,10,10-11,PS,True,False,False
545,596357,11,11-12,PS,True,False,False
545,596357,12,12-13,PS,True,False,False
545,596357,13,13-14,PS,True,False,False
545,596357,14,14-15,PS,True,False,False
545,596357,15,15-16,PS,True,False,False
545,596357,16,16-17,PS,True,False,False
545,596357,17,17-18,PS,True,False,False
545,596357,18,18-19,PS,True,False,False
545,596357,19,19-20,PS,True,False,False
546,596358,1,1-2,PS,True,False,False
546,596358,2,2-3,PS,True,False,False
546,596358,3,3-4,PS,True,False,False
546,596358,4,4-5,PS,True,False,False
546,596358,5,5-6,PS,True,False,False
546,596358,6,6-7,PS,True,False,False
546,596358,7,7-8,PS,True,False,False
546,596358,8,8-9,PS,True,False,False
546,596358,9,9-10,PS,True,False,False
546,596358,10,10-11,PS,True,False,False
546,596358,11,11-12,PS,True,False,False
546,596358,12,12-13,PS,True,False,False
546,596358,13,13-14,PS,True,False,False
546,596358,14,14-15,PS,True,False,False
546,596358,15,15-16,PS,True,False,False
546,596358,16,16-17,PS,True,False,False
546,596358,17,17-18,PS,True,False,False
546,596358,18,18-19,PS,True,False,False
546,596358,19,19-20,PS,True,False,False
547,596359,1,1-2,PS,True,False,False
547,596359,2,2-3,PS,True,False,False
547,596359,3,3-4,PS,True,False,False
547,596359,4,4-5,PS,True,False,False
547,596359,5,5-6,PS,True,False,False
547,596359,6,6-7,PS,True,False,False
547,596359,7,7-8,PS,True,False,False
547,596359,8,8-9,PS,True,False,False
547,596359,9,9-10,PS,True,False,False
547,596359,10,10-11,PS,True,False,False
547,596359,11,11-12,PS,True,False,False
547,596359,12,12-13,PS,True,False,False
547,596359,13,13-14,PS,True,False,False
547,596359,14,14-15,PS,True,False,False
547,596359,15,15-16,PS,True,False,False
547,596359,16,16-17,PS,True,False,False
547,596359,17,17-18,PS,True,False,False
547,596359,18,18-19,PS,True,False,False
547,596359,19,19-20,PS,True,False,False
548,596360,1,1-2,PS,True,False,False
548,596360,2,2-3,PS,True,False,False
548,596360,3,3-4,PS,True,False,False
548,596360,4,4-5,PS,True,False,False
548,596360,5,5-6,PS,True,False,False
548,596360,6,6-7,PS,True,False,False
548,596360,7,7-8,PS,True,False,False
548,596360,8,8-9,PS,True,False,False
548,596360,9,9-10,PS,True,False,False
548,596360,10,10-11,PS,True,False,False
548,596360,11,11-12,PS,True,False,False
548,596360,12,12-13,PS,True,False,False
548,596360,13,13-14,PS,True,False,False
548,596360,14,14-15,PS,True,False,False
548,596360,15,15-16,PS,True,False,False
548,596360,16,16-17,PS,True,False,False
548,596360,17,17-18,PS,True,False,False
548,596360,18,18-19,PS,True,False,False
548,596360,19,19-20,PS,True,False,False
549,596361,1,1-2,PS,True,False,False
549,596361,2,2-3,PS,True,False,False
549,596361,3,3-4,PS,True,False,False
549,596361,4,4-5,PS,True,False,False
549,596361,5,5-6,PS,True,False,False
549,596361,6,6-7,PS,True,False,False
549,596361,7,7-8,PS,True,False,False
549,596361,8,8-9,PS,True,False,False
549,596361,9,9-10,PS,True,False,False
549,596361,10,10-11,PS,True,False,False
549,596361,11,11-12,PS,True,False,False
549,596361,12,12-13,PS,True,False,False
549,596361,13,13-14,PS,True,False,False
549,596361,14,14-15,PS,True,False,False
549,596361,15,15-16,PS,True,False,False
549,596361,16,16-17,PS,True,False,False
549,596361,17,17-18,PS,True,False,False
549,596361,18,18-19,PS,True,False,False
549,596361,19,19-20,PS,True,False,False
550,596362,1,1-2,PS,True,False,False
550,596362,2,2-3,PS,True,False,False
550,596362,3,3-4,PS,True,False,False
550,596362,4,4-5,PS,True,False,False
550,596362,5,5-6,PS,True,False,False
550,596362,6,6-7,PS,True,False,False
550,596362,7,7-8,PS,True,False,False
550,596362,8,8-9,PS,True,False,False
550,596362,9,9-10,PS,True,False,False
550,596362,10,10-11,PS,True,False,False
550,596362,11,11-12,PS,True,False,False
550,596362,12,12-13,PS,True,False,False
550,596362,13,13-14,PS,True,False,False
550,596362,14,14-15,PS,True,False,False
550,596362,15,15-16,PS,True,False,False
550,596362,16,16-17,PS,True,False,False
550,596362,17,17-18,PS,True,False,False
550,596362,18,18-19,PS,True,False,False
550,596362,19,19-20,PS,True,False,False
551,596363,1,1-2,PS,True,False,False
551,596363,2,2-3,PS,True,False,False
551,596363,3,3-4,PS,True,False,False
551,596363,4,4-5,PS,True,False,False
551,596363,5,5-6,PS,True,False,False
551,596363,6,6-7,PS,True,False,False
551,596363,7,7-8,PS,True,False,False
551,596363,8,8-9,PS,True,False,False
551,596363,9,9-10,PS,True,False,False
551,596363,10,10-11,PS,True,False,False
551,596363,11,11-12,PS,True,False,False
551,596363,12,12-13,PS,True,False,False
551,596363,13,13-14,PS,True,False,False
551,596363,14,14-15,PS,True,False,False
551,596363,15,15-16,PS,True,False,False
551,596363,16,16-17,PS,True,False,False
551,596363,17,17-18,PS,True,False,False
551,596363,18,18-19,PS,True,False,False
551,596363,19,19-20,PS,True,False,False
552,596364,1,1-2,PS,True,False,False
552,596364,2,2-3,PS,True,False,False
552,596364,3,3-4,PS,True,False,False
552,596364,4,4-5,PS,True,False,False
552,596364,5,5-6,PS,True,False,False
552,596364,6,6-7,PS,True,False,False
552,596364,7,7-8,PS,True,False,False
552,596364,8,8-9,PS,True,False,False
552,596364,9,9-10,PS,True,False,False
552,596364,10,10-11,PS,True,False,False
552,596364,11,11-12,PS,True,False,False
552,596364,12,12-13,PS,True,False,False
552,596364,13,13-14,PS,True,False,False
552,596364,14,14-15,PS,True,False,False
552,596364,15,15-16,PS,True,False,False
552,596364,16,16-17,PS,True,False,False
552,596364,17,17-18,PS,True,False,False
552,596364,18,18-19,PS,True,False,False
552,596364,19,19-20,PS,True,False,False
553,596530,1,1-2,PS,True,False,False
553,596530,2,2-3,PS,True,False,False
553,596530,3,3-4,PS,True,False,False
553,596530,4,4-5,PS,True,False,False
553,596530,5,5-6,PS,True,False,False
553,596530,6,6-7,PS,True,False,False
553,596530,7,7-8,PS,True,False,False
553,596530,8,8-9,PS,True,False,False
553,596530,9,9-10,PS,True,False,False
553,596530,10,10-11,PS,True,False,False
553,596530,11,11-12,PS,True,False,False
553,596530,12,12-13,PS,True,False,False
553,596530,13,13-14,PS,True,False,False
553,596530,14,14-15,PS,True,False,False
553,596530,15,15-16,PS,True,False,False
553,596530,16,16-17,PS,True,False,False
554,596531,1,1-2,PS,True,False,False
554,596531,2,2-3,PS,True,False,False
554,596531,3,3-4,PS,True,False,False
554,596531,4,4-5,PS,True,False,False
554,596531,5,5-6,PS,True,False,False
554,596531,6,6-7,PS,True,False,False
554,596531,7,7-8,PS,True,False,False
554,596531,8,8-9,PS,True,False,False
554,596531,9,9-10,PS,True,False,False
554,596531,10,10-11,PS,True,False,False
554,596531,11,11-12,PS,True,False,False
554,596531,12,12-13,PS,True,False,False
554,596531,13,13-14,PS,True,False,False
554,596531,14,14-15,PS,True,False,False
554,596531,15,15-16,PS,True,False,False
554,596531,16,16-17,PS,True,False,False
555,596532,1,1-2,PS,True,False,False
555,596532,2,2-3,PS,True,False,False
555,596532,3,3-4,PS,True,False,False
555,596532,4,4-5,PS,True,False,False
555,596532,5,5-6,PS,True,False,False
555,596532,6,6-7,PS,True,False,False
555,596532,7,7-8,PS,True,False,False
555,596532,8,8-9,PS,True,False,False
555,596532,9,9-10,PS,True,False,False
555,596532,10,10-11,PS,True,False,False
555,596532,11,11-12,PS,True,False,False
555,596532,12,12-13,PS,True,False,False
555,596532,13,13-14,PS,True,False,False
555,596532,14,14-15,PS,True,False,False
555,596532,15,15-16,PS,True,False,False
555,596532,16,16-17,PS,True,False,False
556,596533,1,1-2,PS,True,False,False
556,596533,2,2-3,PS,True,False,False
556,596533,3,3-4,PS,True,False,False
556,596533,4,4-5,PS,True,False,False
556,596533,5,5-6,PS,True,False,False
556,596533,6,6-7,PS,True,False,False
556,596533,7,7-8,PS,True,False,False
556,596533,8,8-9,PS,True,False,False
556,596533,9,9-10,PS,True,False,False
556,596533,10,10-11,PS,True,False,False
556,596533,11,11-12,PS,True,False,False
556,596533,12,12-13,PS,True,False,False
556,596533,13,13-14,PS,True,False,False
556,596533,14,14-15,PS,True,False,False
556,596533,15,15-16,PS,True,False,False
556,596533,16,16-17,PS,True,False,False
557,596534,1,1-2,PS,True,False,False
557,596534,2,2-3,PS,True,False,False
557,596534,3,3-4,PS,True,False,False
557,596534,4,4-5,PS,True,False,False
557,596534,5,5-6,PS,True,False,False
557,596534,6,6-7,PS,True,False,False
557,596534,7,7-8,PS,True,False,False
557,596534,8,8-9,PS,True,False,False
557,596534,9,9-10,PS,True,False,False
557,596534,10,10-11,PS,True,False,False
557,596534,11,11-12,PS,True,False,False
557,596534,12,12-13,PS,True,False,False
557,596534,13,13-14,PS,True,False,False
557,596534,14,14-15,PS,True,False,False
557,596534,15,15-16,PS,True,False,False
557,596534,16,16-17,PS,True,False,False
558,596535,1,1-2,PS,True,False,False
558,596535,2,2-3,PS,True,False,False
558,596535,3,3-4,PS,True,False,False
558,596535,4,4-5,PS,True,False,False
558,596535,5,5-6,PS,True,False,False
558,596535,6,6-7,PS,True,False,False
558,596535,7,7-8,PS,True,False,False
558,596535,8,8-9,PS,True,False,False
558,596535,9,9-10,PS,True,False,False
558,596535,10,10-11,PS,True,False,False
558,596535,11,11-12,PS,True,False,False
558,596535,12,12-13,PS,True,False,False
558,596535,13,13-14,PS,True,False,False
558,596535,14,14-15,PS,True,False,False
558,596535,15,15-16,PS,True,False,False
558,596535,16,16-17,PS,True,False,False
559,596536,1,1-2,PS,True,False,False
559,596536,2,2-3,PS,True,False,False
559,596536,3,3-4,PS,True,False,False
559,596536,4,4-5,PS,True,False,False
559,596536,5,5-6,PS,True,False,False
559,596536,6,6-7,PS,True,False,False
559,596536,7,7-8,PS,True,False,False
559,596536,8,8-9,PS,True,False,False
559,596536,9,9-10,PS,True,False,False
559,596536,10,10-11,PS,True,False,False
559,596536,11,11-12,PS,True,False,False
559,596536,12,12-13,PS,True,False,False
559,596536,13,13-14,PS,True,False,False
559,596536,14,14-15,PS,True,False,False
559,596536,15,15-16,PS,True,False,False
559,596536,16,16-17,PS,True,False,False
560,596537,1,1-2,PS,True,False,False
560,596537,2,2-3,PS,True,False,False
560,596537,3,3-4,PS,True,False,False
560,596537,4,4-5,PS,True,False,False
560,596537,5,5-6,PS,True,False,False
560,596537,6,6-7,PS,True,False,False
560,596537,7,7-8,PS,True,False,False
560,596537,8,8-9,PS,True,False,False
560,596537,9,9-10,PS,True,False,False
560,596537,10,10-11,PS,True,False,False
560,596537,11,11-12,PS,True,False,False
560,596537,12,12-13,PS,True,False,False
560,596537,13,13-14,PS,True,False,False
560,596537,14,14-15,PS,True,False,False
560,596537,15,15-16,PS,True,False,False
560,596537,16,16-17,PS,True,False,False
561,596538,1,1-2,PS,True,False,False
561,596538,2,2-3,PS,True,False,False
561,596538,3,3-4,PS,True,False,False
561,596538,4,4-5,PS,True,False,False
561,596538,5,5-6,PS,True,False,False
561,596538,6,6-7,PS,True,False,False
561,596538,7,7-8,PS,True,False,False
561,596538,8,8-9,PS,True,False,False
561,596538,9,9-10,PS,True,False,False
561,596538,10,10-11,PS,True,False,False
561,596538,11,11-12,PS,True,False,False
561,596538,12,12-13,PS,True,False,False
561,596538,13,13-14,PS,True,False,False
561,596538,14,14-15,PS,True,False,False
561,596538,15,15-16,PS,True,False,False
561,596538,16,16-17,PS,True,False,False
562,596539,1,1-2,PS,True,False,False
562,596539,2,2-3,PS,True,False,False
562,596539,3,3-4,PS,True,False,False
562,596539,4,4-5,PS,True,False,False
562,596539,5,5-6,PS,True,False,False
562,596539,6,6-7,PS,True,False,False
562,596539,7,7-8,PS,True,False,False
562,596539,8,8-9,PS,True,False,False
562,596539,9,9-10,PS,True,False,False
562,596539,10,10-11,PS,True,False,False
562,596539,11,11-12,PS,True,False,False
562,596539,12,12-13,PS,True,False,False
562,596539,13,13-14,PS,True,False,False
562,596539,14,14-15,PS,True,False,False
562,596539,15,15-16,PS,True,False,False
562,596539,16,16-17,PS,True,False,False
563,596540,1,1-2,PS,True,False,False
563,596540,2,2-3,PS,True,False,False
563,596540,3,3-4,PS,True,False,False
563,596540,4,4-5,PS,True,False,False
563,596540,5,5-6,PS,True,False,False
563,596540,6,6-7,PS,True,False,False
563,596540,7,7-8,PS,True,False,False
563,596540,8,8-9,PS,True,False,False
563,596540,9,9-10,PS,True,False,False
563,596540,10,10-11,PS,True,False,False
563,596540,11,11-12,PS,True,False,False
563,596540,12,12-13,PS,True,False,False
563,596540,13,13-14,PS,True,False,False
563,596540,14,14-15,PS,True,False,False
563,596540,15,15-16,PS,True,False,False
563,596540,16,16-17,PS,True,False,False
564,596541,1,1-2,PS,True,False,False
564,596541,2,2-3,PS,True,False,False
564,596541,3,3-4,PS,True,False,False
564,596541,4,4-5,PS,True,False,False
564,596541,5,5-6,PS,True,False,False
564,596541,6,6-7,PS,True,False,False
564,596541,7,7-8,PS,True,False,False
564,596541,8,8-9,PS,True,False,False
564,596541,9,9-10,PS,True,False,False
564,596541,10,10-11,PS,True,False,False
564,596541,11,11-12,PS,True,False,False
564,596541,12,12-13,PS,True,False,False
564,596541,13,13-14,PS,True,False,False
564,596541,14,14-15,PS,True,False,False
564,596541,15,15-16,PS,True,False,False
564,596541,16,16-17,PS,True,False,False
565,596542,1,1-2,PS,True,False,False
565,596542,2,2-3,PS,True,False,False
565,596542,3,3-4,PS,True,False,False
565,596542,4,4-5,PS,True,False,False
565,596542,5,5-6,PS,True,False,False
565,596542,6,6-7,PS,True,False,False
565,596542,7,7-8,PS,True,False,False
565,596542,8,8-9,PS,True,False,False
565,596542,9,9-10,PS,True,False,False
565,596542,10,10-11,PS,True,False,False
565,596542,11,11-12,PS,True,False,False
565,596542,12,12-13,PS,True,False,False
565,596542,13,13-14,PS,True,False,False
565,596542,14,14-15,PS,True,False,False
565,596542,15,15-16,PS,True,False,False
565,596542,16,16-17,PS,True,False,False
566,596543,1,1-2,PS,True,False,False
566,596543,2,2-3,PS,True,False,False
566,596543,3,3-4,PS,True,False,False
566,596543,4,4-5,PS,True,False,False
566,596543,5,5-6,PS,True,False,False
566,596543,6,6-7,PS,True,False,False
566,596543,7,7-8,PS,True,False,False
566,596543,8,8-9,PS,True,False,False
566,596543,9,9-10,PS,True,False,False
566,596543,10,10-11,PS,True,False,False
566,596543,11,11-12,PS,True,False,False
566,596543,12,12-13,PS,True,False,False
566,596543,13,13-14,PS,True,False,False
566,596543,14,14-15,PS,True,False,False
566,596543,15,15-16,PS,True,False,False
566,596543,16,16-17,PS,True,False,False
567,596544,1,1-2,PS,True,False,False
567,596544,2,2-3,PS,True,False,False
567,596544,3,3-4,PS,True,False,False
567,596544,4,4-5,PS,True,False,False
567,596544,5,5-6,PS,True,False,False
567,596544,6,6-7,PS,True,False,False
567,596544,7,7-8,PS,True,False,False
567,596544,8,8-9,PS,True,False,False
567,596544,9,9-10,PS,True,False,False
567,596544,10,10-11,PS,True,False,False
567,596544,11,11-12,PS,True,False,False
567,596544,12,12-13,PS,True,False,False
567,596544,13,13-14,PS,True,False,False
567,596544,14,14-15,PS,True,False,False
567,596544,15,15-16,PS,True,False,False
567,596544,16,16-17,PS,True,False,False
568,596545,1,1-2,PS,True,False,False
568,596545,2,2-3,PS,True,False,False
568,596545,3,3-4,PS,True,False,False
568,596545,4,4-5,PS,True,False,False
568,596545,5,5-6,PS,True,False,False
568,596545,6,6-7,PS,True,False,False
568,596545,7,7-8,PS,True,False,False
568,596545,8,8-9,PS,True,False,False
568,596545,9,9-10,PS,True,False,False
568,596545,10,10-11,PS,True,False,False
568,596545,11,11-12,PS,True,False,False
568,596545,12,12-13,PS,True,False,False
568,596545,13,13-14,PS,True,False,False
568,596545,14,14-15,PS,True,False,False
568,596545,15,15-16,PS,True,False,False
568,596545,16,16-17,PS,True,False,False
569,596546,1,1-2,PS,True,False,False
569,596546,2,2-3,PS,True,False,False
569,596546,3,3-4,PS,True,False,False
569,596546,4,4-5,PS,True,False,False
569,596546,5,5-6,PS,True,False,False
569,596546,6,6-7,PS,True,False,False
569,596546,7,7-8,PS,True,False,False
569,596546,8,8-9,PS,True,False,False
569,596546,9,9-10,PS,True,False,False
569,596546,10,10-11,PS,True,False,False
569,596546,11,11-12,PS,True,False,False
569,596546,12,12-13,PS,True,False,False
569,596546,13,13-14,PS,True,False,False
569,596546,14,14-15,PS,True,False,False
569,596546,15,15-16,PS,True,False,False
569,596546,16,16-17,PS,True,False,False
570,596547,1,1-2,PS,True,False,False
570,596547,2,2-3,PS,True,False,False
570,596547,3,3-4,PS,True,False,False
570,596547,4,4-5,PS,True,False,False
570,596547,5,5-6,PS,True,False,False
570,596547,6,6-7,PS,True,False,False
570,596547,7,7-8,PS,True,False,False
570,596547,8,8-9,PS,True,False,False
570,596547,9,9-10,PS,True,False,False
570,596547,10,10-11,PS,True,False,False
570,596547,11,11-12,PS,True,False,False
570,596547,12,12-13,PS,True,False,False
570,596547,13,13-14,PS,True,False,False
570,596547,14,14-15,PS,True,False,False
570,596547,15,15-16,PS,True,False,False
570,596547,16,16-17,PS,True,False,False
571,596548,1,1-2,PS,True,False,False
571,596548,2,2-3,PS,True,False,False
571,596548,3,3-4,PS,True,False,False
571,596548,4,4-5,PS,True,False,False
571,596548,5,5-6,PS,True,False,False
571,596548,6,6-7,PS,True,False,False
571,596548,7,7-8,PS,True,False,False
571,596548,8,8-9,PS,True,False,False
571,596548,9,9-10,PS,True,False,False
571,596548,10,10-11,PS,True,False,False
571,596548,11,11-12,PS,True,False,False
571,596548,12,12-13,PS,True,False,False
571,596548,13,13-14,PS,True,False,False
571,596548,14,14-15,PS,True,False,False
571,596548,15,15-16,PS,True,False,False
571,596548,16,16-17,PS,True,False,False
572,596549,1,1-2,PS,True,False,False
572,596549,2,2-3,PS,True,False,False
572,596549,3,3-4,PS,True,False,False
572,596549,4,4-5,PS,True,False,False
572,596549,5,5-6,PS,True,False,False
572,596549,6,6-7,PS,True,False,False
572,596549,7,7-8,PS,True,False,False
572,596549,8,8-9,PS,True,False,False
572,596549,9,9-10,PS,True,False,False
572,596549,10,10-11,PS,True,False,False
572,596549,11,11-12,PS,True,False,False
572,596549,12,12-13,PS,True,False,False
572,596549,13,13-14,PS,True,False,False
572,596549,14,14-15,PS,True,False,False
572,596549,15,15-16,PS,True,False,False
572,596549,16,16-17,PS,True,False,False
573,596550,1,1-2,PS,True,False,False
573,596550,2,2-3,PS,True,False,False
573,596550,3,3-4,PS,True,False,False
573,596550,4,4-5,PS,True,False,False
573,596550,5,5-6,PS,True,False,False
573,596550,6,6-7,PS,True,False,False
573,596550,7,7-8,PS,True,False,False
573,596550,8,8-9,PS,True,False,False
573,596550,9,9-10,PS,True,False,False
573,596550,10,10-11,PS,True,False,False
573,596550,11,11-12,PS,True,False,False
573,596550,12,12-13,PS,True,False,False
573,596550,13,13-14,PS,True,False,False
573,596550,14,14-15,PS,True,False,False
573,596550,15,15-16,PS,True,False,False
573,596550,16,16-17,PS,True,False,False
574,596551,1,1-2,PS,True,False,False
574,596551,2,2-3,PS,True,False,False
574,596551,3,3-4,PS,True,False,False
574,596551,4,4-5,PS,True,False,False
574,596551,5,5-6,PS,True,False,False
574,596551,6,6-7,PS,True,False,False
574,596551,7,7-8,PS,True,False,False
574,596551,8,8-9,PS,True,False,False
574,596551,9,9-10,PS,True,False,False
574,596551,10,10-11,PS,True,False,False
574,596551,11,11-12,PS,True,False,False
574,596551,12,12-13,PS,True,False,False
574,596551,13,13-14,PS,True,False,False
574,596551,14,14-15,PS,True,False,False
574,596551,15,15-16,PS,True,False,False
574,596551,16,16-17,PS,True,False,False
575,596552,1,1-2,PS,True,False,False
575,596552,2,2-3,PS,True,False,False
575,596552,3,3-4,PS,True,False,False
575,596552,4,4-5,PS,True,False,False
575,596552,5,5-6,PS,True,False,False
575,596552,6,6-7,PS,True,False,False
575,596552,7,7-8,PS,True,False,False
575,596552,8,8-9,PS,True,False,False
575,596552,9,9-10,PS,True,False,False
575,596552,10,10-11,PS,True,False,False
575,596552,11,11-12,PS,True,False,False
575,596552,12,12-13,PS,True,False,False
575,596552,13,13-14,PS,True,False,False
575,596552,14,14-15,PS,True,False,False
575,596552,15,15-16,PS,True,False,False
575,596552,16,16-17,PS,True,False,False
576,596553,1,1-2,PS,True,False,False
576,596553,2,2-3,PS,True,False,False
576,596553,3,3-4,PS,True,False,False
576,596553,4,4-5,PS,True,False,False
576,596553,5,5-6,PS,True,False,False
576,596553,6,6-7,PS,True,False,False
576,596553,7,7-8,PS,True,False,False
576,596553,8,8-9,PS,True,False,False
576,596553,9,9-10,PS,True,False,False
576,596553,10,10-11,PS,True,False,False
576,596553,11,11-12,PS,True,False,False
576,596553,12,12-13,PS,True,False,False
576,596553,13,13-14,PS,True,False,False
576,596553,14,14-15,PS,True,False,False
576,596553,15,15-16,PS,True,False,False
576,596553,16,16-17,PS,True,False,False
577,596554,1,1-2,PS,True,False,False
577,596554,2,2-3,PS,True,False,False
577,596554,3,3-4,PS,True,False,False
577,596554,4,4-5,PS,True,False,False
577,596554,5,5-6,PS,True,False,False
577,596554,6,6-7,PS,True,False,False
577,596554,7,7-8,PS,True,False,False
577,596554,8,8-9,PS,True,False,False
577,596554,9,9-10,PS,True,False,False
577,596554,10,10-11,PS,True,False,False
577,596554,11,11-12,PS,True,False,False
577,596554,12,12-13,PS,True,False,False
577,596554,13,13-14,PS,True,False,False
577,596554,14,14-15,PS,True,False,False
577,596554,15,15-16,PS,True,False,False
577,596554,16,16-17,PS,True,False,False
578,596555,1,1-2,PS,True,False,False
578,596555,2,2-3,PS,True,False,False
578,596555,3,3-4,PS,True,False,False
578,596555,4,4-5,PS,True,False,False
578,596555,5,5-6,PS,True,False,False
578,596555,6,6-7,PS,True,False,False
578,596555,7,7-8,PS,True,False,False
578,596555,8,8-9,PS,True,False,False
578,596555,9,9-10,PS,True,False,False
578,596555,10,10-11,PS,True,False,False
578,596555,11,11-12,PS,True,False,False
578,596555,12,12-13,PS,True,False,False
578,596555,13,13-14,PS,True,False,False
578,596555,14,14-15,PS,True,False,False
578,596555,15,15-16,PS,True,False,False
578,596555,16,16-17,PS,True,False,False
579,596556,1,1-2,PS,True,False,False
579,596556,2,2-3,PS,True,False,False
579,596556,3,3-4,PS,True,False,False
579,596556,4,4-5,PS,True,False,False
579,596556,5,5-6,PS,True,False,False
579,596556,6,6-7,PS,True,False,False
579,596556,7,7-8,PS,True,False,False
579,596556,8,8-9,PS,True,False,False
579,596556,9,9-10,PS,True,False,False
579,596556,10,10-11,PS,True,False,False
579,596556,11,11-12,PS,True,False,False
579,596556,12,12-13,PS,True,False,False
579,596556,13,13-14,PS,True,False,False
579,596556,14,14-15,PS,True,False,False
579,596556,15,15-16,PS,True,False,False
579,596556,16,16-17,PS,True,False,False
580,596557,1,1-2,PS,True,False,False
580,596557,2,2-3,PS,True,False,False
580,596557,3,3-4,PS,True,False,False
580,596557,4,4-5,PS,True,False,False
580,596557,5,5-6,PS,True,False,False
580,596557,6,6-7,PS,True,False,False
580,596557,7,7-8,PS,True,False,False
580,596557,8,8-9,PS,True,False,False
580,596557,9,9-10,PS,True,False,False
580,596557,10,10-11,PS,True,False,False
580,596557,11,11-12,PS,True,False,False
580,596557,12,12-13,PS,True,False,False
580,596557,13,13-14,PS,True,False,False
580,596557,14,14-15,PS,True,False,False
580,596557,15,15-16,PS,True,False,False
580,596557,16,16-17,PS,True,False,False
581,596558,1,1-2,PS,True,False,False
581,596558,2,2-3,PS,True,False,False
581,596558,3,3-4,PS,True,False,False
581,596558,4,4-5,PS,True,False,False
581,596558,5,5-6,PS,True,False,False
581,596558,6,6-7,PS,True,False,False
581,596558,7,7-8,PS,True,False,False
581,596558,8,8-9,PS,True,False,False
581,596558,9,9-10,PS,True,False,False
581,596558,10,10-11,PS,True,False,False
581,596558,11,11-12,PS,True,False,False
581,596558,12,12-13,PS,True,False,False
581,596558,13,13-14,PS,True,False,False
581,596558,14,14-15,PS,True,False,False
581,596558,15,15-16,PS,True,False,False
581,596558,16,16-17,PS,True,False,False
582,596559,1,1-2,PS,True,False,False
582,596559,2,2-3,PS,True,False,False
582,596559,3,3-4,PS,True,False,False
582,596559,4,4-5,PS,True,False,False
582,596559,5,5-6,PS,True,False,False
582,596559,6,6-7,PS,True,False,False
582,596559,7,7-8,PS,True,False,False
582,596559,8,8-9,PS,True,False,False
582,596559,9,9-10,PS,True,False,False
582,596559,10,10-11,PS,True,False,False
582,596559,11,11-12,PS,True,False,False
582,596559,12,12-13,PS,True,False,False
582,596559,13,13-14,PS,True,False,False
582,596559,14,14-15,PS,True,False,False
582,596559,15,15-16,PS,True,False,False
582,596559,16,16-17,PS,True,False,False
583,596560,1,1-2,PS,True,False,False
583,596560,2,2-3,PS,True,False,False
583,596560,3,3-4,PS,True,False,False
583,596560,4,4-5,PS,True,False,False
583,596560,5,5-6,PS,True,False,False
583,596560,6,6-7,PS,True,False,False
583,596560,7,7-8,PS,True,False,False
583,596560,8,8-9,PS,True,False,False
583,596560,9,9-10,PS,True,False,False
583,596560,10,10-11,PS,True,False,False
583,596560,11,11-12,PS,True,False,False
583,596560,12,12-13,PS,True,False,False
583,596560,13,13-14,PS,True,False,False
583,596560,14,14-15,PS,True,False,False
583,596560,15,15-16,PS,True,False,False
583,596560,16,16-17,PS,True,False,False
584,596561,1,1-2,PS,True,False,False
584,596561,2,2-3,PS,True,False,False
584,596561,3,3-4,PS,True,False,False
584,596561,4,4-5,PS,True,False,False
584,596561,5,5-6,PS,True,False,False
584,596561,6,6-7,PS,True,False,False
584,596561,7,7-8,PS,True,False,False
584,596561,8,8-9,PS,True,False,False
584,596561,9,9-10,PS,True,False,False
584,596561,10,10-11,PS,True,False,False
584,596561,11,11-12,PS,True,False,False
584,596561,12,12-13,PS,True,False,False
584,596561,13,13-14,PS,True,False,False
584,596561,14,14-15,PS,True,False,False
584,596561,15,15-16,PS,True,False,False
584,596561,16,16-17,PS,True,False,False
585,596562,1,1-2,PS,True,False,False
585,596562,2,2-3,PS,True,False,False
585,596562,3,3-4,PS,True,False,False
585,596562,4,4-5,PS,True,False,False
585,596562,5,5-6,PS,True,False,False
585,596562,6,6-7,PS,True,False,False
585,596562,7,7-8,PS,True,False,False
585,596562,8,8-9,PS,True,False,False
585,596562,9,9-10,PS,True,False,False
585,596562,10,10-11,PS,True,False,False
585,596562,11,11-12,PS,True,False,False
585,596562,12,12-13,PS,True,False,False
585,596562,13,13-14,PS,True,False,False
585,596562,14,14-15,PS,True,False,False
585,596562,15,15-16,PS,True,False,False
585,596562,16,16-17,PS,True,False,False
586,596563,1,1-2,PS,True,False,False
586,596563,2,2-3,PS,True,False,False
586,596563,3,3-4,PS,True,False,False
586,596563,4,4-5,PS,True,False,False
586,596563,5,5-6,PS,True,False,False
586,596563,6,6-7,PS,True,False,False
586,596563,7,7-8,PS,True,False,False
586,596563,8,8-9,PS,True,False,False
586,596563,9,9-10,PS,True,False,False
586,596563,10,10-11,PS,True,False,False
586,596563,11,11-12,PS,True,False,False
586,596563,12,12-13,PS,True,False,False
586,596563,13,13-14,PS,True,False,False
586,596563,14,14-15,PS,True,False,False
586,596563,15,15-16,PS,True,False,False
586,596563,16,16-17,PS,True,False,False
587,596564,1,1-2,PS,True,False,False
587,596564,2,2-3,PS,True,False,False
587,596564,3,3-4,PS,True,False,False
587,596564,4,4-5,PS,True,False,False
587,596564,5,5-6,PS,True,False,False
587,596564,6,6-7,PS,True,False,False
587,596564,7,7-8,PS,True,False,False
587,596564,8,8-9,PS,True,False,False
587,596564,9,9-10,PS,True,False,False
587,596564,10,10-11,PS,True,False,False
587,596564,11,11-12,PS,True,False,False
587,596564,12,12-13,PS,True,False,False
587,596564,13,13-14,PS,True,False,False
587,596564,14,14-15,PS,True,False,False
587,596564,15,15-16,PS,True,False,False
587,596564,16,16-17,PS,True,False,False
588,596565,1,1-2,PS,True,False,False
588,596565,2,2-3,PS,True,False,False
588,596565,3,3-4,PS,True,False,False
588,596565,4,4-5,PS,True,False,False
588,596565,5,5-6,PS,True,False,False
588,596565,6,6-7,PS,True,False,False
588,596565,7,7-8,PS,True,False,False
588,596565,8,8-9,PS,True,False,False
588,596565,9,9-10,PS,True,False,False
588,596565,10,10-11,PS,True,False,False
588,596565,11,11-12,PS,True,False,False
588,596565,12,12-13,PS,True,False,False
588,596565,13,13-14,PS,True,False,False
588,596565,14,14-15,PS,True,False,False
588,596565,15,15-16,PS,True,False,False
588,596565,16,16-17,PS,True,False,False
589,596566,1,1-2,PS,True,False,False
589,596566,2,2-3,PS,True,False,False
589,596566,3,3-4,PS,True,False,False
589,596566,4,4-5,PS,True,False,False
589,596566,5,5-6,PS,True,False,False
589,596566,6,6-7,PS,True,False,False
589,596566,7,7-8,PS,True,False,False
589,596566,8,8-9,PS,True,False,False
589,596566,9,9-10,PS,True,False,False
589,596566,10,10-11,PS,True,False,False
589,596566,11,11-12,PS,True,False,False
589,596566,12,12-13,PS,True,False,False
589,596566,13,13-14,PS,True,False,False
589,596566,14,14-15,PS,True,False,False
589,596566,15,15-16,PS,True,False,False
589,596566,16,16-17,PS,True,False,False
590,596567,1,1-2,PS,True,False,False
590,596567,2,2-3,PS,True,False,False
590,596567,3,3-4,PS,True,False,False
590,596567,4,4-5,PS,True,False,False
590,596567,5,5-6,PS,True,False,False
590,596567,6,6-7,PS,True,False,False
590,596567,7,7-8,PS,True,False,False
590,596567,8,8-9,PS,True,False,False
590,596567,9,9-10,PS,True,False,False
590,596567,10,10-11,PS,True,False,False
590,596567,11,11-12,PS,True,False,False
590,596567,12,12-13,PS,True,False,False
590,596567,13,13-14,PS,True,False,False
590,596567,14,14-15,PS,True,False,False
590,596567,15,15-16,PS,True,False,False
590,596567,16,16-17,PS,True,False,False
591,596568,1,1-2,PS,True,False,False
591,596568,2,2-3,PS,True,False,False
591,596568,3,3-4,PS,True,False,False
591,596568,4,4-5,PS,True,False,False
591,596568,5,5-6,PS,True,False,False
591,596568,6,6-7,PS,True,False,False
591,596568,7,7-8,PS,True,False,False
591,596568,8,8-9,PS,True,False,False
591,596568,9,9-10,PS,True,False,False
591,596568,10,10-11,PS,True,False,False
591,596568,11,11-12,PS,True,False,False
591,596568,12,12-13,PS,True,False,False
591,596568,13,13-14,PS,True,False,False
591,596568,14,14-15,PS,True,False,False
591,596568,15,15-16,PS,True,False,False
591,596568,16,16-17,PS,True,False,False
592,596569,1,1-2,PS,True,False,False
592,596569,2,2-3,PS,True,False,False
592,596569,3,3-4,PS,True,False,False
592,596569,4,4-5,PS,True,False,False
592,596569,5,5-6,PS,True,False,False
592,596569,6,6-7,PS,True,False,False
592,596569,7,7-8,PS,True,False,False
592,596569,8,8-9,PS,True,False,False
592,596569,9,9-10,PS,True,False,False
592,596569,10,10-11,PS,True,False,False
592,596569,11,11-12,PS,True,False,False
592,596569,12,12-13,PS,True,False,False
592,596569,13,13-14,PS,True,False,False
592,596569,14,14-15,PS,True,False,False
592,596569,15,15-16,PS,True,False,False
592,596569,16,16-17,PS,True,False,False
593,596570,1,1-2,PS,True,False,False
593,596570,2,2-3,PS,True,False,False
593,596570,3,3-4,PS,True,False,False
593,596570,4,4-5,PS,True,False,False
593,596570,5,5-6,PS,True,False,False
593,596570,6,6-7,PS,True,False,False
593,596570,7,7-8,PS,True,False,False
593,596570,8,8-9,PS,True,False,False
593,596570,9,9-10,PS,True,False,False
593,596570,10,10-11,PS,True,False,False
593,596570,11,11-12,PS,True,False,False
593,596570,12,12-13,PS,True,False,False
593,596570,13,13-14,PS,True,False,False
593,596570,14,14-15,PS,True,False,False
593,596570,15,15-16,PS,True,False,False
593,596570,16,16-17,PS,True,False,False
594,596571,1,1-2,PS,True,False,False
594,596571,2,2-3,PS,True,False,False
594,596571,3,3-4,PS,True,False,False
594,596571,4,4-5,PS,True,False,False
594,596571,5,5-6,PS,True,False,False
594,596571,6,6-7,PS,True,False,False
594,596571,7,7-8,PS,True,False,False
594,596571,8,8-9,PS,True,False,False
594,596571,9,9-10,PS,True,False,False
594,596571,10,10-11,PS,True,False,False
594,596571,11,11-12,PS,True,False,False
594,596571,12,12-13,PS,True,False,False
594,596571,13,13-14,PS,True,False,False
594,596571,14,14-15,PS,True,False,False
594,596571,15,15-16,PS,True,False,False
594,596571,16,16-17,PS,True,False,False
595,596572,1,1-2,PS,True,False,False
595,596572,2,2-3,PS,True,False,False
595,596572,3,3-4,PS,True,False,False
595,596572,4,4-5,PS,True,False,False
595,596572,5,5-6,PS,True,False,False
595,596572,6,6-7,PS,True,False,False
595,596572,7,7-8,PS,True,False,False
595,596572,8,8-9,PS,True,False,False
595,596572,9,9-10,PS,True,False,False
595,596572,10,10-11,PS,True,False,False
595,596572,11,11-12,PS,True,False,False
595,596572,12,12-13,PS,True,False,False
595,596572,13,13-14,PS,True,False,False
595,596572,14,14-15,PS,True,False,False
595,596572,15,15-16,PS,True,False,False
595,596572,16,16-17,PS,True,False,False
596,596573,1,1-2,PS,True,False,False
596,596573,2,2-3,PS,True,False,False
596,596573,3,3-4,PS,True,False,False
596,596573,4,4-5,PS,True,False,False
596,596573,5,5-6,PS,True,False,False
596,596573,6,6-7,PS,True,False,False
596,596573,7,7-8,PS,True,False,False
596,596573,8,8-9,PS,True,False,False
596,596573,9,9-10,PS,True,False,False
596,596573,10,10-11,PS,True,False,False
596,596573,11,11-12,PS,True,False,False
596,596573,12,12-13,PS,True,False,False
596,596573,13,13-14,PS,True,False,False
596,596573,14,14-15,PS,True,False,False
596,596573,15,15-16,PS,True,False,False
596,596573,16,16-17,PS,True,False,False
597,596574,1,1-2,PS,True,False,False
597,596574,2,2-3,PS,True,False,False
597,596574,3,3-4,PS,True,False,False
597,596574,4,4-5,PS,True,False,False
597,596574,5,5-6,PS,True,False,False
597,596574,6,6-7,PS,True,False,False
597,596574,7,7-8,PS,True,False,False
597,596574,8,8-9,PS,True,False,False
597,596574,9,9-10,PS,True,False,False
597,596574,10,10-11,PS,True,False,False
597,596574,11,11-12,PS,True,False,False
597,596574,12,12-13,PS,True,False,False
597,596574,13,13-14,PS,True,False,False
597,596574,14,14-15,PS,True,False,False
597,596574,15,15-16,PS,True,False,False
597,596574,16,16-17,PS,True,False,False
598,596575,1,1-2,PS,True,False,False
598,596575,2,2-3,PS,True,False,False
598,596575,3,3-4,PS,True,False,False
598,596575,4,4-5,PS,True,False,False
598,596575,5,5-6,PS,True,False,False
598,596575,6,6-7,PS,True,False,False
598,596575,7,7-8,PS,True,False,False
598,596575,8,8-9,PS,True,False,False
598,596575,9,9-10,PS,True,False,False
598,596575,10,10-11,PS,True,False,False
598,596575,11,11-12,PS,True,False,False
598,596575,12,12-13,PS,True,False,False
598,596575,13,13-14,PS,True,False,False
598,596575,14,14-15,PS,True,False,False
598,596575,15,15-16,PS,True,False,False
598,596575,16,16-17,PS,True,False,False
599,596576,1,1-2,PS,True,False,False
599,596576,2,2-3,PS,True,False,False
599,596576,3,3-4,PS,True,False,False
599,596576,4,4-5,PS,True,False,False
599,596576,5,5-6,PS,True,False,False
599,596576,6,6-7,PS,True,False,False
599,596576,7,7-8,PS,True,False,False
599,596576,8,8-9,PS,True,False,False
599,596576,9,9-10,PS,True,False,False
599,596576,10,10-11,PS,True,False,False
599,596576,11,11-12,PS,True,False,False
599,596576,12,12-13,PS,True,False,False
599,596576,13,13-14,PS,True,False,False
599,596576,14,14-15,PS,True,False,False
599,596576,15,15-16,PS,True,False,False
599,596576,16,16-17,PS,True,False,False
600,596577,1,1-2,PS,True,False,False
600,596577,2,2-3,PS,True,False,False
600,596577,3,3-4,PS,True,False,False
600,596577,4,4-5,PS,True,False,False
600,596577,5,5-6,PS,True,False,False
600,596577,6,6-7,PS,True,False,False
600,596577,7,7-8,PS,True,False,False
600,596577,8,8-9,PS,True,False,False
600,596577,9,9-10,PS,True,False,False
600,596577,10,10-11,PS,True,False,False
600,596577,11,11-12,PS,True,False,False
600,596577,12,12-13,PS,True,False,False
600,596577,13,13-14,PS,True,False,False
600,596577,14,14-15,PS,True,False,False
600,596577,15,15-16,PS,True,False,False
600,596577,16,16-17,PS,True,False,False
601,596578,1,1-2,PS,True,False,False
601,596578,2,2-3,PS,True,False,False
601,596578,3,3-4,PS,True,False,False
601,596578,4,4-5,PS,True,False,False
601,596578,5,5-6,PS,True,False,False
601,596578,6,6-7,PS,True,False,False
601,596578,7,7-8,PS,True,False,False
601,596578,8,8-9,PS,True,False,False
601,596578,9,9-10,PS,True,False,False
601,596578,10,10-11,PS,True,False,False
601,596578,11,11-12,PS,True,False,False
601,596578,12,12-13,PS,True,False,False
601,596578,13,13-14,PS,True,False,False
601,596578,14,14-15,PS,True,False,False
601,596578,15,15-16,PS,True,False,False
601,596578,16,16-17,PS,True,False,False
602,596579,1,1-2,PS,True,False,False
602,596579,2,2-3,PS,True,False,False
602,596579,3,3-4,PS,True,False,False
602,596579,4,4-5,PS,True,False,False
602,596579,5,5-6,PS,True,False,False
602,596579,6,6-7,PS,True,False,False
602,596579,7,7-8,PS,True,False,False
602,596579,8,8-9,PS,True,False,False
602,596579,9,9-10,PS,True,False,False
602,596579,10,10-11,PS,True,False,False
602,596579,11,11-12,PS,True,False,False
602,596579,12,12-13,PS,True,False,False
602,596579,13,13-14,PS,True,False,False
602,596579,14,14-15,PS,True,False,False
602,596579,15,15-16,PS,True,False,False
602,596579,16,16-17,PS,True,False,False
603,596580,1,1-2,PS,True,False,False
603,596580,2,2-3,PS,True,False,False
603,596580,3,3-4,PS,True,False,False
603,596580,4,4-5,PS,True,False,False
603,596580,5,5-6,PS,True,False,False
603,596580,6,6-7,PS,True,False,False
603,596580,7,7-8,PS,True,False,False
603,596580,8,8-9,PS,True,False,False
603,596580,9,9-10,PS,True,False,False
603,596580,10,10-11,PS,True,False,False
603,596580,11,11-12,PS,True,False,False
603,596580,12,12-13,PS,True,False,False
603,596580,13,13-14,PS,True,False,False
603,596580,14,14-15,PS,True,False,False
603,596580,15,15-16,PS,True,False,False
603,596580,16,16-17,PS,True,False,False
604,596581,1,1-2,PS,True,False,False
604,596581,2,2-3,PS,True,False,False
604,596581,3,3-4,PS,True,False,False
604,596581,4,4-5,PS,True,False,False
604,596581,5,5-6,PS,True,False,False
604,596581,6,6-7,PS,True,False,False
604,596581,7,7-8,PS,True,False,False
604,596581,8,8-9,PS,True,False,False
604,596581,9,9-10,PS,True,False,False
604,596581,10,10-11,PS,True,False,False
604,596581,11,11-12,PS,True,False,False
604,596581,12,12-13,PS,True,False,False
604,596581,13,13-14,PS,True,False,False
604,596581,14,14-15,PS,True,False,False
604,596581,15,15-16,PS,True,False,False
604,596581,16,16-17,PS,True,False,False
605,596582,1,1-2,PS,True,False,False
605,596582,2,2-3,PS,True,False,False
605,596582,3,3-4,PS,True,False,False
605,596582,4,4-5,PS,True,False,False
605,596582,5,5-6,PS,True,False,False
605,596582,6,6-7,PS,True,False,False
605,596582,7,7-8,PS,True,False,False
605,596582,8,8-9,PS,True,False,False
605,596582,9,9-10,PS,True,False,False
605,596582,10,10-11,PS,True,False,False
605,596582,11,11-12,PS,True,False,False
605,596582,12,12-13,PS,True,False,False
605,596582,13,13-14,PS,True,False,False
605,596582,14,14-15,PS,True,False,False
605,596582,15,15-16,PS,True,False,False
605,596582,16,16-17,PS,True,False,False
606,596583,1,1-2,PS,True,False,False
606,596583,2,2-3,PS,True,False,False
606,596583,3,3-4,PS,True,False,False
606,596583,4,4-5,PS,True,False,False
606,596583,5,5-6,PS,True,False,False
606,596583,6,6-7,PS,True,False,False
606,596583,7,7-8,PS,True,False,False
606,596583,8,8-9,PS,True,False,False
606,596583,9,9-10,PS,True,False,False
606,596583,10,10-11,PS,True,False,False
606,596583,11,11-12,PS,True,False,False
606,596583,12,12-13,PS,True,False,False
606,596583,13,13-14,PS,True,False,False
606,596583,14,14-15,PS,True,False,False
606,596583,15,15-16,PS,True,False,False
606,596583,16,16-17,PS,True,False,False
607,596584,1,1-2,PS,True,False,False
607,596584,2,2-3,PS,True,False,False
607,596584,3,3-4,PS,True,False,False
607,596584,4,4-5,PS,True,False,False
607,596584,5,5-6,PS,True,False,False
607,596584,6,6-7,PS,True,False,False
607,596584,7,7-8,PS,True,False,False
607,596584,8,8-9,PS,True,False,False
607,596584,9,9-10,PS,True,False,False
607,596584,10,10-11,PS,True,False,False
607,596584,11,11-12,PS,True,False,False
607,596584,12,12-13,PS,True,False,False
607,596584,13,13-14,PS,True,False,False
607,596584,14,14-15,PS,True,False,False
607,596584,15,15-16,PS,True,False,False
607,596584,16,16-17,PS,True,False,False
608,596585,1,1-2,PS,True,False,False
608,596585,2,2-3,PS,True,False,False
608,596585,3,3-4,PS,True,False,False
608,596585,4,4-5,PS,True,False,False
608,596585,5,5-6,PS,True,False,False
608,596585,6,6-7,PS,True,False,False
608,596585,7,7-8,PS,True,False,False
608,596585,8,8-9,PS,True,False,False
608,596585,9,9-10,PS,True,False,False
608,596585,10,10-11,PS,True,False,False
608,596585,11,11-12,PS,True,False,False
608,596585,12,12-13,PS,True,False,False
608,596585,13,13-14,PS,True,False,False
608,596585,14,14-15,PS,True,False,False
608,596585,15,15-16,PS,True,False,False
608,596585,16,16-17,PS,True,False,False
609,596586,1,1-2,PS,True,False,False
609,596586,2,2-3,PS,True,False,False
609,596586,3,3-4,PS,True,False,False
609,596586,4,4-5,PS,True,False,False
609,596586,5,5-6,PS,True,False,False
609,596586,6,6-7,PS,True,False,False
609,596586,7,7-8,PS,True,False,False
609,596586,8,8-9,PS,True,False,False
609,596586,9,9-10,PS,True,False,False
609,596586,10,10-11,PS,True,False,False
609,596586,11,11-12,PS,True,False,False
609,596586,12,12-13,PS,True,False,False
609,596586,13,13-14,PS,True,False,False
609,596586,14,14-15,PS,True,False,False
609,596586,15,15-16,PS,True,False,False
609,596586,16,16-17,PS,True,False,False
610,596587,1,1-2,PS,True,False,False
610,596587,2,2-3,PS,True,False,False
610,596587,3,3-4,PS,True,False,False
610,596587,4,4-5,PS,True,False,False
610,596587,5,5-6,PS,True,False,False
610,596587,6,6-7,PS,True,False,False
610,596587,7,7-8,PS,True,False,False
610,596587,8,8-9,PS,True,False,False
610,596587,9,9-10,PS,True,False,False
610,596587,10,10-11,PS,True,False,False
610,596587,11,11-12,PS,True,False,False
610,596587,12,12-13,PS,True,False,False
610,596587,13,13-14,PS,True,False,False
610,596587,14,14-15,PS,True,False,False
610,596587,15,15-16,PS,True,False,False
610,596587,16,16-17,PS,True,False,False
611,596588,1,1-2,PS,True,False,False
611,596588,2,2-3,PS,True,False,False
611,596588,3,3-4,PS,True,False,False
611,596588,4,4-5,PS,True,False,False
611,596588,5,5-6,PS,True,False,False
611,596588,6,6-7,PS,True,False,False
611,596588,7,7-8,PS,True,False,False
611,596588,8,8-9,PS,True,False,False
611,596588,9,9-10,PS,True,False,False
611,596588,10,10-11,PS,True,False,False
611,596588,11,11-12,PS,True,False,False
611,596588,12,12-13,PS,True,False,False
611,596588,13,13-14,PS,True,False,False
611,596588,14,14-15,PS,True,False,False
611,596588,15,15-16,PS,True,False,False
611,596588,16,16-17,PS,True,False,False
612,596589,1,1-2,PS,True,False,False
612,596589,2,2-3,PS,True,False,False
612,596589,3,3-4,PS,True,False,False
612,596589,4,4-5,PS,True,False,False
612,596589,5,5-6,PS,True,False,False
612,596589,6,6-7,PS,True,False,False
612,596589,7,7-8,PS,True,False,False
612,596589,8,8-9,PS,True,False,False
612,596589,9,9-10,PS,True,False,False
612,596589,10,10-11,PS,True,False,False
612,596589,11,11-12,PS,True,False,False
612,596589,12,12-13,PS,True,False,False
612,596589,13,13-14,PS,True,False,False
612,596589,14,14-15,PS,True,False,False
612,596589,15,15-16,PS,True,False,False
612,596589,16,16-17,PS,True,False,False
613,596590,1,1-2,PS,True,False,False
613,596590,2,2-3,PS,True,False,False
613,596590,3,3-4,PS,True,False,False
613,596590,4,4-5,PS,True,False,False
613,596590,5,5-6,PS,True,False,False
613,596590,6,6-7,PS,True,False,False
613,596590,7,7-8,PS,True,False,False
613,596590,8,8-9,PS,True,False,False
613,596590,9,9-10,PS,True,False,False
613,596590,10,10-11,PS,True,False,False
613,596590,11,11-12,PS,True,False,False
613,596590,12,12-13,PS,True,False,False
613,596590,13,13-14,PS,True,False,False
613,596590,14,14-15,PS,True,False,False
613,596590,15,15-16,PS,True,False,False
613,596590,16,16-17,PS,True,False,False
614,596591,1,1-2,PS,True,False,False
614,596591,2,2-3,PS,True,False,False
614,596591,3,3-4,PS,True,False,False
614,596591,4,4-5,PS,True,False,False
614,596591,5,5-6,PS,True,False,False
614,596591,6,6-7,PS,True,False,False
614,596591,7,7-8,PS,True,False,False
614,596591,8,8-9,PS,True,False,False
614,596591,9,9-10,PS,True,False,False
614,596591,10,10-11,PS,True,False,False
614,596591,11,11-12,PS,True,False,False
614,596591,12,12-13,PS,True,False,False
614,596591,13,13-14,PS,True,False,False
614,596591,14,14-15,PS,True,False,False
614,596591,15,15-16,PS,True,False,False
614,596591,16,16-17,PS,True,False,False
615,596592,1,1-2,PS,True,False,False
615,596592,2,2-3,PS,True,False,False
615,596592,3,3-4,PS,True,False,False
615,596592,4,4-5,PS,True,False,False
615,596592,5,5-6,PS,True,False,False
615,596592,6,6-7,PS,True,False,False
615,596592,7,7-8,PS,True,False,False
615,596592,8,8-9,PS,True,False,False
615,596592,9,9-10,PS,True,False,False
615,596592,10,10-11,PS,True,False,False
615,596592,11,11-12,PS,True,False,False
615,596592,12,12-13,PS,True,False,False
615,596592,13,13-14,PS,True,False,False
615,596592,14,14-15,PS,True,False,False
615,596592,15,15-16,PS,True,False,False
615,596592,16,16-17,PS,True,False,False
616,596593,1,1-2,PS,True,False,False
616,596593,2,2-3,PS,True,False,False
616,596593,3,3-4,PS,True,False,False
616,596593,4,4-5,PS,True,False,False
616,596593,5,5-6,PS,True,False,False
616,596593,6,6-7,PS,True,False,False
616,596593,7,7-8,PS,True,False,False
616,596593,8,8-9,PS,True,False,False
616,596593,9,9-10,PS,True,False,False
616,596593,10,10-11,PS,True,False,False
616,596593,11,11-12,PS,True,False,False
616,596593,12,12-13,PS,True,False,False
616,596593,13,13-14,PS,True,False,False
616,596593,14,14-15,PS,True,False,False
616,596593,15,15-16,PS,True,False,False
616,596593,16,16-17,PS,True,False,False
617,596594,1,1-2,PS,True,False,False
617,596594,2,2-3,PS,True,False,False
617,596594,3,3-4,PS,True,False,False
617,596594,4,4-5,PS,True,False,False
617,596594,5,5-6,PS,True,False,False
617,596594,6,6-7,PS,True,False,False
617,596594,7,7-8,PS,True,False,False
617,596594,8,8-9,PS,True,False,False
617,596594,9,9-10,PS,True,False,False
617,596594,10,10-11,PS,True,False,False
617,596594,11,11-12,PS,True,False,False
617,596594,12,12-13,PS,True,False,False
617,596594,13,13-14,PS,True,False,False
617,596594,14,14-15,PS,True,False,False
617,596594,15,15-16,PS,True,False,False
617,596594,16,16-17,PS,True,False,False
618,596595,1,1-2,PS,True,False,False
618,596595,2,2-3,PS,True,False,False
618,596595,3,3-4,PS,True,False,False
618,596595,4,4-5,PS,True,False,False
618,596595,5,5-6,PS,True,False,False
618,596595,6,6-7,PS,True,False,False
618,596595,7,7-8,PS,True,False,False
618,596595,8,8-9,PS,True,False,False
618,596595,9,9-10,PS,True,False,False
618,596595,10,10-11,PS,True,False,False
618,596595,11,11-12,PS,True,False,False
618,596595,12,12-13,PS,True,False,False
618,596595,13,13-14,PS,True,False,False
618,596595,14,14-15,PS,True,False,False
618,596595,15,15-16,PS,True,False,False
618,596595,16,16-17,PS,True,False,False
619,596596,1,1-2,PS,True,False,False
619,596596,2,2-3,PS,True,False,False
619,596596,3,3-4,PS,True,False,False
619,596596,4,4-5,PS,True,False,False
619,596596,5,5-6,PS,True,False,False
619,596596,6,6-7,PS,True,False,False
619,596596,7,7-8,PS,True,False,False
619,596596,8,8-9,PS,True,False,False
619,596596,9,9-10,PS,True,False,False
619,596596,10,10-11,PS,True,False,False
619,596596,11,11-12,PS,True,False,False
619,596596,12,12-13,PS,True,False,False
619,596596,13,13-14,PS,True,False,False
619,596596,14,14-15,PS,True,False,False
619,596596,15,15-16,PS,True,False,False
619,596596,16,16-17,PS,True,False,False
620,596597,1,1-2,PS,True,False,False
620,596597,2,2-3,PS,True,False,False
620,596597,3,3-4,PS,True,False,False
620,596597,4,4-5,PS,True,False,False
620,596597,5,5-6,PS,True,False,False
620,596597,6,6-7,PS,True,False,False
620,596597,7,7-8,PS,True,False,False
620,596597,8,8-9,PS,True,False,False
620,596597,9,9-10,PS,True,False,False
620,596597,10,10-11,PS,True,False,False
620,596597,11,11-12,PS,True,False,False
620,596597,12,12-13,PS,True,False,False
620,596597,13,13-14,PS,True,False,False
620,596597,14,14-15,PS,True,False,False
620,596597,15,15-16,PS,True,False,False
620,596597,16,16-17,PS,True,False,False
621,596598,1,1-2,PS,True,False,False
621,596598,2,2-3,PS,True,False,False
621,596598,3,3-4,PS,True,False,False
621,596598,4,4-5,PS,True,False,False
621,596598,5,5-6,PS,True,False,False
621,596598,6,6-7,PS,True,False,False
621,596598,7,7-8,PS,True,False,False
621,596598,8,8-9,PS,True,False,False
621,596598,9,9-10,PS,True,False,False
621,596598,10,10-11,PS,True,False,False
621,596598,11,11-12,PS,True,False,False
621,596598,12,12-13,PS,True,False,False
621,596598,13,13-14,PS,True,False,False
621,596598,14,14-15,PS,True,False,False
621,596598,15,15-16,PS,True,False,False
621,596598,16,16-17,PS,True,False,False
622,596599,1,1-2,PS,True,False,False
622,596599,2,2-3,PS,True,False,False
622,596599,3,3-4,PS,True,False,False
622,596599,4,4-5,PS,True,False,False
622,596599,5,5-6,PS,True,False,False
622,596599,6,6-7,PS,True,False,False
622,596599,7,7-8,PS,True,False,False
622,596599,8,8-9,PS,True,False,False
622,596599,9,9-10,PS,True,False,False
622,596599,10,10-11,PS,True,False,False
622,596599,11,11-12,PS,True,False,False
622,596599,12,12-13,PS,True,False,False
622,596599,13,13-14,PS,True,False,False
622,596599,14,14-15,PS,True,False,False
622,596599,15,15-16,PS,True,False,False
622,596599,16,16-17,PS,True,False,False
623,596600,1,1-2,PS,True,False,False
623,596600,2,2-3,PS,True,False,False
623,596600,3,3-4,PS,True,False,False
623,596600,4,4-5,PS,True,False,False
623,596600,5,5-6,PS,True,False,False
623,596600,6,6-7,PS,True,False,False
623,596600,7,7-8,PS,True,False,False
623,596600,8,8-9,PS,True,False,False
623,596600,9,9-10,PS,True,False,False
623,596600,10,10-11,PS,True,False,False
623,596600,11,11-12,PS,True,False,False
623,596600,12,12-13,PS,True,False,False
623,596600,13,13-14,PS,True,False,False
623,596600,14,14-15,PS,True,False,False
623,596600,15,15-16,PS,True,False,False
623,596600,16,16-17,PS,True,False,False
624,596601,1,1-2,PS,True,False,False
624,596601,2,2-3,PS,True,False,False
624,596601,3,3-4,PS,True,False,False
624,596601,4,4-5,PS,True,False,False
624,596601,5,5-6,PS,True,False,False
624,596601,6,6-7,PS,True,False,False
624,596601,7,7-8,PS,True,False,False
624,596601,8,8-9,PS,True,False,False
624,596601,9,9-10,PS,True,False,False
624,596601,10,10-11,PS,True,False,False
624,596601,11,11-12,PS,True,False,False
624,596601,12,12-13,PS,True,False,False
624,596601,13,13-14,PS,True,False,False
624,596601,14,14-15,PS,True,False,False
624,596601,15,15-16,PS,True,False,False
624,596601,16,16-17,PS,True,False,False
625,596602,1,1-2,PS,True,False,False
625,596602,2,2-3,PS,True,False,False
625,596602,3,3-4,PS,True,False,False
625,596602,4,4-5,PS,True,False,False
625,596602,5,5-6,PS,True,False,False
625,596602,6,6-7,PS,True,False,False
625,596602,7,7-8,PS,True,False,False
625,596602,8,8-9,PS,True,False,False
625,596602,9,9-10,PS,True,False,False
625,596602,10,10-11,PS,True,False,False
625,596602,11,11-12,PS,True,False,False
625,596602,12,12-13,PS,True,False,False
625,596602,13,13-14,PS,True,False,False
625,596602,14,14-15,PS,True,False,False
625,596602,15,15-16,PS,True,False,False
625,596602,16,16-17,PS,True,False,False
626,596603,1,1-2,PS,True,False,False
626,596603,2,2-3,PS,True,False,False
626,596603,3,3-4,PS,True,False,False
626,596603,4,4-5,PS,True,False,False
626,596603,5,5-6,PS,True,False,False
626,596603,6,6-7,PS,True,False,False
626,596603,7,7-8,PS,True,False,False
626,596603,8,8-9,PS,True,False,False
626,596603,9,9-10,PS,True,False,False
626,596603,10,10-11,PS,True,False,False
626,596603,11,11-12,PS,True,False,False
626,596603,12,12-13,PS,True,False,False
626,596603,13,13-14,PS,True,False,False
626,596603,14,14-15,PS,True,False,False
626,596603,15,15-16,PS,True,False,False
626,596603,16,16-17,PS,True,False,False
627,596604,1,1-2,PS,True,False,False
627,596604,2,2-3,PS,True,False,False
627,596604,3,3-4,PS,True,False,False
627,596604,4,4-5,PS,True,False,False
627,596604,5,5-6,PS,True,False,False
627,596604,6,6-7,PS,True,False,False
627,596604,7,7-8,PS,True,False,False
627,596604,8,8-9,PS,True,False,False
627,596604,9,9-10,PS,True,False,False
627,596604,10,10-11,PS,True,False,False
627,596604,11,11-12,PS,True,False,False
627,596604,12,12-13,PS,True,False,False
627,596604,13,13-14,PS,True,False,False
627,596604,14,14-15,PS,True,False,False
627,596604,15,15-16,PS,True,False,False
627,596604,16,16-17,PS,True,False,False
628,596605,1,1-2,PS,True,False,False
628,596605,2,2-3,PS,True,False,False
628,596605,3,3-4,PS,True,False,False
628,596605,4,4-5,PS,True,False,False
628,596605,5,5-6,PS,True,False,False
628,596605,6,6-7,PS,True,False,False
628,596605,7,7-8,PS,True,False,False
628,596605,8,8-9,PS,True,False,False
628,596605,9,9-10,PS,True,False,False
628,596605,10,10-11,PS,True,False,False
628,596605,11,11-12,PS,True,False,False
628,596605,12,12-13,PS,True,False,False
628,596605,13,13-14,PS,True,False,False
628,596605,14,14-15,PS,True,False,False
628,596605,15,15-16,PS,True,False,False
628,596605,16,16-17,PS,True,False,False
629,596606,1,1-2,PS,True,False,False
629,596606,2,2-3,PS,True,False,False
629,596606,3,3-4,PS,True,False,False
629,596606,4,4-5,PS,True,False,False
629,596606,5,5-6,PS,True,False,False
629,596606,6,6-7,PS,True,False,False
629,596606,7,7-8,PS,True,False,False
629,596606,8,8-9,PS,True,False,False
629,596606,9,9-10,PS,True,False,False
629,596606,10,10-11,PS,True,False,False
629,596606,11,11-12,PS,True,False,False
629,596606,12,12-13,PS,True,False,False
629,596606,13,13-14,PS,True,False,False
629,596606,14,14-15,PS,True,False,False
629,596606,15,15-16,PS,True,False,False
629,596606,16,16-17,PS,True,False,False
630,596607,1,1-2,PS,True,False,False
630,596607,2,2-3,PS,True,False,False
630,596607,3,3-4,PS,True,False,False
630,596607,4,4-5,PS,True,False,False
630,596607,5,5-6,PS,True,False,False
630,596607,6,6-7,PS,True,False,False
630,596607,7,7-8,PS,True,False,False
630,596607,8,8-9,PS,True,False,False
630,596607,9,9-10,PS,True,False,False
630,596607,10,10-11,PS,True,False,False
630,596607,11,11-12,PS,True,False,False
630,596607,12,12-13,PS,True,False,False
630,596607,13,13-14,PS,True,False,False
630,596607,14,14-15,PS,True,False,False
630,596607,15,15-16,PS,True,False,False
630,596607,16,16-17,PS,True,False,False
631,596608,1,1-2,PS,True,False,False
631,596608,2,2-3,PS,True,False,False
631,596608,3,3-4,PS,True,False,False
631,596608,4,4-5,PS,True,False,False
631,596608,5,5-6,PS,True,False,False
631,596608,6,6-7,PS,True,False,False
631,596608,7,7-8,PS,True,False,False
631,596608,8,8-9,PS,True,False,False
631,596608,9,9-10,PS,True,False,False
631,596608,10,10-11,PS,True,False,False
631,596608,11,11-12,PS,True,False,False
631,596608,12,12-13,PS,True,False,False
631,596608,13,13-14,PS,True,False,False
631,596608,14,14-15,PS,True,False,False
631,596608,15,15-16,PS,True,False,False
631,596608,16,16-17,PS,True,False,False
632,596609,1,1-2,PS,True,False,False
632,596609,2,2-3,PS,True,False,False
632,596609,3,3-4,PS,True,False,False
632,596609,4,4-5,PS,True,False,False
632,596609,5,5-6,PS,True,False,False
632,596609,6,6-7,PS,True,False,False
632,596609,7,7-8,PS,True,False,False
632,596609,8,8-9,PS,True,False,False
632,596609,9,9-10,PS,True,False,False
632,596609,10,10-11,PS,True,False,False
632,596609,11,11-12,PS,True,False,False
632,596609,12,12-13,PS,True,False,False
632,596609,13,13-14,PS,True,False,False
632,596609,14,14-15,PS,True,False,False
632,596609,15,15-16,PS,True,False,False
632,596609,16,16-17,PS,True,False,False
633,596610,1,1-2,PS,True,False,False
633,596610,2,2-3,PS,True,False,False
633,596610,3,3-4,PS,True,False,False
633,596610,4,4-5,PS,True,False,False
633,596610,5,5-6,PS,True,False,False
633,596610,6,6-7,PS,True,False,False
633,596610,7,7-8,PS,True,False,False
633,596610,8,8-9,PS,True,False,False
633,596610,9,9-10,PS,True,False,False
633,596610,10,10-11,PS,True,False,False
633,596610,11,11-12,PS,True,False,False
633,596610,12,12-13,PS,True,False,False
633,596610,13,13-14,PS,True,False,False
633,596610,14,14-15,PS,True,False,False
633,596610,15,15-16,PS,True,False,False
633,596610,16,16-17,PS,True,False,False
634,596611,1,1-2,PS,True,False,False
634,596611,2,2-3,PS,True,False,False
634,596611,3,3-4,PS,True,False,False
634,596611,4,4-5,PS,True,False,False
634,596611,5,5-6,PS,True,False,False
634,596611,6,6-7,PS,True,False,False
634,596611,7,7-8,PS,True,False,False
634,596611,8,8-9,PS,True,False,False
634,596611,9,9-10,PS,True,False,False
634,596611,10,10-11,PS,True,False,False
634,596611,11,11-12,PS,True,False,False
634,596611,12,12-13,PS,True,False,False
634,596611,13,13-14,PS,True,False,False
634,596611,14,14-15,PS,True,False,False
634,596611,15,15-16,PS,True,False,False
634,596611,16,16-17,PS,True,False,False
635,596612,1,1-2,PS,True,False,False
635,596612,2,2-3,PS,True,False,False
635,596612,3,3-4,PS,True,False,False
635,596612,4,4-5,PS,True,False,False
635,596612,5,5-6,PS,True,False,False
635,596612,6,6-7,PS,True,False,False
635,596612,7,7-8,PS,True,False,False
635,596612,8,8-9,PS,True,False,False
635,596612,9,9-10,PS,True,False,False
635,596612,10,10-11,PS,True,False,False
635,596612,11,11-12,PS,True,False,False
635,596612,12,12-13,PS,True,False,False
635,596612,13,13-14,PS,True,False,False
635,596612,14,14-15,PS,True,False,False
635,596612,15,15-16,PS,True,False,False
635,596612,16,16-17,PS,True,False,False
636,596613,1,1-2,PS,True,False,False
636,596613,2,2-3,PS,True,False,False
636,596613,3,3-4,PS,True,False,False
636,596613,4,4-5,PS,True,False,False
636,596613,5,5-6,PS,True,False,False
636,596613,6,6-7,PS,True,False,False
636,596613,7,7-8,PS,True,False,False
636,596613,8,8-9,PS,True,False,False
636,596613,9,9-10,PS,True,False,False
636,596613,10,10-11,PS,True,False,False
636,596613,11,11-12,PS,True,False,False
636,596613,12,12-13,PS,True,False,False
636,596613,13,13-14,PS,True,False,False
636,596613,14,14-15,PS,True,False,False
636,596613,15,15-16,PS,True,False,False
636,596613,16,16-17,PS,True,False,False
637,596614,1,1-2,PS,True,False,False
637,596614,2,2-3,PS,True,False,False
637,596614,3,3-4,PS,True,False,False
637,596614,4,4-5,PS,True,False,False
637,596614,5,5-6,PS,True,False,False
637,596614,6,6-7,PS,True,False,False
637,596614,7,7-8,PS,True,False,False
637,596614,8,8-9,PS,True,False,False
637,596614,9,9-10,PS,True,False,False
637,596614,10,10-11,PS,True,False,False
637,596614,11,11-12,PS,True,False,False
637,596614,12,12-13,PS,True,False,False
637,596614,13,13-14,PS,True,False,False
637,596614,14,14-15,PS,True,False,False
637,596614,15,15-16,PS,True,False,False
637,596614,16,16-17,PS,True,False,False
638,596615,1,1-2,PS,True,False,False
638,596615,2,2-3,PS,True,False,False
638,596615,3,3-4,PS,True,False,False
638,596615,4,4-5,PS,True,False,False
638,596615,5,5-6,PS,True,False,False
638,596615,6,6-7,PS,True,False,False
638,596615,7,7-8,PS,True,False,False
638,596615,8,8-9,PS,True,False,False
638,596615,9,9-10,PS,True,False,False
638,596615,10,10-11,PS,True,False,False
638,596615,11,11-12,PS,True,False,False
638,596615,12,12-13,PS,True,False,False
638,596615,13,13-14,PS,True,False,False
638,596615,14,14-15,PS,True,False,False
638,596615,15,15-16,PS,True,False,False
638,596615,16,16-17,PS,True,False,False
639,596616,1,1-2,PS,True,False,False
639,596616,2,2-3,PS,True,False,False
639,596616,3,3-4,PS,True,False,False
639,596616,4,4-5,PS,True,False,False
639,596616,5,5-6,PS,True,False,False
639,596616,6,6-7,PS,True,False,False
639,596616,7,7-8,PS,True,False,False
639,596616,8,8-9,PS,True,False,False
639,596616,9,9-10,PS,True,False,False
639,596616,10,10-11,PS,True,False,False
639,596616,11,11-12,PS,True,False,False
639,596616,12,12-13,PS,True,False,False
639,596616,13,13-14,PS,True,False,False
639,596616,14,14-15,PS,True,False,False
639,596616,15,15-16,PS,True,False,False
639,596616,16,16-17,PS,True,False,False
640,596617,1,1-2,PS,True,False,False
640,596617,2,2-3,PS,True,False,False
640,596617,3,3-4,PS,True,False,False
640,596617,4,4-5,PS,True,False,False
640,596617,5,5-6,PS,True,False,False
640,596617,6,6-7,PS,True,False,False
640,596617,7,7-8,PS,True,False,False
640,596617,8,8-9,PS,True,False,False
640,596617,9,9-10,PS,True,False,False
640,596617,10,10-11,PS,True,False,False
640,596617,11,11-12,PS,True,False,False
640,596617,12,12-13,PS,True,False,False
640,596617,13,13-14,PS,True,False,False
640,596617,14,14-15,PS,True,False,False
640,596617,15,15-16,PS,True,False,False
640,596617,16,16-17,PS,True,False,False
641,596618,1,1-2,PS,True,False,False
641,596618,2,2-3,PS,True,False,False
641,596618,3,3-4,PS,True,False,False
641,596618,4,4-5,PS,True,False,False
641,596618,5,5-6,PS,True,False,False
641,596618,6,6-7,PS,True,False,False
641,596618,7,7-8,PS,True,False,False
641,596618,8,8-9,PS,True,False,False
641,596618,9,9-10,PS,True,False,False
641,596618,10,10-11,PS,True,False,False
641,596618,11,11-12,PS,True,False,False
641,596618,12,12-13,PS,True,False,False
641,596618,13,13-14,PS,True,False,False
641,596618,14,14-15,PS,True,False,False
641,596618,15,15-16,PS,True,False,False
641,596618,16,16-17,PS,True,False,False
642,596619,1,1-2,PS,True,False,False
642,596619,2,2-3,PS,True,False,False
642,596619,3,3-4,PS,True,False,False
642,596619,4,4-5,PS,True,False,False
642,596619,5,5-6,PS,True,False,False
642,596619,6,6-7,PS,True,False,False
642,596619,7,7-8,PS,True,False,False
642,596619,8,8-9,PS,True,False,False
642,596619,9,9-10,PS,True,False,False
642,596619,10,10-11,PS,True,False,False
642,596619,11,11-12,PS,True,False,False
642,596619,12,12-13,PS,True,False,False
642,596619,13,13-14,PS,True,False,False
642,596619,14,14-15,PS,True,False,False
642,596619,15,15-16,PS,True,False,False
642,596619,16,16-17,PS,True,False,False
643,596620,1,1-2,PS,True,False,False
643,596620,2,2-3,PS,True,False,False
643,596620,3,3-4,PS,True,False,False
643,596620,4,4-5,PS,True,False,False
643,596620,5,5-6,PS,True,False,False
643,596620,6,6-7,PS,True,False,False
643,596620,7,7-8,PS,True,False,False
643,596620,8,8-9,PS,True,False,False
643,596620,9,9-10,PS,True,False,False
643,596620,10,10-11,PS,True,False,False
643,596620,11,11-12,PS,True,False,False
643,596620,12,12-13,PS,True,False,False
643,596620,13,13-14,PS,True,False,False
643,596620,14,14-15,PS,True,False,False
643,596620,15,15-16,PS,True,False,False
643,596620,16,16-17,PS,True,False,False
644,596621,1,1-2,PS,True,False,False
644,596621,2,2-3,PS,True,False,False
644,596621,3,3-4,PS,True,False,False
644,596621,4,4-5,PS,True,False,False
644,596621,5,5-6,PS,True,False,False
644,596621,6,6-7,PS,True,False,False
644,596621,7,7-8,PS,True,False,False
644,596621,8,8-9,PS,True,False,False
644,596621,9,9-10,PS,True,False,False
644,596621,10,10-11,PS,True,False,False
644,596621,11,11-12,PS,True,False,False
644,596621,12,12-13,PS,True,False,False
644,596621,13,13-14,PS,True,False,False
644,596621,14,14-15,PS,True,False,False
644,596621,15,15-16,PS,True,False,False
644,596621,16,16-17,PS,True,False,False
645,596622,1,1-2,PS,True,False,False
645,596622,2,2-3,PS,True,False,False
645,596622,3,3-4,PS,True,False,False
645,596622,4,4-5,PS,True,False,False
645,596622,5,5-6,PS,True,False,False
645,596622,6,6-7,PS,True,False,False
645,596622,7,7-8,PS,True,False,False
645,596622,8,8-9,PS,True,False,False
645,596622,9,9-10,PS,True,False,False
645,596622,10,10-11,PS,True,False,False
645,596622,11,11-12,PS,True,False,False
645,596622,12,12-13,PS,True,False,False
645,596622,13,13-14,PS,True,False,False
645,596622,14,14-15,PS,True,False,False
645,596622,15,15-16,PS,True,False,False
645,596622,16,16-17,PS,True,False,False
646,596623,1,1-2,PS,True,False,False
646,596623,2,2-3,PS,True,False,False
646,596623,3,3-4,PS,True,False,False
646,596623,4,4-5,PS,True,False,False
646,596623,5,5-6,PS,True,False,False
646,596623,6,6-7,PS,True,False,False
646,596623,7,7-8,PS,True,False,False
646,596623,8,8-9,PS,True,False,False
646,596623,9,9-10,PS,True,False,False
646,596623,10,10-11,PS,True,False,False
646,596623,11,11-12,PS,True,False,False
646,596623,12,12-13,PS,True,False,False
646,596623,13,13-14,PS,True,False,False
646,596623,14,14-15,PS,True,False,False
646,596623,15,15-16,PS,True,False,False
646,596623,16,16-17,PS,True,False,False
647,596624,1,1-2,PS,True,False,False
647,596624,2,2-3,PS,True,False,False
647,596624,3,3-4,PS,True,False,False
647,596624,4,4-5,PS,True,False,False
647,596624,5,5-6,PS,True,False,False
647,596624,6,6-7,PS,True,False,False
647,596624,7,7-8,PS,True,False,False
647,596624,8,8-9,PS,True,False,False
647,596624,9,9-10,PS,True,False,False
647,596624,10,10-11,PS,True,False,False
647,596624,11,11-12,PS,True,False,False
647,596624,12,12-13,PS,True,False,False
647,596624,13,13-14,PS,True,False,False
647,596624,14,14-15,PS,True,False,False
647,596624,15,15-16,PS,True,False,False
647,596624,16,16-17,PS,True,False,False
648,596625,1,1-2,PS,True,False,False
648,596625,2,2-3,PS,True,False,False
648,596625,3,3-4,PS,True,False,False
648,596625,4,4-5,PS,True,False,False
648,596625,5,5-6,PS,True,False,False
648,596625,6,6-7,PS,True,False,False
648,596625,7,7-8,PS,True,False,False
648,596625,8,8-9,PS,True,False,False
648,596625,9,9-10,PS,True,False,False
648,596625,10,10-11,PS,True,False,False
648,596625,11,11-12,PS,True,False,False
648,596625,12,12-13,PS,True,False,False
648,596625,13,13-14,PS,True,False,False
648,596625,14,14-15,PS,True,False,False
648,596625,15,15-16,PS,True,False,False
648,596625,16,16-17,PS,True,False,False
649,596626,1,1-2,PS,True,False,False
649,596626,2,2-3,PS,True,False,False
649,596626,3,3-4,PS,True,False,False
649,596626,4,4-5,PS,True,False,False
649,596626,5,5-6,PS,True,False,False
649,596626,6,6-7,PS,True,False,False
649,596626,7,7-8,PS,True,False,False
649,596626,8,8-9,PS,True,False,False
649,596626,9,9-10,PS,True,False,False
649,596626,10,10-11,PS,True,False,False
649,596626,11,11-12,PS,True,False,False
649,596626,12,12-13,PS,True,False,False
649,596626,13,13-14,PS,True,False,False
649,596626,14,14-15,PS,True,False,False
649,596626,15,15-16,PS,True,False,False
649,596626,16,16-17,PS,True,False,False
650,596627,1,1-2,PS,True,False,False
650,596627,2,2-3,PS,True,False,False
650,596627,3,3-4,PS,True,False,False
650,596627,4,4-5,PS,True,False,False
650,596627,5,5-6,PS,True,False,False
650,596627,6,6-7,PS,True,False,False
650,596627,7,7-8,PS,True,False,False
650,596627,8,8-9,PS,True,False,False
650,596627,9,9-10,PS,True,False,False
650,596627,10,10-11,PS,True,False,False
650,596627,11,11-12,PS,True,False,False
650,596627,12,12-13,PS,True,False,False
650,596627,13,13-14,PS,True,False,False
650,596627,14,14-15,PS,True,False,False
650,596627,15,15-16,PS,True,False,False
650,596627,16,16-17,PS,True,False,False
651,596628,1,1-2,PS,True,False,False
651,596628,2,2-3,PS,True,False,False
651,596628,3,3-4,PS,True,False,False
651,596628,4,4-5,PS,True,False,False
651,596628,5,5-6,PS,True,False,False
651,596628,6,6-7,PS,True,False,False
651,596628,7,7-8,PS,True,False,False
651,596628,8,8-9,PS,True,False,False
651,596628,9,9-10,PS,True,False,False
651,596628,10,10-11,PS,True,False,False
651,596628,11,11-12,PS,True,False,False
651,596628,12,12-13,PS,True,False,False
651,596628,13,13-14,PS,True,False,False
651,596628,14,14-15,PS,True,False,False
651,596628,15,15-16,PS,True,False,False
651,596628,16,16-17,PS,True,False,False
652,596629,1,1-2,PS,True,False,False
652,596629,2,2-3,PS,True,False,False
652,596629,3,3-4,PS,True,False,False
652,596629,4,4-5,PS,True,False,False
652,596629,5,5-6,PS,True,False,False
652,596629,6,6-7,PS,True,False,False
652,596629,7,7-8,PS,True,False,False
652,596629,8,8-9,PS,True,False,False
652,596629,9,9-10,PS,True,False,False
652,596629,10,10-11,PS,True,False,False
652,596629,11,11-12,PS,True,False,False
652,596629,12,12-13,PS,True,False,False
652,596629,13,13-14,PS,True,False,False
652,596629,14,14-15,PS,True,False,False
652,596629,15,15-16,PS,True,False,False
652,596629,16,16-17,PS,True,False,False
653,596630,1,1-2,PS,True,False,False
653,596630,2,2-3,PS,True,False,False
653,596630,3,3-4,PS,True,False,False
653,596630,4,4-5,PS,True,False,False
653,596630,5,5-6,PS,True,False,False
653,596630,6,6-7,PS,True,False,False
653,596630,7,7-8,PS,True,False,False
653,596630,8,8-9,PS,True,False,False
653,596630,9,9-10,PS,True,False,False
653,596630,10,10-11,PS,True,False,False
653,596630,11,11-12,PS,True,False,False
653,596630,12,12-13,PS,True,False,False
653,596630,13,13-14,PS,True,False,False
653,596630,14,14-15,PS,True,False,False
653,596630,15,15-16,PS,True,False,False
653,596630,16,16-17,PS,True,False,False
654,596631,1,1-2,PS,True,False,False
654,596631,2,2-3,PS,True,False,False
654,596631,3,3-4,PS,True,False,False
654,596631,4,4-5,PS,True,False,False
654,596631,5,5-6,PS,True,False,False
654,596631,6,6-7,PS,True,False,False
654,596631,7,7-8,PS,True,False,False
654,596631,8,8-9,PS,True,False,False
654,596631,9,9-10,PS,True,False,False
654,596631,10,10-11,PS,True,False,False
654,596631,11,11-12,PS,True,False,False
654,596631,12,12-13,PS,True,False,False
654,596631,13,13-14,PS,True,False,False
654,596631,14,14-15,PS,True,False,False
654,596631,15,15-16,PS,True,False,False
654,596631,16,16-17,PS,True,False,False
655,596632,1,1-2,PS,True,False,False
655,596632,2,2-3,PS,True,False,False
655,596632,3,3-4,PS,True,False,False
655,596632,4,4-5,PS,True,False,False
655,596632,5,5-6,PS,True,False,False
655,596632,6,6-7,PS,True,False,False
655,596632,7,7-8,PS,True,False,False
655,596632,8,8-9,PS,True,False,False
655,596632,9,9-10,PS,True,False,False
655,596632,10,10-11,PS,True,False,False
655,596632,11,11-12,PS,True,False,False
655,596632,12,12-13,PS,True,False,False
655,596632,13,13-14,PS,True,False,False
655,596632,14,14-15,PS,True,False,False
655,596632,15,15-16,PS,True,False,False
655,596632,16,16-17,PS,True,False,False
656,596633,1,1-2,PS,True,False,False
656,596633,2,2-3,PS,True,False,False
656,596633,3,3-4,PS,True,False,False
656,596633,4,4-5,PS,True,False,False
656,596633,5,5-6,PS,True,False,False
656,596633,6,6-7,PS,True,False,False
656,596633,7,7-8,PS,True,False,False
656,596633,8,8-9,PS,True,False,False
656,596633,9,9-10,PS,True,False,False
656,596633,10,10-11,PS,True,False,False
656,596633,11,11-12,PS,True,False,False
656,596633,12,12-13,PS,True,False,False
656,596633,13,13-14,PS,True,False,False
656,596633,14,14-15,PS,True,False,False
656,596633,15,15-16,PS,True,False,False
656,596633,16,16-17,PS,True,False,False
657,596634,1,1-2,PS,True,False,False
657,596634,2,2-3,PS,True,False,False
657,596634,3,3-4,PS,True,False,False
657,596634,4,4-5,PS,True,False,False
657,596634,5,5-6,PS,True,False,False
657,596634,6,6-7,PS,True,False,False
657,596634,7,7-8,PS,True,False,False
657,596634,8,8-9,PS,True,False,False
657,596634,9,9-10,PS,True,False,False
657,596634,10,10-11,PS,True,False,False
657,596634,11,11-12,PS,True,False,False
657,596634,12,12-13,PS,True,False,False
657,596634,13,13-14,PS,True,False,False
657,596634,14,14-15,PS,True,False,False
657,596634,15,15-16,PS,True,False,False
657,596634,16,16-17,PS,True,False,False
658,596635,1,1-2,PS,True,False,False
658,596635,2,2-3,PS,True,False,False
658,596635,3,3-4,PS,True,False,False
658,596635,4,4-5,PS,True,False,False
658,596635,5,5-6,PS,True,False,False
658,596635,6,6-7,PS,True,False,False
658,596635,7,7-8,PS,True,False,False
658,596635,8,8-9,PS,True,False,False
658,596635,9,9-10,PS,True,False,False
658,596635,10,10-11,PS,True,False,False
658,596635,11,11-12,PS,True,False,False
658,596635,12,12-13,PS,True,False,False
658,596635,13,13-14,PS,True,False,False
658,596635,14,14-15,PS,True,False,False
658,596635,15,15-16,PS,True,False,False
658,596635,16,16-17,PS,True,False,False
659,596636,1,1-2,PS,True,False,False
659,596636,2,2-3,PS,True,False,False
659,596636,3,3-4,PS,True,False,False
659,596636,4,4-5,PS,True,False,False
659,596636,5,5-6,PS,True,False,False
659,596636,6,6-7,PS,True,False,False
659,596636,7,7-8,PS,True,False,False
659,596636,8,8-9,PS,True,False,False
659,596636,9,9-10,PS,True,False,False
659,596636,10,10-11,PS,True,False,False
659,596636,11,11-12,PS,True,False,False
659,596636,12,12-13,PS,True,False,False
659,596636,13,13-14,PS,True,False,False
659,596636,14,14-15,PS,True,False,False
659,596636,15,15-16,PS,True,False,False
659,596636,16,16-17,PS,True,False,False
660,596637,1,1-2,PS,True,False,False
660,596637,2,2-3,PS,True,False,False
660,596637,3,3-4,PS,True,False,False
660,596637,4,4-5,PS,True,False,False
660,596637,5,5-6,PS,True,False,False
660,596637,6,6-7,PS,True,False,False
660,596637,7,7-8,PS,True,False,False
660,596637,8,8-9,PS,True,False,False
660,596637,9,9-10,PS,True,False,False
660,596637,10,10-11,PS,True,False,False
660,596637,11,11-12,PS,True,False,False
660,596637,12,12-13,PS,True,False,False
660,596637,13,13-14,PS,True,False,False
660,596637,14,14-15,PS,True,False,False
660,596637,15,15-16,PS,True,False,False
660,596637,16,16-17,PS,True,False,False
661,596638,1,1-2,PS,True,False,False
661,596638,2,2-3,PS,True,False,False
661,596638,3,3-4,PS,True,False,False
661,596638,4,4-5,PS,True,False,False
661,596638,5,5-6,PS,True,False,False
661,596638,6,6-7,PS,True,False,False
661,596638,7,7-8,PS,True,False,False
661,596638,8,8-9,PS,True,False,False
661,596638,9,9-10,PS,True,False,False
661,596638,10,10-11,PS,True,False,False
661,596638,11,11-12,PS,True,False,False
661,596638,12,12-13,PS,True,False,False
661,596638,13,13-14,PS,True,False,False
661,596638,14,14-15,PS,True,False,False
661,596638,15,15-16,PS,True,False,False
661,596638,16,16-17,PS,True,False,False
662,596639,1,1-2,PS,True,False,False
662,596639,2,2-3,PS,True,False,False
662,596639,3,3-4,PS,True,False,False
662,596639,4,4-5,PS,True,False,False
662,596639,5,5-6,PS,True,False,False
662,596639,6,6-7,PS,True,False,False
662,596639,7,7-8,PS,True,False,False
662,596639,8,8-9,PS,True,False,False
662,596639,9,9-10,PS,True,False,False
662,596639,10,10-11,PS,True,False,False
662,596639,11,11-12,PS,True,False,False
662,596639,12,12-13,PS,True,False,False
662,596639,13,13-14,PS,True,False,False
662,596639,14,14-15,PS,True,False,False
662,596639,15,15-16,PS,True,False,False
662,596639,16,16-17,PS,True,False,False
663,596640,1,1-2,PS,True,False,False
663,596640,2,2-3,PS,True,False,False
663,596640,3,3-4,PS,True,False,False
663,596640,4,4-5,PS,True,False,False
663,596640,5,5-6,PS,True,False,False
663,596640,6,6-7,PS,True,False,False
663,596640,7,7-8,PS,True,False,False
663,596640,8,8-9,PS,True,False,False
663,596640,9,9-10,PS,True,False,False
663,596640,10,10-11,PS,True,False,False
663,596640,11,11-12,PS,True,False,False
663,596640,12,12-13,PS,True,False,False
663,596640,13,13-14,PS,True,False,False
663,596640,14,14-15,PS,True,False,False
663,596640,15,15-16,PS,True,False,False
663,596640,16,16-17,PS,True,False,False
664,596641,1,1-2,PS,True,False,False
664,596641,2,2-3,PS,True,False,False
664,596641,3,3-4,PS,True,False,False
664,596641,4,4-5,PS,True,False,False
664,596641,5,5-6,PS,True,False,False
664,596641,6,6-7,PS,True,False,False
664,596641,7,7-8,PS,True,False,False
664,596641,8,8-9,PS,True,False,False
664,596641,9,9-10,PS,True,False,False
664,596641,10,10-11,PS,True,False,False
664,596641,11,11-12,PS,True,False,False
664,596641,12,12-13,PS,True,False,False
664,596641,13,13-14,PS,True,False,False
664,596641,14,14-15,PS,True,False,False
664,596641,15,15-16,PS,True,False,False
664,596641,16,16-17,PS,True,False,False
665,596642,1,1-2,PS,True,False,False
665,596642,2,2-3,PS,True,False,False
665,596642,3,3-4,PS,True,False,False
665,596642,4,4-5,PS,True,False,False
665,596642,5,5-6,PS,True,False,False
665,596642,6,6-7,PS,True,False,False
665,596642,7,7-8,PS,True,False,False
665,596642,8,8-9,PS,True,False,False
665,596642,9,9-10,PS,True,False,False
665,596642,10,10-11,PS,True,False,False
665,596642,11,11-12,PS,True,False,False
665,596642,12,12-13,PS,True,False,False
665,596642,13,13-14,PS,True,False,False
665,596642,14,14-15,PS,True,False,False
665,596642,15,15-16,PS,True,False,False
665,596642,16,16-17,PS,True,False,False
666,596643,1,1-2,PS,True,False,False
666,596643,2,2-3,PS,True,False,False
666,596643,3,3-4,PS,True,False,False
666,596643,4,4-5,PS,True,False,False
666,596643,5,5-6,PS,True,False,False
666,596643,6,6-7,PS,True,False,False
666,596643,7,7-8,PS,True,False,False
666,596643,8,8-9,PS,True,False,False
666,596643,9,9-10,PS,True,False,False
666,596643,10,10-11,PS,True,False,False
666,596643,11,11-12,PS,True,False,False
666,596643,12,12-13,PS,True,False,False
666,596643,13,13-14,PS,True,False,False
666,596643,14,14-15,PS,True,False,False
666,596643,15,15-16,PS,True,False,False
666,596643,16,16-17,PS,True,False,False
667,596644,1,1-2,PS,True,False,False
667,596644,2,2-3,PS,True,False,False
667,596644,3,3-4,PS,True,False,False
667,596644,4,4-5,PS,True,False,False
667,596644,5,5-6,PS,True,False,False
667,596644,6,6-7,PS,True,False,False
667,596644,7,7-8,PS,True,False,False
667,596644,8,8-9,PS,True,False,False
667,596644,9,9-10,PS,True,False,False
667,596644,10,10-11,PS,True,False,False
667,596644,11,11-12,PS,True,False,False
667,596644,12,12-13,PS,True,False,False
667,596644,13,13-14,PS,True,False,False
667,596644,14,14-15,PS,True,False,False
667,596644,15,15-16,PS,True,False,False
667,596644,16,16-17,PS,True,False,False
668,596645,1,1-2,PS,True,False,False
668,596645,2,2-3,PS,True,False,False
668,596645,3,3-4,PS,True,False,False
668,596645,4,4-5,PS,True,False,False
668,596645,5,5-6,PS,True,False,False
668,596645,6,6-7,PS,True,False,False
668,596645,7,7-8,PS,True,False,False
668,596645,8,8-9,PS,True,False,False
668,596645,9,9-10,PS,True,False,False
668,596645,10,10-11,PS,True,False,False
668,596645,11,11-12,PS,True,False,False
668,596645,12,12-13,PS,True,False,False
668,596645,13,13-14,PS,True,False,False
668,596645,14,14-15,PS,True,False,False
668,596645,15,15-16,PS,True,False,False
668,596645,16,16-17,PS,True,False,False
669,596646,1,1-2,PS,True,False,False
669,596646,2,2-3,PS,True,False,False
669,596646,3,3-4,PS,True,False,False
669,596646,4,4-5,PS,True,False,False
669,596646,5,5-6,PS,True,False,False
669,596646,6,6-7,PS,True,False,False
669,596646,7,7-8,PS,True,False,False
669,596646,8,8-9,PS,True,False,False
669,596646,9,9-10,PS,True,False,False
669,596646,10,10-11,PS,True,False,False
669,596646,11,11-12,PS,True,False,False
669,596646,12,12-13,PS,True,False,False
669,596646,13,13-14,PS,True,False,False
669,596646,14,14-15,PS,True,False,False
669,596646,15,15-16,PS,True,False,False
669,596646,16,16-17,PS,True,False,False
670,596647,1,1-2,PS,True,False,False
670,596647,2,2-3,PS,True,False,False
670,596647,3,3-4,PS,True,False,False
670,596647,4,4-5,PS,True,False,False
670,596647,5,5-6,PS,True,False,False
670,596647,6,6-7,PS,True,False,False
670,596647,7,7-8,PS,True,False,False
670,596647,8,8-9,PS,True,False,False
670,596647,9,9-10,PS,True,False,False
670,596647,10,10-11,PS,True,False,False
670,596647,11,11-12,PS,True,False,False
670,596647,12,12-13,PS,True,False,False
670,596647,13,13-14,PS,True,False,False
670,596647,14,14-15,PS,True,False,False
670,596647,15,15-16,PS,True,False,False
670,596647,16,16-17,PS,True,False,False
671,596648,1,1-2,PS,True,False,False
671,596648,2,2-3,PS,True,False,False
671,596648,3,3-4,PS,True,False,False
671,596648,4,4-5,PS,True,False,False
671,596648,5,5-6,PS,True,False,False
671,596648,6,6-7,PS,True,False,False
671,596648,7,7-8,PS,True,False,False
671,596648,8,8-9,PS,True,False,False
671,596648,9,9-10,PS,True,False,False
671,596648,10,10-11,PS,True,False,False
671,596648,11,11-12,PS,True,False,False
671,596648,12,12-13,PS,True,False,False
671,596648,13,13-14,PS,True,False,False
671,596648,14,14-15,PS,True,False,False
671,596648,15,15-16,PS,True,False,False
671,596648,16,16-17,PS,True,False,False
672,596649,1,1-2,PS,True,False,False
672,596649,2,2-3,PS,True,False,False
672,596649,3,3-4,PS,True,False,False
672,596649,4,4-5,PS,True,False,False
672,596649,5,5-6,PS,True,False,False
672,596649,6,6-7,PS,True,False,False
672,596649,7,7-8,PS,True,False,False
672,596649,8,8-9,PS,True,False,False
672,596649,9,9-10,PS,True,False,False
672,596649,10,10-11,PS,True,False,False
672,596649,11,11-12,PS,True,False,False
672,596649,12,12-13,PS,True,False,False
672,596649,13,13-14,PS,True,False,False
672,596649,14,14-15,PS,True,False,False
672,596649,15,15-16,PS,True,False,False
672,596649,16,16-17,PS,True,False,False
673,596650,1,1-2,PS,True,False,False
673,596650,2,2-3,PS,True,False,False
673,596650,3,3-4,PS,True,False,False
673,596650,4,4-5,PS,True,False,False
673,596650,5,5-6,PS,True,False,False
673,596650,6,6-7,PS,True,False,False
673,596650,7,7-8,PS,True,False,False
673,596650,8,8-9,PS,True,False,False
673,596650,9,9-10,PS,True,False,False
673,596650,10,10-11,PS,True,False,False
673,596650,11,11-12,PS,True,False,False
673,596650,12,12-13,PS,True,False,False
673,596650,13,13-14,PS,True,False,False
673,596650,14,14-15,PS,True,False,False
673,596650,15,15-16,PS,True,False,False
673,596650,16,16-17,PS,True,False,False
674,596651,1,1-2,PS,True,False,False
674,596651,2,2-3,PS,True,False,False
674,596651,3,3-4,PS,True,False,False
674,596651,4,4-5,PS,True,False,False
674,596651,5,5-6,PS,True,False,False
674,596651,6,6-7,PS,True,False,False
674,596651,7,7-8,PS,True,False,False
674,596651,8,8-9,PS,True,False,False
674,596651,9,9-10,PS,True,False,False
674,596651,10,10-11,PS,True,False,False
674,596651,11,11-12,PS,True,False,False
674,596651,12,12-13,PS,True,False,False
674,596651,13,13-14,PS,True,False,False
674,596651,14,14-15,PS,True,False,False
674,596651,15,15-16,PS,True,False,False
674,596651,16,16-17,PS,True,False,False
675,596652,1,1-2,PS,True,False,False
675,596652,2,2-3,PS,True,False,False
675,596652,3,3-4,PS,True,False,False
675,596652,4,4-5,PS,True,False,False
675,596652,5,5-6,PS,True,False,False
675,596652,6,6-7,PS,True,False,False
675,596652,7,7-8,PS,True,False,False
675,596652,8,8-9,PS,True,False,False
675,596652,9,9-10,PS,True,False,False
675,596652,10,10-11,PS,True,False,False
675,596652,11,11-12,PS,True,False,False
675,596652,12,12-13,PS,True,False,False
675,596652,13,13-14,PS,True,False,False
675,596652,14,14-15,PS,True,False,False
675,596652,15,15-16,PS,True,False,False
675,596652,16,16-17,PS,True,False,False
676,596653,1,1-2,PS,True,False,False
676,596653,2,2-3,PS,True,False,False
676,596653,3,3-4,PS,True,False,False
676,596653,4,4-5,PS,True,False,False
676,596653,5,5-6,PS,True,False,False
676,596653,6,6-7,PS,True,False,False
676,596653,7,7-8,PS,True,False,False
676,596653,8,8-9,PS,True,False,False
676,596653,9,9-10,PS,True,False,False
676,596653,10,10-11,PS,True,False,False
676,596653,11,11-12,PS,True,False,False
676,596653,12,12-13,PS,True,False,False
676,596653,13,13-14,PS,True,False,False
676,596653,14,14-15,PS,True,False,False
676,596653,15,15-16,PS,True,False,False
676,596653,16,16-17,PS,True,False,False
677,596654,1,1-2,PS,True,False,False
677,596654,2,2-3,PS,True,False,False
677,596654,3,3-4,PS,True,False,False
677,596654,4,4-5,PS,True,False,False
677,596654,5,5-6,PS,True,False,False
677,596654,6,6-7,PS,True,False,False
677,596654,7,7-8,PS,True,False,False
677,596654,8,8-9,PS,True,False,False
677,596654,9,9-10,PS,True,False,False
677,596654,10,10-11,PS,True,False,False
677,596654,11,11-12,PS,True,False,False
677,596654,12,12-13,PS,True,False,False
677,596654,13,13-14,PS,True,False,False
677,596654,14,14-15,PS,True,False,False
677,596654,15,15-16,PS,True,False,False
677,596654,16,16-17,PS,True,False,False
678,596655,1,1-2,PS,True,False,False
678,596655,2,2-3,PS,True,False,False
678,596655,3,3-4,PS,True,False,False
678,596655,4,4-5,PS,True,False,False
678,596655,5,5-6,PS,True,False,False
678,596655,6,6-7,PS,True,False,False
678,596655,7,7-8,PS,True,False,False
678,596655,8,8-9,PS,True,False,False
678,596655,9,9-10,PS,True,False,False
678,596655,10,10-11,PS,True,False,False
678,596655,11,11-12,PS,True,False,False
678,596655,12,12-13,PS,True,False,False
678,596655,13,13-14,PS,True,False,False
678,596655,14,14-15,PS,True,False,False
678,596655,15,15-16,PS,True,False,False
678,596655,16,16-17,PS,True,False,False
679,596656,1,1-2,PS,True,False,False
679,596656,2,2-3,PS,True,False,False
679,596656,3,3-4,PS,True,False,False
679,596656,4,4-5,PS,True,False,False
679,596656,5,5-6,PS,True,False,False
679,596656,6,6-7,PS,True,False,False
679,596656,7,7-8,PS,True,False,False
679,596656,8,8-9,PS,True,False,False
679,596656,9,9-10,PS,True,False,False
679,596656,10,10-11,PS,True,False,False
679,596656,11,11-12,PS,True,False,False
679,596656,12,12-13,PS,True,False,False
679,596656,13,13-14,PS,True,False,False
679,596656,14,14-15,PS,True,False,False
679,596656,15,15-16,PS,True,False,False
679,596656,16,16-17,PS,True,False,False
680,596657,1,1-2,PS,True,False,False
680,596657,2,2-3,PS,True,False,False
680,596657,3,3-4,PS,True,False,False
680,596657,4,4-5,PS,True,False,False
680,596657,5,5-6,PS,True,False,False
680,596657,6,6-7,PS,True,False,False
680,596657,7,7-8,PS,True,False,False
680,596657,8,8-9,PS,True,False,False
680,596657,9,9-10,PS,True,False,False
680,596657,10,10-11,PS,True,False,False
680,596657,11,11-12,PS,True,False,False
680,596657,12,12-13,PS,True,False,False
680,596657,13,13-14,PS,True,False,False
680,596657,14,14-15,PS,True,False,False
680,596657,15,15-16,PS,True,False,False
680,596657,16,16-17,PS,True,False,False
681,596658,1,1-2,PS,True,False,False
681,596658,2,2-3,PS,True,False,False
681,596658,3,3-4,PS,True,False,False
681,596658,4,4-5,PS,True,False,False
681,596658,5,5-6,PS,True,False,False
681,596658,6,6-7,PS,True,False,False
681,596658,7,7-8,PS,True,False,False
681,596658,8,8-9,PS,True,False,False
681,596658,9,9-10,PS,True,False,False
681,596658,10,10-11,PS,True,False,False
681,596658,11,11-12,PS,True,False,False
681,596658,12,12-13,PS,True,False,False
681,596658,13,13-14,PS,True,False,False
681,596658,14,14-15,PS,True,False,False
681,596658,15,15-16,PS,True,False,False
681,596658,16,16-17,PS,True,False,False
682,596659,1,1-2,PS,True,False,False
682,596659,2,2-3,PS,True,False,False
682,596659,3,3-4,PS,True,False,False
682,596659,4,4-5,PS,True,False,False
682,596659,5,5-6,PS,True,False,False
682,596659,6,6-7,PS,True,False,False
682,596659,7,7-8,PS,True,False,False
682,596659,8,8-9,PS,True,False,False
682,596659,9,9-10,PS,True,False,False
682,596659,10,10-11,PS,True,False,False
682,596659,11,11-12,PS,True,False,False
682,596659,12,12-13,PS,True,False,False
682,596659,13,13-14,PS,True,False,False
682,596659,14,14-15,PS,True,False,False
682,596659,15,15-16,PS,True,False,False
682,596659,16,16-17,PS,True,False,False
683,596660,1,1-2,PS,True,False,False
683,596660,2,2-3,PS,True,False,False
683,596660,3,3-4,PS,True,False,False
683,596660,4,4-5,PS,True,False,False
683,596660,5,5-6,PS,True,False,False
683,596660,6,6-7,PS,True,False,False
683,596660,7,7-8,PS,True,False,False
683,596660,8,8-9,PS,True,False,False
683,596660,9,9-10,PS,True,False,False
683,596660,10,10-11,PS,True,False,False
683,596660,11,11-12,PS,True,False,False
683,596660,12,12-13,PS,True,False,False
683,596660,13,13-14,PS,True,False,False
683,596660,14,14-15,PS,True,False,False
683,596660,15,15-16,PS,True,False,False
683,596660,16,16-17,PS,True,False,False
684,596661,1,1-2,PS,True,False,False
684,596661,2,2-3,PS,True,False,False
684,596661,3,3-4,PS,True,False,False
684,596661,4,4-5,PS,True,False,False
684,596661,5,5-6,PS,True,False,False
684,596661,6,6-7,PS,True,False,False
684,596661,7,7-8,PS,True,False,False
684,596661,8,8-9,PS,True,False,False
684,596661,9,9-10,PS,True,False,False
684,596661,10,10-11,PS,True,False,False
684,596661,11,11-12,PS,True,False,False
684,596661,12,12-13,PS,True,False,False
684,596661,13,13-14,PS,True,False,False
684,596661,14,14-15,PS,True,False,False
684,596661,15,15-16,PS,True,False,False
684,596661,16,16-17,PS,True,False,False
685,596662,1,1-2,PS,True,False,False
685,596662,2,2-3,PS,True,False,False
685,596662,3,3-4,PS,True,False,False
685,596662,4,4-5,PS,True,False,False
685,596662,5,5-6,PS,True,False,False
685,596662,6,6-7,PS,True,False,False
685,596662,7,7-8,PS,True,False,False
685,596662,8,8-9,PS,True,False,False
685,596662,9,9-10,PS,True,False,False
685,596662,10,10-11,PS,True,False,False
685,596662,11,11-12,PS,True,False,False
685,596662,12,12-13,PS,True,False,False
685,596662,13,13-14,PS,True,False,False
685,596662,14,14-15,PS,True,False,False
685,596662,15,15-16,PS,True,False,False
685,596662,16,16-17,PS,True,False,False
686,596663,1,1-2,PS,True,False,False
686,596663,2,2-3,PS,True,False,False
686,596663,3,3-4,PS,True,False,False
686,596663,4,4-5,PS,True,False,False
686,596663,5,5-6,PS,True,False,False
686,596663,6,6-7,PS,True,False,False
686,596663,7,7-8,PS,True,False,False
686,596663,8,8-9,PS,True,False,False
686,596663,9,9-10,PS,True,False,False
686,596663,10,10-11,PS,True,False,False
686,596663,11,11-12,PS,True,False,False
686,596663,12,12-13,PS,True,False,False
686,596663,13,13-14,PS,True,False,False
686,596663,14,14-15,PS,True,False,False
686,596663,15,15-16,PS,True,False,False
686,596663,16,16-17,PS,True,False,False
687,596665,1,1-2,PS,True,False,False
687,596665,2,2-3,PS,True,False,False
687,596665,3,3-4,PS,True,False,False
687,596665,4,4-5,PS,True,False,False
687,596665,5,5-6,PS,True,False,False
687,596665,6,6-7,PS,True,False,False
687,596665,7,7-8,PS,True,False,False
687,596665,8,8-9,PS,True,False,False
687,596665,9,9-10,PS,True,False,False
687,596665,10,10-11,PS,True,False,False
687,596665,11,11-12,PS,True,False,False
687,596665,12,12-13,PS,True,False,False
687,596665,13,13-14,PS,True,False,False
687,596665,14,14-15,PS,True,False,False
687,596665,15,15-16,PS,True,False,False
687,596665,16,16-17,PS,True,False,False
688,596666,1,1-2,PS,True,False,False
688,596666,2,2-3,PS,True,False,False
688,596666,3,3-4,PS,True,False,False
688,596666,4,4-5,PS,True,False,False
688,596666,5,5-6,PS,True,False,False
688,596666,6,6-7,PS,True,False,False
688,596666,7,7-8,PS,True,False,False
688,596666,8,8-9,PS,True,False,False
688,596666,9,9-10,PS,True,False,False
688,596666,10,10-11,PS,True,False,False
688,596666,11,11-12,PS,True,False,False
688,596666,12,12-13,PS,True,False,False
688,596666,13,13-14,PS,True,False,False
688,596666,14,14-15,PS,True,False,False
688,596666,15,15-16,PS,True,False,False
688,596666,16,16-17,PS,True,False,False
689,596667,1,1-2,PS,True,False,False
689,596667,2,2-3,PS,True,False,False
689,596667,3,3-4,PS,True,False,False
689,596667,4,4-5,PS,True,False,False
689,596667,5,5-6,PS,True,False,False
689,596667,6,6-7,PS,True,False,False
689,596667,7,7-8,PS,True,False,False
689,596667,8,8-9,PS,True,False,False
689,596667,9,9-10,PS,True,False,False
689,596667,10,10-11,PS,True,False,False
689,596667,11,11-12,PS,True,False,False
689,596667,12,12-13,PS,True,False,False
689,596667,13,13-14,PS,True,False,False
689,596667,14,14-15,PS,True,False,False
689,596667,15,15-16,PS,True,False,False
689,596667,16,16-17,PS,True,False,False
690,596668,1,1-2,PS,True,False,False
690,596668,2,2-3,PS,True,False,False
690,596668,3,3-4,PS,True,False,False
690,596668,4,4-5,PS,True,False,False
690,596668,5,5-6,PS,True,False,False
690,596668,6,6-7,PS,True,False,False
690,596668,7,7-8,PS,True,False,False
690,596668,8,8-9,PS,True,False,False
690,596668,9,9-10,PS,True,False,False
690,596668,10,10-11,PS,True,False,False
690,596668,11,11-12,PS,True,False,False
690,596668,12,12-13,PS,True,False,False
690,596668,13,13-14,PS,True,False,False
690,596668,14,14-15,PS,True,False,False
690,596668,15,15-16,PS,True,False,False
690,596668,16,16-17,PS,True,False,False
691,596669,1,1-2,PS,True,False,False
691,596669,2,2-3,PS,True,False,False
691,596669,3,3-4,PS,True,False,False
691,596669,4,4-5,PS,True,False,False
691,596669,5,5-6,PS,True,False,False
691,596669,6,6-7,PS,True,False,False
691,596669,7,7-8,PS,True,False,False
691,596669,8,8-9,PS,True,False,False
691,596669,9,9-10,PS,True,False,False
691,596669,10,10-11,PS,True,False,False
691,596669,11,11-12,PS,True,False,False
691,596669,12,12-13,PS,True,False,False
691,596669,13,13-14,PS,True,False,False
691,596669,14,14-15,PS,True,False,False
691,596669,15,15-16,PS,True,False,False
691,596669,16,16-17,PS,True,False,False
692,596670,1,1-2,PS,True,False,False
692,596670,2,2-3,PS,True,False,False
692,596670,3,3-4,PS,True,False,False
692,596670,4,4-5,PS,True,False,False
692,596670,5,5-6,PS,True,False,False
692,596670,6,6-7,PS,True,False,False
692,596670,7,7-8,PS,True,False,False
692,596670,8,8-9,PS,True,False,False
692,596670,9,9-10,PS,True,False,False
692,596670,10,10-11,PS,True,False,False
692,596670,11,11-12,PS,True,False,False
692,596670,12,12-13,PS,True,False,False
692,596670,13,13-14,PS,True,False,False
692,596670,14,14-15,PS,True,False,False
692,596670,15,15-16,PS,True,False,False
692,596670,16,16-17,PS,True,False,False
693,596671,1,1-2,PS,True,False,False
693,596671,2,2-3,PS,True,False,False
693,596671,3,3-4,PS,True,False,False
693,596671,4,4-5,PS,True,False,False
693,596671,5,5-6,PS,True,False,False
693,596671,6,6-7,PS,True,False,False
693,596671,7,7-8,PS,True,False,False
693,596671,8,8-9,PS,True,False,False
693,596671,9,9-10,PS,True,False,False
693,596671,10,10-11,PS,True,False,False
693,596671,11,11-12,PS,True,False,False
693,596671,12,12-13,PS,True,False,False
693,596671,13,13-14,PS,True,False,False
693,596671,14,14-15,PS,True,False,False
693,596671,15,15-16,PS,True,False,False
693,596671,16,16-17,PS,True,False,False
694,596672,1,1-2,PS,True,False,False
694,596672,2,2-3,PS,True,False,False
694,596672,3,3-4,PS,True,False,False
694,596672,4,4-5,PS,True,False,False
694,596672,5,5-6,PS,True,False,False
694,596672,6,6-7,PS,True,False,False
694,596672,7,7-8,PS,True,False,False
694,596672,8,8-9,PS,True,False,False
694,596672,9,9-10,PS,True,False,False
694,596672,10,10-11,PS,True,False,False
694,596672,11,11-12,PS,True,False,False
694,596672,12,12-13,PS,True,False,False
694,596672,13,13-14,PS,True,False,False
694,596672,14,14-15,PS,True,False,False
694,596672,15,15-16,PS,True,False,False
694,596672,16,16-17,PS,True,False,False
695,596673,1,1-2,PS,True,False,False
695,596673,2,2-3,PS,True,False,False
695,596673,3,3-4,PS,True,False,False
695,596673,4,4-5,PS,True,False,False
695,596673,5,5-6,PS,True,False,False
695,596673,6,6-7,PS,True,False,False
695,596673,7,7-8,PS,True,False,False
695,596673,8,8-9,PS,True,False,False
695,596673,9,9-10,PS,True,False,False
695,596673,10,10-11,PS,True,False,False
695,596673,11,11-12,PS,True,False,False
695,596673,12,12-13,PS,True,False,False
695,596673,13,13-14,PS,True,False,False
695,596673,14,14-15,PS,True,False,False
695,596673,15,15-16,PS,True,False,False
695,596673,16,16-17,PS,True,False,False
696,596674,1,1-2,PS,True,False,False
696,596674,2,2-3,PS,True,False,False
696,596674,3,3-4,PS,True,False,False
696,596674,4,4-5,PS,True,False,False
696,596674,5,5-6,PS,True,False,False
696,596674,6,6-7,PS,True,False,False
696,596674,7,7-8,PS,True,False,False
696,596674,8,8-9,PS,True,False,False
696,596674,9,9-10,PS,True,False,False
696,596674,10,10-11,PS,True,False,False
696,596674,11,11-12,PS,True,False,False
696,596674,12,12-13,PS,True,False,False
696,596674,13,13-14,PS,True,False,False
696,596674,14,14-15,PS,True,False,False
696,596674,15,15-16,PS,True,False,False
696,596674,16,16-17,PS,True,False,False
697,596675,1,1-2,PS,True,False,False
697,596675,2,2-3,PS,True,False,False
697,596675,3,3-4,PS,True,False,False
697,596675,4,4-5,PS,True,False,False
697,596675,5,5-6,PS,True,False,False
697,596675,6,6-7,PS,True,False,False
697,596675,7,7-8,PS,True,False,False
697,596675,8,8-9,PS,True,False,False
697,596675,9,9-10,PS,True,False,False
697,596675,10,10-11,PS,True,False,False
697,596675,11,11-12,PS,True,False,False
697,596675,12,12-13,PS,True,False,False
697,596675,13,13-14,PS,True,False,False
697,596675,14,14-15,PS,True,False,False
697,596675,15,15-16,PS,True,False,False
697,596675,16,16-17,PS,True,False,False
698,596676,1,1-2,PS,True,False,False
698,596676,2,2-3,PS,True,False,False
698,596676,3,3-4,PS,True,False,False
698,596676,4,4-5,PS,True,False,False
698,596676,5,5-6,PS,True,False,False
698,596676,6,6-7,PS,True,False,False
698,596676,7,7-8,PS,True,False,False
698,596676,8,8-9,PS,True,False,False
698,596676,9,9-10,PS,True,False,False
698,596676,10,10-11,PS,True,False,False
698,596676,11,11-12,PS,True,False,False
698,596676,12,12-13,PS,True,False,False
698,596676,13,13-14,PS,True,False,False
698,596676,14,14-15,PS,True,False,False
698,596676,15,15-16,PS,True,False,False
698,596676,16,16-17,PS,True,False,False
699,596677,1,1-2,PS,True,False,False
699,596677,2,2-3,PS,True,False,False
699,596677,3,3-4,PS,True,False,False
699,596677,4,4-5,PS,True,False,False
699,596677,5,5-6,PS,True,False,False
699,596677,6,6-7,PS,True,False,False
699,596677,7,7-8,PS,True,False,False
699,596677,8,8-9,PS,True,False,False
699,596677,9,9-10,PS,True,False,False
699,596677,10,10-11,PS,True,False,False
699,596677,11,11-12,PS,True,False,False
699,596677,12,12-13,PS,True,False,False
699,596677,13,13-14,PS,True,False,False
699,596677,14,14-15,PS,True,False,False
699,596677,15,15-16,PS,True,False,False
699,596677,16,16-17,PS,True,False,False
700,596678,1,1-2,PS,True,False,False
700,596678,2,2-3,PS,True,False,False
700,596678,3,3-4,PS,True,False,False
700,596678,4,4-5,PS,True,False,False
700,596678,5,5-6,PS,True,False,False
700,596678,6,6-7,PS,True,False,False
700,596678,7,7-8,PS,True,False,False
700,596678,8,8-9,PS,True,False,False
700,596678,9,9-10,PS,True,False,False
700,596678,10,10-11,PS,True,False,False
700,596678,11,11-12,PS,True,False,False
700,596678,12,12-13,PS,True,False,False
700,596678,13,13-14,PS,True,False,False
700,596678,14,14-15,PS,True,False,False
700,596678,15,15-16,PS,True,False,False
700,596678,16,16-17,PS,True,False,False
701,596679,1,1-2,PS,True,False,False
701,596679,2,2-3,PS,True,False,False
701,596679,3,3-4,PS,True,False,False
701,596679,4,4-5,PS,True,False,False
701,596679,5,5-6,PS,True,False,False
701,596679,6,6-7,PS,True,False,False
701,596679,7,7-8,PS,True,False,False
701,596679,8,8-9,PS,True,False,False
701,596679,9,9-10,PS,True,False,False
701,596679,10,10-11,PS,True,False,False
701,596679,11,11-12,PS,True,False,False
701,596679,12,12-13,PS,True,False,False
701,596679,13,13-14,PS,True,False,False
701,596679,14,14-15,PS,True,False,False
701,596679,15,15-16,PS,True,False,False
701,596679,16,16-17,PS,True,False,False
702,596680,1,1-2,PS,True,False,False
702,596680,2,2-3,PS,True,False,False
702,596680,3,3-4,PS,True,False,False
702,596680,4,4-5,PS,True,False,False
702,596680,5,5-6,PS,True,False,False
702,596680,6,6-7,PS,True,False,False
702,596680,7,7-8,PS,True,False,False
702,596680,8,8-9,PS,True,False,False
702,596680,9,9-10,PS,True,False,False
702,596680,10,10-11,PS,True,False,False
702,596680,11,11-12,PS,True,False,False
702,596680,12,12-13,PS,True,False,False
702,596680,13,13-14,PS,True,False,False
702,596680,14,14-15,PS,True,False,False
702,596680,15,15-16,PS,True,False,False
702,596680,16,16-17,PS,True,False,False
703,596681,1,1-2,PS,True,False,False
703,596681,2,2-3,PS,True,False,False
703,596681,3,3-4,PS,True,False,False
703,596681,4,4-5,PS,True,False,False
703,596681,5,5-6,PS,True,False,False
703,596681,6,6-7,PS,True,False,False
703,596681,7,7-8,PS,True,False,False
703,596681,8,8-9,PS,True,False,False
703,596681,9,9-10,PS,True,False,False
703,596681,10,10-11,PS,True,False,False
703,596681,11,11-12,PS,True,False,False
703,596681,12,12-13,PS,True,False,False
703,596681,13,13-14,PS,True,False,False
703,596681,14,14-15,PS,True,False,False
703,596681,15,15-16,PS,True,False,False
703,596681,16,16-17,PS,True,False,False
704,596682,1,1-2,PS,True,False,False
704,596682,2,2-3,PS,True,False,False
704,596682,3,3-4,PS,True,False,False
704,596682,4,4-5,PS,True,False,False
704,596682,5,5-6,PS,True,False,False
704,596682,6,6-7,PS,True,False,False
704,596682,7,7-8,PS,True,False,False
704,596682,8,8-9,PS,True,False,False
704,596682,9,9-10,PS,True,False,False
704,596682,10,10-11,PS,True,False,False
704,596682,11,11-12,PS,True,False,False
704,596682,12,12-13,PS,True,False,False
704,596682,13,13-14,PS,True,False,False
704,596682,14,14-15,PS,True,False,False
704,596682,15,15-16,PS,True,False,False
704,596682,16,16-17,PS,True,False,False
705,596683,1,1-2,PS,True,False,False
705,596683,2,2-3,PS,True,False,False
705,596683,3,3-4,PS,True,False,False
705,596683,4,4-5,PS,True,False,False
705,596683,5,5-6,PS,True,False,False
705,596683,6,6-7,PS,True,False,False
705,596683,7,7-8,PS,True,False,False
705,596683,8,8-9,PS,True,False,False
705,596683,9,9-10,PS,True,False,False
705,596683,10,10-11,PS,True,False,False
705,596683,11,11-12,PS,True,False,False
705,596683,12,12-13,PS,True,False,False
705,596683,13,13-14,PS,True,False,False
705,596683,14,14-15,PS,True,False,False
705,596683,15,15-16,PS,True,False,False
705,596683,16,16-17,PS,True,False,False
706,596684,1,1-2,PS,True,False,False
706,596684,2,2-3,PS,True,False,False
706,596684,3,3-4,PS,True,False,False
706,596684,4,4-5,PS,True,False,False
706,596684,5,5-6,PS,True,False,False
706,596684,6,6-7,PS,True,False,False
706,596684,7,7-8,PS,True,False,False
706,596684,8,8-9,PS,True,False,False
706,596684,9,9-10,PS,True,False,False
706,596684,10,10-11,PS,True,False,False
706,596684,11,11-12,PS,True,False,False
706,596684,12,12-13,PS,True,False,False
706,596684,13,13-14,PS,True,False,False
706,596684,14,14-15,PS,True,False,False
706,596684,15,15-16,PS,True,False,False
706,596684,16,16-17,PS,True,False,False
707,596685,1,1-2,PS,True,False,False
707,596685,2,2-3,PS,True,False,False
707,596685,3,3-4,PS,True,False,False
707,596685,4,4-5,PS,True,False,False
707,596685,5,5-6,PS,True,False,False
707,596685,6,6-7,PS,True,False,False
707,596685,7,7-8,PS,True,False,False
707,596685,8,8-9,PS,True,False,False
707,596685,9,9-10,PS,True,False,False
707,596685,10,10-11,PS,True,False,False
707,596685,11,11-12,PS,True,False,False
707,596685,12,12-13,PS,True,False,False
707,596685,13,13-14,PS,True,False,False
707,596685,14,14-15,PS,True,False,False
707,596685,15,15-16,PS,True,False,False
707,596685,16,16-17,PS,True,False,False
708,596686,1,1-2,PS,True,False,False
708,596686,2,2-3,PS,True,False,False
708,596686,3,3-4,PS,True,False,False
708,596686,4,4-5,PS,True,False,False
708,596686,5,5-6,PS,True,False,False
708,596686,6,6-7,PS,True,False,False
708,596686,7,7-8,PS,True,False,False
708,596686,8,8-9,PS,True,False,False
708,596686,9,9-10,PS,True,False,False
708,596686,10,10-11,PS,True,False,False
708,596686,11,11-12,PS,True,False,False
708,596686,12,12-13,PS,True,False,False
708,596686,13,13-14,PS,True,False,False
708,596686,14,14-15,PS,True,False,False
708,596686,15,15-16,PS,True,False,False
708,596686,16,16-17,PS,True,False,False
709,596687,1,1-2,PS,True,False,False
709,596687,2,2-3,PS,True,False,False
709,596687,3,3-4,PS,True,False,False
709,596687,4,4-5,PS,True,False,False
709,596687,5,5-6,PS,True,False,False
709,596687,6,6-7,PS,True,False,False
709,596687,7,7-8,PS,True,False,False
709,596687,8,8-9,PS,True,False,False
709,596687,9,9-10,PS,True,False,False
709,596687,10,10-11,PS,True,False,False
709,596687,11,11-12,PS,True,False,False
709,596687,12,12-13,PS,True,False,False
709,596687,13,13-14,PS,True,False,False
709,596687,14,14-15,PS,True,False,False
709,596687,15,15-16,PS,True,False,False
709,596687,16,16-17,PS,True,False,False
710,596688,1,1-2,PS,True,False,False
710,596688,2,2-3,PS,True,False,False
710,596688,3,3-4,PS,True,False,False
710,596688,4,4-5,PS,True,False,False
710,596688,5,5-6,PS,True,False,False
710,596688,6,6-7,PS,True,False,False
710,596688,7,7-8,PS,True,False,False
710,596688,8,8-9,PS,True,False,False
710,596688,9,9-10,PS,True,False,False
710,596688,10,10-11,PS,True,False,False
710,596688,11,11-12,PS,True,False,False
710,596688,12,12-13,PS,True,False,False
710,596688,13,13-14,PS,True,False,False
710,596688,14,14-15,PS,True,False,False
710,596688,15,15-16,PS,True,False,False
710,596688,16,16-17,PS,True,False,False
711,596689,1,1-2,PS,True,False,False
711,596689,2,2-3,PS,True,False,False
711,596689,3,3-4,PS,True,False,False
711,596689,4,4-5,PS,True,False,False
711,596689,5,5-6,PS,True,False,False
711,596689,6,6-7,PS,True,False,False
711,596689,7,7-8,PS,True,False,False
711,596689,8,8-9,PS,True,False,False
711,596689,9,9-10,PS,True,False,False
711,596689,10,10-11,PS,True,False,False
711,596689,11,11-12,PS,True,False,False
711,596689,12,12-13,PS,True,False,False
711,596689,13,13-14,PS,True,False,False
711,596689,14,14-15,PS,True,False,False
711,596689,15,15-16,PS,True,False,False
711,596689,16,16-17,PS,True,False,False
712,596690,1,1-2,PS,True,False,False
712,596690,2,2-3,PS,True,False,False
712,596690,3,3-4,PS,True,False,False
712,596690,4,4-5,PS,True,False,False
712,596690,5,5-6,PS,True,False,False
712,596690,6,6-7,PS,True,False,False
712,596690,7,7-8,PS,True,False,False
712,596690,8,8-9,PS,True,False,False
712,596690,9,9-10,PS,True,False,False
712,596690,10,10-11,PS,True,False,False
712,596690,11,11-12,PS,True,False,False
712,596690,12,12-13,PS,True,False,False
712,596690,13,13-14,PS,True,False,False
712,596690,14,14-15,PS,True,False,False
712,596690,15,15-16,PS,True,False,False
712,596690,16,16-17,PS,True,False,False
713,596691,1,1-2,PS,True,False,False
713,596691,2,2-3,PS,True,False,False
713,596691,3,3-4,PS,True,False,False
713,596691,4,4-5,PS,True,False,False
713,596691,5,5-6,PS,True,False,False
713,596691,6,6-7,PS,True,False,False
713,596691,7,7-8,PS,True,False,False
713,596691,8,8-9,PS,True,False,False
713,596691,9,9-10,PS,True,False,False
713,596691,10,10-11,PS,True,False,False
713,596691,11,11-12,PS,True,False,False
713,596691,12,12-13,PS,True,False,False
713,596691,13,13-14,PS,True,False,False
713,596691,14,14-15,PS,True,False,False
713,596691,15,15-16,PS,True,False,False
713,596691,16,16-17,PS,True,False,False
714,596692,1,1-2,PS,True,False,False
714,596692,2,2-3,PS,True,False,False
714,596692,3,3-4,PS,True,False,False
714,596692,4,4-5,PS,True,False,False
714,596692,5,5-6,PS,True,False,False
714,596692,6,6-7,PS,True,False,False
714,596692,7,7-8,PS,True,False,False
714,596692,8,8-9,PS,True,False,False
714,596692,9,9-10,PS,True,False,False
714,596692,10,10-11,PS,True,False,False
714,596692,11,11-12,PS,True,False,False
714,596692,12,12-13,PS,True,False,False
714,596692,13,13-14,PS,True,False,False
714,596692,14,14-15,PS,True,False,False
714,596692,15,15-16,PS,True,False,False
714,596692,16,16-17,PS,True,False,False
715,596693,1,1-2,PS,True,False,False
715,596693,2,2-3,PS,True,False,False
715,596693,3,3-4,PS,True,False,False
715,596693,4,4-5,PS,True,False,False
715,596693,5,5-6,PS,True,False,False
715,596693,6,6-7,PS,True,False,False
715,596693,7,7-8,PS,True,False,False
715,596693,8,8-9,PS,True,False,False
715,596693,9,9-10,PS,True,False,False
715,596693,10,10-11,PS,True,False,False
715,596693,11,11-12,PS,True,False,False
715,596693,12,12-13,PS,True,False,False
715,596693,13,13-14,PS,True,False,False
715,596693,14,14-15,PS,True,False,False
715,596693,15,15-16,PS,True,False,False
715,596693,16,16-17,PS,True,False,False
716,596694,1,1-2,PS,True,False,False
716,596694,2,2-3,PS,True,False,False
716,596694,3,3-4,PS,True,False,False
716,596694,4,4-5,PS,True,False,False
716,596694,5,5-6,PS,True,False,False
716,596694,6,6-7,PS,True,False,False
716,596694,7,7-8,PS,True,False,False
716,596694,8,8-9,PS,True,False,False
716,596694,9,9-10,PS,True,False,False
716,596694,10,10-11,PS,True,False,False
716,596694,11,11-12,PS,True,False,False
716,596694,12,12-13,PS,True,False,False
716,596694,13,13-14,PS,True,False,False
716,596694,14,14-15,PS,True,False,False
716,596694,15,15-16,PS,True,False,False
716,596694,16,16-17,PS,True,False,False
717,596695,1,1-2,PS,True,False,False
717,596695,2,2-3,PS,True,False,False
717,596695,3,3-4,PS,True,False,False
717,596695,4,4-5,PS,True,False,False
717,596695,5,5-6,PS,True,False,False
717,596695,6,6-7,PS,True,False,False
717,596695,7,7-8,PS,True,False,False
717,596695,8,8-9,PS,True,False,False
717,596695,9,9-10,PS,True,False,False
717,596695,10,10-11,PS,True,False,False
717,596695,11,11-12,PS,True,False,False
717,596695,12,12-13,PS,True,False,False
717,596695,13,13-14,PS,True,False,False
717,596695,14,14-15,PS,True,False,False
717,596695,15,15-16,PS,True,False,False
717,596695,16,16-17,PS,True,False,False
718,596696,1,1-2,PS,True,False,False
718,596696,2,2-3,PS,True,False,False
718,596696,3,3-4,PS,True,False,False
718,596696,4,4-5,PS,True,False,False
718,596696,5,5-6,PS,True,False,False
718,596696,6,6-7,PS,True,False,False
718,596696,7,7-8,PS,True,False,False
718,596696,8,8-9,PS,True,False,False
718,596696,9,9-10,PS,True,False,False
718,596696,10,10-11,PS,True,False,False
718,596696,11,11-12,PS,True,False,False
718,596696,12,12-13,PS,True,False,False
718,596696,13,13-14,PS,True,False,False
718,596696,14,14-15,PS,True,False,False
718,596696,15,15-16,PS,True,False,False
718,596696,16,16-17,PS,True,False,False
719,596697,1,1-2,PS,True,False,False
719,596697,2,2-3,PS,True,False,False
719,596697,3,3-4,PS,True,False,False
719,596697,4,4-5,PS,True,False,False
719,596697,5,5-6,PS,True,False,False
719,596697,6,6-7,PS,True,False,False
719,596697,7,7-8,PS,True,False,False
719,596697,8,8-9,PS,True,False,False
719,596697,9,9-10,PS,True,False,False
719,596697,10,10-11,PS,True,False,False
719,596697,11,11-12,PS,True,False,False
719,596697,12,12-13,PS,True,False,False
719,596697,13,13-14,PS,True,False,False
719,596697,14,14-15,PS,True,False,False
719,596697,15,15-16,PS,True,False,False
719,596697,16,16-17,PS,True,False,False
720,596698,1,1-2,PS,True,False,False
720,596698,2,2-3,PS,True,False,False
720,596698,3,3-4,PS,True,False,False
720,596698,4,4-5,PS,True,False,False
720,596698,5,5-6,PS,True,False,False
720,596698,6,6-7,PS,True,False,False
720,596698,7,7-8,PS,True,False,False
720,596698,8,8-9,PS,True,False,False
720,596698,9,9-10,PS,True,False,False
720,596698,10,10-11,PS,True,False,False
720,596698,11,11-12,PS,True,False,False
720,596698,12,12-13,PS,True,False,False
720,596698,13,13-14,PS,True,False,False
720,596698,14,14-15,PS,True,False,False
720,596698,15,15-16,PS,True,False,False
720,596698,16,16-17,PS,True,False,False
721,596699,1,1-2,PS,True,False,False
721,596699,2,2-3,PS,True,False,False
721,596699,3,3-4,PS,True,False,False
721,596699,4,4-5,PS,True,False,False
721,596699,5,5-6,PS,True,False,False
721,596699,6,6-7,PS,True,False,False
721,596699,7,7-8,PS,True,False,False
721,596699,8,8-9,PS,True,False,False
721,596699,9,9-10,PS,True,False,False
721,596699,10,10-11,PS,True,False,False
721,596699,11,11-12,PS,True,False,False
721,596699,12,12-13,PS,True,False,False
721,596699,13,13-14,PS,True,False,False
721,596699,14,14-15,PS,True,False,False
721,596699,15,15-16,PS,True,False,False
721,596699,16,16-17,PS,True,False,False
722,596700,1,1-2,PS,True,False,False
722,596700,2,2-3,PS,True,False,False
722,596700,3,3-4,PS,True,False,False
722,596700,4,4-5,PS,True,False,False
722,596700,5,5-6,PS,True,False,False
722,596700,6,6-7,PS,True,False,False
722,596700,7,7-8,PS,True,False,False
722,596700,8,8-9,PS,True,False,False
722,596700,9,9-10,PS,True,False,False
722,596700,10,10-11,PS,True,False,False
722,596700,11,11-12,PS,True,False,False
722,596700,12,12-13,PS,True,False,False
722,596700,13,13-14,PS,True,False,False
722,596700,14,14-15,PS,True,False,False
722,596700,15,15-16,PS,True,False,False
722,596700,16,16-17,PS,True,False,False
723,596701,1,1-2,PS,True,False,False
723,596701,2,2-3,PS,True,False,False
723,596701,3,3-4,PS,True,False,False
723,596701,4,4-5,PS,True,False,False
723,596701,5,5-6,PS,True,False,False
723,596701,6,6-7,PS,True,False,False
723,596701,7,7-8,PS,True,False,False
723,596701,8,8-9,PS,True,False,False
723,596701,9,9-10,PS,True,False,False
723,596701,10,10-11,PS,True,False,False
723,596701,11,11-12,PS,True,False,False
723,596701,12,12-13,PS,True,False,False
723,596701,13,13-14,PS,True,False,False
723,596701,14,14-15,PS,True,False,False
723,596701,15,15-16,PS,True,False,False
723,596701,16,16-17,PS,True,False,False
724,596702,1,1-2,PS,True,False,False
724,596702,2,2-3,PS,True,False,False
724,596702,3,3-4,PS,True,False,False
724,596702,4,4-5,PS,True,False,False
724,596702,5,5-6,PS,True,False,False
724,596702,6,6-7,PS,True,False,False
724,596702,7,7-8,PS,True,False,False
724,596702,8,8-9,PS,True,False,False
724,596702,9,9-10,PS,True,False,False
724,596702,10,10-11,PS,True,False,False
724,596702,11,11-12,PS,True,False,False
724,596702,12,12-13,PS,True,False,False
724,596702,13,13-14,PS,True,False,False
724,596702,14,14-15,PS,True,False,False
724,596702,15,15-16,PS,True,False,False
724,596702,16,16-17,PS,True,False,False
725,596703,1,1-2,PS,True,False,False
725,596703,2,2-3,PS,True,False,False
725,596703,3,3-4,PS,True,False,False
725,596703,4,4-5,PS,True,False,False
725,596703,5,5-6,PS,True,False,False
725,596703,6,6-7,PS,True,False,False
725,596703,7,7-8,PS,True,False,False
725,596703,8,8-9,PS,True,False,False
725,596703,9,9-10,PS,True,False,False
725,596703,10,10-11,PS,True,False,False
725,596703,11,11-12,PS,True,False,False
725,596703,12,12-13,PS,True,False,False
725,596703,13,13-14,PS,True,False,False
725,596703,14,14-15,PS,True,False,False
725,596703,15,15-16,PS,True,False,False
725,596703,16,16-17,PS,True,False,False
726,596704,1,1-2,PS,True,False,False
726,596704,2,2-3,PS,True,False,False
726,596704,3,3-4,PS,True,False,False
726,596704,4,4-5,PS,True,False,False
726,596704,5,5-6,PS,True,False,False
726,596704,6,6-7,PS,True,False,False
726,596704,7,7-8,PS,True,False,False
726,596704,8,8-9,PS,True,False,False
726,596704,9,9-10,PS,True,False,False
726,596704,10,10-11,PS,True,False,False
726,596704,11,11-12,PS,True,False,False
726,596704,12,12-13,PS,True,False,False
726,596704,13,13-14,PS,True,False,False
726,596704,14,14-15,PS,True,False,False
726,596704,15,15-16,PS,True,False,False
726,596704,16,16-17,PS,True,False,False
727,596705,1,1-2,PS,True,False,False
727,596705,2,2-3,PS,True,False,False
727,596705,3,3-4,PS,True,False,False
727,596705,4,4-5,PS,True,False,False
727,596705,5,5-6,PS,True,False,False
727,596705,6,6-7,PS,True,False,False
727,596705,7,7-8,PS,True,False,False
727,596705,8,8-9,PS,True,False,False
727,596705,9,9-10,PS,True,False,False
727,596705,10,10-11,PS,True,False,False
727,596705,11,11-12,PS,True,False,False
727,596705,12,12-13,PS,True,False,False
727,596705,13,13-14,PS,True,False,False
727,596705,14,14-15,PS,True,False,False
727,596705,15,15-16,PS,True,False,False
727,596705,16,16-17,PS,True,False,False
728,596706,1,1-2,PS,True,False,False
728,596706,2,2-3,PS,True,False,False
728,596706,3,3-4,PS,True,False,False
728,596706,4,4-5,PS,True,False,False
728,596706,5,5-6,PS,True,False,False
728,596706,6,6-7,PS,True,False,False
728,596706,7,7-8,PS,True,False,False
728,596706,8,8-9,PS,True,False,False
728,596706,9,9-10,PS,True,False,False
728,596706,10,10-11,PS,True,False,False
728,596706,11,11-12,PS,True,False,False
728,596706,12,12-13,PS,True,False,False
728,596706,13,13-14,PS,True,False,False
728,596706,14,14-15,PS,True,False,False
728,596706,15,15-16,PS,True,False,False
728,596706,16,16-17,PS,True,False,False
729,596707,1,1-2,PS,True,False,False
729,596707,2,2-3,PS,True,False,False
729,596707,3,3-4,PS,True,False,False
729,596707,4,4-5,PS,True,False,False
729,596707,5,5-6,PS,True,False,False
729,596707,6,6-7,PS,True,False,False
729,596707,7,7-8,PS,True,False,False
729,596707,8,8-9,PS,True,False,False
729,596707,9,9-10,PS,True,False,False
729,596707,10,10-11,PS,True,False,False
729,596707,11,11-12,PS,True,False,False
729,596707,12,12-13,PS,True,False,False
729,596707,13,13-14,PS,True,False,False
729,596707,14,14-15,PS,True,False,False
729,596707,15,15-16,PS,True,False,False
729,596707,16,16-17,PS,True,False,False
730,596708,1,1-2,PS,True,False,False
730,596708,2,2-3,PS,True,False,False
730,596708,3,3-4,PS,True,False,False
730,596708,4,4-5,PS,True,False,False
730,596708,5,5-6,PS,True,False,False
730,596708,6,6-7,PS,True,False,False
730,596708,7,7-8,PS,True,False,False
730,596708,8,8-9,PS,True,False,False
730,596708,9,9-10,PS,True,False,False
730,596708,10,10-11,PS,True,False,False
730,596708,11,11-12,PS,True,False,False
730,596708,12,12-13,PS,True,False,False
730,596708,13,13-14,PS,True,False,False
730,596708,14,14-15,PS,True,False,False
730,596708,15,15-16,PS,True,False,False
730,596708,16,16-17,PS,True,False,False
731,596709,1,1-2,PS,True,False,False
731,596709,2,2-3,PS,True,False,False
731,596709,3,3-4,PS,True,False,False
731,596709,4,4-5,PS,True,False,False
731,596709,5,5-6,PS,True,False,False
731,596709,6,6-7,PS,True,False,False
731,596709,7,7-8,PS,True,False,False
731,596709,8,8-9,PS,True,False,False
731,596709,9,9-10,PS,True,False,False
731,596709,10,10-11,PS,True,False,False
731,596709,11,11-12,PS,True,False,False
731,596709,12,12-13,PS,True,False,False
731,596709,13,13-14,PS,True,False,False
731,596709,14,14-15,PS,True,False,False
731,596709,15,15-16,PS,True,False,False
731,596709,16,16-17,PS,True,False,False
732,596710,1,1-2,PS,True,False,False
732,596710,2,2-3,PS,True,False,False
732,596710,3,3-4,PS,True,False,False
732,596710,4,4-5,PS,True,False,False
732,596710,5,5-6,PS,True,False,False
732,596710,6,6-7,PS,True,False,False
732,596710,7,7-8,PS,True,False,False
732,596710,8,8-9,PS,True,False,False
732,596710,9,9-10,PS,True,False,False
732,596710,10,10-11,PS,True,False,False
732,596710,11,11-12,PS,True,False,False
732,596710,12,12-13,PS,True,False,False
732,596710,13,13-14,PS,True,False,False
732,596710,14,14-15,PS,True,False,False
732,596710,15,15-16,PS,True,False,False
732,596710,16,16-17,PS,True,False,False
733,596711,1,1-2,PS,True,False,False
733,596711,2,2-3,PS,True,False,False
733,596711,3,3-4,PS,True,False,False
733,596711,4,4-5,PS,True,False,False
733,596711,5,5-6,PS,True,False,False
733,596711,6,6-7,PS,True,False,False
733,596711,7,7-8,PS,True,False,False
733,596711,8,8-9,PS,True,False,False
733,596711,9,9-10,PS,True,False,False
733,596711,10,10-11,PS,True,False,False
733,596711,11,11-12,PS,True,False,False
733,596711,12,12-13,PS,True,False,False
733,596711,13,13-14,PS,True,False,False
733,596711,14,14-15,PS,True,False,False
733,596711,15,15-16,PS,True,False,False
733,596711,16,16-17,PS,True,False,False
734,596712,1,1-2,PS,True,False,False
734,596712,2,2-3,PS,True,False,False
734,596712,3,3-4,PS,True,False,False
734,596712,4,4-5,PS,True,False,False
734,596712,5,5-6,PS,True,False,False
734,596712,6,6-7,PS,True,False,False
734,596712,7,7-8,PS,True,False,False
734,596712,8,8-9,PS,True,False,False
734,596712,9,9-10,PS,True,False,False
734,596712,10,10-11,PS,True,False,False
734,596712,11,11-12,PS,True,False,False
734,596712,12,12-13,PS,True,False,False
734,596712,13,13-14,PS,True,False,False
734,596712,14,14-15,PS,True,False,False
734,596712,15,15-16,PS,True,False,False
734,596712,16,16-17,PS,True,False,False
735,596713,1,1-2,PS,True,False,False
735,596713,2,2-3,PS,True,False,False
735,596713,3,3-4,PS,True,False,False
735,596713,4,4-5,PS,True,False,False
735,596713,5,5-6,PS,True,False,False
735,596713,6,6-7,PS,True,False,False
735,596713,7,7-8,PS,True,False,False
735,596713,8,8-9,PS,True,False,False
735,596713,9,9-10,PS,True,False,False
735,596713,10,10-11,PS,True,False,False
735,596713,11,11-12,PS,True,False,False
735,596713,12,12-13,PS,True,False,False
735,596713,13,13-14,PS,True,False,False
735,596713,14,14-15,PS,True,False,False
735,596713,15,15-16,PS,True,False,False
735,596713,16,16-17,PS,True,False,False
736,596714,1,1-2,PS,True,False,False
736,596714,2,2-3,PS,True,False,False
736,596714,3,3-4,PS,True,False,False
736,596714,4,4-5,PS,True,False,False
736,596714,5,5-6,PS,True,False,False
736,596714,6,6-7,PS,True,False,False
736,596714,7,7-8,PS,True,False,False
736,596714,8,8-9,PS,True,False,False
736,596714,9,9-10,PS,True,False,False
736,596714,10,10-11,PS,True,False,False
736,596714,11,11-12,PS,True,False,False
736,596714,12,12-13,PS,True,False,False
736,596714,13,13-14,PS,True,False,False
736,596714,14,14-15,PS,True,False,False
736,596714,15,15-16,PS,True,False,False
736,596714,16,16-17,PS,True,False,False
737,596715,1,1-2,PS,True,False,False
737,596715,2,2-3,PS,True,False,False
737,596715,3,3-4,PS,True,False,False
737,596715,4,4-5,PS,True,False,False
737,596715,5,5-6,PS,True,False,False
737,596715,6,6-7,PS,True,False,False
737,596715,7,7-8,PS,True,False,False
737,596715,8,8-9,PS,True,False,False
737,596715,9,9-10,PS,True,False,False
737,596715,10,10-11,PS,True,False,False
737,596715,11,11-12,PS,True,False,False
737,596715,12,12-13,PS,True,False,False
737,596715,13,13-14,PS,True,False,False
737,596715,14,14-15,PS,True,False,False
737,596715,15,15-16,PS,True,False,False
737,596715,16,16-17,PS,True,False,False
738,596716,1,1-2,PS,True,False,False
738,596716,2,2-3,PS,True,False,False
738,596716,3,3-4,PS,True,False,False
738,596716,4,4-5,PS,True,False,False
738,596716,5,5-6,PS,True,False,False
738,596716,6,6-7,PS,True,False,False
738,596716,7,7-8,PS,True,False,False
738,596716,8,8-9,PS,True,False,False
738,596716,9,9-10,PS,True,False,False
738,596716,10,10-11,PS,True,False,False
738,596716,11,11-12,PS,True,False,False
738,596716,12,12-13,PS,True,False,False
738,596716,13,13-14,PS,True,False,False
738,596716,14,14-15,PS,True,False,False
738,596716,15,15-16,PS,True,False,False
738,596716,16,16-17,PS,True,False,False
739,596717,1,1-2,PS,True,False,False
739,596717,2,2-3,PS,True,False,False
739,596717,3,3-4,PS,True,False,False
739,596717,4,4-5,PS,True,False,False
739,596717,5,5-6,PS,True,False,False
739,596717,6,6-7,PS,True,False,False
739,596717,7,7-8,PS,True,False,False
739,596717,8,8-9,PS,True,False,False
739,596717,9,9-10,PS,True,False,False
739,596717,10,10-11,PS,True,False,False
739,596717,11,11-12,PS,True,False,False
739,596717,12,12-13,PS,True,False,False
739,596717,13,13-14,PS,True,False,False
739,596717,14,14-15,PS,True,False,False
739,596717,15,15-16,PS,True,False,False
739,596717,16,16-17,PS,True,False,False
740,596718,1,1-2,PS,True,False,False
740,596718,2,2-3,PS,True,False,False
740,596718,3,3-4,PS,True,False,False
740,596718,4,4-5,PS,True,False,False
740,596718,5,5-6,PS,True,False,False
740,596718,6,6-7,PS,True,False,False
740,596718,7,7-8,PS,True,False,False
740,596718,8,8-9,PS,True,False,False
740,596718,9,9-10,PS,True,False,False
740,596718,10,10-11,PS,True,False,False
740,596718,11,11-12,PS,True,False,False
740,596718,12,12-13,PS,True,False,False
740,596718,13,13-14,PS,True,False,False
740,596718,14,14-15,PS,True,False,False
740,596718,15,15-16,PS,True,False,False
740,596718,16,16-17,PS,True,False,False
741,596719,1,1-2,PS,True,False,False
741,596719,2,2-3,PS,True,False,False
741,596719,3,3-4,PS,True,False,False
741,596719,4,4-5,PS,True,False,False
741,596719,5,5-6,PS,True,False,False
741,596719,6,6-7,PS,True,False,False
741,596719,7,7-8,PS,True,False,False
741,596719,8,8-9,PS,True,False,False
741,596719,9,9-10,PS,True,False,False
741,596719,10,10-11,PS,True,False,False
741,596719,11,11-12,PS,True,False,False
741,596719,12,12-13,PS,True,False,False
741,596719,13,13-14,PS,True,False,False
741,596719,14,14-15,PS,True,False,False
741,596719,15,15-16,PS,True,False,False
741,596719,16,16-17,PS,True,False,False
742,596720,1,1-2,PS,True,False,False
742,596720,2,2-3,PS,True,False,False
742,596720,3,3-4,PS,True,False,False
742,596720,4,4-5,PS,True,False,False
742,596720,5,5-6,PS,True,False,False
742,596720,6,6-7,PS,True,False,False
742,596720,7,7-8,PS,True,False,False
742,596720,8,8-9,PS,True,False,False
742,596720,9,9-10,PS,True,False,False
742,596720,10,10-11,PS,True,False,False
742,596720,11,11-12,PS,True,False,False
742,596720,12,12-13,PS,True,False,False
742,596720,13,13-14,PS,True,False,False
742,596720,14,14-15,PS,True,False,False
742,596720,15,15-16,PS,True,False,False
742,596720,16,16-17,PS,True,False,False
743,596721,1,1-2,PS,True,False,False
743,596721,2,2-3,PS,True,False,False
743,596721,3,3-4,PS,True,False,False
743,596721,4,4-5,PS,True,False,False
743,596721,5,5-6,PS,True,False,False
743,596721,6,6-7,PS,True,False,False
743,596721,7,7-8,PS,True,False,False
743,596721,8,8-9,PS,True,False,False
743,596721,9,9-10,PS,True,False,False
743,596721,10,10-11,PS,True,False,False
743,596721,11,11-12,PS,True,False,False
743,596721,12,12-13,PS,True,False,False
743,596721,13,13-14,PS,True,False,False
743,596721,14,14-15,PS,True,False,False
743,596721,15,15-16,PS,True,False,False
743,596721,16,16-17,PS,True,False,False
744,596722,1,1-2,PS,True,False,False
744,596722,2,2-3,PS,True,False,False
744,596722,3,3-4,PS,True,False,False
744,596722,4,4-5,PS,True,False,False
744,596722,5,5-6,PS,True,False,False
744,596722,6,6-7,PS,True,False,False
744,596722,7,7-8,PS,True,False,False
744,596722,8,8-9,PS,True,False,False
744,596722,9,9-10,PS,True,False,False
744,596722,10,10-11,PS,True,False,False
744,596722,11,11-12,PS,True,False,False
744,596722,12,12-13,PS,True,False,False
744,596722,13,13-14,PS,True,False,False
744,596722,14,14-15,PS,True,False,False
744,596722,15,15-16,PS,True,False,False
744,596722,16,16-17,PS,True,False,False
745,596723,1,1-2,PS,True,False,False
745,596723,2,2-3,PS,True,False,False
745,596723,3,3-4,PS,True,False,False
745,596723,4,4-5,PS,True,False,False
745,596723,5,5-6,PS,True,False,False
745,596723,6,6-7,PS,True,False,False
745,596723,7,7-8,PS,True,False,False
745,596723,8,8-9,PS,True,False,False
745,596723,9,9-10,PS,True,False,False
745,596723,10,10-11,PS,True,False,False
745,596723,11,11-12,PS,True,False,False
745,596723,12,12-13,PS,True,False,False
745,596723,13,13-14,PS,True,False,False
745,596723,14,14-15,PS,True,False,False
745,596723,15,15-16,PS,True,False,False
745,596723,16,16-17,PS,True,False,False
746,596724,1,1-2,PS,True,False,False
746,596724,2,2-3,PS,True,False,False
746,596724,3,3-4,PS,True,False,False
746,596724,4,4-5,PS,True,False,False
746,596724,5,5-6,PS,True,False,False
746,596724,6,6-7,PS,True,False,False
746,596724,7,7-8,PS,True,False,False
746,596724,8,8-9,PS,True,False,False
746,596724,9,9-10,PS,True,False,False
746,596724,10,10-11,PS,True,False,False
746,596724,11,11-12,PS,True,False,False
746,596724,12,12-13,PS,True,False,False
746,596724,13,13-14,PS,True,False,False
746,596724,14,14-15,PS,True,False,False
746,596724,15,15-16,PS,True,False,False
746,596724,16,16-17,PS,True,False,False
747,596725,1,1-2,PS,True,False,False
747,596725,2,2-3,PS,True,False,False
747,596725,3,3-4,PS,True,False,False
747,596725,4,4-5,PS,True,False,False
747,596725,5,5-6,PS,True,False,False
747,596725,6,6-7,PS,True,False,False
747,596725,7,7-8,PS,True,False,False
747,596725,8,8-9,PS,True,False,False
747,596725,9,9-10,PS,True,False,False
747,596725,10,10-11,PS,True,False,False
747,596725,11,11-12,PS,True,False,False
747,596725,12,12-13,PS,True,False,False
747,596725,13,13-14,PS,True,False,False
747,596725,14,14-15,PS,True,False,False
747,596725,15,15-16,PS,True,False,False
747,596725,16,16-17,PS,True,False,False
748,596726,1,1-2,PS,True,False,False
748,596726,2,2-3,PS,True,False,False
748,596726,3,3-4,PS,True,False,False
748,596726,4,4-5,PS,True,False,False
748,596726,5,5-6,PS,True,False,False
748,596726,6,6-7,PS,True,False,False
748,596726,7,7-8,PS,True,False,False
748,596726,8,8-9,PS,True,False,False
748,596726,9,9-10,PS,True,False,False
748,596726,10,10-11,PS,True,False,False
748,596726,11,11-12,PS,True,False,False
748,596726,12,12-13,PS,True,False,False
748,596726,13,13-14,PS,True,False,False
748,596726,14,14-15,PS,True,False,False
748,596726,15,15-16,PS,True,False,False
748,596726,16,16-17,PS,True,False,False
749,596727,1,1-2,PS,True,False,False
749,596727,2,2-3,PS,True,False,False
749,596727,3,3-4,PS,True,False,False
749,596727,4,4-5,PS,True,False,False
749,596727,5,5-6,PS,True,False,False
749,596727,6,6-7,PS,True,False,False
749,596727,7,7-8,PS,True,False,False
749,596727,8,8-9,PS,True,False,False
749,596727,9,9-10,PS,True,False,False
749,596727,10,10-11,PS,True,False,False
749,596727,11,11-12,PS,True,False,False
749,596727,12,12-13,PS,True,False,False
749,596727,13,13-14,PS,True,False,False
749,596727,14,14-15,PS,True,False,False
749,596727,15,15-16,PS,True,False,False
749,596727,16,16-17,PS,True,False,False
750,596728,1,1-2,PS,True,False,False
750,596728,2,2-3,PS,True,False,False
750,596728,3,3-4,PS,True,False,False
750,596728,4,4-5,PS,True,False,False
750,596728,5,5-6,PS,True,False,False
750,596728,6,6-7,PS,True,False,False
750,596728,7,7-8,PS,True,False,False
750,596728,8,8-9,PS,True,False,False
750,596728,9,9-10,PS,True,False,False
750,596728,10,10-11,PS,True,False,False
750,596728,11,11-12,PS,True,False,False
750,596728,12,12-13,PS,True,False,False
750,596728,13,13-14,PS,True,False,False
750,596728,14,14-15,PS,True,False,False
750,596728,15,15-16,PS,True,False,False
750,596728,16,16-17,PS,True,False,False
751,596729,1,1-2,PS,True,False,False
751,596729,2,2-3,PS,True,False,False
751,596729,3,3-4,PS,True,False,False
751,596729,4,4-5,PS,True,False,False
751,596729,5,5-6,PS,True,False,False
751,596729,6,6-7,PS,True,False,False
751,596729,7,7-8,PS,True,False,False
751,596729,8,8-9,PS,True,False,False
751,596729,9,9-10,PS,True,False,False
751,596729,10,10-11,PS,True,False,False
751,596729,11,11-12,PS,True,False,False
751,596729,12,12-13,PS,True,False,False
751,596729,13,13-14,PS,True,False,False
751,596729,14,14-15,PS,True,False,False
751,596729,15,15-16,PS,True,False,False
751,596729,16,16-17,PS,True,False,False
752,596730,1,1-2,PS,True,False,False
752,596730,2,2-3,PS,True,False,False
752,596730,3,3-4,PS,True,False,False
752,596730,4,4-5,PS,True,False,False
752,596730,5,5-6,PS,True,False,False
752,596730,6,6-7,PS,True,False,False
752,596730,7,7-8,PS,True,False,False
752,596730,8,8-9,PS,True,False,False
752,596730,9,9-10,PS,True,False,False
752,596730,10,10-11,PS,True,False,False
752,596730,11,11-12,PS,True,False,False
752,596730,12,12-13,PS,True,False,False
752,596730,13,13-14,PS,True,False,False
752,596730,14,14-15,PS,True,False,False
752,596730,15,15-16,PS,True,False,False
752,596730,16,16-17,PS,True,False,False
753,596731,1,1-2,PS,True,False,False
753,596731,2,2-3,PS,True,False,False
753,596731,3,3-4,PS,True,False,False
753,596731,4,4-5,PS,True,False,False
753,596731,5,5-6,PS,True,False,False
753,596731,6,6-7,PS,True,False,False
753,596731,7,7-8,PS,True,False,False
753,596731,8,8-9,PS,True,False,False
753,596731,9,9-10,PS,True,False,False
753,596731,10,10-11,PS,True,False,False
753,596731,11,11-12,PS,True,False,False
753,596731,12,12-13,PS,True,False,False
753,596731,13,13-14,PS,True,False,False
753,596731,14,14-15,PS,True,False,False
753,596731,15,15-16,PS,True,False,False
753,596731,16,16-17,PS,True,False,False
754,596732,1,1-2,PS,True,False,False
754,596732,2,2-3,PS,True,False,False
754,596732,3,3-4,PS,True,False,False
754,596732,4,4-5,PS,True,False,False
754,596732,5,5-6,PS,True,False,False
754,596732,6,6-7,PS,True,False,False
754,596732,7,7-8,PS,True,False,False
754,596732,8,8-9,PS,True,False,False
754,596732,9,9-10,PS,True,False,False
754,596732,10,10-11,PS,True,False,False
754,596732,11,11-12,PS,True,False,False
754,596732,12,12-13,PS,True,False,False
754,596732,13,13-14,PS,True,False,False
754,596732,14,14-15,PS,True,False,False
754,596732,15,15-16,PS,True,False,False
754,596732,16,16-17,PS,True,False,False
755,596733,1,1-2,PS,True,False,False
755,596733,2,2-3,PS,True,False,False
755,596733,3,3-4,PS,True,False,False
755,596733,4,4-5,PS,True,False,False
755,596733,5,5-6,PS,True,False,False
755,596733,6,6-7,PS,True,False,False
755,596733,7,7-8,PS,True,False,False
755,596733,8,8-9,PS,True,False,False
755,596733,9,9-10,PS,True,False,False
755,596733,10,10-11,PS,True,False,False
755,596733,11,11-12,PS,True,False,False
755,596733,12,12-13,PS,True,False,False
755,596733,13,13-14,PS,True,False,False
755,596733,14,14-15,PS,True,False,False
755,596733,15,15-16,PS,True,False,False
755,596733,16,16-17,PS,True,False,False
756,596734,1,1-2,PS,True,False,False
756,596734,2,2-3,PS,True,False,False
756,596734,3,3-4,PS,True,False,False
756,596734,4,4-5,PS,True,False,False
756,596734,5,5-6,PS,True,False,False
756,596734,6,6-7,PS,True,False,False
756,596734,7,7-8,PS,True,False,False
756,596734,8,8-9,PS,True,False,False
756,596734,9,9-10,PS,True,False,False
756,596734,10,10-11,PS,True,False,False
756,596734,11,11-12,PS,True,False,False
756,596734,12,12-13,PS,True,False,False
756,596734,13,13-14,PS,True,False,False
756,596734,14,14-15,PS,True,False,False
756,596734,15,15-16,PS,True,False,False
756,596734,16,16-17,PS,True,False,False
757,596735,1,1-2,PS,True,False,False
757,596735,2,2-3,PS,True,False,False
757,596735,3,3-4,PS,True,False,False
757,596735,4,4-5,PS,True,False,False
757,596735,5,5-6,PS,True,False,False
757,596735,6,6-7,PS,True,False,False
757,596735,7,7-8,PS,True,False,False
757,596735,8,8-9,PS,True,False,False
757,596735,9,9-10,PS,True,False,False
757,596735,10,10-11,PS,True,False,False
757,596735,11,11-12,PS,True,False,False
757,596735,12,12-13,PS,True,False,False
757,596735,13,13-14,PS,True,False,False
757,596735,14,14-15,PS,True,False,False
757,596735,15,15-16,PS,True,False,False
757,596735,16,16-17,PS,True,False,False
758,596736,1,1-2,PS,True,False,False
758,596736,2,2-3,PS,True,False,False
758,596736,3,3-4,PS,True,False,False
758,596736,4,4-5,PS,True,False,False
758,596736,5,5-6,PS,True,False,False
758,596736,6,6-7,PS,True,False,False
758,596736,7,7-8,PS,True,False,False
758,596736,8,8-9,PS,True,False,False
758,596736,9,9-10,PS,True,False,False
758,596736,10,10-11,PS,True,False,False
758,596736,11,11-12,PS,True,False,False
758,596736,12,12-13,PS,True,False,False
758,596736,13,13-14,PS,True,False,False
758,596736,14,14-15,PS,True,False,False
758,596736,15,15-16,PS,True,False,False
758,596736,16,16-17,PS,True,False,False
759,596737,1,1-2,PS,True,False,False
759,596737,2,2-3,PS,True,False,False
759,596737,3,3-4,PS,True,False,False
759,596737,4,4-5,PS,True,False,False
759,596737,5,5-6,PS,True,False,False
759,596737,6,6-7,PS,True,False,False
759,596737,7,7-8,PS,True,False,False
759,596737,8,8-9,PS,True,False,False
759,596737,9,9-10,PS,True,False,False
759,596737,10,10-11,PS,True,False,False
759,596737,11,11-12,PS,True,False,False
759,596737,12,12-13,PS,True,False,False
759,596737,13,13-14,PS,True,False,False
759,596737,14,14-15,PS,True,False,False
759,596737,15,15-16,PS,True,False,False
759,596737,16,16-17,PS,True,False,False
760,596738,1,1-2,PS,True,False,False
760,596738,2,2-3,PS,True,False,False
760,596738,3,3-4,PS,True,False,False
760,596738,4,4-5,PS,True,False,False
760,596738,5,5-6,PS,True,False,False
760,596738,6,6-7,PS,True,False,False
760,596738,7,7-8,PS,True,False,False
760,596738,8,8-9,PS,True,False,False
760,596738,9,9-10,PS,True,False,False
760,596738,10,10-11,PS,True,False,False
760,596738,11,11-12,PS,True,False,False
760,596738,12,12-13,PS,True,False,False
760,596738,13,13-14,PS,True,False,False
760,596738,14,14-15,PS,True,False,False
760,596738,15,15-16,PS,True,False,False
760,596738,16,16-17,PS,True,False,False
761,596739,1,1-2,PS,True,False,False
761,596739,2,2-3,PS,True,False,False
761,596739,3,3-4,PS,True,False,False
761,596739,4,4-5,PS,True,False,False
761,596739,5,5-6,PS,True,False,False
761,596739,6,6-7,PS,True,False,False
761,596739,7,7-8,PS,True,False,False
761,596739,8,8-9,PS,True,False,False
761,596739,9,9-10,PS,True,False,False
761,596739,10,10-11,PS,True,False,False
761,596739,11,11-12,PS,True,False,False
761,596739,12,12-13,PS,True,False,False
761,596739,13,13-14,PS,True,False,False
761,596739,14,14-15,PS,True,False,False
761,596739,15,15-16,PS,True,False,False
761,596739,16,16-17,PS,True,False,False
762,596740,1,1-2,PS,True,False,False
762,596740,2,2-3,PS,True,False,False
762,596740,3,3-4,PS,True,False,False
762,596740,4,4-5,PS,True,False,False
762,596740,5,5-6,PS,True,False,False
762,596740,6,6-7,PS,True,False,False
762,596740,7,7-8,PS,True,False,False
762,596740,8,8-9,PS,True,False,False
762,596740,9,9-10,PS,True,False,False
762,596740,10,10-11,PS,True,False,False
762,596740,11,11-12,PS,True,False,False
762,596740,12,12-13,PS,True,False,False
762,596740,13,13-14,PS,True,False,False
762,596740,14,14-15,PS,True,False,False
762,596740,15,15-16,PS,True,False,False
762,596740,16,16-17,PS,True,False,False
763,596741,1,1-2,PS,True,False,False
763,596741,2,2-3,PS,True,False,False
763,596741,3,3-4,PS,True,False,False
763,596741,4,4-5,PS,True,False,False
763,596741,5,5-6,PS,True,False,False
763,596741,6,6-7,PS,True,False,False
763,596741,7,7-8,PS,True,False,False
763,596741,8,8-9,PS,True,False,False
763,596741,9,9-10,PS,True,False,False
763,596741,10,10-11,PS,True,False,False
763,596741,11,11-12,PS,True,False,False
763,596741,12,12-13,PS,True,False,False
763,596741,13,13-14,PS,True,False,False
763,596741,14,14-15,PS,True,False,False
763,596741,15,15-16,PS,True,False,False
763,596741,16,16-17,PS,True,False,False
764,596742,1,1-2,PS,True,False,False
764,596742,2,2-3,PS,True,False,False
764,596742,3,3-4,PS,True,False,False
764,596742,4,4-5,PS,True,False,False
764,596742,5,5-6,PS,True,False,False
764,596742,6,6-7,PS,True,False,False
764,596742,7,7-8,PS,True,False,False
764,596742,8,8-9,PS,True,False,False
764,596742,9,9-10,PS,True,False,False
764,596742,10,10-11,PS,True,False,False
764,596742,11,11-12,PS,True,False,False
764,596742,12,12-13,PS,True,False,False
764,596742,13,13-14,PS,True,False,False
764,596742,14,14-15,PS,True,False,False
764,596742,15,15-16,PS,True,False,False
764,596742,16,16-17,PS,True,False,False
765,596743,1,1-2,PS,True,False,False
765,596743,2,2-3,PS,True,False,False
765,596743,3,3-4,PS,True,False,False
765,596743,4,4-5,PS,True,False,False
765,596743,5,5-6,PS,True,False,False
765,596743,6,6-7,PS,True,False,False
765,596743,7,7-8,PS,True,False,False
765,596743,8,8-9,PS,True,False,False
765,596743,9,9-10,PS,True,False,False
765,596743,10,10-11,PS,True,False,False
765,596743,11,11-12,PS,True,False,False
765,596743,12,12-13,PS,True,False,False
765,596743,13,13-14,PS,True,False,False
765,596743,14,14-15,PS,True,False,False
765,596743,15,15-16,PS,True,False,False
765,596743,16,16-17,PS,True,False,False
766,596744,1,1-2,PS,True,False,False
766,596744,2,2-3,PS,True,False,False
766,596744,3,3-4,PS,True,False,False
766,596744,4,4-5,PS,True,False,False
766,596744,5,5-6,PS,True,False,False
766,596744,6,6-7,PS,True,False,False
766,596744,7,7-8,PS,True,False,False
766,596744,8,8-9,PS,True,False,False
766,596744,9,9-10,PS,True,False,False
766,596744,10,10-11,PS,True,False,False
766,596744,11,11-12,PS,True,False,False
766,596744,12,12-13,PS,True,False,False
766,596744,13,13-14,PS,True,False,False
766,596744,14,14-15,PS,True,False,False
766,596744,15,15-16,PS,True,False,False
766,596744,16,16-17,PS,True,False,False
767,596745,1,1-2,PS,True,False,False
767,596745,2,2-3,PS,True,False,False
767,596745,3,3-4,PS,True,False,False
767,596745,4,4-5,PS,True,False,False
767,596745,5,5-6,PS,True,False,False
767,596745,6,6-7,PS,True,False,False
767,596745,7,7-8,PS,True,False,False
767,596745,8,8-9,PS,True,False,False
767,596745,9,9-10,PS,True,False,False
767,596745,10,10-11,PS,True,False,False
767,596745,11,11-12,PS,True,False,False
767,596745,12,12-13,PS,True,False,False
767,596745,13,13-14,PS,True,False,False
767,596745,14,14-15,PS,True,False,False
767,596745,15,15-16,PS,True,False,False
767,596745,16,16-17,PS,True,False,False
768,596746,1,1-2,PS,True,False,False
768,596746,2,2-3,PS,True,False,False
768,596746,3,3-4,PS,True,False,False
768,596746,4,4-5,PS,True,False,False
768,596746,5,5-6,PS,True,False,False
768,596746,6,6-7,PS,True,False,False
768,596746,7,7-8,PS,True,False,False
768,596746,8,8-9,PS,True,False,False
768,596746,9,9-10,PS,True,False,False
768,596746,10,10-11,PS,True,False,False
768,596746,11,11-12,PS,True,False,False
768,596746,12,12-13,PS,True,False,False
768,596746,13,13-14,PS,True,False,False
768,596746,14,14-15,PS,True,False,False
768,596746,15,15-16,PS,True,False,False
768,596746,16,16-17,PS,True,False,False
769,596747,1,1-2,PS,True,False,False
769,596747,2,2-3,PS,True,False,False
769,596747,3,3-4,PS,True,False,False
769,596747,4,4-5,PS,True,False,False
769,596747,5,5-6,PS,True,False,False
769,596747,6,6-7,PS,True,False,False
769,596747,7,7-8,PS,True,False,False
769,596747,8,8-9,PS,True,False,False
769,596747,9,9-10,PS,True,False,False
769,596747,10,10-11,PS,True,False,False
769,596747,11,11-12,PS,True,False,False
769,596747,12,12-13,PS,True,False,False
769,596747,13,13-14,PS,True,False,False
769,596747,14,14-15,PS,True,False,False
769,596747,15,15-16,PS,True,False,False
769,596747,16,16-17,PS,True,False,False
770,596748,1,1-2,PS,True,False,False
770,596748,2,2-3,PS,True,False,False
770,596748,3,3-4,PS,True,False,False
770,596748,4,4-5,PS,True,False,False
770,596748,5,5-6,PS,True,False,False
770,596748,6,6-7,PS,True,False,False
770,596748,7,7-8,PS,True,False,False
770,596748,8,8-9,PS,True,False,False
770,596748,9,9-10,PS,True,False,False
770,596748,10,10-11,PS,True,False,False
770,596748,11,11-12,PS,True,False,False
770,596748,12,12-13,PS,True,False,False
770,596748,13,13-14,PS,True,False,False
770,596748,14,14-15,PS,True,False,False
770,596748,15,15-16,PS,True,False,False
770,596748,16,16-17,PS,True,False,False
771,596749,1,1-2,PS,True,False,False
771,596749,2,2-3,PS,True,False,False
771,596749,3,3-4,PS,True,False,False
771,596749,4,4-5,PS,True,False,False
771,596749,5,5-6,PS,True,False,False
771,596749,6,6-7,PS,True,False,False
771,596749,7,7-8,PS,True,False,False
771,596749,8,8-9,PS,True,False,False
771,596749,9,9-10,PS,True,False,False
771,596749,10,10-11,PS,True,False,False
771,596749,11,11-12,PS,True,False,False
771,596749,12,12-13,PS,True,False,False
771,596749,13,13-14,PS,True,False,False
771,596749,14,14-15,PS,True,False,False
771,596749,15,15-16,PS,True,False,False
771,596749,16,16-17,PS,True,False,False
772,596750,1,1-2,PS,True,False,False
772,596750,2,2-3,PS,True,False,False
772,596750,3,3-4,PS,True,False,False
772,596750,4,4-5,PS,True,False,False
772,596750,5,5-6,PS,True,False,False
772,596750,6,6-7,PS,True,False,False
772,596750,7,7-8,PS,True,False,False
772,596750,8,8-9,PS,True,False,False
772,596750,9,9-10,PS,True,False,False
772,596750,10,10-11,PS,True,False,False
772,596750,11,11-12,PS,True,False,False
772,596750,12,12-13,PS,True,False,False
772,596750,13,13-14,PS,True,False,False
772,596750,14,14-15,PS,True,False,False
772,596750,15,15-16,PS,True,False,False
772,596750,16,16-17,PS,True,False,False
773,596751,1,1-2,PS,True,False,False
773,596751,2,2-3,PS,True,False,False
773,596751,3,3-4,PS,True,False,False
773,596751,4,4-5,PS,True,False,False
773,596751,5,5-6,PS,True,False,False
773,596751,6,6-7,PS,True,False,False
773,596751,7,7-8,PS,True,False,False
773,596751,8,8-9,PS,True,False,False
773,596751,9,9-10,PS,True,False,False
773,596751,10,10-11,PS,True,False,False
773,596751,11,11-12,PS,True,False,False
773,596751,12,12-13,PS,True,False,False
773,596751,13,13-14,PS,True,False,False
773,596751,14,14-15,PS,True,False,False
773,596751,15,15-16,PS,True,False,False
773,596751,16,16-17,PS,True,False,False
774,596752,1,1-2,PS,True,False,False
774,596752,2,2-3,PS,True,False,False
774,596752,3,3-4,PS,True,False,False
774,596752,4,4-5,PS,True,False,False
774,596752,5,5-6,PS,True,False,False
774,596752,6,6-7,PS,True,False,False
774,596752,7,7-8,PS,True,False,False
774,596752,8,8-9,PS,True,False,False
774,596752,9,9-10,PS,True,False,False
774,596752,10,10-11,PS,True,False,False
774,596752,11,11-12,PS,True,False,False
774,596752,12,12-13,PS,True,False,False
774,596752,13,13-14,PS,True,False,False
774,596752,14,14-15,PS,True,False,False
774,596752,15,15-16,PS,True,False,False
774,596752,16,16-17,PS,True,False,False
775,596753,1,1-2,PS,True,False,False
775,596753,2,2-3,PS,True,False,False
775,596753,3,3-4,PS,True,False,False
775,596753,4,4-5,PS,True,False,False
775,596753,5,5-6,PS,True,False,False
775,596753,6,6-7,PS,True,False,False
775,596753,7,7-8,PS,True,False,False
775,596753,8,8-9,PS,True,False,False
775,596753,9,9-10,PS,True,False,False
775,596753,10,10-11,PS,True,False,False
775,596753,11,11-12,PS,True,False,False
775,596753,12,12-13,PS,True,False,False
775,596753,13,13-14,PS,True,False,False
775,596753,14,14-15,PS,True,False,False
775,596753,15,15-16,PS,True,False,False
775,596753,16,16-17,PS,True,False,False
776,596754,1,1-2,PS,True,False,False
776,596754,2,2-3,PS,True,False,False
776,596754,3,3-4,PS,True,False,False
776,596754,4,4-5,PS,True,False,False
776,596754,5,5-6,PS,True,False,False
776,596754,6,6-7,PS,True,False,False
776,596754,7,7-8,PS,True,False,False
776,596754,8,8-9,PS,True,False,False
776,596754,9,9-10,PS,True,False,False
776,596754,10,10-11,PS,True,False,False
776,596754,11,11-12,PS,True,False,False
776,596754,12,12-13,PS,True,False,False
776,596754,13,13-14,PS,True,False,False
776,596754,14,14-15,PS,True,False,False
776,596754,15,15-16,PS,True,False,False
776,596754,16,16-17,PS,True,False,False
777,596755,1,1-2,PS,True,False,False
777,596755,2,2-3,PS,True,False,False
777,596755,3,3-4,PS,True,False,False
777,596755,4,4-5,PS,True,False,False
777,596755,5,5-6,PS,True,False,False
777,596755,6,6-7,PS,True,False,False
777,596755,7,7-8,PS,True,False,False
777,596755,8,8-9,PS,True,False,False
777,596755,9,9-10,PS,True,False,False
777,596755,10,10-11,PS,True,False,False
777,596755,11,11-12,PS,True,False,False
777,596755,12,12-13,PS,True,False,False
777,596755,13,13-14,PS,True,False,False
777,596755,14,14-15,PS,True,False,False
777,596755,15,15-16,PS,True,False,False
777,596755,16,16-17,PS,True,False,False
778,596756,1,1-2,PS,True,False,False
778,596756,2,2-3,PS,True,False,False
778,596756,3,3-4,PS,True,False,False
778,596756,4,4-5,PS,True,False,False
778,596756,5,5-6,PS,True,False,False
778,596756,6,6-7,PS,True,False,False
778,596756,7,7-8,PS,True,False,False
778,596756,8,8-9,PS,True,False,False
778,596756,9,9-10,PS,True,False,False
778,596756,10,10-11,PS,True,False,False
778,596756,11,11-12,PS,True,False,False
778,596756,12,12-13,PS,True,False,False
778,596756,13,13-14,PS,True,False,False
778,596756,14,14-15,PS,True,False,False
778,596756,15,15-16,PS,True,False,False
778,596756,16,16-17,PS,True,False,False
779,596757,1,1-2,PS,True,False,False
779,596757,2,2-3,PS,True,False,False
779,596757,3,3-4,PS,True,False,False
779,596757,4,4-5,PS,True,False,False
779,596757,5,5-6,PS,True,False,False
779,596757,6,6-7,PS,True,False,False
779,596757,7,7-8,PS,True,False,False
779,596757,8,8-9,PS,True,False,False
779,596757,9,9-10,PS,True,False,False
779,596757,10,10-11,PS,True,False,False
779,596757,11,11-12,PS,True,False,False
779,596757,12,12-13,PS,True,False,False
779,596757,13,13-14,PS,True,False,False
779,596757,14,14-15,PS,True,False,False
779,596757,15,15-16,PS,True,False,False
779,596757,16,16-17,PS,True,False,False
780,596758,1,1-2,PS,True,False,False
780,596758,2,2-3,PS,True,False,False
780,596758,3,3-4,PS,True,False,False
780,596758,4,4-5,PS,True,False,False
780,596758,5,5-6,PS,True,False,False
780,596758,6,6-7,PS,True,False,False
780,596758,7,7-8,PS,True,False,False
780,596758,8,8-9,PS,True,False,False
780,596758,9,9-10,PS,True,False,False
780,596758,10,10-11,PS,True,False,False
780,596758,11,11-12,PS,True,False,False
780,596758,12,12-13,PS,True,False,False
780,596758,13,13-14,PS,True,False,False
780,596758,14,14-15,PS,True,False,False
780,596758,15,15-16,PS,True,False,False
780,596758,16,16-17,PS,True,False,False
781,596759,1,1-2,PS,True,False,False
781,596759,2,2-3,PS,True,False,False
781,596759,3,3-4,PS,True,False,False
781,596759,4,4-5,PS,True,False,False
781,596759,5,5-6,PS,True,False,False
781,596759,6,6-7,PS,True,False,False
781,596759,7,7-8,PS,True,False,False
781,596759,8,8-9,PS,True,False,False
781,596759,9,9-10,PS,True,False,False
781,596759,10,10-11,PS,True,False,False
781,596759,11,11-12,PS,True,False,False
781,596759,12,12-13,PS,True,False,False
781,596759,13,13-14,PS,True,False,False
781,596759,14,14-15,PS,True,False,False
781,596759,15,15-16,PS,True,False,False
781,596759,16,16-17,PS,True,False,False
782,596760,1,1-2,PS,True,False,False
782,596760,2,2-3,PS,True,False,False
782,596760,3,3-4,PS,True,False,False
782,596760,4,4-5,PS,True,False,False
782,596760,5,5-6,PS,True,False,False
782,596760,6,6-7,PS,True,False,False
782,596760,7,7-8,PS,True,False,False
782,596760,8,8-9,PS,True,False,False
782,596760,9,9-10,PS,True,False,False
782,596760,10,10-11,PS,True,False,False
782,596760,11,11-12,PS,True,False,False
782,596760,12,12-13,PS,True,False,False
782,596760,13,13-14,PS,True,False,False
782,596760,14,14-15,PS,True,False,False
782,596760,15,15-16,PS,True,False,False
782,596760,16,16-17,PS,True,False,False
783,596761,1,1-2,PS,True,False,False
783,596761,2,2-3,PS,True,False,False
783,596761,3,3-4,PS,True,False,False
783,596761,4,4-5,PS,True,False,False
783,596761,5,5-6,PS,True,False,False
783,596761,6,6-7,PS,True,False,False
783,596761,7,7-8,PS,True,False,False
783,596761,8,8-9,PS,True,False,False
783,596761,9,9-10,PS,True,False,False
783,596761,10,10-11,PS,True,False,False
783,596761,11,11-12,PS,True,False,False
783,596761,12,12-13,PS,True,False,False
783,596761,13,13-14,PS,True,False,False
783,596761,14,14-15,PS,True,False,False
783,596761,15,15-16,PS,True,False,False
783,596761,16,16-17,PS,True,False,False
784,596762,1,1-2,PS,True,False,False
784,596762,2,2-3,PS,True,False,False
784,596762,3,3-4,PS,True,False,False
784,596762,4,4-5,PS,True,False,False
784,596762,5,5-6,PS,True,False,False
784,596762,6,6-7,PS,True,False,False
784,596762,7,7-8,PS,True,False,False
784,596762,8,8-9,PS,True,False,False
784,596762,9,9-10,PS,True,False,False
784,596762,10,10-11,PS,True,False,False
784,596762,11,11-12,PS,True,False,False
784,596762,12,12-13,PS,True,False,False
784,596762,13,13-14,PS,True,False,False
784,596762,14,14-15,PS,True,False,False
784,596762,15,15-16,PS,True,False,False
784,596762,16,16-17,PS,True,False,False
785,596763,1,1-2,PS,True,False,False
785,596763,2,2-3,PS,True,False,False
785,596763,3,3-4,PS,True,False,False
785,596763,4,4-5,PS,True,False,False
785,596763,5,5-6,PS,True,False,False
785,596763,6,6-7,PS,True,False,False
785,596763,7,7-8,PS,True,False,False
785,596763,8,8-9,PS,True,False,False
785,596763,9,9-10,PS,True,False,False
785,596763,10,10-11,PS,True,False,False
785,596763,11,11-12,PS,True,False,False
785,596763,12,12-13,PS,True,False,False
785,596763,13,13-14,PS,True,False,False
785,596763,14,14-15,PS,True,False,False
785,596763,15,15-16,PS,True,False,False
785,596763,16,16-17,PS,True,False,False
786,596764,1,1-2,PS,True,False,False
786,596764,2,2-3,PS,True,False,False
786,596764,3,3-4,PS,True,False,False
786,596764,4,4-5,PS,True,False,False
786,596764,5,5-6,PS,True,False,False
786,596764,6,6-7,PS,True,False,False
786,596764,7,7-8,PS,True,False,False
786,596764,8,8-9,PS,True,False,False
786,596764,9,9-10,PS,True,False,False
786,596764,10,10-11,PS,True,False,False
786,596764,11,11-12,PS,True,False,False
786,596764,12,12-13,PS,True,False,False
786,596764,13,13-14,PS,True,False,False
786,596764,14,14-15,PS,True,False,False
786,596764,15,15-16,PS,True,False,False
786,596764,16,16-17,PS,True,False,False
787,596765,1,1-2,PS,True,False,False
787,596765,2,2-3,PS,True,False,False
787,596765,3,3-4,PS,True,False,False
787,596765,4,4-5,PS,True,False,False
787,596765,5,5-6,PS,True,False,False
787,596765,6,6-7,PS,True,False,False
787,596765,7,7-8,PS,True,False,False
787,596765,8,8-9,PS,True,False,False
787,596765,9,9-10,PS,True,False,False
787,596765,10,10-11,PS,True,False,False
787,596765,11,11-12,PS,True,False,False
787,596765,12,12-13,PS,True,False,False
787,596765,13,13-14,PS,True,False,False
787,596765,14,14-15,PS,True,False,False
787,596765,15,15-16,PS,True,False,False
787,596765,16,16-17,PS,True,False,False
788,596766,1,1-2,PS,True,False,False
788,596766,2,2-3,PS,True,False,False
788,596766,3,3-4,PS,True,False,False
788,596766,4,4-5,PS,True,False,False
788,596766,5,5-6,PS,True,False,False
788,596766,6,6-7,PS,True,False,False
788,596766,7,7-8,PS,True,False,False
788,596766,8,8-9,PS,True,False,False
788,596766,9,9-10,PS,True,False,False
788,596766,10,10-11,PS,True,False,False
788,596766,11,11-12,PS,True,False,False
788,596766,12,12-13,PS,True,False,False
788,596766,13,13-14,PS,True,False,False
788,596766,14,14-15,PS,True,False,False
788,596766,15,15-16,PS,True,False,False
788,596766,16,16-17,PS,True,False,False
789,596767,1,1-2,PS,True,False,False
789,596767,2,2-3,PS,True,False,False
789,596767,3,3-4,PS,True,False,False
789,596767,4,4-5,PS,True,False,False
789,596767,5,5-6,PS,True,False,False
789,596767,6,6-7,PS,True,False,False
789,596767,7,7-8,PS,True,False,False
789,596767,8,8-9,PS,True,False,False
789,596767,9,9-10,PS,True,False,False
789,596767,10,10-11,PS,True,False,False
789,596767,11,11-12,PS,True,False,False
789,596767,12,12-13,PS,True,False,False
789,596767,13,13-14,PS,True,False,False
789,596767,14,14-15,PS,True,False,False
789,596767,15,15-16,PS,True,False,False
789,596767,16,16-17,PS,True,False,False
790,596768,1,1-2,PS,True,False,False
790,596768,2,2-3,PS,True,False,False
790,596768,3,3-4,PS,True,False,False
790,596768,4,4-5,PS,True,False,False
790,596768,5,5-6,PS,True,False,False
790,596768,6,6-7,PS,True,False,False
790,596768,7,7-8,PS,True,False,False
790,596768,8,8-9,PS,True,False,False
790,596768,9,9-10,PS,True,False,False
790,596768,10,10-11,PS,True,False,False
790,596768,11,11-12,PS,True,False,False
790,596768,12,12-13,PS,True,False,False
790,596768,13,13-14,PS,True,False,False
790,596768,14,14-15,PS,True,False,False
790,596768,15,15-16,PS,True,False,False
790,596768,16,16-17,PS,True,False,False
791,596769,1,1-2,PS,True,False,False
791,596769,2,2-3,PS,True,False,False
791,596769,3,3-4,PS,True,False,False
791,596769,4,4-5,PS,True,False,False
791,596769,5,5-6,PS,True,False,False
791,596769,6,6-7,PS,True,False,False
791,596769,7,7-8,PS,True,False,False
791,596769,8,8-9,PS,True,False,False
791,596769,9,9-10,PS,True,False,False
791,596769,10,10-11,PS,True,False,False
791,596769,11,11-12,PS,True,False,False
791,596769,12,12-13,PS,True,False,False
791,596769,13,13-14,PS,True,False,False
791,596769,14,14-15,PS,True,False,False
791,596769,15,15-16,PS,True,False,False
791,596769,16,16-17,PS,True,False,False
792,596770,1,1-2,PS,True,False,False
792,596770,2,2-3,PS,True,False,False
792,596770,3,3-4,PS,True,False,False
792,596770,4,4-5,PS,True,False,False
792,596770,5,5-6,PS,True,False,False
792,596770,6,6-7,PS,True,False,False
792,596770,7,7-8,PS,True,False,False
792,596770,8,8-9,PS,True,False,False
792,596770,9,9-10,PS,True,False,False
792,596770,10,10-11,PS,True,False,False
792,596770,11,11-12,PS,True,False,False
792,596770,12,12-13,PS,True,False,False
792,596770,13,13-14,PS,True,False,False
792,596770,14,14-15,PS,True,False,False
792,596770,15,15-16,PS,True,False,False
792,596770,16,16-17,PS,True,False,False
793,596771,1,1-2,PS,True,False,False
793,596771,2,2-3,PS,True,False,False
793,596771,3,3-4,PS,True,False,False
793,596771,4,4-5,PS,True,False,False
793,596771,5,5-6,PS,True,False,False
793,596771,6,6-7,PS,True,False,False
793,596771,7,7-8,PS,True,False,False
793,596771,8,8-9,PS,True,False,False
793,596771,9,9-10,PS,True,False,False
793,596771,10,10-11,PS,True,False,False
793,596771,11,11-12,PS,True,False,False
793,596771,12,12-13,PS,True,False,False
793,596771,13,13-14,PS,True,False,False
793,596771,14,14-15,PS,True,False,False
793,596771,15,15-16,PS,True,False,False
793,596771,16,16-17,PS,True,False,False
794,596772,1,1-2,PS,True,False,False
794,596772,2,2-3,PS,True,False,False
794,596772,3,3-4,PS,True,False,False
794,596772,4,4-5,PS,True,False,False
794,596772,5,5-6,PS,True,False,False
794,596772,6,6-7,PS,True,False,False
794,596772,7,7-8,PS,True,False,False
794,596772,8,8-9,PS,True,False,False
794,596772,9,9-10,PS,True,False,False
794,596772,10,10-11,PS,True,False,False
794,596772,11,11-12,PS,True,False,False
794,596772,12,12-13,PS,True,False,False
794,596772,13,13-14,PS,True,False,False
794,596772,14,14-15,PS,True,False,False
794,596772,15,15-16,PS,True,False,False
794,596772,16,16-17,PS,True,False,False
795,596773,1,1-2,PS,True,False,False
795,596773,2,2-3,PS,True,False,False
795,596773,3,3-4,PS,True,False,False
795,596773,4,4-5,PS,True,False,False
795,596773,5,5-6,PS,True,False,False
795,596773,6,6-7,PS,True,False,False
795,596773,7,7-8,PS,True,False,False
795,596773,8,8-9,PS,True,False,False
795,596773,9,9-10,PS,True,False,False
795,596773,10,10-11,PS,True,False,False
795,596773,11,11-12,PS,True,False,False
795,596773,12,12-13,PS,True,False,False
795,596773,13,13-14,PS,True,False,False
795,596773,14,14-15,PS,True,False,False
795,596773,15,15-16,PS,True,False,False
795,596773,16,16-17,PS,True,False,False
796,596774,1,1-2,PS,True,False,False
796,596774,2,2-3,PS,True,False,False
796,596774,3,3-4,PS,True,False,False
796,596774,4,4-5,PS,True,False,False
796,596774,5,5-6,PS,True,False,False
796,596774,6,6-7,PS,True,False,False
796,596774,7,7-8,PS,True,False,False
796,596774,8,8-9,PS,True,False,False
796,596774,9,9-10,PS,True,False,False
796,596774,10,10-11,PS,True,False,False
796,596774,11,11-12,PS,True,False,False
796,596774,12,12-13,PS,True,False,False
796,596774,13,13-14,PS,True,False,False
796,596774,14,14-15,PS,True,False,False
796,596774,15,15-16,PS,True,False,False
796,596774,16,16-17,PS,True,False,False
797,596775,1,1-2,PS,True,False,False
797,596775,2,2-3,PS,True,False,False
797,596775,3,3-4,PS,True,False,False
797,596775,4,4-5,PS,True,False,False
797,596775,5,5-6,PS,True,False,False
797,596775,6,6-7,PS,True,False,False
797,596775,7,7-8,PS,True,False,False
797,596775,8,8-9,PS,True,False,False
797,596775,9,9-10,PS,True,False,False
797,596775,10,10-11,PS,True,False,False
797,596775,11,11-12,PS,True,False,False
797,596775,12,12-13,PS,True,False,False
797,596775,13,13-14,PS,True,False,False
797,596775,14,14-15,PS,True,False,False
797,596775,15,15-16,PS,True,False,False
797,596775,16,16-17,PS,True,False,False
798,596776,1,1-2,PS,True,False,False
798,596776,2,2-3,PS,True,False,False
798,596776,3,3-4,PS,True,False,False
798,596776,4,4-5,PS,True,False,False
798,596776,5,5-6,PS,True,False,False
798,596776,6,6-7,PS,True,False,False
798,596776,7,7-8,PS,True,False,False
798,596776,8,8-9,PS,True,False,False
798,596776,9,9-10,PS,True,False,False
798,596776,10,10-11,PS,True,False,False
798,596776,11,11-12,PS,True,False,False
798,596776,12,12-13,PS,True,False,False
798,596776,13,13-14,PS,True,False,False
798,596776,14,14-15,PS,True,False,False
798,596776,15,15-16,PS,True,False,False
798,596776,16,16-17,PS,True,False,False
799,596777,1,1-2,PS,True,False,False
799,596777,2,2-3,PS,True,False,False
799,596777,3,3-4,PS,True,False,False
799,596777,4,4-5,PS,True,False,False
799,596777,5,5-6,PS,True,False,False
799,596777,6,6-7,PS,True,False,False
799,596777,7,7-8,PS,True,False,False
799,596777,8,8-9,PS,True,False,False
799,596777,9,9-10,PS,True,False,False
799,596777,10,10-11,PS,True,False,False
799,596777,11,11-12,PS,True,False,False
799,596777,12,12-13,PS,True,False,False
799,596777,13,13-14,PS,True,False,False
799,596777,14,14-15,PS,True,False,False
799,596777,15,15-16,PS,True,False,False
799,596777,16,16-17,PS,True,False,False
800,596778,1,1-2,PS,True,False,False
800,596778,2,2-3,PS,True,False,False
800,596778,3,3-4,PS,True,False,False
800,596778,4,4-5,PS,True,False,False
800,596778,5,5-6,PS,True,False,False
800,596778,6,6-7,PS,True,False,False
800,596778,7,7-8,PS,True,False,False
800,596778,8,8-9,PS,True,False,False
800,596778,9,9-10,PS,True,False,False
800,596778,10,10-11,PS,True,False,False
800,596778,11,11-12,PS,True,False,False
800,596778,12,12-13,PS,True,False,False
800,596778,13,13-14,PS,True,False,False
800,596778,14,14-15,PS,True,False,False
800,596778,15,15-16,PS,True,False,False
800,596778,16,16-17,PS,True,False,False
801,596779,1,1-2,PS,True,False,False
801,596779,2,2-3,PS,True,False,False
801,596779,3,3-4,PS,True,False,False
801,596779,4,4-5,PS,True,False,False
801,596779,5,5-6,PS,True,False,False
801,596779,6,6-7,PS,True,False,False
801,596779,7,7-8,PS,True,False,False
801,596779,8,8-9,PS,True,False,False
801,596779,9,9-10,PS,True,False,False
801,596779,10,10-11,PS,True,False,False
801,596779,11,11-12,PS,True,False,False
801,596779,12,12-13,PS,True,False,False
801,596779,13,13-14,PS,True,False,False
801,596779,14,14-15,PS,True,False,False
801,596779,15,15-16,PS,True,False,False
801,596779,16,16-17,PS,True,False,False
802,596780,1,1-2,PS,True,False,False
802,596780,2,2-3,PS,True,False,False
802,596780,3,3-4,PS,True,False,False
802,596780,4,4-5,PS,True,False,False
802,596780,5,5-6,PS,True,False,False
802,596780,6,6-7,PS,True,False,False
802,596780,7,7-8,PS,True,False,False
802,596780,8,8-9,PS,True,False,False
802,596780,9,9-10,PS,True,False,False
802,596780,10,10-11,PS,True,False,False
802,596780,11,11-12,PS,True,False,False
802,596780,12,12-13,PS,True,False,False
802,596780,13,13-14,PS,True,False,False
802,596780,14,14-15,PS,True,False,False
802,596780,15,15-16,PS,True,False,False
802,596780,16,16-17,PS,True,False,False
803,596781,1,1-2,PS,True,False,False
803,596781,2,2-3,PS,True,False,False
803,596781,3,3-4,PS,True,False,False
803,596781,4,4-5,PS,True,False,False
803,596781,5,5-6,PS,True,False,False
803,596781,6,6-7,PS,True,False,False
803,596781,7,7-8,PS,True,False,False
803,596781,8,8-9,PS,True,False,False
803,596781,9,9-10,PS,True,False,False
803,596781,10,10-11,PS,True,False,False
803,596781,11,11-12,PS,True,False,False
803,596781,12,12-13,PS,True,False,False
803,596781,13,13-14,PS,True,False,False
803,596781,14,14-15,PS,True,False,False
803,596781,15,15-16,PS,True,False,False
803,596781,16,16-17,PS,True,False,False
804,596782,1,1-2,PS,True,False,False
804,596782,2,2-3,PS,True,False,False
804,596782,3,3-4,PS,True,False,False
804,596782,4,4-5,PS,True,False,False
804,596782,5,5-6,PS,True,False,False
804,596782,6,6-7,PS,True,False,False
804,596782,7,7-8,PS,True,False,False
804,596782,8,8-9,PS,True,False,False
804,596782,9,9-10,PS,True,False,False
804,596782,10,10-11,PS,True,False,False
804,596782,11,11-12,PS,True,False,False
804,596782,12,12-13,PS,True,False,False
804,596782,13,13-14,PS,True,False,False
804,596782,14,14-15,PS,True,False,False
804,596782,15,15-16,PS,True,False,False
804,596782,16,16-17,PS,True,False,False
805,596783,1,1-2,PS,True,False,False
805,596783,2,2-3,PS,True,False,False
805,596783,3,3-4,PS,True,False,False
805,596783,4,4-5,PS,True,False,False
805,596783,5,5-6,PS,True,False,False
805,596783,6,6-7,PS,True,False,False
805,596783,7,7-8,PS,True,False,False
805,596783,8,8-9,PS,True,False,False
805,596783,9,9-10,PS,True,False,False
805,596783,10,10-11,PS,True,False,False
805,596783,11,11-12,PS,True,False,False
805,596783,12,12-13,PS,True,False,False
805,596783,13,13-14,PS,True,False,False
805,596783,14,14-15,PS,True,False,False
805,596783,15,15-16,PS,True,False,False
805,596783,16,16-17,PS,True,False,False
806,596784,1,1-2,PS,True,False,False
806,596784,2,2-3,PS,True,False,False
806,596784,3,3-4,PS,True,False,False
806,596784,4,4-5,PS,True,False,False
806,596784,5,5-6,PS,True,False,False
806,596784,6,6-7,PS,True,False,False
806,596784,7,7-8,PS,True,False,False
806,596784,8,8-9,PS,True,False,False
806,596784,9,9-10,PS,True,False,False
806,596784,10,10-11,PS,True,False,False
806,596784,11,11-12,PS,True,False,False
806,596784,12,12-13,PS,True,False,False
806,596784,13,13-14,PS,True,False,False
806,596784,14,14-15,PS,True,False,False
806,596784,15,15-16,PS,True,False,False
806,596784,16,16-17,PS,True,False,False
807,596785,1,1-2,PS,True,False,False
807,596785,2,2-3,PS,True,False,False
807,596785,3,3-4,PS,True,False,False
807,596785,4,4-5,PS,True,False,False
807,596785,5,5-6,PS,True,False,False
807,596785,6,6-7,PS,True,False,False
807,596785,7,7-8,PS,True,False,False
807,596785,8,8-9,PS,True,False,False
807,596785,9,9-10,PS,True,False,False
807,596785,10,10-11,PS,True,False,False
807,596785,11,11-12,PS,True,False,False
807,596785,12,12-13,PS,True,False,False
807,596785,13,13-14,PS,True,False,False
807,596785,14,14-15,PS,True,False,False
807,596785,15,15-16,PS,True,False,False
807,596785,16,16-17,PS,True,False,False
808,596786,1,1-2,PS,True,False,False
808,596786,2,2-3,PS,True,False,False
808,596786,3,3-4,PS,True,False,False
808,596786,4,4-5,PS,True,False,False
808,596786,5,5-6,PS,True,False,False
808,596786,6,6-7,PS,True,False,False
808,596786,7,7-8,PS,True,False,False
808,596786,8,8-9,PS,True,False,False
808,596786,9,9-10,PS,True,False,False
808,596786,10,10-11,PS,True,False,False
808,596786,11,11-12,PS,True,False,False
808,596786,12,12-13,PS,True,False,False
808,596786,13,13-14,PS,True,False,False
808,596786,14,14-15,PS,True,False,False
808,596786,15,15-16,PS,True,False,False
808,596786,16,16-17,PS,True,False,False
809,596787,1,1-2,PS,True,False,False
809,596787,2,2-3,PS,True,False,False
809,596787,3,3-4,PS,True,False,False
809,596787,4,4-5,PS,True,False,False
809,596787,5,5-6,PS,True,False,False
809,596787,6,6-7,PS,True,False,False
809,596787,7,7-8,PS,True,False,False
809,596787,8,8-9,PS,True,False,False
809,596787,9,9-10,PS,True,False,False
809,596787,10,10-11,PS,True,False,False
809,596787,11,11-12,PS,True,False,False
809,596787,12,12-13,PS,True,False,False
809,596787,13,13-14,PS,True,False,False
809,596787,14,14-15,PS,True,False,False
809,596787,15,15-16,PS,True,False,False
809,596787,16,16-17,PS,True,False,False
810,596788,1,1-2,PS,True,False,False
810,596788,2,2-3,PS,True,False,False
810,596788,3,3-4,PS,True,False,False
810,596788,4,4-5,PS,True,False,False
810,596788,5,5-6,PS,True,False,False
810,596788,6,6-7,PS,True,False,False
810,596788,7,7-8,PS,True,False,False
810,596788,8,8-9,PS,True,False,False
810,596788,9,9-10,PS,True,False,False
810,596788,10,10-11,PS,True,False,False
810,596788,11,11-12,PS,True,False,False
810,596788,12,12-13,PS,True,False,False
810,596788,13,13-14,PS,True,False,False
810,596788,14,14-15,PS,True,False,False
810,596788,15,15-16,PS,True,False,False
810,596788,16,16-17,PS,True,False,False
811,596789,1,1-2,PS,True,False,False
811,596789,2,2-3,PS,True,False,False
811,596789,3,3-4,PS,True,False,False
811,596789,4,4-5,PS,True,False,False
811,596789,5,5-6,PS,True,False,False
811,596789,6,6-7,PS,True,False,False
811,596789,7,7-8,PS,True,False,False
811,596789,8,8-9,PS,True,False,False
811,596789,9,9-10,PS,True,False,False
811,596789,10,10-11,PS,True,False,False
811,596789,11,11-12,PS,True,False,False
811,596789,12,12-13,PS,True,False,False
811,596789,13,13-14,PS,True,False,False
811,596789,14,14-15,PS,True,False,False
811,596789,15,15-16,PS,True,False,False
811,596789,16,16-17,PS,True,False,False
812,596790,1,1-2,PS,True,False,False
812,596790,2,2-3,PS,True,False,False
812,596790,3,3-4,PS,True,False,False
812,596790,4,4-5,PS,True,False,False
812,596790,5,5-6,PS,True,False,False
812,596790,6,6-7,PS,True,False,False
812,596790,7,7-8,PS,True,False,False
812,596790,8,8-9,PS,True,False,False
812,596790,9,9-10,PS,True,False,False
812,596790,10,10-11,PS,True,False,False
812,596790,11,11-12,PS,True,False,False
812,596790,12,12-13,PS,True,False,False
812,596790,13,13-14,PS,True,False,False
812,596790,14,14-15,PS,True,False,False
812,596790,15,15-16,PS,True,False,False
812,596790,16,16-17,PS,True,False,False
813,596791,1,1-2,PS,True,False,False
813,596791,2,2-3,PS,True,False,False
813,596791,3,3-4,PS,True,False,False
813,596791,4,4-5,PS,True,False,False
813,596791,5,5-6,PS,True,False,False
813,596791,6,6-7,PS,True,False,False
813,596791,7,7-8,PS,True,False,False
813,596791,8,8-9,PS,True,False,False
813,596791,9,9-10,PS,True,False,False
813,596791,10,10-11,PS,True,False,False
813,596791,11,11-12,PS,True,False,False
813,596791,12,12-13,PS,True,False,False
813,596791,13,13-14,PS,True,False,False
813,596791,14,14-15,PS,True,False,False
813,596791,15,15-16,PS,True,False,False
813,596791,16,16-17,PS,True,False,False
814,596792,1,1-2,PS,True,False,False
814,596792,2,2-3,PS,True,False,False
814,596792,3,3-4,PS,True,False,False
814,596792,4,4-5,PS,True,False,False
814,596792,5,5-6,PS,True,False,False
814,596792,6,6-7,PS,True,False,False
814,596792,7,7-8,PS,True,False,False
814,596792,8,8-9,PS,True,False,False
814,596792,9,9-10,PS,True,False,False
814,596792,10,10-11,PS,True,False,False
814,596792,11,11-12,PS,True,False,False
814,596792,12,12-13,PS,True,False,False
814,596792,13,13-14,PS,True,False,False
814,596792,14,14-15,PS,True,False,False
814,596792,15,15-16,PS,True,False,False
814,596792,16,16-17,PS,True,False,False
815,596793,1,1-2,PS,True,False,False
815,596793,2,2-3,PS,True,False,False
815,596793,3,3-4,PS,True,False,False
815,596793,4,4-5,PS,True,False,False
815,596793,5,5-6,PS,True,False,False
815,596793,6,6-7,PS,True,False,False
815,596793,7,7-8,PS,True,False,False
815,596793,8,8-9,PS,True,False,False
815,596793,9,9-10,PS,True,False,False
815,596793,10,10-11,PS,True,False,False
815,596793,11,11-12,PS,True,False,False
815,596793,12,12-13,PS,True,False,False
815,596793,13,13-14,PS,True,False,False
815,596793,14,14-15,PS,True,False,False
815,596793,15,15-16,PS,True,False,False
815,596793,16,16-17,PS,True,False,False
816,596794,1,1-2,PS,True,False,False
816,596794,2,2-3,PS,True,False,False
816,596794,3,3-4,PS,True,False,False
816,596794,4,4-5,PS,True,False,False
816,596794,5,5-6,PS,True,False,False
816,596794,6,6-7,PS,True,False,False
816,596794,7,7-8,PS,True,False,False
816,596794,8,8-9,PS,True,False,False
816,596794,9,9-10,PS,True,False,False
816,596794,10,10-11,PS,True,False,False
816,596794,11,11-12,PS,True,False,False
816,596794,12,12-13,PS,True,False,False
816,596794,13,13-14,PS,True,False,False
816,596794,14,14-15,PS,True,False,False
816,596794,15,15-16,PS,True,False,False
816,596794,16,16-17,PS,True,False,False
817,596795,1,1-2,PS,True,False,False
817,596795,2,2-3,PS,True,False,False
817,596795,3,3-4,PS,True,False,False
817,596795,4,4-5,PS,True,False,False
817,596795,5,5-6,PS,True,False,False
817,596795,6,6-7,PS,True,False,False
817,596795,7,7-8,PS,True,False,False
817,596795,8,8-9,PS,True,False,False
817,596795,9,9-10,PS,True,False,False
817,596795,10,10-11,PS,True,False,False
817,596795,11,11-12,PS,True,False,False
817,596795,12,12-13,PS,True,False,False
817,596795,13,13-14,PS,True,False,False
817,596795,14,14-15,PS,True,False,False
817,596795,15,15-16,PS,True,False,False
817,596795,16,16-17,PS,True,False,False
818,596796,1,1-2,PS,True,False,False
818,596796,2,2-3,PS,True,False,False
818,596796,3,3-4,PS,True,False,False
818,596796,4,4-5,PS,True,False,False
818,596796,5,5-6,PS,True,False,False
818,596796,6,6-7,PS,True,False,False
818,596796,7,7-8,PS,True,False,False
818,596796,8,8-9,PS,True,False,False
818,596796,9,9-10,PS,True,False,False
818,596796,10,10-11,PS,True,False,False
818,596796,11,11-12,PS,True,False,False
818,596796,12,12-13,PS,True,False,False
818,596796,13,13-14,PS,True,False,False
818,596796,14,14-15,PS,True,False,False
818,596796,15,15-16,PS,True,False,False
818,596796,16,16-17,PS,True,False,False
819,596797,1,1-2,PS,True,False,False
819,596797,2,2-3,PS,True,False,False
819,596797,3,3-4,PS,True,False,False
819,596797,4,4-5,PS,True,False,False
819,596797,5,5-6,PS,True,False,False
819,596797,6,6-7,PS,True,False,False
819,596797,7,7-8,PS,True,False,False
819,596797,8,8-9,PS,True,False,False
819,596797,9,9-10,PS,True,False,False
819,596797,10,10-11,PS,True,False,False
819,596797,11,11-12,PS,True,False,False
819,596797,12,12-13,PS,True,False,False
819,596797,13,13-14,PS,True,False,False
819,596797,14,14-15,PS,True,False,False
819,596797,15,15-16,PS,True,False,False
819,596797,16,16-17,PS,True,False,False
820,596798,1,1-2,PS,True,False,False
820,596798,2,2-3,PS,True,False,False
820,596798,3,3-4,PS,True,False,False
820,596798,4,4-5,PS,True,False,False
820,596798,5,5-6,PS,True,False,False
820,596798,6,6-7,PS,True,False,False
820,596798,7,7-8,PS,True,False,False
820,596798,8,8-9,PS,True,False,False
820,596798,9,9-10,PS,True,False,False
820,596798,10,10-11,PS,True,False,False
820,596798,11,11-12,PS,True,False,False
820,596798,12,12-13,PS,True,False,False
820,596798,13,13-14,PS,True,False,False
820,596798,14,14-15,PS,True,False,False
820,596798,15,15-16,PS,True,False,False
820,596798,16,16-17,PS,True,False,False
821,596799,1,1-2,PS,True,False,False
821,596799,2,2-3,PS,True,False,False
821,596799,3,3-4,PS,True,False,False
821,596799,4,4-5,PS,True,False,False
821,596799,5,5-6,PS,True,False,False
821,596799,6,6-7,PS,True,False,False
821,596799,7,7-8,PS,True,False,False
821,596799,8,8-9,PS,True,False,False
821,596799,9,9-10,PS,True,False,False
821,596799,10,10-11,PS,True,False,False
821,596799,11,11-12,PS,True,False,False
821,596799,12,12-13,PS,True,False,False
821,596799,13,13-14,PS,True,False,False
821,596799,14,14-15,PS,True,False,False
821,596799,15,15-16,PS,True,False,False
821,596799,16,16-17,PS,True,False,False
822,596800,1,1-2,PS,True,False,False
822,596800,2,2-3,PS,True,False,False
822,596800,3,3-4,PS,True,False,False
822,596800,4,4-5,PS,True,False,False
822,596800,5,5-6,PS,True,False,False
822,596800,6,6-7,PS,True,False,False
822,596800,7,7-8,PS,True,False,False
822,596800,8,8-9,PS,True,False,False
822,596800,9,9-10,PS,True,False,False
822,596800,10,10-11,PS,True,False,False
822,596800,11,11-12,PS,True,False,False
822,596800,12,12-13,PS,True,False,False
822,596800,13,13-14,PS,True,False,False
822,596800,14,14-15,PS,True,False,False
822,596800,15,15-16,PS,True,False,False
822,596800,16,16-17,PS,True,False,False
823,596801,1,1-2,PS,True,False,False
823,596801,2,2-3,PS,True,False,False
823,596801,3,3-4,PS,True,False,False
823,596801,4,4-5,PS,True,False,False
823,596801,5,5-6,PS,True,False,False
823,596801,6,6-7,PS,True,False,False
823,596801,7,7-8,PS,True,False,False
823,596801,8,8-9,PS,True,False,False
823,596801,9,9-10,PS,True,False,False
823,596801,10,10-11,PS,True,False,False
823,596801,11,11-12,PS,True,False,False
823,596801,12,12-13,PS,True,False,False
823,596801,13,13-14,PS,True,False,False
823,596801,14,14-15,PS,True,False,False
823,596801,15,15-16,PS,True,False,False
823,596801,16,16-17,PS,True,False,False
824,596802,1,1-2,PS,True,False,False
824,596802,2,2-3,PS,True,False,False
824,596802,3,3-4,PS,True,False,False
824,596802,4,4-5,PS,True,False,False
824,596802,5,5-6,PS,True,False,False
824,596802,6,6-7,PS,True,False,False
824,596802,7,7-8,PS,True,False,False
824,596802,8,8-9,PS,True,False,False
824,596802,9,9-10,PS,True,False,False
824,596802,10,10-11,PS,True,False,False
824,596802,11,11-12,PS,True,False,False
824,596802,12,12-13,PS,True,False,False
824,596802,13,13-14,PS,True,False,False
824,596802,14,14-15,PS,True,False,False
824,596802,15,15-16,PS,True,False,False
824,596802,16,16-17,PS,True,False,False
825,596803,1,1-2,PS,True,False,False
825,596803,2,2-3,PS,True,False,False
825,596803,3,3-4,PS,True,False,False
825,596803,4,4-5,PS,True,False,False
825,596803,5,5-6,PS,True,False,False
825,596803,6,6-7,PS,True,False,False
825,596803,7,7-8,PS,True,False,False
825,596803,8,8-9,PS,True,False,False
825,596803,9,9-10,PS,True,False,False
825,596803,10,10-11,PS,True,False,False
825,596803,11,11-12,PS,True,False,False
825,596803,12,12-13,PS,True,False,False
825,596803,13,13-14,PS,True,False,False
825,596803,14,14-15,PS,True,False,False
825,596803,15,15-16,PS,True,False,False
825,596803,16,16-17,PS,True,False,False
826,596804,1,1-2,PS,True,False,False
826,596804,2,2-3,PS,True,False,False
826,596804,3,3-4,PS,True,False,False
826,596804,4,4-5,PS,True,False,False
826,596804,5,5-6,PS,True,False,False
826,596804,6,6-7,PS,True,False,False
826,596804,7,7-8,PS,True,False,False
826,596804,8,8-9,PS,True,False,False
826,596804,9,9-10,PS,True,False,False
826,596804,10,10-11,PS,True,False,False
826,596804,11,11-12,PS,True,False,False
826,596804,12,12-13,PS,True,False,False
826,596804,13,13-14,PS,True,False,False
826,596804,14,14-15,PS,True,False,False
826,596804,15,15-16,PS,True,False,False
826,596804,16,16-17,PS,True,False,False
827,596805,1,1-2,PS,True,False,False
827,596805,2,2-3,PS,True,False,False
827,596805,3,3-4,PS,True,False,False
827,596805,4,4-5,PS,True,False,False
827,596805,5,5-6,PS,True,False,False
827,596805,6,6-7,PS,True,False,False
827,596805,7,7-8,PS,True,False,False
827,596805,8,8-9,PS,True,False,False
827,596805,9,9-10,PS,True,False,False
827,596805,10,10-11,PS,True,False,False
827,596805,11,11-12,PS,True,False,False
827,596805,12,12-13,PS,True,False,False
827,596805,13,13-14,PS,True,False,False
827,596805,14,14-15,PS,True,False,False
827,596805,15,15-16,PS,True,False,False
827,596805,16,16-17,PS,True,False,False
828,596806,1,1-2,PS,True,False,False
828,596806,2,2-3,PS,True,False,False
828,596806,3,3-4,PS,True,False,False
828,596806,4,4-5,PS,True,False,False
828,596806,5,5-6,PS,True,False,False
828,596806,6,6-7,PS,True,False,False
828,596806,7,7-8,PS,True,False,False
828,596806,8,8-9,PS,True,False,False
828,596806,9,9-10,PS,True,False,False
828,596806,10,10-11,PS,True,False,False
828,596806,11,11-12,PS,True,False,False
828,596806,12,12-13,PS,True,False,False
828,596806,13,13-14,PS,True,False,False
828,596806,14,14-15,PS,True,False,False
828,596806,15,15-16,PS,True,False,False
828,596806,16,16-17,PS,True,False,False
829,596807,1,1-2,PS,True,False,False
829,596807,2,2-3,PS,True,False,False
829,596807,3,3-4,PS,True,False,False
829,596807,4,4-5,PS,True,False,False
829,596807,5,5-6,PS,True,False,False
829,596807,6,6-7,PS,True,False,False
829,596807,7,7-8,PS,True,False,False
829,596807,8,8-9,PS,True,False,False
829,596807,9,9-10,PS,True,False,False
829,596807,10,10-11,PS,True,False,False
829,596807,11,11-12,PS,True,False,False
829,596807,12,12-13,PS,True,False,False
829,596807,13,13-14,PS,True,False,False
829,596807,14,14-15,PS,True,False,False
829,596807,15,15-16,PS,True,False,False
829,596807,16,16-17,PS,True,False,False
830,596808,1,1-2,PS,True,False,False
830,596808,2,2-3,PS,True,False,False
830,596808,3,3-4,PS,True,False,False
830,596808,4,4-5,PS,True,False,False
830,596808,5,5-6,PS,True,False,False
830,596808,6,6-7,PS,True,False,False
830,596808,7,7-8,PS,True,False,False
830,596808,8,8-9,PS,True,False,False
830,596808,9,9-10,PS,True,False,False
830,596808,10,10-11,PS,True,False,False
830,596808,11,11-12,PS,True,False,False
830,596808,12,12-13,PS,True,False,False
830,596808,13,13-14,PS,True,False,False
830,596808,14,14-15,PS,True,False,False
830,596808,15,15-16,PS,True,False,False
830,596808,16,16-17,PS,True,False,False
831,596809,1,1-2,PS,True,False,False
831,596809,2,2-3,PS,True,False,False
831,596809,3,3-4,PS,True,False,False
831,596809,4,4-5,PS,True,False,False
831,596809,5,5-6,PS,True,False,False
831,596809,6,6-7,PS,True,False,False
831,596809,7,7-8,PS,True,False,False
831,596809,8,8-9,PS,True,False,False
831,596809,9,9-10,PS,True,False,False
831,596809,10,10-11,PS,True,False,False
831,596809,11,11-12,PS,True,False,False
831,596809,12,12-13,PS,True,False,False
831,596809,13,13-14,PS,True,False,False
831,596809,14,14-15,PS,True,False,False
831,596809,15,15-16,PS,True,False,False
831,596809,16,16-17,PS,True,False,False
832,596810,1,1-2,PS,True,False,False
832,596810,2,2-3,PS,True,False,False
832,596810,3,3-4,PS,True,False,False
832,596810,4,4-5,PS,True,False,False
832,596810,5,5-6,PS,True,False,False
832,596810,6,6-7,PS,True,False,False
832,596810,7,7-8,PS,True,False,False
832,596810,8,8-9,PS,True,False,False
832,596810,9,9-10,PS,True,False,False
832,596810,10,10-11,PS,True,False,False
832,596810,11,11-12,PS,True,False,False
832,596810,12,12-13,PS,True,False,False
832,596810,13,13-14,PS,True,False,False
832,596810,14,14-15,PS,True,False,False
832,596810,15,15-16,PS,True,False,False
832,596810,16,16-17,PS,True,False,False
833,596811,1,1-2,PS,True,False,False
833,596811,2,2-3,PS,True,False,False
833,596811,3,3-4,PS,True,False,False
833,596811,4,4-5,PS,True,False,False
833,596811,5,5-6,PS,True,False,False
833,596811,6,6-7,PS,True,False,False
833,596811,7,7-8,PS,True,False,False
833,596811,8,8-9,PS,True,False,False
833,596811,9,9-10,PS,True,False,False
833,596811,10,10-11,PS,True,False,False
833,596811,11,11-12,PS,True,False,False
833,596811,12,12-13,PS,True,False,False
833,596811,13,13-14,PS,True,False,False
833,596811,14,14-15,PS,True,False,False
833,596811,15,15-16,PS,True,False,False
833,596811,16,16-17,PS,True,False,False
834,596812,1,1-2,PS,True,False,False
834,596812,2,2-3,PS,True,False,False
834,596812,3,3-4,PS,True,False,False
834,596812,4,4-5,PS,True,False,False
834,596812,5,5-6,PS,True,False,False
834,596812,6,6-7,PS,True,False,False
834,596812,7,7-8,PS,True,False,False
834,596812,8,8-9,PS,True,False,False
834,596812,9,9-10,PS,True,False,False
834,596812,10,10-11,PS,True,False,False
834,596812,11,11-12,PS,True,False,False
834,596812,12,12-13,PS,True,False,False
834,596812,13,13-14,PS,True,False,False
834,596812,14,14-15,PS,True,False,False
834,596812,15,15-16,PS,True,False,False
834,596812,16,16-17,PS,True,False,False
835,596813,1,1-2,PS,True,False,False
835,596813,2,2-3,PS,True,False,False
835,596813,3,3-4,PS,True,False,False
835,596813,4,4-5,PS,True,False,False
835,596813,5,5-6,PS,True,False,False
835,596813,6,6-7,PS,True,False,False
835,596813,7,7-8,PS,True,False,False
835,596813,8,8-9,PS,True,False,False
835,596813,9,9-10,PS,True,False,False
835,596813,10,10-11,PS,True,False,False
835,596813,11,11-12,PS,True,False,False
835,596813,12,12-13,PS,True,False,False
835,596813,13,13-14,PS,True,False,False
835,596813,14,14-15,PS,True,False,False
835,596813,15,15-16,PS,True,False,False
835,596813,16,16-17,PS,True,False,False
836,596814,1,1-2,PS,True,False,False
836,596814,2,2-3,PS,True,False,False
836,596814,3,3-4,PS,True,False,False
836,596814,4,4-5,PS,True,False,False
836,596814,5,5-6,PS,True,False,False
836,596814,6,6-7,PS,True,False,False
836,596814,7,7-8,PS,True,False,False
836,596814,8,8-9,PS,True,False,False
836,596814,9,9-10,PS,True,False,False
836,596814,10,10-11,PS,True,False,False
836,596814,11,11-12,PS,True,False,False
836,596814,12,12-13,PS,True,False,False
836,596814,13,13-14,PS,True,False,False
836,596814,14,14-15,PS,True,False,False
836,596814,15,15-16,PS,True,False,False
836,596814,16,16-17,PS,True,False,False
837,596815,1,1-2,PS,True,False,False
837,596815,2,2-3,PS,True,False,False
837,596815,3,3-4,PS,True,False,False
837,596815,4,4-5,PS,True,False,False
837,596815,5,5-6,PS,True,False,False
837,596815,6,6-7,PS,True,False,False
837,596815,7,7-8,PS,True,False,False
837,596815,8,8-9,PS,True,False,False
837,596815,9,9-10,PS,True,False,False
837,596815,10,10-11,PS,True,False,False
837,596815,11,11-12,PS,True,False,False
837,596815,12,12-13,PS,True,False,False
837,596815,13,13-14,PS,True,False,False
837,596815,14,14-15,PS,True,False,False
837,596815,15,15-16,PS,True,False,False
837,596815,16,16-17,PS,True,False,False
838,596816,1,1-2,PS,True,False,False
838,596816,2,2-3,PS,True,False,False
838,596816,3,3-4,PS,True,False,False
838,596816,4,4-5,PS,True,False,False
838,596816,5,5-6,PS,True,False,False
838,596816,6,6-7,PS,True,False,False
838,596816,7,7-8,PS,True,False,False
838,596816,8,8-9,PS,True,False,False
838,596816,9,9-10,PS,True,False,False
838,596816,10,10-11,PS,True,False,False
838,596816,11,11-12,PS,True,False,False
838,596816,12,12-13,PS,True,False,False
838,596816,13,13-14,PS,True,False,False
838,596816,14,14-15,PS,True,False,False
838,596816,15,15-16,PS,True,False,False
838,596816,16,16-17,PS,True,False,False
839,596817,1,1-2,PS,True,False,False
839,596817,2,2-3,PS,True,False,False
839,596817,3,3-4,PS,True,False,False
839,596817,4,4-5,PS,True,False,False
839,596817,5,5-6,PS,True,False,False
839,596817,6,6-7,PS,True,False,False
839,596817,7,7-8,PS,True,False,False
839,596817,8,8-9,PS,True,False,False
839,596817,9,9-10,PS,True,False,False
839,596817,10,10-11,PS,True,False,False
839,596817,11,11-12,PS,True,False,False
839,596817,12,12-13,PS,True,False,False
839,596817,13,13-14,PS,True,False,False
839,596817,14,14-15,PS,True,False,False
839,596817,15,15-16,PS,True,False,False
839,596817,16,16-17,PS,True,False,False
840,596818,1,1-2,PS,True,False,False
840,596818,2,2-3,PS,True,False,False
840,596818,3,3-4,PS,True,False,False
840,596818,4,4-5,PS,True,False,False
840,596818,5,5-6,PS,True,False,False
840,596818,6,6-7,PS,True,False,False
840,596818,7,7-8,PS,True,False,False
840,596818,8,8-9,PS,True,False,False
840,596818,9,9-10,PS,True,False,False
840,596818,10,10-11,PS,True,False,False
840,596818,11,11-12,PS,True,False,False
840,596818,12,12-13,PS,True,False,False
840,596818,13,13-14,PS,True,False,False
840,596818,14,14-15,PS,True,False,False
840,596818,15,15-16,PS,True,False,False
840,596818,16,16-17,PS,True,False,False
841,596819,1,1-2,PS,True,False,False
841,596819,2,2-3,PS,True,False,False
841,596819,3,3-4,PS,True,False,False
841,596819,4,4-5,PS,True,False,False
841,596819,5,5-6,PS,True,False,False
841,596819,6,6-7,PS,True,False,False
841,596819,7,7-8,PS,True,False,False
841,596819,8,8-9,PS,True,False,False
841,596819,9,9-10,PS,True,False,False
841,596819,10,10-11,PS,True,False,False
841,596819,11,11-12,PS,True,False,False
841,596819,12,12-13,PS,True,False,False
841,596819,13,13-14,PS,True,False,False
841,596819,14,14-15,PS,True,False,False
841,596819,15,15-16,PS,True,False,False
841,596819,16,16-17,PS,True,False,False
842,596820,1,1-2,PS,True,False,False
842,596820,2,2-3,PS,True,False,False
842,596820,3,3-4,PS,True,False,False
842,596820,4,4-5,PS,True,False,False
842,596820,5,5-6,PS,True,False,False
842,596820,6,6-7,PS,True,False,False
842,596820,7,7-8,PS,True,False,False
842,596820,8,8-9,PS,True,False,False
842,596820,9,9-10,PS,True,False,False
842,596820,10,10-11,PS,True,False,False
842,596820,11,11-12,PS,True,False,False
842,596820,12,12-13,PS,True,False,False
842,596820,13,13-14,PS,True,False,False
842,596820,14,14-15,PS,True,False,False
842,596820,15,15-16,PS,True,False,False
842,596820,16,16-17,PS,True,False,False
843,596821,1,1-2,PS,True,False,False
843,596821,2,2-3,PS,True,False,False
843,596821,3,3-4,PS,True,False,False
843,596821,4,4-5,PS,True,False,False
843,596821,5,5-6,PS,True,False,False
843,596821,6,6-7,PS,True,False,False
843,596821,7,7-8,PS,True,False,False
843,596821,8,8-9,PS,True,False,False
843,596821,9,9-10,PS,True,False,False
843,596821,10,10-11,PS,True,False,False
843,596821,11,11-12,PS,True,False,False
843,596821,12,12-13,PS,True,False,False
843,596821,13,13-14,PS,True,False,False
843,596821,14,14-15,PS,True,False,False
843,596821,15,15-16,PS,True,False,False
843,596821,16,16-17,PS,True,False,False
844,596822,1,1-2,PS,True,False,False
844,596822,2,2-3,PS,True,False,False
844,596822,3,3-4,PS,True,False,False
844,596822,4,4-5,PS,True,False,False
844,596822,5,5-6,PS,True,False,False
844,596822,6,6-7,PS,True,False,False
844,596822,7,7-8,PS,True,False,False
844,596822,8,8-9,PS,True,False,False
844,596822,9,9-10,PS,True,False,False
844,596822,10,10-11,PS,True,False,False
844,596822,11,11-12,PS,True,False,False
844,596822,12,12-13,PS,True,False,False
844,596822,13,13-14,PS,True,False,False
844,596822,14,14-15,PS,True,False,False
844,596822,15,15-16,PS,True,False,False
844,596822,16,16-17,PS,True,False,False
845,596823,1,1-2,PS,True,False,False
845,596823,2,2-3,PS,True,False,False
845,596823,3,3-4,PS,True,False,False
845,596823,4,4-5,PS,True,False,False
845,596823,5,5-6,PS,True,False,False
845,596823,6,6-7,PS,True,False,False
845,596823,7,7-8,PS,True,False,False
845,596823,8,8-9,PS,True,False,False
845,596823,9,9-10,PS,True,False,False
845,596823,10,10-11,PS,True,False,False
845,596823,11,11-12,PS,True,False,False
845,596823,12,12-13,PS,True,False,False
845,596823,13,13-14,PS,True,False,False
845,596823,14,14-15,PS,True,False,False
845,596823,15,15-16,PS,True,False,False
845,596823,16,16-17,PS,True,False,False
846,596824,1,1-2,PS,True,False,False
846,596824,2,2-3,PS,True,False,False
846,596824,3,3-4,PS,True,False,False
846,596824,4,4-5,PS,True,False,False
846,596824,5,5-6,PS,True,False,False
846,596824,6,6-7,PS,True,False,False
846,596824,7,7-8,PS,True,False,False
846,596824,8,8-9,PS,True,False,False
846,596824,9,9-10,PS,True,False,False
846,596824,10,10-11,PS,True,False,False
846,596824,11,11-12,PS,True,False,False
846,596824,12,12-13,PS,True,False,False
846,596824,13,13-14,PS,True,False,False
846,596824,14,14-15,PS,True,False,False
846,596824,15,15-16,PS,True,False,False
846,596824,16,16-17,PS,True,False,False
847,596825,1,1-2,PS,True,False,False
847,596825,2,2-3,PS,True,False,False
847,596825,3,3-4,PS,True,False,False
847,596825,4,4-5,PS,True,False,False
847,596825,5,5-6,PS,True,False,False
847,596825,6,6-7,PS,True,False,False
847,596825,7,7-8,PS,True,False,False
847,596825,8,8-9,PS,True,False,False
847,596825,9,9-10,PS,True,False,False
847,596825,10,10-11,PS,True,False,False
847,596825,11,11-12,PS,True,False,False
847,596825,12,12-13,PS,True,False,False
847,596825,13,13-14,PS,True,False,False
847,596825,14,14-15,PS,True,False,False
847,596825,15,15-16,PS,True,False,False
847,596825,16,16-17,PS,True,False,False
848,596826,1,1-2,PS,True,False,False
848,596826,2,2-3,PS,True,False,False
848,596826,3,3-4,PS,True,False,False
848,596826,4,4-5,PS,True,False,False
848,596826,5,5-6,PS,True,False,False
848,596826,6,6-7,PS,True,False,False
848,596826,7,7-8,PS,True,False,False
848,596826,8,8-9,PS,True,False,False
848,596826,9,9-10,PS,True,False,False
848,596826,10,10-11,PS,True,False,False
848,596826,11,11-12,PS,True,False,False
848,596826,12,12-13,PS,True,False,False
848,596826,13,13-14,PS,True,False,False
848,596826,14,14-15,PS,True,False,False
848,596826,15,15-16,PS,True,False,False
848,596826,16,16-17,PS,True,False,False
849,596827,1,1-2,PS,True,False,False
849,596827,2,2-3,PS,True,False,False
849,596827,3,3-4,PS,True,False,False
849,596827,4,4-5,PS,True,False,False
849,596827,5,5-6,PS,True,False,False
849,596827,6,6-7,PS,True,False,False
849,596827,7,7-8,PS,True,False,False
849,596827,8,8-9,PS,True,False,False
849,596827,9,9-10,PS,True,False,False
849,596827,10,10-11,PS,True,False,False
849,596827,11,11-12,PS,True,False,False
849,596827,12,12-13,PS,True,False,False
849,596827,13,13-14,PS,True,False,False
849,596827,14,14-15,PS,True,False,False
849,596827,15,15-16,PS,True,False,False
849,596827,16,16-17,PS,True,False,False
850,596828,1,1-2,PS,True,False,False
850,596828,2,2-3,PS,True,False,False
850,596828,3,3-4,PS,True,False,False
850,596828,4,4-5,PS,True,False,False
850,596828,5,5-6,PS,True,False,False
850,596828,6,6-7,PS,True,False,False
850,596828,7,7-8,PS,True,False,False
850,596828,8,8-9,PS,True,False,False
850,596828,9,9-10,PS,True,False,False
850,596828,10,10-11,PS,True,False,False
850,596828,11,11-12,PS,True,False,False
850,596828,12,12-13,PS,True,False,False
850,596828,13,13-14,PS,True,False,False
850,596828,14,14-15,PS,True,False,False
850,596828,15,15-16,PS,True,False,False
850,596828,16,16-17,PS,True,False,False
851,596829,1,1-2,PS,True,False,False
851,596829,2,2-3,PS,True,False,False
851,596829,3,3-4,PS,True,False,False
851,596829,4,4-5,PS,True,False,False
851,596829,5,5-6,PS,True,False,False
851,596829,6,6-7,PS,True,False,False
851,596829,7,7-8,PS,True,False,False
851,596829,8,8-9,PS,True,False,False
851,596829,9,9-10,PS,True,False,False
851,596829,10,10-11,PS,True,False,False
851,596829,11,11-12,PS,True,False,False
851,596829,12,12-13,PS,True,False,False
851,596829,13,13-14,PS,True,False,False
851,596829,14,14-15,PS,True,False,False
851,596829,15,15-16,PS,True,False,False
851,596829,16,16-17,PS,True,False,False
852,596830,1,1-2,PS,True,False,False
852,596830,2,2-3,PS,True,False,False
852,596830,3,3-4,PS,True,False,False
852,596830,4,4-5,PS,True,False,False
852,596830,5,5-6,PS,True,False,False
852,596830,6,6-7,PS,True,False,False
852,596830,7,7-8,PS,True,False,False
852,596830,8,8-9,PS,True,False,False
852,596830,9,9-10,PS,True,False,False
852,596830,10,10-11,PS,True,False,False
852,596830,11,11-12,PS,True,False,False
852,596830,12,12-13,PS,True,False,False
852,596830,13,13-14,PS,True,False,False
852,596830,14,14-15,PS,True,False,False
852,596830,15,15-16,PS,True,False,False
852,596830,16,16-17,PS,True,False,False
853,596831,1,1-2,PS,True,False,False
853,596831,2,2-3,PS,True,False,False
853,596831,3,3-4,PS,True,False,False
853,596831,4,4-5,PS,True,False,False
853,596831,5,5-6,PS,True,False,False
853,596831,6,6-7,PS,True,False,False
853,596831,7,7-8,PS,True,False,False
853,596831,8,8-9,PS,True,False,False
853,596831,9,9-10,PS,True,False,False
853,596831,10,10-11,PS,True,False,False
853,596831,11,11-12,PS,True,False,False
853,596831,12,12-13,PS,True,False,False
853,596831,13,13-14,PS,True,False,False
853,596831,14,14-15,PS,True,False,False
853,596831,15,15-16,PS,True,False,False
853,596831,16,16-17,PS,True,False,False
854,596832,1,1-2,PS,True,False,False
854,596832,2,2-3,PS,True,False,False
854,596832,3,3-4,PS,True,False,False
854,596832,4,4-5,PS,True,False,False
854,596832,5,5-6,PS,True,False,False
854,596832,6,6-7,PS,True,False,False
854,596832,7,7-8,PS,True,False,False
854,596832,8,8-9,PS,True,False,False
854,596832,9,9-10,PS,True,False,False
854,596832,10,10-11,PS,True,False,False
854,596832,11,11-12,PS,True,False,False
854,596832,12,12-13,PS,True,False,False
854,596832,13,13-14,PS,True,False,False
854,596832,14,14-15,PS,True,False,False
854,596832,15,15-16,PS,True,False,False
854,596832,16,16-17,PS,True,False,False
855,596833,1,1-2,PS,True,False,False
855,596833,2,2-3,PS,True,False,False
855,596833,3,3-4,PS,True,False,False
855,596833,4,4-5,PS,True,False,False
855,596833,5,5-6,PS,True,False,False
855,596833,6,6-7,PS,True,False,False
855,596833,7,7-8,PS,True,False,False
855,596833,8,8-9,PS,True,False,False
855,596833,9,9-10,PS,True,False,False
855,596833,10,10-11,PS,True,False,False
855,596833,11,11-12,PS,True,False,False
855,596833,12,12-13,PS,True,False,False
855,596833,13,13-14,PS,True,False,False
855,596833,14,14-15,PS,True,False,False
855,596833,15,15-16,PS,True,False,False
855,596833,16,16-17,PS,True,False,False
856,596834,1,1-2,PS,True,False,False
856,596834,2,2-3,PS,True,False,False
856,596834,3,3-4,PS,True,False,False
856,596834,4,4-5,PS,True,False,False
856,596834,5,5-6,PS,True,False,False
856,596834,6,6-7,PS,True,False,False
856,596834,7,7-8,PS,True,False,False
856,596834,8,8-9,PS,True,False,False
856,596834,9,9-10,PS,True,False,False
856,596834,10,10-11,PS,True,False,False
856,596834,11,11-12,PS,True,False,False
856,596834,12,12-13,PS,True,False,False
856,596834,13,13-14,PS,True,False,False
856,596834,14,14-15,PS,True,False,False
856,596834,15,15-16,PS,True,False,False
856,596834,16,16-17,PS,True,False,False
857,596835,1,1-2,PS,True,False,False
857,596835,2,2-3,PS,True,False,False
857,596835,3,3-4,PS,True,False,False
857,596835,4,4-5,PS,True,False,False
857,596835,5,5-6,PS,True,False,False
857,596835,6,6-7,PS,True,False,False
857,596835,7,7-8,PS,True,False,False
857,596835,8,8-9,PS,True,False,False
857,596835,9,9-10,PS,True,False,False
857,596835,10,10-11,PS,True,False,False
857,596835,11,11-12,PS,True,False,False
857,596835,12,12-13,PS,True,False,False
857,596835,13,13-14,PS,True,False,False
857,596835,14,14-15,PS,True,False,False
857,596835,15,15-16,PS,True,False,False
857,596835,16,16-17,PS,True,False,False
858,596836,1,1-2,PS,True,False,False
858,596836,2,2-3,PS,True,False,False
858,596836,3,3-4,PS,True,False,False
858,596836,4,4-5,PS,True,False,False
858,596836,5,5-6,PS,True,False,False
858,596836,6,6-7,PS,True,False,False
858,596836,7,7-8,PS,True,False,False
858,596836,8,8-9,PS,True,False,False
858,596836,9,9-10,PS,True,False,False
858,596836,10,10-11,PS,True,False,False
858,596836,11,11-12,PS,True,False,False
858,596836,12,12-13,PS,True,False,False
858,596836,13,13-14,PS,True,False,False
858,596836,14,14-15,PS,True,False,False
858,596836,15,15-16,PS,True,False,False
858,596836,16,16-17,PS,True,False,False
859,596837,1,1-2,PS,True,False,False
859,596837,2,2-3,PS,True,False,False
859,596837,3,3-4,PS,True,False,False
859,596837,4,4-5,PS,True,False,False
859,596837,5,5-6,PS,True,False,False
859,596837,6,6-7,PS,True,False,False
859,596837,7,7-8,PS,True,False,False
859,596837,8,8-9,PS,True,False,False
859,596837,9,9-10,PS,True,False,False
859,596837,10,10-11,PS,True,False,False
859,596837,11,11-12,PS,True,False,False
859,596837,12,12-13,PS,True,False,False
859,596837,13,13-14,PS,True,False,False
859,596837,14,14-15,PS,True,False,False
859,596837,15,15-16,PS,True,False,False
859,596837,16,16-17,PS,True,False,False
860,596838,1,1-2,PS,True,False,False
860,596838,2,2-3,PS,True,False,False
860,596838,3,3-4,PS,True,False,False
860,596838,4,4-5,PS,True,False,False
860,596838,5,5-6,PS,True,False,False
860,596838,6,6-7,PS,True,False,False
860,596838,7,7-8,PS,True,False,False
860,596838,8,8-9,PS,True,False,False
860,596838,9,9-10,PS,True,False,False
860,596838,10,10-11,PS,True,False,False
860,596838,11,11-12,PS,True,False,False
860,596838,12,12-13,PS,True,False,False
860,596838,13,13-14,PS,True,False,False
860,596838,14,14-15,PS,True,False,False
860,596838,15,15-16,PS,True,False,False
860,596838,16,16-17,PS,True,False,False
861,596839,1,1-2,PS,True,False,False
861,596839,2,2-3,PS,True,False,False
861,596839,3,3-4,PS,True,False,False
861,596839,4,4-5,PS,True,False,False
861,596839,5,5-6,PS,True,False,False
861,596839,6,6-7,PS,True,False,False
861,596839,7,7-8,PS,True,False,False
861,596839,8,8-9,PS,True,False,False
861,596839,9,9-10,PS,True,False,False
861,596839,10,10-11,PS,True,False,False
861,596839,11,11-12,PS,True,False,False
861,596839,12,12-13,PS,True,False,False
861,596839,13,13-14,PS,True,False,False
861,596839,14,14-15,PS,True,False,False
861,596839,15,15-16,PS,True,False,False
861,596839,16,16-17,PS,True,False,False
862,596840,1,1-2,PS,True,False,False
862,596840,2,2-3,PS,True,False,False
862,596840,3,3-4,PS,True,False,False
862,596840,4,4-5,PS,True,False,False
862,596840,5,5-6,PS,True,False,False
862,596840,6,6-7,PS,True,False,False
862,596840,7,7-8,PS,True,False,False
862,596840,8,8-9,PS,True,False,False
862,596840,9,9-10,PS,True,False,False
862,596840,10,10-11,PS,True,False,False
862,596840,11,11-12,PS,True,False,False
862,596840,12,12-13,PS,True,False,False
862,596840,13,13-14,PS,True,False,False
862,596840,14,14-15,PS,True,False,False
862,596840,15,15-16,PS,True,False,False
862,596840,16,16-17,PS,True,False,False
863,596841,1,1-2,PS,True,False,False
863,596841,2,2-3,PS,True,False,False
863,596841,3,3-4,PS,True,False,False
863,596841,4,4-5,PS,True,False,False
863,596841,5,5-6,PS,True,False,False
863,596841,6,6-7,PS,True,False,False
863,596841,7,7-8,PS,True,False,False
863,596841,8,8-9,PS,True,False,False
863,596841,9,9-10,PS,True,False,False
863,596841,10,10-11,PS,True,False,False
863,596841,11,11-12,PS,True,False,False
863,596841,12,12-13,PS,True,False,False
863,596841,13,13-14,PS,True,False,False
863,596841,14,14-15,PS,True,False,False
863,596841,15,15-16,PS,True,False,False
863,596841,16,16-17,PS,True,False,False
864,596842,1,1-2,PS,True,False,False
864,596842,2,2-3,PS,True,False,False
864,596842,3,3-4,PS,True,False,False
864,596842,4,4-5,PS,True,False,False
864,596842,5,5-6,PS,True,False,False
864,596842,6,6-7,PS,True,False,False
864,596842,7,7-8,PS,True,False,False
864,596842,8,8-9,PS,True,False,False
864,596842,9,9-10,PS,True,False,False
864,596842,10,10-11,PS,True,False,False
864,596842,11,11-12,PS,True,False,False
864,596842,12,12-13,PS,True,False,False
864,596842,13,13-14,PS,True,False,False
864,596842,14,14-15,PS,True,False,False
864,596842,15,15-16,PS,True,False,False
864,596842,16,16-17,PS,True,False,False
865,596843,1,1-2,PS,True,False,False
865,596843,2,2-3,PS,True,False,False
865,596843,3,3-4,PS,True,False,False
865,596843,4,4-5,PS,True,False,False
865,596843,5,5-6,PS,True,False,False
865,596843,6,6-7,PS,True,False,False
865,596843,7,7-8,PS,True,False,False
865,596843,8,8-9,PS,True,False,False
865,596843,9,9-10,PS,True,False,False
865,596843,10,10-11,PS,True,False,False
865,596843,11,11-12,PS,True,False,False
865,596843,12,12-13,PS,True,False,False
865,596843,13,13-14,PS,True,False,False
865,596843,14,14-15,PS,True,False,False
865,596843,15,15-16,PS,True,False,False
865,596843,16,16-17,PS,True,False,False
866,596844,1,1-2,PS,True,False,False
866,596844,2,2-3,PS,True,False,False
866,596844,3,3-4,PS,True,False,False
866,596844,4,4-5,PS,True,False,False
866,596844,5,5-6,PS,True,False,False
866,596844,6,6-7,PS,True,False,False
866,596844,7,7-8,PS,True,False,False
866,596844,8,8-9,PS,True,False,False
866,596844,9,9-10,PS,True,False,False
866,596844,10,10-11,PS,True,False,False
866,596844,11,11-12,PS,True,False,False
866,596844,12,12-13,PS,True,False,False
866,596844,13,13-14,PS,True,False,False
866,596844,14,14-15,PS,True,False,False
866,596844,15,15-16,PS,True,False,False
866,596844,16,16-17,PS,True,False,False
867,596845,1,1-2,PS,True,False,False
867,596845,2,2-3,PS,True,False,False
867,596845,3,3-4,PS,True,False,False
867,596845,4,4-5,PS,True,False,False
867,596845,5,5-6,PS,True,False,False
867,596845,6,6-7,PS,True,False,False
867,596845,7,7-8,PS,True,False,False
867,596845,8,8-9,PS,True,False,False
867,596845,9,9-10,PS,True,False,False
867,596845,10,10-11,PS,True,False,False
867,596845,11,11-12,PS,True,False,False
867,596845,12,12-13,PS,True,False,False
867,596845,13,13-14,PS,True,False,False
867,596845,14,14-15,PS,True,False,False
867,596845,15,15-16,PS,True,False,False
867,596845,16,16-17,PS,True,False,False
868,596846,1,1-2,PS,True,False,False
868,596846,2,2-3,PS,True,False,False
868,596846,3,3-4,PS,True,False,False
868,596846,4,4-5,PS,True,False,False
868,596846,5,5-6,PS,True,False,False
868,596846,6,6-7,PS,True,False,False
868,596846,7,7-8,PS,True,False,False
868,596846,8,8-9,PS,True,False,False
868,596846,9,9-10,PS,True,False,False
868,596846,10,10-11,PS,True,False,False
868,596846,11,11-12,PS,True,False,False
868,596846,12,12-13,PS,True,False,False
868,596846,13,13-14,PS,True,False,False
868,596846,14,14-15,PS,True,False,False
868,596846,15,15-16,PS,True,False,False
868,596846,16,16-17,PS,True,False,False
869,596847,1,1-2,PS,True,False,False
869,596847,2,2-3,PS,True,False,False
869,596847,3,3-4,PS,True,False,False
869,596847,4,4-5,PS,True,False,False
869,596847,5,5-6,PS,True,False,False
869,596847,6,6-7,PS,True,False,False
869,596847,7,7-8,PS,True,False,False
869,596847,8,8-9,PS,True,False,False
869,596847,9,9-10,PS,True,False,False
869,596847,10,10-11,PS,True,False,False
869,596847,11,11-12,PS,True,False,False
869,596847,12,12-13,PS,True,False,False
869,596847,13,13-14,PS,True,False,False
869,596847,14,14-15,PS,True,False,False
869,596847,15,15-16,PS,True,False,False
869,596847,16,16-17,PS,True,False,False
870,596848,1,1-2,PS,True,False,False
870,596848,2,2-3,PS,True,False,False
870,596848,3,3-4,PS,True,False,False
870,596848,4,4-5,PS,True,False,False
870,596848,5,5-6,PS,True,False,False
870,596848,6,6-7,PS,True,False,False
870,596848,7,7-8,PS,True,False,False
870,596848,8,8-9,PS,True,False,False
870,596848,9,9-10,PS,True,False,False
870,596848,10,10-11,PS,True,False,False
870,596848,11,11-12,PS,True,False,False
870,596848,12,12-13,PS,True,False,False
870,596848,13,13-14,PS,True,False,False
870,596848,14,14-15,PS,True,False,False
870,596848,15,15-16,PS,True,False,False
870,596848,16,16-17,PS,True,False,False
871,596849,1,1-2,PS,True,False,False
871,596849,2,2-3,PS,True,False,False
871,596849,3,3-4,PS,True,False,False
871,596849,4,4-5,PS,True,False,False
871,596849,5,5-6,PS,True,False,False
871,596849,6,6-7,PS,True,False,False
871,596849,7,7-8,PS,True,False,False
871,596849,8,8-9,PS,True,False,False
871,596849,9,9-10,PS,True,False,False
871,596849,10,10-11,PS,True,False,False
871,596849,11,11-12,PS,True,False,False
871,596849,12,12-13,PS,True,False,False
871,596849,13,13-14,PS,True,False,False
871,596849,14,14-15,PS,True,False,False
871,596849,15,15-16,PS,True,False,False
871,596849,16,16-17,PS,True,False,False
872,596850,1,1-2,PS,True,False,False
872,596850,2,2-3,PS,True,False,False
872,596850,3,3-4,PS,True,False,False
872,596850,4,4-5,PS,True,False,False
872,596850,5,5-6,PS,True,False,False
872,596850,6,6-7,PS,True,False,False
872,596850,7,7-8,PS,True,False,False
872,596850,8,8-9,PS,True,False,False
872,596850,9,9-10,PS,True,False,False
872,596850,10,10-11,PS,True,False,False
872,596850,11,11-12,PS,True,False,False
872,596850,12,12-13,PS,True,False,False
872,596850,13,13-14,PS,True,False,False
872,596850,14,14-15,PS,True,False,False
872,596850,15,15-16,PS,True,False,False
872,596850,16,16-17,PS,True,False,False
873,596851,1,1-2,PS,True,False,False
873,596851,2,2-3,PS,True,False,False
873,596851,3,3-4,PS,True,False,False
873,596851,4,4-5,PS,True,False,False
873,596851,5,5-6,PS,True,False,False
873,596851,6,6-7,PS,True,False,False
873,596851,7,7-8,PS,True,False,False
873,596851,8,8-9,PS,True,False,False
873,596851,9,9-10,PS,True,False,False
873,596851,10,10-11,PS,True,False,False
873,596851,11,11-12,PS,True,False,False
873,596851,12,12-13,PS,True,False,False
873,596851,13,13-14,PS,True,False,False
873,596851,14,14-15,PS,True,False,False
873,596851,15,15-16,PS,True,False,False
873,596851,16,16-17,PS,True,False,False
874,596852,1,1-2,PS,True,False,False
874,596852,2,2-3,PS,True,False,False
874,596852,3,3-4,PS,True,False,False
874,596852,4,4-5,PS,True,False,False
874,596852,5,5-6,PS,True,False,False
874,596852,6,6-7,PS,True,False,False
874,596852,7,7-8,PS,True,False,False
874,596852,8,8-9,PS,True,False,False
874,596852,9,9-10,PS,True,False,False
874,596852,10,10-11,PS,True,False,False
874,596852,11,11-12,PS,True,False,False
874,596852,12,12-13,PS,True,False,False
874,596852,13,13-14,PS,True,False,False
874,596852,14,14-15,PS,True,False,False
874,596852,15,15-16,PS,True,False,False
874,596852,16,16-17,PS,True,False,False
875,596853,1,1-2,PS,True,False,False
875,596853,2,2-3,PS,True,False,False
875,596853,3,3-4,PS,True,False,False
875,596853,4,4-5,PS,True,False,False
875,596853,5,5-6,PS,True,False,False
875,596853,6,6-7,PS,True,False,False
875,596853,7,7-8,PS,True,False,False
875,596853,8,8-9,PS,True,False,False
875,596853,9,9-10,PS,True,False,False
875,596853,10,10-11,PS,True,False,False
875,596853,11,11-12,PS,True,False,False
875,596853,12,12-13,PS,True,False,False
875,596853,13,13-14,PS,True,False,False
875,596853,14,14-15,PS,True,False,False
875,596853,15,15-16,PS,True,False,False
875,596853,16,16-17,PS,True,False,False
876,596854,1,1-2,PS,True,False,False
876,596854,2,2-3,PS,True,False,False
876,596854,3,3-4,PS,True,False,False
876,596854,4,4-5,PS,True,False,False
876,596854,5,5-6,PS,True,False,False
876,596854,6,6-7,PS,True,False,False
876,596854,7,7-8,PS,True,False,False
876,596854,8,8-9,PS,True,False,False
876,596854,9,9-10,PS,True,False,False
876,596854,10,10-11,PS,True,False,False
876,596854,11,11-12,PS,True,False,False
876,596854,12,12-13,PS,True,False,False
876,596854,13,13-14,PS,True,False,False
876,596854,14,14-15,PS,True,False,False
876,596854,15,15-16,PS,True,False,False
876,596854,16,16-17,PS,True,False,False
877,596855,1,1-2,PS,True,False,False
877,596855,2,2-3,PS,True,False,False
877,596855,3,3-4,PS,True,False,False
877,596855,4,4-5,PS,True,False,False
877,596855,5,5-6,PS,True,False,False
877,596855,6,6-7,PS,True,False,False
877,596855,7,7-8,PS,True,False,False
877,596855,8,8-9,PS,True,False,False
877,596855,9,9-10,PS,True,False,False
877,596855,10,10-11,PS,True,False,False
877,596855,11,11-12,PS,True,False,False
877,596855,12,12-13,PS,True,False,False
877,596855,13,13-14,PS,True,False,False
877,596855,14,14-15,PS,True,False,False
877,596855,15,15-16,PS,True,False,False
877,596855,16,16-17,PS,True,False,False
878,596856,1,1-2,PS,True,False,False
878,596856,2,2-3,PS,True,False,False
878,596856,3,3-4,PS,True,False,False
878,596856,4,4-5,PS,True,False,False
878,596856,5,5-6,PS,True,False,False
878,596856,6,6-7,PS,True,False,False
878,596856,7,7-8,PS,True,False,False
878,596856,8,8-9,PS,True,False,False
878,596856,9,9-10,PS,True,False,False
878,596856,10,10-11,PS,True,False,False
878,596856,11,11-12,PS,True,False,False
878,596856,12,12-13,PS,True,False,False
878,596856,13,13-14,PS,True,False,False
878,596856,14,14-15,PS,True,False,False
878,596856,15,15-16,PS,True,False,False
878,596856,16,16-17,PS,True,False,False
879,596857,1,1-2,PS,True,False,False
879,596857,2,2-3,PS,True,False,False
879,596857,3,3-4,PS,True,False,False
879,596857,4,4-5,PS,True,False,False
879,596857,5,5-6,PS,True,False,False
879,596857,6,6-7,PS,True,False,False
879,596857,7,7-8,PS,True,False,False
879,596857,8,8-9,PS,True,False,False
879,596857,9,9-10,PS,True,False,False
879,596857,10,10-11,PS,True,False,False
879,596857,11,11-12,PS,True,False,False
879,596857,12,12-13,PS,True,False,False
879,596857,13,13-14,PS,True,False,False
879,596857,14,14-15,PS,True,False,False
879,596857,15,15-16,PS,True,False,False
879,596857,16,16-17,PS,True,False,False
880,596858,1,1-2,PS,True,False,False
880,596858,2,2-3,PS,True,False,False
880,596858,3,3-4,PS,True,False,False
880,596858,4,4-5,PS,True,False,False
880,596858,5,5-6,PS,True,False,False
880,596858,6,6-7,PS,True,False,False
880,596858,7,7-8,PS,True,False,False
880,596858,8,8-9,PS,True,False,False
880,596858,9,9-10,PS,True,False,False
880,596858,10,10-11,PS,True,False,False
880,596858,11,11-12,PS,True,False,False
880,596858,12,12-13,PS,True,False,False
880,596858,13,13-14,PS,True,False,False
880,596858,14,14-15,PS,True,False,False
880,596858,15,15-16,PS,True,False,False
880,596858,16,16-17,PS,True,False,False
881,596859,1,1-2,PS,True,False,False
881,596859,2,2-3,PS,True,False,False
881,596859,3,3-4,PS,True,False,False
881,596859,4,4-5,PS,True,False,False
881,596859,5,5-6,PS,True,False,False
881,596859,6,6-7,PS,True,False,False
881,596859,7,7-8,PS,True,False,False
881,596859,8,8-9,PS,True,False,False
881,596859,9,9-10,PS,True,False,False
881,596859,10,10-11,PS,True,False,False
881,596859,11,11-12,PS,True,False,False
881,596859,12,12-13,PS,True,False,False
881,596859,13,13-14,PS,True,False,False
881,596859,14,14-15,PS,True,False,False
881,596859,15,15-16,PS,True,False,False
881,596859,16,16-17,PS,True,False,False
882,596860,1,1-2,PS,True,False,False
882,596860,2,2-3,PS,True,False,False
882,596860,3,3-4,PS,True,False,False
882,596860,4,4-5,PS,True,False,False
882,596860,5,5-6,PS,True,False,False
882,596860,6,6-7,PS,True,False,False
882,596860,7,7-8,PS,True,False,False
882,596860,8,8-9,PS,True,False,False
882,596860,9,9-10,PS,True,False,False
882,596860,10,10-11,PS,True,False,False
882,596860,11,11-12,PS,True,False,False
882,596860,12,12-13,PS,True,False,False
882,596860,13,13-14,PS,True,False,False
882,596860,14,14-15,PS,True,False,False
882,596860,15,15-16,PS,True,False,False
882,596860,16,16-17,PS,True,False,False
883,596861,1,1-2,PS,True,False,False
883,596861,2,2-3,PS,True,False,False
883,596861,3,3-4,PS,True,False,False
883,596861,4,4-5,PS,True,False,False
883,596861,5,5-6,PS,True,False,False
883,596861,6,6-7,PS,True,False,False
883,596861,7,7-8,PS,True,False,False
883,596861,8,8-9,PS,True,False,False
883,596861,9,9-10,PS,True,False,False
883,596861,10,10-11,PS,True,False,False
883,596861,11,11-12,PS,True,False,False
883,596861,12,12-13,PS,True,False,False
883,596861,13,13-14,PS,True,False,False
883,596861,14,14-15,PS,True,False,False
883,596861,15,15-16,PS,True,False,False
883,596861,16,16-17,PS,True,False,False
884,596862,1,1-2,PS,True,False,False
884,596862,2,2-3,PS,True,False,False
884,596862,3,3-4,PS,True,False,False
884,596862,4,4-5,PS,True,False,False
884,596862,5,5-6,PS,True,False,False
884,596862,6,6-7,PS,True,False,False
884,596862,7,7-8,PS,True,False,False
884,596862,8,8-9,PS,True,False,False
884,596862,9,9-10,PS,True,False,False
884,596862,10,10-11,PS,True,False,False
884,596862,11,11-12,PS,True,False,False
884,596862,12,12-13,PS,True,False,False
884,596862,13,13-14,PS,True,False,False
884,596862,14,14-15,PS,True,False,False
884,596862,15,15-16,PS,True,False,False
884,596862,16,16-17,PS,True,False,False
885,596863,1,1-2,PS,True,False,False
885,596863,2,2-3,PS,True,False,False
885,596863,3,3-4,PS,True,False,False
885,596863,4,4-5,PS,True,False,False
885,596863,5,5-6,PS,True,False,False
885,596863,6,6-7,PS,True,False,False
885,596863,7,7-8,PS,True,False,False
885,596863,8,8-9,PS,True,False,False
885,596863,9,9-10,PS,True,False,False
885,596863,10,10-11,PS,True,False,False
885,596863,11,11-12,PS,True,False,False
885,596863,12,12-13,PS,True,False,False
885,596863,13,13-14,PS,True,False,False
885,596863,14,14-15,PS,True,False,False
885,596863,15,15-16,PS,True,False,False
885,596863,16,16-17,PS,True,False,False
886,596864,1,1-2,PS,True,False,False
886,596864,2,2-3,PS,True,False,False
886,596864,3,3-4,PS,True,False,False
886,596864,4,4-5,PS,True,False,False
886,596864,5,5-6,PS,True,False,False
886,596864,6,6-7,PS,True,False,False
886,596864,7,7-8,PS,True,False,False
886,596864,8,8-9,PS,True,False,False
886,596864,9,9-10,PS,True,False,False
886,596864,10,10-11,PS,True,False,False
886,596864,11,11-12,PS,True,False,False
886,596864,12,12-13,PS,True,False,False
886,596864,13,13-14,PS,True,False,False
886,596864,14,14-15,PS,True,False,False
886,596864,15,15-16,PS,True,False,False
886,596864,16,16-17,PS,True,False,False
887,596865,1,1-2,PS,True,False,False
887,596865,2,2-3,PS,True,False,False
887,596865,3,3-4,PS,True,False,False
887,596865,4,4-5,PS,True,False,False
887,596865,5,5-6,PS,True,False,False
887,596865,6,6-7,PS,True,False,False
887,596865,7,7-8,PS,True,False,False
887,596865,8,8-9,PS,True,False,False
887,596865,9,9-10,PS,True,False,False
887,596865,10,10-11,PS,True,False,False
887,596865,11,11-12,PS,True,False,False
887,596865,12,12-13,PS,True,False,False
887,596865,13,13-14,PS,True,False,False
887,596865,14,14-15,PS,True,False,False
887,596865,15,15-16,PS,True,False,False
887,596865,16,16-17,PS,True,False,False
888,596866,1,1-2,PS,True,False,False
888,596866,2,2-3,PS,True,False,False
888,596866,3,3-4,PS,True,False,False
888,596866,4,4-5,PS,True,False,False
888,596866,5,5-6,PS,True,False,False
888,596866,6,6-7,PS,True,False,False
888,596866,7,7-8,PS,True,False,False
888,596866,8,8-9,PS,True,False,False
888,596866,9,9-10,PS,True,False,False
888,596866,10,10-11,PS,True,False,False
888,596866,11,11-12,PS,True,False,False
888,596866,12,12-13,PS,True,False,False
888,596866,13,13-14,PS,True,False,False
888,596866,14,14-15,PS,True,False,False
888,596866,15,15-16,PS,True,False,False
888,596866,16,16-17,PS,True,False,False
889,596867,1,1-2,PS,True,False,False
889,596867,2,2-3,PS,True,False,False
889,596867,3,3-4,PS,True,False,False
889,596867,4,4-5,PS,True,False,False
889,596867,5,5-6,PS,True,False,False
889,596867,6,6-7,PS,True,False,False
889,596867,7,7-8,PS,True,False,False
889,596867,8,8-9,PS,True,False,False
889,596867,9,9-10,PS,True,False,False
889,596867,10,10-11,PS,True,False,False
889,596867,11,11-12,PS,True,False,False
889,596867,12,12-13,PS,True,False,False
889,596867,13,13-14,PS,True,False,False
889,596867,14,14-15,PS,True,False,False
889,596867,15,15-16,PS,True,False,False
889,596867,16,16-17,PS,True,False,False
890,596868,1,1-2,PS,True,False,False
890,596868,2,2-3,PS,True,False,False
890,596868,3,3-4,PS,True,False,False
890,596868,4,4-5,PS,True,False,False
890,596868,5,5-6,PS,True,False,False
890,596868,6,6-7,PS,True,False,False
890,596868,7,7-8,PS,True,False,False
890,596868,8,8-9,PS,True,False,False
890,596868,9,9-10,PS,True,False,False
890,596868,10,10-11,PS,True,False,False
890,596868,11,11-12,PS,True,False,False
890,596868,12,12-13,PS,True,False,False
890,596868,13,13-14,PS,True,False,False
890,596868,14,14-15,PS,True,False,False
890,596868,15,15-16,PS,True,False,False
890,596868,16,16-17,PS,True,False,False
891,596869,1,1-2,PS,True,False,False
891,596869,2,2-3,PS,True,False,False
891,596869,3,3-4,PS,True,False,False
891,596869,4,4-5,PS,True,False,False
891,596869,5,5-6,PS,True,False,False
891,596869,6,6-7,PS,True,False,False
891,596869,7,7-8,PS,True,False,False
891,596869,8,8-9,PS,True,False,False
891,596869,9,9-10,PS,True,False,False
891,596869,10,10-11,PS,True,False,False
891,596869,11,11-12,PS,True,False,False
891,596869,12,12-13,PS,True,False,False
891,596869,13,13-14,PS,True,False,False
891,596869,14,14-15,PS,True,False,False
891,596869,15,15-16,PS,True,False,False
891,596869,16,16-17,PS,True,False,False
892,596870,1,1-2,PS,True,False,False
892,596870,2,2-3,PS,True,False,False
892,596870,3,3-4,PS,True,False,False
892,596870,4,4-5,PS,True,False,False
892,596870,5,5-6,PS,True,False,False
892,596870,6,6-7,PS,True,False,False
892,596870,7,7-8,PS,True,False,False
892,596870,8,8-9,PS,True,False,False
892,596870,9,9-10,PS,True,False,False
892,596870,10,10-11,PS,True,False,False
892,596870,11,11-12,PS,True,False,False
892,596870,12,12-13,PS,True,False,False
892,596870,13,13-14,PS,True,False,False
892,596870,14,14-15,PS,True,False,False
892,596870,15,15-16,PS,True,False,False
892,596870,16,16-17,PS,True,False,False
893,596871,1,1-2,PS,True,False,False
893,596871,2,2-3,PS,True,False,False
893,596871,3,3-4,PS,True,False,False
893,596871,4,4-5,PS,True,False,False
893,596871,5,5-6,PS,True,False,False
893,596871,6,6-7,PS,True,False,False
893,596871,7,7-8,PS,True,False,False
893,596871,8,8-9,PS,True,False,False
893,596871,9,9-10,PS,True,False,False
893,596871,10,10-11,PS,True,False,False
893,596871,11,11-12,PS,True,False,False
893,596871,12,12-13,PS,True,False,False
893,596871,13,13-14,PS,True,False,False
893,596871,14,14-15,PS,True,False,False
893,596871,15,15-16,PS,True,False,False
893,596871,16,16-17,PS,True,False,False
894,596872,1,1-2,PS,True,False,False
894,596872,2,2-3,PS,True,False,False
894,596872,3,3-4,PS,True,False,False
894,596872,4,4-5,PS,True,False,False
894,596872,5,5-6,PS,True,False,False
894,596872,6,6-7,PS,True,False,False
894,596872,7,7-8,PS,True,False,False
894,596872,8,8-9,PS,True,False,False
894,596872,9,9-10,PS,True,False,False
894,596872,10,10-11,PS,True,False,False
894,596872,11,11-12,PS,True,False,False
894,596872,12,12-13,PS,True,False,False
894,596872,13,13-14,PS,True,False,False
894,596872,14,14-15,PS,True,False,False
894,596872,15,15-16,PS,True,False,False
894,596872,16,16-17,PS,True,False,False
895,596873,1,1-2,PS,True,False,False
895,596873,2,2-3,PS,True,False,False
895,596873,3,3-4,PS,True,False,False
895,596873,4,4-5,PS,True,False,False
895,596873,5,5-6,PS,True,False,False
895,596873,6,6-7,PS,True,False,False
895,596873,7,7-8,PS,True,False,False
895,596873,8,8-9,PS,True,False,False
895,596873,9,9-10,PS,True,False,False
895,596873,10,10-11,PS,True,False,False
895,596873,11,11-12,PS,True,False,False
895,596873,12,12-13,PS,True,False,False
895,596873,13,13-14,PS,True,False,False
895,596873,14,14-15,PS,True,False,False
895,596873,15,15-16,PS,True,False,False
895,596873,16,16-17,PS,True,False,False
896,596874,1,1-2,PS,True,False,False
896,596874,2,2-3,PS,True,False,False
896,596874,3,3-4,PS,True,False,False
896,596874,4,4-5,PS,True,False,False
896,596874,5,5-6,PS,True,False,False
896,596874,6,6-7,PS,True,False,False
896,596874,7,7-8,PS,True,False,False
896,596874,8,8-9,PS,True,False,False
896,596874,9,9-10,PS,True,False,False
896,596874,10,10-11,PS,True,False,False
896,596874,11,11-12,PS,True,False,False
896,596874,12,12-13,PS,True,False,False
896,596874,13,13-14,PS,True,False,False
896,596874,14,14-15,PS,True,False,False
896,596874,15,15-16,PS,True,False,False
896,596874,16,16-17,PS,True,False,False
897,596875,1,1-2,PS,True,False,False
897,596875,2,2-3,PS,True,False,False
897,596875,3,3-4,PS,True,False,False
897,596875,4,4-5,PS,True,False,False
897,596875,5,5-6,PS,True,False,False
897,596875,6,6-7,PS,True,False,False
897,596875,7,7-8,PS,True,False,False
897,596875,8,8-9,PS,True,False,False
897,596875,9,9-10,PS,True,False,False
897,596875,10,10-11,PS,True,False,False
897,596875,11,11-12,PS,True,False,False
897,596875,12,12-13,PS,True,False,False
897,596875,13,13-14,PS,True,False,False
897,596875,14,14-15,PS,True,False,False
897,596875,15,15-16,PS,True,False,False
897,596875,16,16-17,PS,True,False,False
898,596876,1,1-2,PS,True,False,False
898,596876,2,2-3,PS,True,False,False
898,596876,3,3-4,PS,True,False,False
898,596876,4,4-5,PS,True,False,False
898,596876,5,5-6,PS,True,False,False
898,596876,6,6-7,PS,True,False,False
898,596876,7,7-8,PS,True,False,False
898,596876,8,8-9,PS,True,False,False
898,596876,9,9-10,PS,True,False,False
898,596876,10,10-11,PS,True,False,False
898,596876,11,11-12,PS,True,False,False
898,596876,12,12-13,PS,True,False,False
898,596876,13,13-14,PS,True,False,False
898,596876,14,14-15,PS,True,False,False
898,596876,15,15-16,PS,True,False,False
898,596876,16,16-17,PS,True,False,False
899,596877,1,1-2,PS,True,False,False
899,596877,2,2-3,PS,True,False,False
899,596877,3,3-4,PS,True,False,False
899,596877,4,4-5,PS,True,False,False
899,596877,5,5-6,PS,True,False,False
899,596877,6,6-7,PS,True,False,False
899,596877,7,7-8,PS,True,False,False
899,596877,8,8-9,PS,True,False,False
899,596877,9,9-10,PS,True,False,False
899,596877,10,10-11,PS,True,False,False
899,596877,11,11-12,PS,True,False,False
899,596877,12,12-13,PS,True,False,False
899,596877,13,13-14,PS,True,False,False
899,596877,14,14-15,PS,True,False,False
899,596877,15,15-16,PS,True,False,False
899,596877,16,16-17,PS,True,False,False
900,596878,1,1-2,PS,True,False,False
900,596878,2,2-3,PS,True,False,False
900,596878,3,3-4,PS,True,False,False
900,596878,4,4-5,PS,True,False,False
900,596878,5,5-6,PS,True,False,False
900,596878,6,6-7,PS,True,False,False
900,596878,7,7-8,PS,True,False,False
900,596878,8,8-9,PS,True,False,False
900,596878,9,9-10,PS,True,False,False
900,596878,10,10-11,PS,True,False,False
900,596878,11,11-12,PS,True,False,False
900,596878,12,12-13,PS,True,False,False
900,596878,13,13-14,PS,True,False,False
900,596878,14,14-15,PS,True,False,False
900,596878,15,15-16,PS,True,False,False
900,596878,16,16-17,PS,True,False,False
901,596879,1,1-2,PS,True,False,False
901,596879,2,2-3,PS,True,False,False
901,596879,3,3-4,PS,True,False,False
901,596879,4,4-5,PS,True,False,False
901,596879,5,5-6,PS,True,False,False
901,596879,6,6-7,PS,True,False,False
901,596879,7,7-8,PS,True,False,False
901,596879,8,8-9,PS,True,False,False
901,596879,9,9-10,PS,True,False,False
901,596879,10,10-11,PS,True,False,False
901,596879,11,11-12,PS,True,False,False
901,596879,12,12-13,PS,True,False,False
901,596879,13,13-14,PS,True,False,False
901,596879,14,14-15,PS,True,False,False
901,596879,15,15-16,PS,True,False,False
901,596879,16,16-17,PS,True,False,False
902,596880,1,1-2,PS,True,False,False
902,596880,2,2-3,PS,True,False,False
902,596880,3,3-4,PS,True,False,False
902,596880,4,4-5,PS,True,False,False
902,596880,5,5-6,PS,True,False,False
902,596880,6,6-7,PS,True,False,False
902,596880,7,7-8,PS,True,False,False
902,596880,8,8-9,PS,True,False,False
902,596880,9,9-10,PS,True,False,False
902,596880,10,10-11,PS,True,False,False
902,596880,11,11-12,PS,True,False,False
902,596880,12,12-13,PS,True,False,False
902,596880,13,13-14,PS,True,False,False
902,596880,14,14-15,PS,True,False,False
902,596880,15,15-16,PS,True,False,False
902,596880,16,16-17,PS,True,False,False
903,596881,1,1-2,PS,True,False,False
903,596881,2,2-3,PS,True,False,False
903,596881,3,3-4,PS,True,False,False
903,596881,4,4-5,PS,True,False,False
903,596881,5,5-6,PS,True,False,False
903,596881,6,6-7,PS,True,False,False
903,596881,7,7-8,PS,True,False,False
903,596881,8,8-9,PS,True,False,False
903,596881,9,9-10,PS,True,False,False
903,596881,10,10-11,PS,True,False,False
903,596881,11,11-12,PS,True,False,False
903,596881,12,12-13,PS,True,False,False
903,596881,13,13-14,PS,True,False,False
903,596881,14,14-15,PS,True,False,False
903,596881,15,15-16,PS,True,False,False
903,596881,16,16-17,PS,True,False,False
904,596882,1,1-2,PS,True,False,False
904,596882,2,2-3,PS,True,False,False
904,596882,3,3-4,PS,True,False,False
904,596882,4,4-5,PS,True,False,False
904,596882,5,5-6,PS,True,False,False
904,596882,6,6-7,PS,True,False,False
904,596882,7,7-8,PS,True,False,False
904,596882,8,8-9,PS,True,False,False
904,596882,9,9-10,PS,True,False,False
904,596882,10,10-11,PS,True,False,False
904,596882,11,11-12,PS,True,False,False
904,596882,12,12-13,PS,True,False,False
904,596882,13,13-14,PS,True,False,False
904,596882,14,14-15,PS,True,False,False
904,596882,15,15-16,PS,True,False,False
904,596882,16,16-17,PS,True,False,False
905,596883,1,1-2,PS,True,False,False
905,596883,2,2-3,PS,True,False,False
905,596883,3,3-4,PS,True,False,False
905,596883,4,4-5,PS,True,False,False
905,596883,5,5-6,PS,True,False,False
905,596883,6,6-7,PS,True,False,False
905,596883,7,7-8,PS,True,False,False
905,596883,8,8-9,PS,True,False,False
905,596883,9,9-10,PS,True,False,False
905,596883,10,10-11,PS,True,False,False
905,596883,11,11-12,PS,True,False,False
905,596883,12,12-13,PS,True,False,False
905,596883,13,13-14,PS,True,False,False
905,596883,14,14-15,PS,True,False,False
905,596883,15,15-16,PS,True,False,False
905,596883,16,16-17,PS,True,False,False
906,596884,1,1-2,PS,True,False,False
906,596884,2,2-3,PS,True,False,False
906,596884,3,3-4,PS,True,False,False
906,596884,4,4-5,PS,True,False,False
906,596884,5,5-6,PS,True,False,False
906,596884,6,6-7,PS,True,False,False
906,596884,7,7-8,PS,True,False,False
906,596884,8,8-9,PS,True,False,False
906,596884,9,9-10,PS,True,False,False
906,596884,10,10-11,PS,True,False,False
906,596884,11,11-12,PS,True,False,False
906,596884,12,12-13,PS,True,False,False
906,596884,13,13-14,PS,True,False,False
906,596884,14,14-15,PS,True,False,False
906,596884,15,15-16,PS,True,False,False
906,596884,16,16-17,PS,True,False,False
907,596885,1,1-2,PS,True,False,False
907,596885,2,2-3,PS,True,False,False
907,596885,3,3-4,PS,True,False,False
907,596885,4,4-5,PS,True,False,False
907,596885,5,5-6,PS,True,False,False
907,596885,6,6-7,PS,True,False,False
907,596885,7,7-8,PS,True,False,False
907,596885,8,8-9,PS,True,False,False
907,596885,9,9-10,PS,True,False,False
907,596885,10,10-11,PS,True,False,False
907,596885,11,11-12,PS,True,False,False
907,596885,12,12-13,PS,True,False,False
907,596885,13,13-14,PS,True,False,False
907,596885,14,14-15,PS,True,False,False
907,596885,15,15-16,PS,True,False,False
907,596885,16,16-17,PS,True,False,False
908,596886,1,1-2,PS,True,False,False
908,596886,2,2-3,PS,True,False,False
908,596886,3,3-4,PS,True,False,False
908,596886,4,4-5,PS,True,False,False
908,596886,5,5-6,PS,True,False,False
908,596886,6,6-7,PS,True,False,False
908,596886,7,7-8,PS,True,False,False
908,596886,8,8-9,PS,True,False,False
908,596886,9,9-10,PS,True,False,False
908,596886,10,10-11,PS,True,False,False
908,596886,11,11-12,PS,True,False,False
908,596886,12,12-13,PS,True,False,False
908,596886,13,13-14,PS,True,False,False
908,596886,14,14-15,PS,True,False,False
908,596886,15,15-16,PS,True,False,False
908,596886,16,16-17,PS,True,False,False
909,596887,1,1-2,PS,True,False,False
909,596887,2,2-3,PS,True,False,False
909,596887,3,3-4,PS,True,False,False
909,596887,4,4-5,PS,True,False,False
909,596887,5,5-6,PS,True,False,False
909,596887,6,6-7,PS,True,False,False
909,596887,7,7-8,PS,True,False,False
909,596887,8,8-9,PS,True,False,False
909,596887,9,9-10,PS,True,False,False
909,596887,10,10-11,PS,True,False,False
909,596887,11,11-12,PS,True,False,False
909,596887,12,12-13,PS,True,False,False
909,596887,13,13-14,PS,True,False,False
909,596887,14,14-15,PS,True,False,False
909,596887,15,15-16,PS,True,False,False
909,596887,16,16-17,PS,True,False,False
910,596888,1,1-2,PS,True,False,False
910,596888,2,2-3,PS,True,False,False
910,596888,3,3-4,PS,True,False,False
910,596888,4,4-5,PS,True,False,False
910,596888,5,5-6,PS,True,False,False
910,596888,6,6-7,PS,True,False,False
910,596888,7,7-8,PS,True,False,False
910,596888,8,8-9,PS,True,False,False
910,596888,9,9-10,PS,True,False,False
910,596888,10,10-11,PS,True,False,False
910,596888,11,11-12,PS,True,False,False
910,596888,12,12-13,PS,True,False,False
910,596888,13,13-14,PS,True,False,False
910,596888,14,14-15,PS,True,False,False
910,596888,15,15-16,PS,True,False,False
910,596888,16,16-17,PS,True,False,False
911,596889,1,1-2,PS,True,False,False
911,596889,2,2-3,PS,True,False,False
911,596889,3,3-4,PS,True,False,False
911,596889,4,4-5,PS,True,False,False
911,596889,5,5-6,PS,True,False,False
911,596889,6,6-7,PS,True,False,False
911,596889,7,7-8,PS,True,False,False
911,596889,8,8-9,PS,True,False,False
911,596889,9,9-10,PS,True,False,False
911,596889,10,10-11,PS,True,False,False
911,596889,11,11-12,PS,True,False,False
911,596889,12,12-13,PS,True,False,False
911,596889,13,13-14,PS,True,False,False
911,596889,14,14-15,PS,True,False,False
911,596889,15,15-16,PS,True,False,False
911,596889,16,16-17,PS,True,False,False
912,596890,1,1-2,PS,True,False,False
912,596890,2,2-3,PS,True,False,False
912,596890,3,3-4,PS,True,False,False
912,596890,4,4-5,PS,True,False,False
912,596890,5,5-6,PS,True,False,False
912,596890,6,6-7,PS,True,False,False
912,596890,7,7-8,PS,True,False,False
912,596890,8,8-9,PS,True,False,False
912,596890,9,9-10,PS,True,False,False
912,596890,10,10-11,PS,True,False,False
912,596890,11,11-12,PS,True,False,False
912,596890,12,12-13,PS,True,False,False
912,596890,13,13-14,PS,True,False,False
912,596890,14,14-15,PS,True,False,False
912,596890,15,15-16,PS,True,False,False
912,596890,16,16-17,PS,True,False,False
913,596891,1,1-2,PS,True,False,False
913,596891,2,2-3,PS,True,False,False
913,596891,3,3-4,PS,True,False,False
913,596891,4,4-5,PS,True,False,False
913,596891,5,5-6,PS,True,False,False
913,596891,6,6-7,PS,True,False,False
913,596891,7,7-8,PS,True,False,False
913,596891,8,8-9,PS,True,False,False
913,596891,9,9-10,PS,True,False,False
913,596891,10,10-11,PS,True,False,False
913,596891,11,11-12,PS,True,False,False
913,596891,12,12-13,PS,True,False,False
913,596891,13,13-14,PS,True,False,False
913,596891,14,14-15,PS,True,False,False
913,596891,15,15-16,PS,True,False,False
913,596891,16,16-17,PS,True,False,False
914,596892,1,1-2,PS,True,False,False
914,596892,2,2-3,PS,True,False,False
914,596892,3,3-4,PS,True,False,False
914,596892,4,4-5,PS,True,False,False
914,596892,5,5-6,PS,True,False,False
914,596892,6,6-7,PS,True,False,False
914,596892,7,7-8,PS,True,False,False
914,596892,8,8-9,PS,True,False,False
914,596892,9,9-10,PS,True,False,False
914,596892,10,10-11,PS,True,False,False
914,596892,11,11-12,PS,True,False,False
914,596892,12,12-13,PS,True,False,False
914,596892,13,13-14,PS,True,False,False
914,596892,14,14-15,PS,True,False,False
914,596892,15,15-16,PS,True,False,False
914,596892,16,16-17,PS,True,False,False
915,596893,1,1-2,PS,True,False,False
915,596893,2,2-3,PS,True,False,False
915,596893,3,3-4,PS,True,False,False
915,596893,4,4-5,PS,True,False,False
915,596893,5,5-6,PS,True,False,False
915,596893,6,6-7,PS,True,False,False
915,596893,7,7-8,PS,True,False,False
915,596893,8,8-9,PS,True,False,False
915,596893,9,9-10,PS,True,False,False
915,596893,10,10-11,PS,True,False,False
915,596893,11,11-12,PS,True,False,False
915,596893,12,12-13,PS,True,False,False
915,596893,13,13-14,PS,True,False,False
915,596893,14,14-15,PS,True,False,False
915,596893,15,15-16,PS,True,False,False
915,596893,16,16-17,PS,True,False,False
916,596894,1,1-2,PS,True,False,False
916,596894,2,2-3,PS,True,False,False
916,596894,3,3-4,PS,True,False,False
916,596894,4,4-5,PS,True,False,False
916,596894,5,5-6,PS,True,False,False
916,596894,6,6-7,PS,True,False,False
916,596894,7,7-8,PS,True,False,False
916,596894,8,8-9,PS,True,False,False
916,596894,9,9-10,PS,True,False,False
916,596894,10,10-11,PS,True,False,False
916,596894,11,11-12,PS,True,False,False
916,596894,12,12-13,PS,True,False,False
916,596894,13,13-14,PS,True,False,False
916,596894,14,14-15,PS,True,False,False
916,596894,15,15-16,PS,True,False,False
916,596894,16,16-17,PS,True,False,False
917,596895,1,1-2,PS,True,False,False
917,596895,2,2-3,PS,True,False,False
917,596895,3,3-4,PS,True,False,False
917,596895,4,4-5,PS,True,False,False
917,596895,5,5-6,PS,True,False,False
917,596895,6,6-7,PS,True,False,False
917,596895,7,7-8,PS,True,False,False
917,596895,8,8-9,PS,True,False,False
917,596895,9,9-10,PS,True,False,False
917,596895,10,10-11,PS,True,False,False
917,596895,11,11-12,PS,True,False,False
917,596895,12,12-13,PS,True,False,False
917,596895,13,13-14,PS,True,False,False
917,596895,14,14-15,PS,True,False,False
917,596895,15,15-16,PS,True,False,False
917,596895,16,16-17,PS,True,False,False
918,596896,1,1-2,PS,True,False,False
918,596896,2,2-3,PS,True,False,False
918,596896,3,3-4,PS,True,False,False
918,596896,4,4-5,PS,True,False,False
918,596896,5,5-6,PS,True,False,False
918,596896,6,6-7,PS,True,False,False
918,596896,7,7-8,PS,True,False,False
918,596896,8,8-9,PS,True,False,False
918,596896,9,9-10,PS,True,False,False
918,596896,10,10-11,PS,True,False,False
918,596896,11,11-12,PS,True,False,False
918,596896,12,12-13,PS,True,False,False
918,596896,13,13-14,PS,True,False,False
918,596896,14,14-15,PS,True,False,False
918,596896,15,15-16,PS,True,False,False
918,596896,16,16-17,PS,True,False,False
919,596897,1,1-2,PS,True,False,False
919,596897,2,2-3,PS,True,False,False
919,596897,3,3-4,PS,True,False,False
919,596897,4,4-5,PS,True,False,False
919,596897,5,5-6,PS,True,False,False
919,596897,6,6-7,PS,True,False,False
919,596897,7,7-8,PS,True,False,False
919,596897,8,8-9,PS,True,False,False
919,596897,9,9-10,PS,True,False,False
919,596897,10,10-11,PS,True,False,False
919,596897,11,11-12,PS,True,False,False
919,596897,12,12-13,PS,True,False,False
919,596897,13,13-14,PS,True,False,False
919,596897,14,14-15,PS,True,False,False
919,596897,15,15-16,PS,True,False,False
919,596897,16,16-17,PS,True,False,False
920,596898,1,1-2,PS,True,False,False
920,596898,2,2-3,PS,True,False,False
920,596898,3,3-4,PS,True,False,False
920,596898,4,4-5,PS,True,False,False
920,596898,5,5-6,PS,True,False,False
920,596898,6,6-7,PS,True,False,False
920,596898,7,7-8,PS,True,False,False
920,596898,8,8-9,PS,True,False,False
920,596898,9,9-10,PS,True,False,False
920,596898,10,10-11,PS,True,False,False
920,596898,11,11-12,PS,True,False,False
920,596898,12,12-13,PS,True,False,False
920,596898,13,13-14,PS,True,False,False
920,596898,14,14-15,PS,True,False,False
920,596898,15,15-16,PS,True,False,False
920,596898,16,16-17,PS,True,False,False
921,596899,1,1-2,PS,True,False,False
921,596899,2,2-3,PS,True,False,False
921,596899,3,3-4,PS,True,False,False
921,596899,4,4-5,PS,True,False,False
921,596899,5,5-6,PS,True,False,False
921,596899,6,6-7,PS,True,False,False
921,596899,7,7-8,PS,True,False,False
921,596899,8,8-9,PS,True,False,False
921,596899,9,9-10,PS,True,False,False
921,596899,10,10-11,PS,True,False,False
921,596899,11,11-12,PS,True,False,False
921,596899,12,12-13,PS,True,False,False
921,596899,13,13-14,PS,True,False,False
921,596899,14,14-15,PS,True,False,False
921,596899,15,15-16,PS,True,False,False
921,596899,16,16-17,PS,True,False,False
922,596900,1,1-2,PS,True,False,False
922,596900,2,2-3,PS,True,False,False
922,596900,3,3-4,PS,True,False,False
922,596900,4,4-5,PS,True,False,False
922,596900,5,5-6,PS,True,False,False
922,596900,6,6-7,PS,True,False,False
922,596900,7,7-8,PS,True,False,False
922,596900,8,8-9,PS,True,False,False
922,596900,9,9-10,PS,True,False,False
922,596900,10,10-11,PS,True,False,False
922,596900,11,11-12,PS,True,False,False
922,596900,12,12-13,PS,True,False,False
922,596900,13,13-14,PS,True,False,False
922,596900,14,14-15,PS,True,False,False
922,596900,15,15-16,PS,True,False,False
922,596900,16,16-17,PS,True,False,False
923,596901,1,1-2,PS,True,False,False
923,596901,2,2-3,PS,True,False,False
923,596901,3,3-4,PS,True,False,False
923,596901,4,4-5,PS,True,False,False
923,596901,5,5-6,PS,True,False,False
923,596901,6,6-7,PS,True,False,False
923,596901,7,7-8,PS,True,False,False
923,596901,8,8-9,PS,True,False,False
923,596901,9,9-10,PS,True,False,False
923,596901,10,10-11,PS,True,False,False
923,596901,11,11-12,PS,True,False,False
923,596901,12,12-13,PS,True,False,False
923,596901,13,13-14,PS,True,False,False
923,596901,14,14-15,PS,True,False,False
923,596901,15,15-16,PS,True,False,False
923,596901,16,16-17,PS,True,False,False
924,596902,1,1-2,PS,True,False,False
924,596902,2,2-3,PS,True,False,False
924,596902,3,3-4,PS,True,False,False
924,596902,4,4-5,PS,True,False,False
924,596902,5,5-6,PS,True,False,False
924,596902,6,6-7,PS,True,False,False
924,596902,7,7-8,PS,True,False,False
924,596902,8,8-9,PS,True,False,False
924,596902,9,9-10,PS,True,False,False
924,596902,10,10-11,PS,True,False,False
924,596902,11,11-12,PS,True,False,False
924,596902,12,12-13,PS,True,False,False
924,596902,13,13-14,PS,True,False,False
924,596902,14,14-15,PS,True,False,False
924,596902,15,15-16,PS,True,False,False
924,596902,16,16-17,PS,True,False,False
925,596903,1,1-2,PS,True,False,False
925,596903,2,2-3,PS,True,False,False
925,596903,3,3-4,PS,True,False,False
925,596903,4,4-5,PS,True,False,False
925,596903,5,5-6,PS,True,False,False
925,596903,6,6-7,PS,True,False,False
925,596903,7,7-8,PS,True,False,False
925,596903,8,8-9,PS,True,False,False
925,596903,9,9-10,PS,True,False,False
925,596903,10,10-11,PS,True,False,False
925,596903,11,11-12,PS,True,False,False
925,596903,12,12-13,PS,True,False,False
925,596903,13,13-14,PS,True,False,False
925,596903,14,14-15,PS,True,False,False
925,596903,15,15-16,PS,True,False,False
925,596903,16,16-17,PS,True,False,False
926,596904,1,1-2,PS,True,False,False
926,596904,2,2-3,PS,True,False,False
926,596904,3,3-4,PS,True,False,False
926,596904,4,4-5,PS,True,False,False
926,596904,5,5-6,PS,True,False,False
926,596904,6,6-7,PS,True,False,False
926,596904,7,7-8,PS,True,False,False
926,596904,8,8-9,PS,True,False,False
926,596904,9,9-10,PS,True,False,False
926,596904,10,10-11,PS,True,False,False
926,596904,11,11-12,PS,True,False,False
926,596904,12,12-13,PS,True,False,False
926,596904,13,13-14,PS,True,False,False
926,596904,14,14-15,PS,True,False,False
926,596904,15,15-16,PS,True,False,False
926,596904,16,16-17,PS,True,False,False
927,596905,1,1-2,PS,True,False,False
927,596905,2,2-3,PS,True,False,False
927,596905,3,3-4,PS,True,False,False
927,596905,4,4-5,PS,True,False,False
927,596905,5,5-6,PS,True,False,False
927,596905,6,6-7,PS,True,False,False
927,596905,7,7-8,PS,True,False,False
927,596905,8,8-9,PS,True,False,False
927,596905,9,9-10,PS,True,False,False
927,596905,10,10-11,PS,True,False,False
927,596905,11,11-12,PS,True,False,False
927,596905,12,12-13,PS,True,False,False
927,596905,13,13-14,PS,True,False,False
927,596905,14,14-15,PS,True,False,False
927,596905,15,15-16,PS,True,False,False
927,596905,16,16-17,PS,True,False,False
928,596906,1,1-2,PS,True,False,False
928,596906,2,2-3,PS,True,False,False
928,596906,3,3-4,PS,True,False,False
928,596906,4,4-5,PS,True,False,False
928,596906,5,5-6,PS,True,False,False
928,596906,6,6-7,PS,True,False,False
928,596906,7,7-8,PS,True,False,False
928,596906,8,8-9,PS,True,False,False
928,596906,9,9-10,PS,True,False,False
928,596906,10,10-11,PS,True,False,False
928,596906,11,11-12,PS,True,False,False
928,596906,12,12-13,PS,True,False,False
928,596906,13,13-14,PS,True,False,False
928,596906,14,14-15,PS,True,False,False
928,596906,15,15-16,PS,True,False,False
928,596906,16,16-17,PS,True,False,False
929,596907,1,1-2,PS,True,False,False
929,596907,2,2-3,PS,True,False,False
929,596907,3,3-4,PS,True,False,False
929,596907,4,4-5,PS,True,False,False
929,596907,5,5-6,PS,True,False,False
929,596907,6,6-7,PS,True,False,False
929,596907,7,7-8,PS,True,False,False
929,596907,8,8-9,PS,True,False,False
929,596907,9,9-10,PS,True,False,False
929,596907,10,10-11,PS,True,False,False
929,596907,11,11-12,PS,True,False,False
929,596907,12,12-13,PS,True,False,False
929,596907,13,13-14,PS,True,False,False
929,596907,14,14-15,PS,True,False,False
929,596907,15,15-16,PS,True,False,False
929,596907,16,16-17,PS,True,False,False
930,596908,1,1-2,PS,True,False,False
930,596908,2,2-3,PS,True,False,False
930,596908,3,3-4,PS,True,False,False
930,596908,4,4-5,PS,True,False,False
930,596908,5,5-6,PS,True,False,False
930,596908,6,6-7,PS,True,False,False
930,596908,7,7-8,PS,True,False,False
930,596908,8,8-9,PS,True,False,False
930,596908,9,9-10,PS,True,False,False
930,596908,10,10-11,PS,True,False,False
930,596908,11,11-12,PS,True,False,False
930,596908,12,12-13,PS,True,False,False
930,596908,13,13-14,PS,True,False,False
930,596908,14,14-15,PS,True,False,False
930,596908,15,15-16,PS,True,False,False
930,596908,16,16-17,PS,True,False,False
931,596909,1,1-2,PS,True,False,False
931,596909,2,2-3,PS,True,False,False
931,596909,3,3-4,PS,True,False,False
931,596909,4,4-5,PS,True,False,False
931,596909,5,5-6,PS,True,False,False
931,596909,6,6-7,PS,True,False,False
931,596909,7,7-8,PS,True,False,False
931,596909,8,8-9,PS,True,False,False
931,596909,9,9-10,PS,True,False,False
931,596909,10,10-11,PS,True,False,False
931,596909,11,11-12,PS,True,False,False
931,596909,12,12-13,PS,True,False,False
931,596909,13,13-14,PS,True,False,False
931,596909,14,14-15,PS,True,False,False
931,596909,15,15-16,PS,True,False,False
931,596909,16,16-17,PS,True,False,False
932,596910,1,1-2,PS,True,False,False
932,596910,2,2-3,PS,True,False,False
932,596910,3,3-4,PS,True,False,False
932,596910,4,4-5,PS,True,False,False
932,596910,5,5-6,PS,True,False,False
932,596910,6,6-7,PS,True,False,False
932,596910,7,7-8,PS,True,False,False
932,596910,8,8-9,PS,True,False,False
932,596910,9,9-10,PS,True,False,False
932,596910,10,10-11,PS,True,False,False
932,596910,11,11-12,PS,True,False,False
932,596910,12,12-13,PS,True,False,False
932,596910,13,13-14,PS,True,False,False
932,596910,14,14-15,PS,True,False,False
932,596910,15,15-16,PS,True,False,False
932,596910,16,16-17,PS,True,False,False
933,596911,1,1-2,PS,True,False,False
933,596911,2,2-3,PS,True,False,False
933,596911,3,3-4,PS,True,False,False
933,596911,4,4-5,PS,True,False,False
933,596911,5,5-6,PS,True,False,False
933,596911,6,6-7,PS,True,False,False
933,596911,7,7-8,PS,True,False,False
933,596911,8,8-9,PS,True,False,False
933,596911,9,9-10,PS,True,False,False
933,596911,10,10-11,PS,True,False,False
933,596911,11,11-12,PS,True,False,False
933,596911,12,12-13,PS,True,False,False
933,596911,13,13-14,PS,True,False,False
933,596911,14,14-15,PS,True,False,False
933,596911,15,15-16,PS,True,False,False
933,596911,16,16-17,PS,True,False,False
934,611458,1,1-2,PO,False,True,False
934,611458,2,2-3,PO,False,True,False
934,611458,3,3-4,PO,False,True,False
934,611458,4,4-5,PS,True,False,False
934,611458,5,5-6,PS,True,False,False
934,611458,6,6-7,PS,True,False,False
934,611458,7,7-8,PS,True,False,False
934,611458,8,8-9,PS,True,False,False
934,611458,9,9-10,PS,True,False,False
934,611458,10,10-11,PS,True,False,False
934,611458,11,11-12,PS,True,False,False
934,611458,12,12-13,PS,True,False,False
934,611458,13,13-14,PS,True,False,False
934,611458,14,14-15,PS,True,False,False
934,611458,15,15-16,PO,False,True,False
934,611458,16,16-17,PO,False,True,False
934,611458,17,17-18,PO,False,True,False
934,611458,18,18-19,PS,True,False,False
934,611458,19,19-20,PS,True,False,False
935,611460,1,1-2,PO,False,True,False
935,611460,2,2-3,PO,False,True,False
935,611460,3,3-4,PO,False,True,False
935,611460,4,4-5,PS,True,False,False
935,611460,5,5-6,PS,True,False,False
935,611460,6,6-7,PS,True,False,False
935,611460,7,7-8,PS,True,False,False
935,611460,8,8-9,PS,True,False,False
935,611460,9,9-10,PS,True,False,False
935,611460,10,10-11,PS,True,False,False
935,611460,11,11-12,PS,True,False,False
935,611460,12,12-13,PS,True,False,False
935,611460,13,13-14,PS,True,False,False
935,611460,14,14-15,PS,True,False,False
935,611460,15,15-16,PO,False,True,False
935,611460,16,16-17,PO,False,True,False
935,611460,17,17-18,PO,False,True,False
935,611460,18,18-19,PS,True,False,False
935,611460,19,19-20,PS,True,False,False
936,611474,1,1-2,PO,False,True,False
936,611474,2,2-3,PO,False,True,False
936,611474,3,3-4,PO,False,True,False
936,611474,4,4-5,PS,True,False,False
936,611474,5,5-6,PS,True,False,False
936,611474,6,6-7,PS,True,False,False
936,611474,7,7-8,PS,True,False,False
936,611474,8,8-9,PS,True,False,False
936,611474,9,9-10,PS,True,False,False
936,611474,10,10-11,PS,True,False,False
936,611474,11,11-12,PS,True,False,False
936,611474,12,12-13,PS,True,False,False
936,611474,13,13-14,PS,True,False,False
936,611474,14,14-15,PS,True,False,False
936,611474,15,15-16,PO,False,True,False
936,611474,16,16-17,PO,False,True,False
936,611474,17,17-18,PO,False,True,False
936,611474,18,18-19,PS,True,False,False
936,611474,19,19-20,PS,True,False,False
937,611475,1,1-2,PO,False,True,False
937,611475,2,2-3,PO,False,True,False
937,611475,3,3-4,PO,False,True,False
937,611475,4,4-5,PS,True,False,False
937,611475,5,5-6,PS,True,False,False
937,611475,6,6-7,PS,True,False,False
937,611475,7,7-8,PS,True,False,False
937,611475,8,8-9,PS,True,False,False
937,611475,9,9-10,PS,True,False,False
937,611475,10,10-11,PS,True,False,False
937,611475,11,11-12,PS,True,False,False
937,611475,12,12-13,PS,True,False,False
937,611475,13,13-14,PS,True,False,False
937,611475,14,14-15,PS,True,False,False
937,611475,15,15-16,PO,False,True,False
937,611475,16,16-17,PO,False,True,False
937,611475,17,17-18,PO,False,True,False
937,611475,18,18-19,PS,True,False,False
937,611475,19,19-20,PS,True,False,False
938,611492,1,1-2,PO,False,True,False
938,611492,2,2-3,PO,False,True,False
938,611492,3,3-4,PO,False,True,False
938,611492,4,4-5,PS,True,False,False
938,611492,5,5-6,PS,True,False,False
938,611492,6,6-7,PS,True,False,False
938,611492,7,7-8,PS,True,False,False
938,611492,8,8-9,PS,True,False,False
938,611492,9,9-10,PS,True,False,False
938,611492,10,10-11,PS,True,False,False
938,611492,11,11-12,PS,True,False,False
938,611492,12,12-13,PS,True,False,False
938,611492,13,13-14,PS,True,False,False
938,611492,14,14-15,PS,True,False,False
938,611492,15,15-16,PO,False,True,False
938,611492,16,16-17,PO,False,True,False
938,611492,17,17-18,PO,False,True,False
938,611492,18,18-19,PS,True,False,False
938,611492,19,19-20,PS,True,False,False
939,611497,1,1-2,PO,False,True,False
939,611497,2,2-3,PO,False,True,False
939,611497,3,3-4,PO,False,True,False
939,611497,4,4-5,PS,True,False,False
939,611497,5,5-6,PS,True,False,False
939,611497,6,6-7,PS,True,False,False
939,611497,7,7-8,PS,True,False,False
939,611497,8,8-9,PS,True,False,False
939,611497,9,9-10,PS,True,False,False
939,611497,10,10-11,PS,True,False,False
939,611497,11,11-12,PS,True,False,False
939,611497,12,12-13,PS,True,False,False
939,611497,13,13-14,PS,True,False,False
939,611497,14,14-15,PS,True,False,False
939,611497,15,15-16,PO,False,True,False
939,611497,16,16-17,PO,False,True,False
939,611497,17,17-18,PO,False,True,False
939,611497,18,18-19,PS,True,False,False
939,611497,19,19-20,PS,True,False,False
940,611500,1,1-2,PO,False,True,False
940,611500,2,2-3,PO,False,True,False
940,611500,3,3-4,PO,False,True,False
940,611500,4,4-5,PS,True,False,False
940,611500,5,5-6,PS,True,False,False
940,611500,6,6-7,PS,True,False,False
940,611500,7,7-8,PS,True,False,False
940,611500,8,8-9,PS,True,False,False
940,611500,9,9-10,PS,True,False,False
940,611500,10,10-11,PS,True,False,False
940,611500,11,11-12,PS,True,False,False
940,611500,12,12-13,PS,True,False,False
940,611500,13,13-14,PS,True,False,False
940,611500,14,14-15,PS,True,False,False
940,611500,15,15-16,PO,False,True,False
940,611500,16,16-17,PO,False,True,False
940,611500,17,17-18,PO,False,True,False
940,611500,18,18-19,PS,True,False,False
940,611500,19,19-20,PS,True,False,False
941,612916,1,1-2,PO,False,True,False
941,612916,2,2-3,PO,False,True,False
941,612916,3,3-4,PS,True,False,False
941,612916,4,4-5,PS,True,False,False
941,612916,5,5-6,PS,True,False,False
941,612916,6,6-7,PS,True,False,False
941,612916,7,7-8,PS,True,False,False
941,612916,8,8-9,PS,True,False,False
941,612916,9,9-10,PS,True,False,False
941,612916,10,10-11,PS,True,False,False
941,612916,11,11-12,PS,True,False,False
941,612916,12,12-13,PO,False,True,False
941,612916,13,13-14,PO,False,True,False
941,612916,14,14-15,PS,True,False,False
941,612916,15,15-16,PS,True,False,False
941,612916,16,16-17,PS,True,False,False
942,612918,1,1-2,PO,False,True,False
942,612918,2,2-3,PO,False,True,False
942,612918,3,3-4,PS,True,False,False
942,612918,4,4-5,PS,True,False,False
942,612918,5,5-6,PS,True,False,False
942,612918,6,6-7,PS,True,False,False
942,612918,7,7-8,PS,True,False,False
942,612918,8,8-9,PS,True,False,False
942,612918,9,9-10,PS,True,False,False
942,612918,10,10-11,PS,True,False,False
942,612918,11,11-12,PS,True,False,False
942,612918,12,12-13,PO,False,True,False
942,612918,13,13-14,PO,False,True,False
942,612918,14,14-15,PS,True,False,False
942,612918,15,15-16,PS,True,False,False
942,612918,16,16-17,PS,True,False,False
943,612925,1,1-2,PO,False,True,False
943,612925,2,2-3,PO,False,True,False
943,612925,3,3-4,PS,True,False,False
943,612925,4,4-5,PS,True,False,False
943,612925,5,5-6,PS,True,False,False
943,612925,6,6-7,PS,True,False,False
943,612925,7,7-8,PS,True,False,False
943,612925,8,8-9,PS,True,False,False
943,612925,9,9-10,PS,True,False,False
943,612925,10,10-11,PS,True,False,False
943,612925,11,11-12,PS,True,False,False
943,612925,12,12-13,PO,False,True,False
943,612925,13,13-14,PO,False,True,False
943,612925,14,14-15,PS,True,False,False
943,612925,15,15-16,PS,True,False,False
943,612925,16,16-17,PS,True,False,False
944,612927,1,1-2,PO,False,True,False
944,612927,2,2-3,PO,False,True,False
944,612927,3,3-4,PS,True,False,False
944,612927,4,4-5,PS,True,False,False
944,612927,5,5-6,PS,True,False,False
944,612927,6,6-7,PS,True,False,False
944,612927,7,7-8,PS,True,False,False
944,612927,8,8-9,PS,True,False,False
944,612927,9,9-10,PS,True,False,False
944,612927,10,10-11,PS,True,False,False
944,612927,11,11-12,PS,True,False,False
944,612927,12,12-13,PO,False,True,False
944,612927,13,13-14,PO,False,True,False
944,612927,14,14-15,PS,True,False,False
944,612927,15,15-16,PS,True,False,False
944,612927,16,16-17,PS,True,False,False
945,612928,1,1-2,PO,False,True,False
945,612928,2,2-3,PO,False,True,False
945,612928,3,3-4,PS,True,False,False
945,612928,4,4-5,PS,True,False,False
945,612928,5,5-6,PS,True,False,False
945,612928,6,6-7,PS,True,False,False
945,612928,7,7-8,PS,True,False,False
945,612928,8,8-9,PS,True,False,False
945,612928,9,9-10,PS,True,False,False
945,612928,10,10-11,PS,True,False,False
945,612928,11,11-12,PS,True,False,False
945,612928,12,12-13,PO,False,True,False
945,612928,13,13-14,PO,False,True,False
945,612928,14,14-15,PS,True,False,False
945,612928,15,15-16,PS,True,False,False
945,612928,16,16-17,PS,True,False,False
946,612931,1,1-2,PO,False,True,False
946,612931,2,2-3,PO,False,True,False
946,612931,3,3-4,PS,True,False,False
946,612931,4,4-5,PS,True,False,False
946,612931,5,5-6,PS,True,False,False
946,612931,6,6-7,PS,True,False,False
946,612931,7,7-8,PS,True,False,False
946,612931,8,8-9,PS,True,False,False
946,612931,9,9-10,PS,True,False,False
946,612931,10,10-11,PS,True,False,False
946,612931,11,11-12,PS,True,False,False
946,612931,12,12-13,PO,False,True,False
946,612931,13,13-14,PO,False,True,False
946,612931,14,14-15,PS,True,False,False
946,612931,15,15-16,PS,True,False,False
946,612931,16,16-17,PS,True,False,False
947,612932,1,1-2,PO,False,True,False
947,612932,2,2-3,PO,False,True,False
947,612932,3,3-4,PS,True,False,False
947,612932,4,4-5,PS,True,False,False
947,612932,5,5-6,PS,True,False,False
947,612932,6,6-7,PS,True,False,False
947,612932,7,7-8,PS,True,False,False
947,612932,8,8-9,PS,True,False,False
947,612932,9,9-10,PS,True,False,False
947,612932,10,10-11,PS,True,False,False
947,612932,11,11-12,PS,True,False,False
947,612932,12,12-13,PO,False,True,False
947,612932,13,13-14,PO,False,True,False
947,612932,14,14-15,PS,True,False,False
947,612932,15,15-16,PS,True,False,False
947,612932,16,16-17,PS,True,False,False
948,612941,1,1-2,PO,False,True,False
948,612941,2,2-3,PO,False,True,False
948,612941,3,3-4,PO,False,True,False
948,612941,4,4-5,PS,True,False,False
948,612941,5,5-6,PS,True,False,False
948,612941,6,6-7,PS,True,False,False
948,612941,7,7-8,PS,True,False,False
948,612941,8,8-9,PS,True,False,False
948,612941,9,9-10,PS,True,False,False
948,612941,10,10-11,PS,True,False,False
948,612941,11,11-12,PS,True,False,False
948,612941,12,12-13,PS,True,False,False
948,612941,13,13-14,PO,False,True,False
948,612941,14,14-15,PS,True,False,False
948,612941,15,15-16,PS,True,False,False
948,612941,16,16-17,PS,True,False,False
949,612944,1,1-2,PO,False,True,False
949,612944,2,2-3,PO,False,True,False
949,612944,3,3-4,PO,False,True,False
949,612944,4,4-5,PS,True,False,False
949,612944,5,5-6,PS,True,False,False
949,612944,6,6-7,PS,True,False,False
949,612944,7,7-8,PS,True,False,False
949,612944,8,8-9,PS,True,False,False
949,612944,9,9-10,PS,True,False,False
949,612944,10,10-11,PS,True,False,False
949,612944,11,11-12,PS,True,False,False
949,612944,12,12-13,PS,True,False,False
949,612944,13,13-14,PO,False,True,False
949,612944,14,14-15,PS,True,False,False
949,612944,15,15-16,PS,True,False,False
949,612944,16,16-17,PS,True,False,False
950,612947,1,1-2,PO,False,True,False
950,612947,2,2-3,PO,False,True,False
950,612947,3,3-4,PO,False,True,False
950,612947,4,4-5,PS,True,False,False
950,612947,5,5-6,PS,True,False,False
950,612947,6,6-7,PS,True,False,False
950,612947,7,7-8,PS,True,False,False
950,612947,8,8-9,PS,True,False,False
950,612947,9,9-10,PS,True,False,False
950,612947,10,10-11,PS,True,False,False
950,612947,11,11-12,PS,True,False,False
950,612947,12,12-13,PS,True,False,False
950,612947,13,13-14,PO,False,True,False
950,612947,14,14-15,PS,True,False,False
950,612947,15,15-16,PS,True,False,False
950,612947,16,16-17,PS,True,False,False
951,612948,1,1-2,PO,False,True,False
951,612948,2,2-3,PO,False,True,False
951,612948,3,3-4,PO,False,True,False
951,612948,4,4-5,PS,True,False,False
951,612948,5,5-6,PS,True,False,False
951,612948,6,6-7,PS,True,False,False
951,612948,7,7-8,PS,True,False,False
951,612948,8,8-9,PS,True,False,False
951,612948,9,9-10,PS,True,False,False
951,612948,10,10-11,PS,True,False,False
951,612948,11,11-12,PS,True,False,False
951,612948,12,12-13,PS,True,False,False
951,612948,13,13-14,PO,False,True,False
951,612948,14,14-15,PS,True,False,False
951,612948,15,15-16,PS,True,False,False
951,612948,16,16-17,PS,True,False,False
952,612949,1,1-2,PO,False,True,False
952,612949,2,2-3,PO,False,True,False
952,612949,3,3-4,PO,False,True,False
952,612949,4,4-5,PS,True,False,False
952,612949,5,5-6,PS,True,False,False
952,612949,6,6-7,PS,True,False,False
952,612949,7,7-8,PS,True,False,False
952,612949,8,8-9,PS,True,False,False
952,612949,9,9-10,PS,True,False,False
952,612949,10,10-11,PS,True,False,False
952,612949,11,11-12,PS,True,False,False
952,612949,12,12-13,PS,True,False,False
952,612949,13,13-14,PO,False,True,False
952,612949,14,14-15,PS,True,False,False
952,612949,15,15-16,PS,True,False,False
952,612949,16,16-17,PS,True,False,False
953,654301,1,1-2,PO,False,True,False
953,654301,2,2-3,PO,False,True,False
953,654301,3,3-4,PO,False,True,False
953,654301,4,4-5,PS,True,False,False
953,654301,5,5-6,PS,True,False,False
953,654301,6,6-7,PS,True,False,False
953,654301,7,7-8,PS,True,False,False
953,654301,8,8-9,PS,True,False,False
953,654301,9,9-10,PS,True,False,False
953,654301,10,10-11,PS,True,False,False
953,654301,11,11-12,PS,True,False,False
953,654301,12,12-13,PS,True,False,False
953,654301,13,13-14,PO,False,True,False
953,654301,14,14-15,PO,False,True,False
953,654301,15,15-16,PS,True,False,False
953,654301,16,16-17,PS,True,False,False
953,654301,17,17-18,PS,True,False,False
954,654302,1,1-2,PO,False,True,False
954,654302,2,2-3,PO,False,True,False
954,654302,3,3-4,PO,False,True,False
954,654302,4,4-5,PS,True,False,False
954,654302,5,5-6,PS,True,False,False
954,654302,6,6-7,PS,True,False,False
954,654302,7,7-8,PS,True,False,False
954,654302,8,8-9,PS,True,False,False
954,654302,9,9-10,PS,True,False,False
954,654302,10,10-11,PS,True,False,False
954,654302,11,11-12,PS,True,False,False
954,654302,12,12-13,PS,True,False,False
954,654302,13,13-14,PO,False,True,False
954,654302,14,14-15,PO,False,True,False
954,654302,15,15-16,PS,True,False,False
954,654302,16,16-17,PS,True,False,False
954,654302,17,17-18,PS,True,False,False
955,654303,1,1-2,PO,False,True,False
955,654303,2,2-3,PO,False,True,False
955,654303,3,3-4,PO,False,True,False
955,654303,4,4-5,PS,True,False,False
955,654303,5,5-6,PS,True,False,False
955,654303,6,6-7,PS,True,False,False
955,654303,7,7-8,PS,True,False,False
955,654303,8,8-9,PS,True,False,False
955,654303,9,9-10,PS,True,False,False
955,654303,10,10-11,PS,True,False,False
955,654303,11,11-12,PS,True,False,False
955,654303,12,12-13,PS,True,False,False
955,654303,13,13-14,PO,False,True,False
955,654303,14,14-15,PO,False,True,False
955,654303,15,15-16,PS,True,False,False
955,654303,16,16-17,PS,True,False,False
955,654303,17,17-18,PS,True,False,False
956,654304,1,1-2,PO,False,True,False
956,654304,2,2-3,PO,False,True,False
956,654304,3,3-4,PO,False,True,False
956,654304,4,4-5,PS,True,False,False
956,654304,5,5-6,PS,True,False,False
956,654304,6,6-7,PS,True,False,False
956,654304,7,7-8,PS,True,False,False
956,654304,8,8-9,PS,True,False,False
956,654304,9,9-10,PS,True,False,False
956,654304,10,10-11,PS,True,False,False
956,654304,11,11-12,PS,True,False,False
956,654304,12,12-13,PS,True,False,False
956,654304,13,13-14,PO,False,True,False
956,654304,14,14-15,PO,False,True,False
956,654304,15,15-16,PS,True,False,False
956,654304,16,16-17,PS,True,False,False
956,654304,17,17-18,PS,True,False,False
957,654305,1,1-2,PO,False,True,False
957,654305,2,2-3,PO,False,True,False
957,654305,3,3-4,PO,False,True,False
957,654305,4,4-5,PS,True,False,False
957,654305,5,5-6,PS,True,False,False
957,654305,6,6-7,PS,True,False,False
957,654305,7,7-8,PS,True,False,False
957,654305,8,8-9,PS,True,False,False
957,654305,9,9-10,PS,True,False,False
957,654305,10,10-11,PS,True,False,False
957,654305,11,11-12,PS,True,False,False
957,654305,12,12-13,PS,True,False,False
957,654305,13,13-14,PO,False,True,False
957,654305,14,14-15,PO,False,True,False
957,654305,15,15-16,PS,True,False,False
957,654305,16,16-17,PS,True,False,False
957,654305,17,17-18,PS,True,False,False
958,654306,1,1-2,PO,False,True,False
958,654306,2,2-3,PO,False,True,False
958,654306,3,3-4,PO,False,True,False
958,654306,4,4-5,PS,True,False,False
958,654306,5,5-6,PS,True,False,False
958,654306,6,6-7,PS,True,False,False
958,654306,7,7-8,PS,True,False,False
958,654306,8,8-9,PS,True,False,False
958,654306,9,9-10,PS,True,False,False
958,654306,10,10-11,PS,True,False,False
958,654306,11,11-12,PS,True,False,False
958,654306,12,12-13,PS,True,False,False
958,654306,13,13-14,PO,False,True,False
958,654306,14,14-15,PO,False,True,False
958,654306,15,15-16,PS,True,False,False
958,654306,16,16-17,PS,True,False,False
958,654306,17,17-18,PS,True,False,False
959,654307,1,1-2,PO,False,True,False
959,654307,2,2-3,PO,False,True,False
959,654307,3,3-4,PO,False,True,False
959,654307,4,4-5,PS,True,False,False
959,654307,5,5-6,PS,True,False,False
959,654307,6,6-7,PS,True,False,False
959,654307,7,7-8,PS,True,False,False
959,654307,8,8-9,PS,True,False,False
959,654307,9,9-10,PS,True,False,False
959,654307,10,10-11,PS,True,False,False
959,654307,11,11-12,PS,True,False,False
959,654307,12,12-13,PS,True,False,False
959,654307,13,13-14,PO,False,True,False
959,654307,14,14-15,PO,False,True,False
959,654307,15,15-16,PS,True,False,False
959,654307,16,16-17,PS,True,False,False
959,654307,17,17-18,PS,True,False,False
960,654308,1,1-2,PO,False,True,False
960,654308,2,2-3,PO,False,True,False
960,654308,3,3-4,PO,False,True,False
960,654308,4,4-5,PS,True,False,False
960,654308,5,5-6,PS,True,False,False
960,654308,6,6-7,PS,True,False,False
960,654308,7,7-8,PS,True,False,False
960,654308,8,8-9,PS,True,False,False
960,654308,9,9-10,PS,True,False,False
960,654308,10,10-11,PS,True,False,False
960,654308,11,11-12,PS,True,False,False
960,654308,12,12-13,PS,True,False,False
960,654308,13,13-14,PO,False,True,False
960,654308,14,14-15,PO,False,True,False
960,654308,15,15-16,PS,True,False,False
960,654308,16,16-17,PS,True,False,False
960,654308,17,17-18,PS,True,False,False
961,654309,1,1-2,PO,False,True,False
961,654309,2,2-3,PO,False,True,False
961,654309,3,3-4,PO,False,True,False
961,654309,4,4-5,PS,True,False,False
961,654309,5,5-6,PS,True,False,False
961,654309,6,6-7,PS,True,False,False
961,654309,7,7-8,PS,True,False,False
961,654309,8,8-9,PS,True,False,False
961,654309,9,9-10,PS,True,False,False
961,654309,10,10-11,PS,True,False,False
961,654309,11,11-12,PS,True,False,False
961,654309,12,12-13,PS,True,False,False
961,654309,13,13-14,PO,False,True,False
961,654309,14,14-15,PO,False,True,False
961,654309,15,15-16,PS,True,False,False
961,654309,16,16-17,PS,True,False,False
961,654309,17,17-18,PS,True,False,False
962,654310,1,1-2,PO,False,True,False
962,654310,2,2-3,PO,False,True,False
962,654310,3,3-4,PO,False,True,False
962,654310,4,4-5,PS,True,False,False
962,654310,5,5-6,PS,True,False,False
962,654310,6,6-7,PS,True,False,False
962,654310,7,7-8,PS,True,False,False
962,654310,8,8-9,PS,True,False,False
962,654310,9,9-10,PS,True,False,False
962,654310,10,10-11,PS,True,False,False
962,654310,11,11-12,PS,True,False,False
962,654310,12,12-13,PS,True,False,False
962,654310,13,13-14,PO,False,True,False
962,654310,14,14-15,PO,False,True,False
962,654310,15,15-16,PS,True,False,False
962,654310,16,16-17,PS,True,False,False
962,654310,17,17-18,PS,True,False,False
963,654311,1,1-2,PO,False,True,False
963,654311,2,2-3,PO,False,True,False
963,654311,3,3-4,PO,False,True,False
963,654311,4,4-5,PS,True,False,False
963,654311,5,5-6,PS,True,False,False
963,654311,6,6-7,PS,True,False,False
963,654311,7,7-8,PS,True,False,False
963,654311,8,8-9,PS,True,False,False
963,654311,9,9-10,PS,True,False,False
963,654311,10,10-11,PS,True,False,False
963,654311,11,11-12,PS,True,False,False
963,654311,12,12-13,PS,True,False,False
963,654311,13,13-14,PO,False,True,False
963,654311,14,14-15,PO,False,True,False
963,654311,15,15-16,PS,True,False,False
963,654311,16,16-17,PS,True,False,False
963,654311,17,17-18,PS,True,False,False
964,654312,1,1-2,PO,False,True,False
964,654312,2,2-3,PO,False,True,False
964,654312,3,3-4,PO,False,True,False
964,654312,4,4-5,PS,True,False,False
964,654312,5,5-6,PS,True,False,False
964,654312,6,6-7,PS,True,False,False
964,654312,7,7-8,PS,True,False,False
964,654312,8,8-9,PS,True,False,False
964,654312,9,9-10,PS,True,False,False
964,654312,10,10-11,PS,True,False,False
964,654312,11,11-12,PS,True,False,False
964,654312,12,12-13,PS,True,False,False
964,654312,13,13-14,PO,False,True,False
964,654312,14,14-15,PO,False,True,False
964,654312,15,15-16,PS,True,False,False
964,654312,16,16-17,PS,True,False,False
964,654312,17,17-18,PS,True,False,False
965,654313,1,1-2,PO,False,True,False
965,654313,2,2-3,PO,False,True,False
965,654313,3,3-4,PO,False,True,False
965,654313,4,4-5,PS,True,False,False
965,654313,5,5-6,PS,True,False,False
965,654313,6,6-7,PS,True,False,False
965,654313,7,7-8,PS,True,False,False
965,654313,8,8-9,PS,True,False,False
965,654313,9,9-10,PS,True,False,False
965,654313,10,10-11,PS,True,False,False
965,654313,11,11-12,PS,True,False,False
965,654313,12,12-13,PS,True,False,False
965,654313,13,13-14,PO,False,True,False
965,654313,14,14-15,PO,False,True,False
965,654313,15,15-16,PS,True,False,False
965,654313,16,16-17,PS,True,False,False
965,654313,17,17-18,PS,True,False,False
966,654314,1,1-2,PO,False,True,False
966,654314,2,2-3,PO,False,True,False
966,654314,3,3-4,PO,False,True,False
966,654314,4,4-5,PS,True,False,False
966,654314,5,5-6,PS,True,False,False
966,654314,6,6-7,PS,True,False,False
966,654314,7,7-8,PS,True,False,False
966,654314,8,8-9,PS,True,False,False
966,654314,9,9-10,PS,True,False,False
966,654314,10,10-11,PS,True,False,False
966,654314,11,11-12,PS,True,False,False
966,654314,12,12-13,PS,True,False,False
966,654314,13,13-14,PO,False,True,False
966,654314,14,14-15,PO,False,True,False
966,654314,15,15-16,PS,True,False,False
966,654314,16,16-17,PS,True,False,False
966,654314,17,17-18,PS,True,False,False
967,654315,1,1-2,PO,False,True,False
967,654315,2,2-3,PO,False,True,False
967,654315,3,3-4,PO,False,True,False
967,654315,4,4-5,PS,True,False,False
967,654315,5,5-6,PS,True,False,False
967,654315,6,6-7,PS,True,False,False
967,654315,7,7-8,PS,True,False,False
967,654315,8,8-9,PS,True,False,False
967,654315,9,9-10,PS,True,False,False
967,654315,10,10-11,PS,True,False,False
967,654315,11,11-12,PS,True,False,False
967,654315,12,12-13,PS,True,False,False
967,654315,13,13-14,PO,False,True,False
967,654315,14,14-15,PO,False,True,False
967,654315,15,15-16,PS,True,False,False
967,654315,16,16-17,PS,True,False,False
967,654315,17,17-18,PS,True,False,False
968,654316,1,1-2,PO,False,True,False
968,654316,2,2-3,PO,False,True,False
968,654316,3,3-4,PO,False,True,False
968,654316,4,4-5,PS,True,False,False
968,654316,5,5-6,PS,True,False,False
968,654316,6,6-7,PS,True,False,False
968,654316,7,7-8,PS,True,False,False
968,654316,8,8-9,PS,True,False,False
968,654316,9,9-10,PS,True,False,False
968,654316,10,10-11,PS,True,False,False
968,654316,11,11-12,PS,True,False,False
968,654316,12,12-13,PS,True,False,False
968,654316,13,13-14,PO,False,True,False
968,654316,14,14-15,PO,False,True,False
968,654316,15,15-16,PS,True,False,False
968,654316,16,16-17,PS,True,False,False
968,654316,17,17-18,PS,True,False,False
969,654317,1,1-2,PO,False,True,False
969,654317,2,2-3,PO,False,True,False
969,654317,3,3-4,PO,False,True,False
969,654317,4,4-5,PS,True,False,False
969,654317,5,5-6,PS,True,False,False
969,654317,6,6-7,PS,True,False,False
969,654317,7,7-8,PS,True,False,False
969,654317,8,8-9,PS,True,False,False
969,654317,9,9-10,PS,True,False,False
969,654317,10,10-11,PS,True,False,False
969,654317,11,11-12,PS,True,False,False
969,654317,12,12-13,PS,True,False,False
969,654317,13,13-14,PO,False,True,False
969,654317,14,14-15,PO,False,True,False
969,654317,15,15-16,PS,True,False,False
969,654317,16,16-17,PS,True,False,False
969,654317,17,17-18,PS,True,False,False
970,654318,1,1-2,PO,False,True,False
970,654318,2,2-3,PO,False,True,False
970,654318,3,3-4,PO,False,True,False
970,654318,4,4-5,PS,True,False,False
970,654318,5,5-6,PS,True,False,False
970,654318,6,6-7,PS,True,False,False
970,654318,7,7-8,PS,True,False,False
970,654318,8,8-9,PS,True,False,False
970,654318,9,9-10,PS,True,False,False
970,654318,10,10-11,PS,True,False,False
970,654318,11,11-12,PS,True,False,False
970,654318,12,12-13,PS,True,False,False
970,654318,13,13-14,PO,False,True,False
970,654318,14,14-15,PO,False,True,False
970,654318,15,15-16,PS,True,False,False
970,654318,16,16-17,PS,True,False,False
970,654318,17,17-18,PS,True,False,False
971,654319,1,1-2,PO,False,True,False
971,654319,2,2-3,PO,False,True,False
971,654319,3,3-4,PO,False,True,False
971,654319,4,4-5,PS,True,False,False
971,654319,5,5-6,PS,True,False,False
971,654319,6,6-7,PS,True,False,False
971,654319,7,7-8,PS,True,False,False
971,654319,8,8-9,PS,True,False,False
971,654319,9,9-10,PS,True,False,False
971,654319,10,10-11,PS,True,False,False
971,654319,11,11-12,PS,True,False,False
971,654319,12,12-13,PO,False,True,False
971,654319,13,13-14,PS,True,False,False
971,654319,14,14-15,PS,True,False,False
971,654319,15,15-16,PS,True,False,False
972,654320,1,1-2,PO,False,True,False
972,654320,2,2-3,PO,False,True,False
972,654320,3,3-4,PO,False,True,False
972,654320,4,4-5,PS,True,False,False
972,654320,5,5-6,PS,True,False,False
972,654320,6,6-7,PS,True,False,False
972,654320,7,7-8,PS,True,False,False
972,654320,8,8-9,PS,True,False,False
972,654320,9,9-10,PS,True,False,False
972,654320,10,10-11,PS,True,False,False
972,654320,11,11-12,PS,True,False,False
972,654320,12,12-13,PO,False,True,False
972,654320,13,13-14,PS,True,False,False
972,654320,14,14-15,PS,True,False,False
972,654320,15,15-16,PS,True,False,False
973,654321,1,1-2,PO,False,True,False
973,654321,2,2-3,PO,False,True,False
973,654321,3,3-4,PO,False,True,False
973,654321,4,4-5,PS,True,False,False
973,654321,5,5-6,PS,True,False,False
973,654321,6,6-7,PS,True,False,False
973,654321,7,7-8,PS,True,False,False
973,654321,8,8-9,PS,True,False,False
973,654321,9,9-10,PS,True,False,False
973,654321,10,10-11,PS,True,False,False
973,654321,11,11-12,PS,True,False,False
973,654321,12,12-13,PO,False,True,False
973,654321,13,13-14,PS,True,False,False
973,654321,14,14-15,PS,True,False,False
973,654321,15,15-16,PS,True,False,False
974,654322,1,1-2,PO,False,True,False
974,654322,2,2-3,PO,False,True,False
974,654322,3,3-4,PO,False,True,False
974,654322,4,4-5,PS,True,False,False
974,654322,5,5-6,PS,True,False,False
974,654322,6,6-7,PS,True,False,False
974,654322,7,7-8,PS,True,False,False
974,654322,8,8-9,PS,True,False,False
974,654322,9,9-10,PS,True,False,False
974,654322,10,10-11,PS,True,False,False
974,654322,11,11-12,PS,True,False,False
974,654322,12,12-13,PO,False,True,False
974,654322,13,13-14,PS,True,False,False
974,654322,14,14-15,PS,True,False,False
974,654322,15,15-16,PS,True,False,False
975,654323,1,1-2,PO,False,True,False
975,654323,2,2-3,PO,False,True,False
975,654323,3,3-4,PO,False,True,False
975,654323,4,4-5,PS,True,False,False
975,654323,5,5-6,PS,True,False,False
975,654323,6,6-7,PS,True,False,False
975,654323,7,7-8,PS,True,False,False
975,654323,8,8-9,PS,True,False,False
975,654323,9,9-10,PS,True,False,False
975,654323,10,10-11,PS,True,False,False
975,654323,11,11-12,PS,True,False,False
975,654323,12,12-13,PO,False,True,False
975,654323,13,13-14,PS,True,False,False
975,654323,14,14-15,PS,True,False,False
975,654323,15,15-16,PS,True,False,False
976,654324,1,1-2,PO,False,True,False
976,654324,2,2-3,PO,False,True,False
976,654324,3,3-4,PO,False,True,False
976,654324,4,4-5,PS,True,False,False
976,654324,5,5-6,PS,True,False,False
976,654324,6,6-7,PS,True,False,False
976,654324,7,7-8,PS,True,False,False
976,654324,8,8-9,PS,True,False,False
976,654324,9,9-10,PS,True,False,False
976,654324,10,10-11,PS,True,False,False
976,654324,11,11-12,PS,True,False,False
976,654324,12,12-13,PO,False,True,False
976,654324,13,13-14,PS,True,False,False
976,654324,14,14-15,PS,True,False,False
976,654324,15,15-16,PS,True,False,False
977,654325,1,1-2,PO,False,True,False
977,654325,2,2-3,PO,False,True,False
977,654325,3,3-4,PO,False,True,False
977,654325,4,4-5,PS,True,False,False
977,654325,5,5-6,PS,True,False,False
977,654325,6,6-7,PS,True,False,False
977,654325,7,7-8,PS,True,False,False
977,654325,8,8-9,PS,True,False,False
977,654325,9,9-10,PS,True,False,False
977,654325,10,10-11,PS,True,False,False
977,654325,11,11-12,PS,True,False,False
977,654325,12,12-13,PO,False,True,False
977,654325,13,13-14,PS,True,False,False
977,654325,14,14-15,PS,True,False,False
977,654325,15,15-16,PS,True,False,False
978,654326,1,1-2,PO,False,True,False
978,654326,2,2-3,PO,False,True,False
978,654326,3,3-4,PO,False,True,False
978,654326,4,4-5,PS,True,False,False
978,654326,5,5-6,PS,True,False,False
978,654326,6,6-7,PS,True,False,False
978,654326,7,7-8,PS,True,False,False
978,654326,8,8-9,PS,True,False,False
978,654326,9,9-10,PS,True,False,False
978,654326,10,10-11,PS,True,False,False
978,654326,11,11-12,PS,True,False,False
978,654326,12,12-13,PO,False,True,False
978,654326,13,13-14,PS,True,False,False
978,654326,14,14-15,PS,True,False,False
978,654326,15,15-16,PS,True,False,False
979,654327,1,1-2,PO,False,True,False
979,654327,2,2-3,PO,False,True,False
979,654327,3,3-4,PO,False,True,False
979,654327,4,4-5,PS,True,False,False
979,654327,5,5-6,PS,True,False,False
979,654327,6,6-7,PS,True,False,False
979,654327,7,7-8,PS,True,False,False
979,654327,8,8-9,PS,True,False,False
979,654327,9,9-10,PS,True,False,False
979,654327,10,10-11,PS,True,False,False
979,654327,11,11-12,PS,True,False,False
979,654327,12,12-13,PO,False,True,False
979,654327,13,13-14,PS,True,False,False
979,654327,14,14-15,PS,True,False,False
979,654327,15,15-16,PS,True,False,False
980,654328,1,1-2,PO,False,True,False
980,654328,2,2-3,PO,False,True,False
980,654328,3,3-4,PO,False,True,False
980,654328,4,4-5,PS,True,False,False
980,654328,5,5-6,PS,True,False,False
980,654328,6,6-7,PS,True,False,False
980,654328,7,7-8,PS,True,False,False
980,654328,8,8-9,PS,True,False,False
980,654328,9,9-10,PS,True,False,False
980,654328,10,10-11,PS,True,False,False
980,654328,11,11-12,PS,True,False,False
980,654328,12,12-13,PO,False,True,False
980,654328,13,13-14,PS,True,False,False
980,654328,14,14-15,PS,True,False,False
980,654328,15,15-16,PS,True,False,False
981,654329,1,1-2,PO,False,True,False
981,654329,2,2-3,PO,False,True,False
981,654329,3,3-4,PO,False,True,False
981,654329,4,4-5,PS,True,False,False
981,654329,5,5-6,PS,True,False,False
981,654329,6,6-7,PS,True,False,False
981,654329,7,7-8,PS,True,False,False
981,654329,8,8-9,PS,True,False,False
981,654329,9,9-10,PS,True,False,False
981,654329,10,10-11,PS,True,False,False
981,654329,11,11-12,PS,True,False,False
981,654329,12,12-13,PO,False,True,False
981,654329,13,13-14,PS,True,False,False
981,654329,14,14-15,PS,True,False,False
981,654329,15,15-16,PS,True,False,False
982,654330,1,1-2,PO,False,True,False
982,654330,2,2-3,PO,False,True,False
982,654330,3,3-4,PO,False,True,False
982,654330,4,4-5,PS,True,False,False
982,654330,5,5-6,PS,True,False,False
982,654330,6,6-7,PS,True,False,False
982,654330,7,7-8,PS,True,False,False
982,654330,8,8-9,PS,True,False,False
982,654330,9,9-10,PS,True,False,False
982,654330,10,10-11,PS,True,False,False
982,654330,11,11-12,PS,True,False,False
982,654330,12,12-13,PO,False,True,False
982,654330,13,13-14,PS,True,False,False
982,654330,14,14-15,PS,True,False,False
982,654330,15,15-16,PS,True,False,False
983,654331,1,1-2,PO,False,True,False
983,654331,2,2-3,PO,False,True,False
983,654331,3,3-4,PO,False,True,False
983,654331,4,4-5,PS,True,False,False
983,654331,5,5-6,PS,True,False,False
983,654331,6,6-7,PS,True,False,False
983,654331,7,7-8,PS,True,False,False
983,654331,8,8-9,PS,True,False,False
983,654331,9,9-10,PS,True,False,False
983,654331,10,10-11,PS,True,False,False
983,654331,11,11-12,PS,True,False,False
983,654331,12,12-13,PO,False,True,False
983,654331,13,13-14,PS,True,False,False
983,654331,14,14-15,PS,True,False,False
983,654331,15,15-16,PS,True,False,False
984,654332,1,1-2,PO,False,True,False
984,654332,2,2-3,PO,False,True,False
984,654332,3,3-4,PO,False,True,False
984,654332,4,4-5,PS,True,False,False
984,654332,5,5-6,PS,True,False,False
984,654332,6,6-7,PS,True,False,False
984,654332,7,7-8,PS,True,False,False
984,654332,8,8-9,PS,True,False,False
984,654332,9,9-10,PS,True,False,False
984,654332,10,10-11,PS,True,False,False
984,654332,11,11-12,PS,True,False,False
984,654332,12,12-13,PO,False,True,False
984,654332,13,13-14,PS,True,False,False
984,654332,14,14-15,PS,True,False,False
984,654332,15,15-16,PS,True,False,False
985,654333,1,1-2,PO,False,True,False
985,654333,2,2-3,PO,False,True,False
985,654333,3,3-4,PO,False,True,False
985,654333,4,4-5,PS,True,False,False
985,654333,5,5-6,PS,True,False,False
985,654333,6,6-7,PS,True,False,False
985,654333,7,7-8,PS,True,False,False
985,654333,8,8-9,PS,True,False,False
985,654333,9,9-10,PS,True,False,False
985,654333,10,10-11,PS,True,False,False
985,654333,11,11-12,PS,True,False,False
985,654333,12,12-13,PO,False,True,False
985,654333,13,13-14,PS,True,False,False
985,654333,14,14-15,PS,True,False,False
985,654333,15,15-16,PS,True,False,False
986,654334,1,1-2,PO,False,True,False
986,654334,2,2-3,PO,False,True,False
986,654334,3,3-4,PO,False,True,False
986,654334,4,4-5,PS,True,False,False
986,654334,5,5-6,PS,True,False,False
986,654334,6,6-7,PS,True,False,False
986,654334,7,7-8,PS,True,False,False
986,654334,8,8-9,PS,True,False,False
986,654334,9,9-10,PS,True,False,False
986,654334,10,10-11,PS,True,False,False
986,654334,11,11-12,PS,True,False,False
986,654334,12,12-13,PO,False,True,False
986,654334,13,13-14,PS,True,False,False
986,654334,14,14-15,PS,True,False,False
986,654334,15,15-16,PS,True,False,False
987,654335,1,1-2,PO,False,True,False
987,654335,2,2-3,PS,True,False,False
987,654335,3,3-4,PS,True,False,False
987,654335,4,4-5,PS,True,False,False
987,654335,5,5-6,PS,True,False,False
987,654335,6,6-7,PS,True,False,False
987,654335,7,7-8,PS,True,False,False
987,654335,8,8-9,PS,True,False,False
987,654335,9,9-10,PS,True,False,False
987,654335,10,10-11,PO,False,True,False
987,654335,11,11-12,PO,False,True,False
987,654335,12,12-13,PO,False,True,False
987,654335,13,13-14,PS,True,False,False
987,654335,14,14-15,PS,True,False,False
987,654335,15,15-16,PS,True,False,False
988,654336,1,1-2,PO,False,True,False
988,654336,2,2-3,PS,True,False,False
988,654336,3,3-4,PS,True,False,False
988,654336,4,4-5,PS,True,False,False
988,654336,5,5-6,PS,True,False,False
988,654336,6,6-7,PS,True,False,False
988,654336,7,7-8,PS,True,False,False
988,654336,8,8-9,PS,True,False,False
988,654336,9,9-10,PS,True,False,False
988,654336,10,10-11,PO,False,True,False
988,654336,11,11-12,PO,False,True,False
988,654336,12,12-13,PO,False,True,False
988,654336,13,13-14,PS,True,False,False
988,654336,14,14-15,PS,True,False,False
988,654336,15,15-16,PS,True,False,False
989,654337,1,1-2,PO,False,True,False
989,654337,2,2-3,PS,True,False,False
989,654337,3,3-4,PS,True,False,False
989,654337,4,4-5,PS,True,False,False
989,654337,5,5-6,PS,True,False,False
989,654337,6,6-7,PS,True,False,False
989,654337,7,7-8,PS,True,False,False
989,654337,8,8-9,PS,True,False,False
989,654337,9,9-10,PS,True,False,False
989,654337,10,10-11,PO,False,True,False
989,654337,11,11-12,PO,False,True,False
989,654337,12,12-13,PO,False,True,False
989,654337,13,13-14,PS,True,False,False
989,654337,14,14-15,PS,True,False,False
989,654337,15,15-16,PS,True,False,False
990,654338,1,1-2,PO,False,True,False
990,654338,2,2-3,PS,True,False,False
990,654338,3,3-4,PS,True,False,False
990,654338,4,4-5,PS,True,False,False
990,654338,5,5-6,PS,True,False,False
990,654338,6,6-7,PS,True,False,False
990,654338,7,7-8,PS,True,False,False
990,654338,8,8-9,PS,True,False,False
990,654338,9,9-10,PS,True,False,False
990,654338,10,10-11,PO,False,True,False
990,654338,11,11-12,PO,False,True,False
990,654338,12,12-13,PO,False,True,False
990,654338,13,13-14,PS,True,False,False
990,654338,14,14-15,PS,True,False,False
990,654338,15,15-16,PS,True,False,False
991,654339,1,1-2,PO,False,True,False
991,654339,2,2-3,PS,True,False,False
991,654339,3,3-4,PS,True,False,False
991,654339,4,4-5,PS,True,False,False
991,654339,5,5-6,PS,True,False,False
991,654339,6,6-7,PS,True,False,False
991,654339,7,7-8,PS,True,False,False
991,654339,8,8-9,PS,True,False,False
991,654339,9,9-10,PS,True,False,False
991,654339,10,10-11,PO,False,True,False
991,654339,11,11-12,PO,False,True,False
991,654339,12,12-13,PO,False,True,False
991,654339,13,13-14,PS,True,False,False
991,654339,14,14-15,PS,True,False,False
991,654339,15,15-16,PS,True,False,False
992,654340,1,1-2,PO,False,True,False
992,654340,2,2-3,PS,True,False,False
992,654340,3,3-4,PS,True,False,False
992,654340,4,4-5,PS,True,False,False
992,654340,5,5-6,PS,True,False,False
992,654340,6,6-7,PS,True,False,False
992,654340,7,7-8,PS,True,False,False
992,654340,8,8-9,PS,True,False,False
992,654340,9,9-10,PS,True,False,False
992,654340,10,10-11,PO,False,True,False
992,654340,11,11-12,PO,False,True,False
992,654340,12,12-13,PO,False,True,False
992,654340,13,13-14,PS,True,False,False
992,654340,14,14-15,PS,True,False,False
992,654340,15,15-16,PS,True,False,False
993,654341,1,1-2,PO,False,True,False
993,654341,2,2-3,PS,True,False,False
993,654341,3,3-4,PS,True,False,False
993,654341,4,4-5,PS,True,False,False
993,654341,5,5-6,PS,True,False,False
993,654341,6,6-7,PS,True,False,False
993,654341,7,7-8,PS,True,False,False
993,654341,8,8-9,PS,True,False,False
993,654341,9,9-10,PS,True,False,False
993,654341,10,10-11,PO,False,True,False
993,654341,11,11-12,PO,False,True,False
993,654341,12,12-13,PO,False,True,False
993,654341,13,13-14,PS,True,False,False
993,654341,14,14-15,PS,True,False,False
993,654341,15,15-16,PS,True,False,False
994,654342,1,1-2,PO,False,True,False
994,654342,2,2-3,PS,True,False,False
994,654342,3,3-4,PS,True,False,False
994,654342,4,4-5,PS,True,False,False
994,654342,5,5-6,PS,True,False,False
994,654342,6,6-7,PS,True,False,False
994,654342,7,7-8,PS,True,False,False
994,654342,8,8-9,PS,True,False,False
994,654342,9,9-10,PS,True,False,False
994,654342,10,10-11,PO,False,True,False
994,654342,11,11-12,PO,False,True,False
994,654342,12,12-13,PO,False,True,False
994,654342,13,13-14,PS,True,False,False
994,654342,14,14-15,PS,True,False,False
994,654342,15,15-16,PS,True,False,False
995,654343,1,1-2,PO,False,True,False
995,654343,2,2-3,PS,True,False,False
995,654343,3,3-4,PS,True,False,False
995,654343,4,4-5,PS,True,False,False
995,654343,5,5-6,PS,True,False,False
995,654343,6,6-7,PS,True,False,False
995,654343,7,7-8,PS,True,False,False
995,654343,8,8-9,PS,True,False,False
995,654343,9,9-10,PS,True,False,False
995,654343,10,10-11,PO,False,True,False
995,654343,11,11-12,PO,False,True,False
995,654343,12,12-13,PO,False,True,False
995,654343,13,13-14,PS,True,False,False
995,654343,14,14-15,PS,True,False,False
995,654343,15,15-16,PS,True,False,False
996,654344,1,1-2,PO,False,True,False
996,654344,2,2-3,PS,True,False,False
996,654344,3,3-4,PS,True,False,False
996,654344,4,4-5,PS,True,False,False
996,654344,5,5-6,PS,True,False,False
996,654344,6,6-7,PS,True,False,False
996,654344,7,7-8,PS,True,False,False
996,654344,8,8-9,PS,True,False,False
996,654344,9,9-10,PS,True,False,False
996,654344,10,10-11,PO,False,True,False
996,654344,11,11-12,PO,False,True,False
996,654344,12,12-13,PO,False,True,False
996,654344,13,13-14,PS,True,False,False
996,654344,14,14-15,PS,True,False,False
996,654344,15,15-16,PS,True,False,False
997,654345,1,1-2,PO,False,True,False
997,654345,2,2-3,PS,True,False,False
997,654345,3,3-4,PS,True,False,False
997,654345,4,4-5,PS,True,False,False
997,654345,5,5-6,PS,True,False,False
997,654345,6,6-7,PS,True,False,False
997,654345,7,7-8,PS,True,False,False
997,654345,8,8-9,PS,True,False,False
997,654345,9,9-10,PS,True,False,False
997,654345,10,10-11,PO,False,True,False
997,654345,11,11-12,PO,False,True,False
997,654345,12,12-13,PO,False,True,False
997,654345,13,13-14,PS,True,False,False
997,654345,14,14-15,PS,True,False,False
997,654345,15,15-16,PS,True,False,False
998,654346,1,1-2,PO,False,True,False
998,654346,2,2-3,PS,True,False,False
998,654346,3,3-4,PS,True,False,False
998,654346,4,4-5,PS,True,False,False
998,654346,5,5-6,PS,True,False,False
998,654346,6,6-7,PS,True,False,False
998,654346,7,7-8,PS,True,False,False
998,654346,8,8-9,PS,True,False,False
998,654346,9,9-10,PS,True,False,False
998,654346,10,10-11,PO,False,True,False
998,654346,11,11-12,PO,False,True,False
998,654346,12,12-13,PO,False,True,False
998,654346,13,13-14,PS,True,False,False
998,654346,14,14-15,PS,True,False,False
998,654346,15,15-16,PS,True,False,False
999,654347,1,1-2,PO,False,True,False
999,654347,2,2-3,PS,True,False,False
999,654347,3,3-4,PS,True,False,False
999,654347,4,4-5,PS,True,False,False
999,654347,5,5-6,PS,True,False,False
999,654347,6,6-7,PS,True,False,False
999,654347,7,7-8,PS,True,False,False
999,654347,8,8-9,PS,True,False,False
999,654347,9,9-10,PS,True,False,False
999,654347,10,10-11,PO,False,True,False
999,654347,11,11-12,PO,False,True,False
999,654347,12,12-13,PO,False,True,False
999,654347,13,13-14,PS,True,False,False
999,654347,14,14-15,PS,True,False,False
999,654347,15,15-16,PS,True,False,False
1000,654348,1,1-2,PO,False,True,False
1000,654348,2,2-3,PS,True,False,False
1000,654348,3,3-4,PS,True,False,False
1000,654348,4,4-5,PS,True,False,False
1000,654348,5,5-6,PS,True,False,False
1000,654348,6,6-7,PS,True,False,False
1000,654348,7,7-8,PS,True,False,False
1000,654348,8,8-9,PS,True,False,False
1000,654348,9,9-10,PS,True,False,False
1000,654348,10,10-11,PO,False,True,False
1000,654348,11,11-12,PO,False,True,False
1000,654348,12,12-13,PO,False,True,False
1000,654348,13,13-14,PS,True,False,False
1000,654348,14,14-15,PS,True,False,False
1000,654348,15,15-16,PS,True,False,False
1001,654349,1,1-2,PO,False,True,False
1001,654349,2,2-3,PS,True,False,False
1001,654349,3,3-4,PS,True,False,False
1001,654349,4,4-5,PS,True,False,False
1001,654349,5,5-6,PS,True,False,False
1001,654349,6,6-7,PS,True,False,False
1001,654349,7,7-8,PS,True,False,False
1001,654349,8,8-9,PS,True,False,False
1001,654349,9,9-10,PS,True,False,False
1001,654349,10,10-11,PO,False,True,False
1001,654349,11,11-12,PO,False,True,False
1001,654349,12,12-13,PO,False,True,False
1001,654349,13,13-14,PS,True,False,False
1001,654349,14,14-15,PS,True,False,False
1001,654349,15,15-16,PS,True,False,False
1002,654350,1,1-2,PO,False,True,False
1002,654350,2,2-3,PS,True,False,False
1002,654350,3,3-4,PS,True,False,False
1002,654350,4,4-5,PS,True,False,False
1002,654350,5,5-6,PS,True,False,False
1002,654350,6,6-7,PS,True,False,False
1002,654350,7,7-8,PS,True,False,False
1002,654350,8,8-9,PS,True,False,False
1002,654350,9,9-10,PS,True,False,False
1002,654350,10,10-11,PO,False,True,False
1002,654350,11,11-12,PO,False,True,False
1002,654350,12,12-13,PO,False,True,False
1002,654350,13,13-14,PS,True,False,False
1002,654350,14,14-15,PS,True,False,False
1002,654350,15,15-16,PS,True,False,False
1003,654351,1,1-2,PO,False,True,False
1003,654351,2,2-3,PS,True,False,False
1003,654351,3,3-4,PS,True,False,False
1003,654351,4,4-5,PS,True,False,False
1003,654351,5,5-6,PS,True,False,False
1003,654351,6,6-7,PS,True,False,False
1003,654351,7,7-8,PS,True,False,False
1003,654351,8,8-9,PS,True,False,False
1003,654351,9,9-10,PS,True,False,False
1003,654351,10,10-11,PO,False,True,False
1003,654351,11,11-12,PO,False,True,False
1003,654351,12,12-13,PO,False,True,False
1003,654351,13,13-14,PS,True,False,False
1003,654351,14,14-15,PS,True,False,False
1003,654351,15,15-16,PS,True,False,False
1004,654352,1,1-2,PO,False,True,False
1004,654352,2,2-3,PS,True,False,False
1004,654352,3,3-4,PS,True,False,False
1004,654352,4,4-5,PS,True,False,False
1004,654352,5,5-6,PS,True,False,False
1004,654352,6,6-7,PS,True,False,False
1004,654352,7,7-8,PS,True,False,False
1004,654352,8,8-9,PS,True,False,False
1004,654352,9,9-10,PS,True,False,False
1004,654352,10,10-11,PO,False,True,False
1004,654352,11,11-12,PO,False,True,False
1004,654352,12,12-13,PO,False,True,False
1004,654352,13,13-14,PS,True,False,False
1004,654352,14,14-15,PS,True,False,False
1004,654352,15,15-16,PS,True,False,False
1005,666846,1,1-2,PO,False,True,False
1005,666846,2,2-3,PO,False,True,False
1005,666846,3,3-4,PO,False,True,False
1005,666846,4,4-5,PO,False,True,False
1005,666846,5,5-6,PS,True,False,False
1005,666846,6,6-7,PS,True,False,False
1005,666846,7,7-8,PS,True,False,False
1005,666846,8,8-9,PS,True,False,False
1005,666846,9,9-10,PS,True,False,False
1005,666846,10,10-11,PS,True,False,False
1005,666846,11,11-12,PS,True,False,False
1005,666846,12,12-13,PS,True,False,False
1005,666846,13,13-14,PS,True,False,False
1005,666846,14,14-15,PS,True,False,False
1005,666846,15,15-16,PO,False,True,False
1005,666846,16,16-17,PO,False,True,False
1005,666846,17,17-18,PS,True,False,False
1005,666846,18,18-19,PS,True,False,False
1005,666846,19,19-20,PS,True,False,False
1006,666849,1,1-2,PO,False,True,False
1006,666849,2,2-3,PO,False,True,False
1006,666849,3,3-4,PO,False,True,False
1006,666849,4,4-5,PS,True,False,False
1006,666849,5,5-6,PS,True,False,False
1006,666849,6,6-7,PS,True,False,False
1006,666849,7,7-8,PS,True,False,False
1006,666849,8,8-9,PS,True,False,False
1006,666849,9,9-10,PS,True,False,False
1006,666849,10,10-11,PS,True,False,False
1006,666849,11,11-12,PS,True,False,False
1006,666849,12,12-13,PS,True,False,False
1006,666849,13,13-14,PS,True,False,False
1006,666849,14,14-15,PS,True,False,False
1006,666849,15,15-16,PO,False,True,False
1006,666849,16,16-17,PO,False,True,False
1006,666849,17,17-18,PS,True,False,False
1006,666849,18,18-19,PS,True,False,False
1006,666849,19,19-20,PS,True,False,False
1007,666853,1,1-2,PO,False,True,False
1007,666853,2,2-3,PS,True,False,False
1007,666853,3,3-4,PO,False,True,False
1007,666853,4,4-5,PS,True,False,False
1007,666853,5,5-6,PS,True,False,False
1007,666853,6,6-7,PS,True,False,False
1007,666853,7,7-8,PS,True,False,False
1007,666853,8,8-9,PS,True,False,False
1007,666853,9,9-10,PS,True,False,False
1007,666853,10,10-11,PS,True,False,False
1007,666853,11,11-12,PS,True,False,False
1007,666853,12,12-13,PS,True,False,False
1007,666853,13,13-14,PS,True,False,False
1007,666853,14,14-15,PS,True,False,False
1007,666853,15,15-16,PO,False,True,False
1007,666853,16,16-17,PS,True,False,False
1007,666853,17,17-18,PO,False,True,False
1007,666853,18,18-19,PS,True,False,False
1007,666853,19,19-20,PS,True,False,False
1008,666859,1,1-2,PO,False,True,False
1008,666859,2,2-3,PO,False,True,False
1008,666859,3,3-4,PS,True,False,False
1008,666859,4,4-5,PS,True,False,False
1008,666859,5,5-6,PS,True,False,False
1008,666859,6,6-7,PS,True,False,False
1008,666859,7,7-8,PS,True,False,False
1008,666859,8,8-9,PS,True,False,False
1008,666859,9,9-10,PS,True,False,False
1008,666859,10,10-11,PS,True,False,False
1008,666859,11,11-12,PS,True,False,False
1008,666859,12,12-13,PO,False,True,False
1008,666859,13,13-14,PO,False,True,False
1008,666859,14,14-15,PS,True,False,False
1008,666859,15,15-16,PS,True,False,False
1008,666859,16,16-17,PS,True,False,False
1009,666861,1,1-2,PO,False,True,False
1009,666861,2,2-3,PO,False,True,False
1009,666861,3,3-4,PS,True,False,False
1009,666861,4,4-5,PS,True,False,False
1009,666861,5,5-6,PS,True,False,False
1009,666861,6,6-7,PS,True,False,False
1009,666861,7,7-8,PS,True,False,False
1009,666861,8,8-9,PS,True,False,False
1009,666861,9,9-10,PS,True,False,False
1009,666861,10,10-11,PS,True,False,False
1009,666861,11,11-12,PS,True,False,False
1009,666861,12,12-13,PO,False,True,False
1009,666861,13,13-14,PO,False,True,False
1009,666861,14,14-15,PS,True,False,False
1009,666861,15,15-16,PS,True,False,False
1009,666861,16,16-17,PS,True,False,False
1010,666867,1,1-2,PO,False,True,False
1010,666867,2,2-3,PO,False,True,False
1010,666867,3,3-4,PS,True,False,False
1010,666867,4,4-5,PS,True,False,False
1010,666867,5,5-6,PS,True,False,False
1010,666867,6,6-7,PS,True,False,False
1010,666867,7,7-8,PS,True,False,False
1010,666867,8,8-9,PS,True,False,False
1010,666867,9,9-10,PS,True,False,False
1010,666867,10,10-11,PS,True,False,False
1010,666867,11,11-12,PS,True,False,False
1010,666867,12,12-13,PO,False,True,False
1010,666867,13,13-14,PO,False,True,False
1010,666867,14,14-15,PS,True,False,False
1010,666867,15,15-16,PS,True,False,False
1010,666867,16,16-17,PS,True,False,False
1011,666869,1,1-2,PO,False,True,False
1011,666869,2,2-3,PO,False,True,False
1011,666869,3,3-4,PS,True,False,False
1011,666869,4,4-5,PS,True,False,False
1011,666869,5,5-6,PS,True,False,False
1011,666869,6,6-7,PS,True,False,False
1011,666869,7,7-8,PS,True,False,False
1011,666869,8,8-9,PS,True,False,False
1011,666869,9,9-10,PS,True,False,False
1011,666869,10,10-11,PS,True,False,False
1011,666869,11,11-12,PS,True,False,False
1011,666869,12,12-13,PO,False,True,False
1011,666869,13,13-14,PO,False,True,False
1011,666869,14,14-15,PS,True,False,False
1011,666869,15,15-16,PS,True,False,False
1011,666869,16,16-17,PS,True,False,False
1012,666870,1,1-2,PO,False,True,False
1012,666870,2,2-3,PO,False,True,False
1012,666870,3,3-4,PS,True,False,False
1012,666870,4,4-5,PS,True,False,False
1012,666870,5,5-6,PS,True,False,False
1012,666870,6,6-7,PS,True,False,False
1012,666870,7,7-8,PS,True,False,False
1012,666870,8,8-9,PS,True,False,False
1012,666870,9,9-10,PS,True,False,False
1012,666870,10,10-11,PS,True,False,False
1012,666870,11,11-12,PS,True,False,False
1012,666870,12,12-13,PO,False,True,False
1012,666870,13,13-14,PO,False,True,False
1012,666870,14,14-15,PS,True,False,False
1012,666870,15,15-16,PS,True,False,False
1012,666870,16,16-17,PS,True,False,False
1013,666919,1,1-2,PO,False,True,False
1013,666919,2,2-3,PO,False,True,False
1013,666919,3,3-4,PO,False,True,False
1013,666919,4,4-5,PS,True,False,False
1013,666919,5,5-6,PS,True,False,False
1013,666919,6,6-7,PS,True,False,False
1013,666919,7,7-8,PS,True,False,False
1013,666919,8,8-9,PS,True,False,False
1013,666919,9,9-10,PS,True,False,False
1013,666919,10,10-11,PS,True,False,False
1013,666919,11,11-12,PS,True,False,False
1013,666919,12,12-13,PS,True,False,False
1013,666919,13,13-14,PO,False,True,False
1013,666919,14,14-15,PS,True,False,False
1013,666919,15,15-16,PS,True,False,False
1013,666919,16,16-17,PS,True,False,False
1014,666921,1,1-2,PO,False,True,False
1014,666921,2,2-3,PO,False,True,False
1014,666921,3,3-4,PO,False,True,False
1014,666921,4,4-5,PS,True,False,False
1014,666921,5,5-6,PS,True,False,False
1014,666921,6,6-7,PS,True,False,False
1014,666921,7,7-8,PS,True,False,False
1014,666921,8,8-9,PS,True,False,False
1014,666921,9,9-10,PS,True,False,False
1014,666921,10,10-11,PS,True,False,False
1014,666921,11,11-12,PS,True,False,False
1014,666921,12,12-13,PS,True,False,False
1014,666921,13,13-14,PO,False,True,False
1014,666921,14,14-15,PS,True,False,False
1014,666921,15,15-16,PS,True,False,False
1014,666921,16,16-17,PS,True,False,False
1015,666922,1,1-2,PO,False,True,False
1015,666922,2,2-3,PO,False,True,False
1015,666922,3,3-4,PO,False,True,False
1015,666922,4,4-5,PS,True,False,False
1015,666922,5,5-6,PS,True,False,False
1015,666922,6,6-7,PS,True,False,False
1015,666922,7,7-8,PS,True,False,False
1015,666922,8,8-9,PS,True,False,False
1015,666922,9,9-10,PS,True,False,False
1015,666922,10,10-11,PS,True,False,False
1015,666922,11,11-12,PS,True,False,False
1015,666922,12,12-13,PS,True,False,False
1015,666922,13,13-14,PO,False,True,False
1015,666922,14,14-15,PS,True,False,False
1015,666922,15,15-16,PS,True,False,False
1015,666922,16,16-17,PS,True,False,False
1016,684059,1,1-2,PO,False,True,False
1016,684059,2,2-3,PO,False,True,False
1016,684059,3,3-4,PS,True,False,False
1016,684059,4,4-5,PS,True,False,False
1016,684059,5,5-6,PS,True,False,False
1016,684059,6,6-7,PS,True,False,False
1016,684059,7,7-8,PS,True,False,False
1016,684059,8,8-9,PS,True,False,False
1016,684059,9,9-10,PS,True,False,False
1016,684059,10,10-11,PS,True,False,False
1016,684059,11,11-12,PS,True,False,False
1016,684059,12,12-13,PO,False,True,False
1016,684059,13,13-14,PO,False,True,False
1016,684059,14,14-15,PS,True,False,False
1016,684059,15,15-16,PS,True,False,False
1016,684059,16,16-17,PS,True,False,False
1017,684064,1,1-2,PO,False,True,False
1017,684064,2,2-3,PO,False,True,False
1017,684064,3,3-4,PS,True,False,False
1017,684064,4,4-5,PS,True,False,False
1017,684064,5,5-6,PS,True,False,False
1017,684064,6,6-7,PS,True,False,False
1017,684064,7,7-8,PS,True,False,False
1017,684064,8,8-9,PS,True,False,False
1017,684064,9,9-10,PS,True,False,False
1017,684064,10,10-11,PS,True,False,False
1017,684064,11,11-12,PS,True,False,False
1017,684064,12,12-13,PO,False,True,False
1017,684064,13,13-14,PO,False,True,False
1017,684064,14,14-15,PS,True,False,False
1017,684064,15,15-16,PS,True,False,False
1017,684064,16,16-17,PS,True,False,False
1018,684068,1,1-2,PO,False,True,False
1018,684068,2,2-3,PO,False,True,False
1018,684068,3,3-4,PS,True,False,False
1018,684068,4,4-5,PS,True,False,False
1018,684068,5,5-6,PS,True,False,False
1018,684068,6,6-7,PS,True,False,False
1018,684068,7,7-8,PS,True,False,False
1018,684068,8,8-9,PS,True,False,False
1018,684068,9,9-10,PS,True,False,False
1018,684068,10,10-11,PS,True,False,False
1018,684068,11,11-12,PS,True,False,False
1018,684068,12,12-13,PO,False,True,False
1018,684068,13,13-14,PO,False,True,False
1018,684068,14,14-15,PS,True,False,False
1018,684068,15,15-16,PS,True,False,False
1018,684068,16,16-17,PS,True,False,False
1019,684087,1,1-2,PO,False,True,False
1019,684087,2,2-3,PO,False,True,False
1019,684087,3,3-4,PO,False,True,False
1019,684087,4,4-5,PS,True,False,False
1019,684087,5,5-6,PS,True,False,False
1019,684087,6,6-7,PS,True,False,False
1019,684087,7,7-8,PS,True,False,False
1019,684087,8,8-9,PS,True,False,False
1019,684087,9,9-10,PS,True,False,False
1019,684087,10,10-11,PS,True,False,False
1019,684087,11,11-12,PS,True,False,False
1019,684087,12,12-13,PS,True,False,False
1019,684087,13,13-14,PO,False,True,False
1019,684087,14,14-15,PO,False,True,False
1019,684087,15,15-16,PS,True,False,False
1019,684087,16,16-17,PS,True,False,False
1019,684087,17,17-18,PS,True,False,False
1020,684088,1,1-2,PO,False,True,False
1020,684088,2,2-3,PO,False,True,False
1020,684088,3,3-4,PO,False,True,False
1020,684088,4,4-5,PS,True,False,False
1020,684088,5,5-6,PS,True,False,False
1020,684088,6,6-7,PS,True,False,False
1020,684088,7,7-8,PS,True,False,False
1020,684088,8,8-9,PS,True,False,False
1020,684088,9,9-10,PS,True,False,False
1020,684088,10,10-11,PS,True,False,False
1020,684088,11,11-12,PS,True,False,False
1020,684088,12,12-13,PS,True,False,False
1020,684088,13,13-14,PO,False,True,False
1020,684088,14,14-15,PO,False,True,False
1020,684088,15,15-16,PS,True,False,False
1020,684088,16,16-17,PS,True,False,False
1020,684088,17,17-18,PS,True,False,False
1021,684095,1,1-2,PO,False,True,False
1021,684095,2,2-3,PO,False,True,False
1021,684095,3,3-4,PO,False,True,False
1021,684095,4,4-5,PO,False,True,False
1021,684095,5,5-6,PS,True,False,False
1021,684095,6,6-7,PS,True,False,False
1021,684095,7,7-8,PS,True,False,False
1021,684095,8,8-9,PS,True,False,False
1021,684095,9,9-10,PS,True,False,False
1021,684095,10,10-11,PS,True,False,False
1021,684095,11,11-12,PS,True,False,False
1021,684095,12,12-13,PS,True,False,False
1021,684095,13,13-14,PS,True,False,False
1021,684095,14,14-15,PS,True,False,False
1021,684095,15,15-16,PO,False,True,False
1021,684095,16,16-17,PO,False,True,False
1021,684095,17,17-18,PS,True,False,False
1021,684095,18,18-19,PS,True,False,False
1021,684095,19,19-20,PS,True,False,False
1022,684097,1,1-2,PO,False,True,False
1022,684097,2,2-3,PO,False,True,False
1022,684097,3,3-4,PO,False,True,False
1022,684097,4,4-5,PS,True,False,False
1022,684097,5,5-6,PS,True,False,False
1022,684097,6,6-7,PS,True,False,False
1022,684097,7,7-8,PS,True,False,False
1022,684097,8,8-9,PS,True,False,False
1022,684097,9,9-10,PS,True,False,False
1022,684097,10,10-11,PS,True,False,False
1022,684097,11,11-12,PS,True,False,False
1022,684097,12,12-13,PS,True,False,False
1022,684097,13,13-14,PS,True,False,False
1022,684097,14,14-15,PO,False,True,False
1022,684097,15,15-16,PO,False,True,False
1022,684097,16,16-17,PO,False,True,False
1022,684097,17,17-18,PS,True,False,False
1022,684097,18,18-19,PS,True,False,False
1022,684097,19,19-20,PS,True,False,False
1023,684101,1,1-2,PO,False,True,False
1023,684101,2,2-3,PO,False,True,False
1023,684101,3,3-4,PO,False,True,False
1023,684101,4,4-5,PS,True,False,False
1023,684101,5,5-6,PS,True,False,False
1023,684101,6,6-7,PS,True,False,False
1023,684101,7,7-8,PS,True,False,False
1023,684101,8,8-9,PS,True,False,False
1023,684101,9,9-10,PS,True,False,False
1023,684101,10,10-11,PS,True,False,False
1023,684101,11,11-12,PS,True,False,False
1023,684101,12,12-13,PS,True,False,False
1023,684101,13,13-14,PS,True,False,False
1023,684101,14,14-15,PO,False,True,False
1023,684101,15,15-16,PO,False,True,False
1023,684101,16,16-17,PO,False,True,False
1023,684101,17,17-18,PS,True,False,False
1023,684101,18,18-19,PS,True,False,False
1023,684101,19,19-20,PS,True,False,False
1024,684102,1,1-2,PO,False,True,False
1024,684102,2,2-3,PO,False,True,False
1024,684102,3,3-4,PO,False,True,False
1024,684102,4,4-5,PS,True,False,False
1024,684102,5,5-6,PS,True,False,False
1024,684102,6,6-7,PS,True,False,False
1024,684102,7,7-8,PS,True,False,False
1024,684102,8,8-9,PS,True,False,False
1024,684102,9,9-10,PS,True,False,False
1024,684102,10,10-11,PS,True,False,False
1024,684102,11,11-12,PS,True,False,False
1024,684102,12,12-13,PS,True,False,False
1024,684102,13,13-14,PS,True,False,False
1024,684102,14,14-15,PO,False,True,False
1024,684102,15,15-16,PO,False,True,False
1024,684102,16,16-17,PO,False,True,False
1024,684102,17,17-18,PS,True,False,False
1024,684102,18,18-19,PS,True,False,False
1024,684102,19,19-20,PS,True,False,False
1025,684104,1,1-2,PO,False,True,False
1025,684104,2,2-3,PO,False,True,False
1025,684104,3,3-4,PO,False,True,False
1025,684104,4,4-5,PO,False,True,False
1025,684104,5,5-6,PS,True,False,False
1025,684104,6,6-7,PS,True,False,False
1025,684104,7,7-8,PS,True,False,False
1025,684104,8,8-9,PS,True,False,False
1025,684104,9,9-10,PS,True,False,False
1025,684104,10,10-11,PS,True,False,False
1025,684104,11,11-12,PS,True,False,False
1025,684104,12,12-13,PS,True,False,False
1025,684104,13,13-14,PS,True,False,False
1025,684104,14,14-15,PS,True,False,False
1025,684104,15,15-16,PO,False,True,False
1025,684104,16,16-17,PO,False,True,False
1025,684104,17,17-18,PS,True,False,False
1025,684104,18,18-19,PS,True,False,False
1025,684104,19,19-20,PS,True,False,False
